/*******************************************************************************
 * Size: 14 px
 * Bpp: 2
 * Opts: --size 14 --bpp 2 --font /System/Library/Fonts/Supplemental/Arial Unicode.ttf -r 0x20-0x7F --symbols 
"#$%&'()*+,-./0123456789:;<=>?@ABCDEFGHIJKLMNOPQRSTUVWXYZ[\]^_`abcdefghijklmnopqrstuvwxyz{|}~·×÷—‘’“”…、。《》【】一丁七万丈三上下不与丑专且世丘丙业丛东丝丢两严丧个中串临丹为主丽久么义之乌乎乏乐乒乔乘乙九乞也乡书买乱乳了争事二于亏云互五亚些交产京亭亮亲人亿什仁仅仆仇今从仓仔他仗付仙代令以仪们仰件任份仿企伍伎伏伐休优伙会伞伟传伤伦伯伴伸伺似位低佐体何余佛作佣佳使侃例侍依侠侦侧侮侯侵便促俄俊俐俗俘保信俩修俯俱倍倒倔候借倦倪债值倾假偏做停健偶偷偿储傲像僵儒儿元兄充兆先光克免兔党兜入全八公六共关兵其具典养兼兽内冉册再冒冗写军农冠冬冰冲决况冶冷冻凄准凉凌减凑凝几凡凤凭凯凰凶凹出击函刀分切刊划列刘刚创初判利别刮到制刷券刺刻剂前剑剔剖剧副割力办功加务劣动助努劫劲劳势勉勒勺勾勿匀包匆匈化北匙匠匡匣匪匹区医匿十千升午半华卓单卖博卜占卡卦卧卫印危即卵卷厂厅历厉压厘厚原厨去县参又友双反发叔取受变叙叠口古只叫召可台史右叶号司叼吃各合吊同名后吐向吓吗君否吨吩含听吮启吵吸吹吻吼吾呆呈告呐员呜呢周味呵呼命咀和咏咕咙咬咱咳咸咽哀品哄哇哈响哎哑哩哪哭哲哼唉唐唤售唯唱唾啃啊啦啮啸喀喂喇喉喊喋喘喜喝喷嗅嗓嗜嗽嘉嘛嘲嘴嘿器噪噬嚼囊四回因团园困囱围固国图圃圆圈土圣在圭地圳场均坊坏坐坑块坚坛坡坤坦坪坯垂垄垢垦垫埂埋城域培基堂堆堕堡堵塔塘塞填境墓墙增墨墩壁壮声壳处备复夏夕外多夜够大天太夫央失头夷夹夺奇奉奋奏契奔奖套奠奥女奴她好如妇妈妖妙妥妨妮妹妻姆始姐姑委姜姥姬姻姿威娃娘婆婉婚婪婴婶嫁嫂嫩子孔字存孙孜孝孟孤学孩孵宁它宅宇守安宋完宏宗官宙定宛宜宝实审客宣室宪害宴家容宽宾宿寂密寇富寒寝察寡寨寸对寺寻导寿封射将尊小少尔尖尝尤就尺尼尽尾尿局屁层居屈届屋屎屏屑展屠履岁岂岔岗岛岩岸峡峦峰峻崇崖崩嵌巍川州工左巧巨巩巫差己已巾币市布帅帆师希帕帖帘帜帝带帮常帽幅幕干平年并幸幻幼幽广庆床序库应底店庙府庞废度座庭康庸廉廊廓廖延建开异弃弄式弓引弟张弦弧弯弱弹强归当录彗形彩影役彻彼往征径待很徊律徐得御循微德徽心必忆忍志忘忙忠忧快忱念忽怀态怎怒怕怠急性怨怯总恃恋恍恐恒恢恤恨恩恭息恳恶恼悄悉悔悟悠患悦您悬悲情惊惑惜惠惧惨惩惭惰想惶惹愁意感愤愿慌慎慑慢慧慨慷懂懦戈成我戒或战戚截戳戴户房所扁手才扎扑打扔托扛扣扩扫扬扭扯扰批扼找承技抄把抒抓投抖折抚抛抡抢护报披抬抱抵押抽抿拂担拆拉拍拒拔拘招拜拟拥拧择括拭拱拾拿持挂指按挖挟挡挣挤挥挨挪振挺挽捆捉捏捕捞损换捧据捷掀授掉掌掏排掘探接控推掩掺揍描提插握揩援搁搂搜搞搬摄摆摇摊摔摘摧摩摸撂撇撑撒撕撤撩播擂操擎擒擦攀支收改放政故效敏救教敢散数整文斋斗料斤斧断斯新方施旁旋族旗无既日旦旧早旬旱时旷昂昆昌明昏易昔星春昨是昼显晋晓晕晚晨普景晴晶智暂暑暖暗暮暴曲更替最月有朋服朗望朝期木未末本术朱朵机朽杀杂权杆杉李杏材村杜束杠条来杨杯杰板极构析枕林枚果枝枢枣枪枫枯架柄柑柒染柔柜查柱柳柴柿标栈栋栏树栗校株样核根格桂桃桅框案桌桑桔桥桨梅梗梦梨梯检棉棍棚森棵椅椒椿楚楞榜槐槽模横樱橇橙橡欠次欢欣欧欺款歉歌正步武歧歪死殃殊残段毁毅母每毒比毕毛毫毯氏民气氛氢氦氯水永汁求汇汉汗汛江池污汤汲汹汽沃沉沛沟没沦沪河沸油治沿泉泊法泛泞泡波泥注泪泰泽洁洋洒洛津洪洲活流浅浆测浏浑浓浙浦浩浪浮浴海浸涂涅消涉涌涛涝涡润涨涩涯液涵淄淋淘淡深混淹添清渊渐渗渠渣温港渴游湖湾湿溃源溢溺滋滑滓滔滞满滤滥滨滩滴漂漆漏漓演漫漾潜潮澄澈澎澡瀑瀚火灭灯灰灵灶灸灼灾炉炊炎炒炬炭炮炯炸点炼烁烂烈烙烟烤烦烫热焦然煌煤照熏熟熬燃燎燥爪爬爱父爷爹片版牌牙牛牢牧物牵特犯状犹狂狐狗狠狡独狭狮狸狼猎猛猜猪猫猴率玉王玖玛玩环现玲玻珍珠班球琅理琐瑚瓜瓢瓦甘甚甜生甥用甩田由甲申电甸画畅界留番疆疑疗疚疟疫疮疲疾病症痒痕痛痢痰痴瘦癣登白百的皆皇皮皱皿盆盈益盐监盒盔盖盘盛盟目盲直相盼盾省眉看真眠眨眯眼着睁睛睡督睦睬瞅瞎瞥瞧瞬矛矢矣知矫短矮石矿码砂砌砍砒研砖砰破础硅硕硬确硼碌碍碎碑碗碧碰碱磊磋磨磷磺示礼社祖祝神祥票祭禁福离禽秀私秋种科秒秘租秦积称稀程税稳稼稿穆穴究穷空穿窃窑窗窘窜窝窟窥竖站章童竭端竿笋笑笔符笨第笼等筋筐筑答策筷签简箍箔算管箭箱篇篙篡簇籍米类粉粗粮精糊糕糙糟糠系素索紧紫累絮繁纠红纤约级纬纯纲纳纵纷纸纹纽线组细织终经绑结绕给络绝统绢继绪续绳维绸综绿缁缓编缠缩缰缸罐网罗罚罪置羊美羔羚羞群羽翁翅翠翻耀老考者而耍耐耕耗耳耶耿聂聊聋联聚聪肆肋肌肖肚肝肠股肤肥肩肯育肾胆背胎胖胚胜胞胡胶胸能脆脉脊脏脑脖脚脱脸脾腊腔腥腰腹腾腿膀膏膜膨臂自臭至致舅舍舒舞舟航般舰舱舵船艘良艰色艳艺节芋芒芜芝芦芬芯花芳芹芽苍苏苗苟若苦英茁茂范茄茅茎茬茶草荐荒荔荡药荷莫莱莲获莽菇菊菌菜菱萌萍萎萝营落葛葫葬葱蒙蒜蓄蓝蓬蔑蔚蔬蔽蕉蕊蕴蕾薄薛薪藏藕藤蘑虐虑虚虫虹虾蚀蚁蚂蚕蚪蛋蛙蛛蛮蜂蜕蜡蝗融螺蠢血行衔街衡衣补表衫衬衰袋袖袜被裁裂装裙裤裴裸裹褐褶襟西要覆见观规视览觉角解触言誓警计订认讥讨让训议讯记讲讳讶许讹论设访诀证评识诉诊词译试诗诚诛话诞诡详语误诲说诵请诸诺读诽课调谈谊谋谓谜谢谨谬谱谷豁豆象豪豹豺貌贝负贡财责贤败账货质贩贪购贮贰贱贴贵贷贸费贺贼贾资赋赌赔赖赚赛赞赠赤赦走赶起超越趋趣足趴跃跌跑距跟跨路跳踊踏踢踩踪蹄蹈蹲身躬躲车轨转轮软轰轴轻载轿较辄辅辆辈辉辑输辔辖辛辜辟辣辩辰辱边辽达迁迅过迈迎运近返还这进远违连迟迫迭述迹追退送适逃逆选透逐递途通逛逝速造逢逮逻逼遇遍道遣遥遭遮遵避邀邃那邹邻郁郊部都配酒酗酬酱酷酸醒采释里重野量金鉴针钉钓钛钟钠钢钧钩钮钱钻钾铁铃铅铲铸铺链锁锄锅锈锋错锣锤键锯锹镇镍镜长门闭问闲间闸闹阁阅阐阔队防阳阴阵阶阻阿附陆陈降限陡除陨险陪陵陶陷隆随隐隔障雀雄雅集雇雕雨雪零雷雾需震霉霞青静非靠面革靳靴韦韧韭音页顶顷项顺须顽顾颂预领颈颓颗题额颤风飞食餐饥饭饰饱饲饶饺饼饿馆馈首香马驰驱驴驶驻驾骂骄骆验骏骑骚骨高髦鬼魁魂魅魏魔鱼鲁鲍鲜鲤鳄鸟鸡鸣鸥鸦鸭鸯鸽鹅鹏鹤鹰鹿麦麻黄黑默鼓鼠鼻齐齿龄龙龟！（），：；？ --format lvgl -o main/ui/font_chinese_14.c --lv-include lvgl.h --lv-font-name font_chinese_14
 ******************************************************************************/

#ifdef LV_LVGL_H_INCLUDE_SIMPLE
#include "lvgl.h"
#else
#include "lvgl.h"
#endif

#ifndef FONT_CHINESE_14
#define FONT_CHINESE_14 1
#endif

#if FONT_CHINESE_14

/*-----------------
 *    BITMAPS
 *----------------*/

/*Store the image of the glyphs*/
static LV_ATTRIBUTE_LARGE_CONST const uint8_t glyph_bitmap[] = {
    /* U+0020 " " */

    /* U+0021 "!" */
    0xe0, 0xc8, 0x7b, 0xc2, 0xeb,

    /* U+0022 "\"" */
    0x73, 0x43, 0xfc, 0xa1, 0x40,

    /* U+0023 "#" */
    0x3, 0x3, 0xf, 0x28, 0x2f, 0x6, 0xf3, 0x73,
    0x78, 0xf1, 0xc1, 0xfc, 0xa0, 0xee, 0x7c, 0x76,
    0x5a, 0xb8, 0x8, 0xc1, 0xfe,

    /* U+0024 "$" */
    0xa, 0x43, 0x3b, 0x61, 0x56, 0x60, 0x90, 0x58,
    0x48, 0x48, 0x1a, 0x7, 0x50, 0xb0, 0xcd, 0x1c,
    0x8, 0x50, 0x18, 0x3c, 0x96, 0x68, 0x35, 0x4c,
    0x17, 0x50, 0x72, 0x82,

    /* U+0025 "%" */
    0x3c, 0x85, 0x85, 0xdc, 0x5, 0x6, 0x40, 0x94,
    0xc, 0x81, 0x60, 0xdd, 0xc5, 0x3, 0xbc, 0xb1,
    0x68, 0x75, 0x47, 0x6, 0x50, 0x31, 0x41, 0x58,
    0x7e, 0x44, 0x18, 0xa0, 0x50, 0x13, 0xa0,

    /* U+0026 "&" */
    0xb, 0xd0, 0x7b, 0x75, 0x7, 0xa1, 0xc3, 0xd0,
    0xe1, 0xd3, 0xc8, 0x74, 0x1f, 0xb7, 0x63, 0x2,
    0x44, 0x61, 0xfa, 0x10, 0x26, 0xa8, 0x50, 0x36,
    0x8f, 0x61, 0x5e, 0x86, 0x0,

    /* U+0027 "'" */
    0x70, 0xf9, 0x40,

    /* U+0028 "(" */
    0xb, 0xa, 0x81, 0x28, 0x12, 0x13, 0x86, 0x43,
    0xff, 0x8e, 0x84, 0xe1, 0x48, 0x65, 0x5, 0x40,

    /* U+0029 ")" */
    0x20, 0xc8, 0x38, 0x8, 0x72, 0x7, 0x6, 0x87,
    0xb4, 0x2c, 0xa, 0x10, 0xb8, 0x24,

    /* U+002A "*" */
    0x4, 0x6, 0x54, 0xe7, 0x8d, 0x63, 0xa0,

    /* U+002B "+" */
    0xf, 0xf9, 0x83, 0xff, 0x85, 0x87, 0x79, 0x5e,
    0x4f, 0x2b, 0xc8, 0x58, 0x7f, 0xf0, 0x0,

    /* U+002C "," */
    0x57, 0xa2, 0xa0,

    /* U+002D "-" */
    0xe, 0xbe, 0x2b, 0x0,

    /* U+002E "." */
    0x55, 0x80,

    /* U+002F "/" */
    0xb, 0x3, 0x2, 0x43, 0x94, 0xf, 0x1, 0x41,
    0xca, 0x7, 0x80, 0xa0, 0x0,

    /* U+0030 "0" */
    0x5, 0xe4, 0x29, 0xe8, 0x81, 0x86, 0x81, 0x20,
    0x40, 0x87, 0xff, 0x2d, 0xc, 0x86, 0x43, 0xcc,
    0x34, 0x4, 0xf4, 0x40,

    /* U+0031 "1" */
    0xb, 0x41, 0x5, 0xa0, 0x56, 0x6, 0xf, 0xfe,
    0xa8,

    /* U+0032 "2" */
    0x5, 0xe8, 0x2c, 0xf3, 0x5, 0x2, 0x41, 0x87,
    0xfd, 0xa1, 0xd3, 0x6, 0x98, 0x34, 0xc8, 0x53,
    0xa1, 0x97, 0xc2, 0x35, 0x80,

    /* U+0033 "3" */
    0x5, 0xe4, 0x2c, 0xe8, 0x81, 0x85, 0x60, 0x82,
    0x43, 0xbc, 0x41, 0xb8, 0x43, 0x9a, 0x1, 0x9,
    0xa, 0x9, 0xd, 0xc, 0x83, 0x39, 0x80,

    /* U+0034 "4" */
    0xd, 0x61, 0xe4, 0x3d, 0xa1, 0xd3, 0x87, 0x30,
    0x77, 0x7, 0x2c, 0x1d, 0x3e, 0x8c, 0xfc, 0x98,
    0x76, 0x1f, 0xf0,

    /* U+0035 "5" */
    0x1f, 0xe0, 0xd5, 0x60, 0xd7, 0x4, 0xe1, 0xf7,
    0xd0, 0x75, 0x18, 0x1c, 0xa9, 0xf, 0x20, 0x70,
    0x90, 0x24, 0x32, 0xc, 0xe6, 0x0,

    /* U+0036 "6" */
    0x5, 0xe8, 0x25, 0x5b, 0x2, 0x89, 0x21, 0x20,
    0x71, 0x1f, 0x41, 0xaa, 0x60, 0xb5, 0x48, 0x79,
    0x2, 0x19, 0x9, 0xc1, 0x20, 0x9f, 0x30,

    /* U+0037 "7" */
    0x7f, 0xc3, 0x58, 0x32, 0xe3, 0xe, 0xd0, 0xe4,
    0x83, 0xb4, 0x3c, 0xe1, 0xc8, 0x87, 0x68, 0x79,
    0xf, 0xd8, 0x60,

    /* U+0038 "8" */
    0x5, 0xe4, 0x29, 0xe8, 0x81, 0x85, 0x61, 0x60,
    0x42, 0xdf, 0x10, 0x37, 0x84, 0x48, 0x68, 0x1e,
    0x40, 0x86, 0x43, 0x40, 0x90, 0x67, 0x98,

    /* U+0039 "9" */
    0x5, 0xe4, 0x2d, 0xe8, 0x85, 0x8d, 0x4, 0x32,
    0x1f, 0x20, 0x48, 0x10, 0x5b, 0xe8, 0x37, 0xc8,
    0x50, 0x52, 0x6, 0x15, 0x83, 0x7a, 0x20,

    /* U+003A ":" */
    0xa7, 0x94, 0x1e, 0x57, 0x80,

    /* U+003B ";" */
    0xa7, 0x94, 0x1e, 0x57, 0xa2, 0xa0,

    /* U+003C "<" */
    0xf, 0x48, 0x6b, 0x11, 0xf1, 0xc0, 0x9e, 0xc,
    0xa9, 0xd, 0x65, 0xa1, 0xae, 0x88, 0x73, 0xa0,

    /* U+003D "=" */
    0x3f, 0xc9, 0x5e, 0x45, 0xf0, 0x3f, 0xc9, 0xfe,
    0x40,

    /* U+003E ">" */
    0x20, 0xfd, 0xc8, 0x6b, 0x2d, 0xd, 0x6c, 0x86,
    0x96, 0x1b, 0x38, 0x11, 0xc1, 0xb8, 0x38,

    /* U+003F "?" */
    0x5, 0xe8, 0x2c, 0xf3, 0x5, 0x2, 0x41, 0x87,
    0xfd, 0x21, 0xd9, 0x6, 0x4c, 0x3b, 0x43, 0xdc,
    0x1f, 0x21, 0xeb, 0x8,

    /* U+0040 "@" */
    0xc, 0xdf, 0x48, 0x7a, 0x9f, 0xd4, 0xd, 0x3a,
    0x13, 0xa8, 0x27, 0x2f, 0x3b, 0xc0, 0xa1, 0x3e,
    0x84, 0x8, 0xa1, 0x81, 0x4, 0x86, 0x44, 0x3f,
    0xed, 0xb, 0x40, 0xa0, 0xc8, 0x4e, 0x48, 0x68,
    0x56, 0x73, 0x1, 0x8a, 0xca, 0x30, 0xa5, 0xbc,
    0xdc, 0x68, 0x3b, 0x42, 0x6e, 0x42, 0xef, 0xd7,
    0x90,

    /* U+0041 "A" */
    0xc, 0xe8, 0x7e, 0xc8, 0x3f, 0x30, 0x7e, 0x44,
    0x83, 0xda, 0x28, 0x3c, 0xe4, 0x21, 0x91, 0xb,
    0xd, 0x1f, 0x8, 0x75, 0xf4, 0x20, 0x44, 0x24,
    0x81, 0x21, 0xd0, 0x0,

    /* U+0042 "B" */
    0xfe, 0x82, 0x6a, 0x70, 0x6b, 0x41, 0xf2, 0x1f,
    0x50, 0x17, 0xc8, 0x4f, 0xa6, 0x4c, 0xc, 0x61,
    0xfd, 0xad, 0x10, 0xd4, 0xc0,

    /* U+0043 "C" */
    0xa, 0xf9, 0xd, 0xb5, 0xc0, 0x8d, 0x69, 0x3,
    0x6, 0x60, 0x90, 0xe4, 0x43, 0xf9, 0xf, 0xf9,
    0xe, 0xd1, 0x83, 0x22, 0x46, 0xb4, 0x85, 0xb5,
    0xc0,

    /* U+0044 "D" */
    0xff, 0x21, 0x35, 0x32, 0xd, 0x69, 0x83, 0xe8,
    0x3f, 0xc8, 0x7f, 0xf3, 0x90, 0xf4, 0x16, 0xb4,
    0xc0, 0x6a, 0x24,

    /* U+0045 "E" */
    0xff, 0x91, 0xae, 0x4d, 0x78, 0x3f, 0xf8, 0xd7,
    0xf0, 0x1f, 0xe0, 0x61, 0xff, 0xc3, 0xd7, 0x80,
    0xd7, 0x80,

    /* U+0046 "F" */
    0xff, 0x86, 0xb6, 0x6b, 0x83, 0xff, 0x89, 0x7e,
    0x3, 0xf8, 0x18, 0x7f, 0xf3, 0x80,

    /* U+0047 "G" */
    0x9, 0xfa, 0xd, 0xd3, 0x8c, 0x11, 0xa3, 0x30,
    0xc1, 0xd4, 0x2, 0x1f, 0x21, 0x9f, 0xc8, 0x67,
    0xd0, 0x48, 0x7e, 0x60, 0xfd, 0x1c, 0xaa, 0x20,
    0xe6, 0x85, 0x0,

    /* U+0048 "H" */
    0xd0, 0xce, 0x1f, 0xfd, 0x5b, 0xf4, 0x7, 0xf4,
    0xc, 0x3f, 0xfa, 0x40,

    /* U+0049 "I" */
    0xa0, 0x7f, 0xf2, 0x0,

    /* U+004A "J" */
    0xc, 0xe1, 0xff, 0xde, 0xa0, 0x33, 0x5f, 0xa8,
    0xc0,

    /* U+004B "K" */
    0xd0, 0xdc, 0x1e, 0xd8, 0x3b, 0x60, 0xec, 0x83,
    0xa3, 0xe, 0x92, 0xf, 0x72, 0x83, 0x42, 0xa0,
    0xfa, 0x20, 0xfa, 0x50, 0x79, 0x20,

    /* U+004C "L" */
    0xd0, 0xff, 0xf9, 0x6b, 0x80, 0xd6, 0x40,

    /* U+004D "M" */
    0xf0, 0x73, 0xc0, 0x83, 0x61, 0x28, 0x32, 0x16,
    0x19, 0x10, 0xc8, 0x38, 0x35, 0x81, 0x41, 0x94,
    0x1f, 0xe6, 0x43, 0xce, 0xc1, 0xe9, 0xf, 0xf2,
    0x18,

    /* U+004E "N" */
    0xf0, 0x67, 0x2, 0x1f, 0x41, 0xe8, 0x83, 0xd2,
    0x1e, 0x56, 0x1e, 0x84, 0x3d, 0x40, 0xf2, 0x41,
    0xe8, 0x3e, 0x50,

    /* U+004F "O" */
    0xa, 0xfa, 0xe, 0xdb, 0x9c, 0x28, 0xd1, 0xc8,
    0xc, 0x1d, 0x22, 0x21, 0xff, 0xc4, 0x43, 0xfc,
    0x81, 0x10, 0xec, 0x26, 0xe, 0x50, 0x23, 0x47,
    0x20, 0xb6, 0xe7, 0x0,

    /* U+0050 "P" */
    0xff, 0x20, 0x6a, 0x64, 0xd6, 0x8c, 0x3c, 0x87,
    0x95, 0x97, 0xd2, 0x87, 0xf4, 0xc, 0x3f, 0xfa,
    0x40,

    /* U+0051 "Q" */
    0xa, 0xfa, 0xe, 0xdb, 0x9c, 0x28, 0xd1, 0xc8,
    0xc, 0x1d, 0x22, 0x21, 0xff, 0xc4, 0x43, 0xff,
    0x82, 0x88, 0x72, 0x13, 0x1, 0xd9, 0x4, 0x6b,
    0x44, 0x16, 0xda, 0x8c, 0x35, 0xf5, 0xc0,

    /* U+0052 "R" */
    0xff, 0x41, 0x3f, 0x4c, 0xc, 0x26, 0x43, 0xff,
    0x89, 0x5, 0x7e, 0x70, 0x3c, 0x90, 0x58, 0xc6,
    0x1f, 0x62, 0x1f, 0x30, 0x7d, 0x10,

    /* U+0053 "S" */
    0x3, 0xf4, 0x15, 0x73, 0x1, 0x96, 0xd0, 0xb0,
    0xd0, 0x27, 0x40, 0x81, 0xdb, 0xc8, 0x6b, 0xcc,
    0x90, 0x68, 0xc5, 0x7, 0xcd, 0x15, 0x11, 0x46,
    0x86, 0x0,

    /* U+0054 "T" */
    0xbf, 0xe6, 0xa4, 0xa9, 0x15, 0x8b, 0x7, 0xff,
    0xf4,

    /* U+0055 "U" */
    0xd0, 0xce, 0x1f, 0xfe, 0x5c, 0x3c, 0xa0, 0xdb,
    0x12, 0xa7, 0x26, 0x8c, 0x80,

    /* U+0056 "V" */
    0xa0, 0x73, 0x9a, 0x1d, 0xa2, 0x21, 0x9c, 0xe,
    0x12, 0x20, 0xd0, 0xb4, 0x24, 0x40, 0xe1, 0x9c,
    0x44, 0x36, 0x9a, 0x1c, 0x8a, 0x83, 0xcc, 0x1f,
    0xa2, 0xc,

    /* U+0057 "W" */
    0xa0, 0x4f, 0x4, 0xe6, 0x85, 0x88, 0x5a, 0x21,
    0x98, 0x33, 0x84, 0x84, 0x88, 0x48, 0x1c, 0x40,
    0xe2, 0x1b, 0x6, 0x9a, 0x4, 0x32, 0x38, 0x83,
    0xc1, 0x22, 0x21, 0x2c, 0x1d, 0x86, 0x70, 0xf2,
    0xc1, 0x6a, 0xe, 0xcc, 0x24, 0xc2,

    /* U+0058 "X" */
    0x34, 0x37, 0x1, 0x82, 0x88, 0x11, 0x1, 0x83,
    0x6a, 0xd4, 0x1c, 0xc4, 0x1e, 0xc4, 0x3e, 0x96,
    0xe, 0x89, 0x83, 0x98, 0x88, 0x2d, 0x40, 0x94,
    0x44, 0x12, 0xa0,

    /* U+0059 "Y" */
    0xb0, 0xeb, 0x22, 0xc, 0xc0, 0x90, 0xb5, 0x1,
    0x31, 0x20, 0xd8, 0xd0, 0x3c, 0xc2, 0x1e, 0x88,
    0x3f, 0xfc, 0x0,

    /* U+005A "Z" */
    0x3f, 0xe0, 0x57, 0x6, 0x5d, 0x98, 0x72, 0xa0,
    0xf4, 0xa0, 0xe8, 0x83, 0x95, 0x87, 0xa8, 0x1e,
    0xd4, 0x1d, 0x1a, 0xf0, 0x95, 0xe0,

    /* U+005B "[" */
    0x3d, 0x2, 0x80, 0x43, 0xff, 0xb6, 0x85, 0x40,

    /* U+005C "\\" */
    0xc2, 0x50, 0x3c, 0x5, 0x7, 0xca, 0x7, 0x80,
    0xa0, 0xfa, 0x40, 0xc0,

    /* U+005D "]" */
    0xfd, 0x7, 0xff, 0x5b, 0x80,

    /* U+005E "^" */
    0x3, 0x87, 0x42, 0x1d, 0x40, 0xa5, 0x6, 0x61,
    0x84, 0x29, 0x0,

    /* U+005F "_" */
    0x3f, 0xe0,

    /* U+0060 "`" */
    0xe, 0xd0, 0x50,

    /* U+0061 "a" */
    0x5, 0xe8, 0x2c, 0xf3, 0x1, 0x81, 0x20, 0x9a,
    0x82, 0xe3, 0x40, 0x9c, 0x87, 0xe4, 0xa, 0xf5,
    0x0,

    /* U+0062 "b" */
    0x30, 0xff, 0xe6, 0x3e, 0x83, 0x53, 0x60, 0xa4,
    0x90, 0x90, 0x21, 0xff, 0xc0, 0x40, 0x86, 0x81,
    0x21, 0x5e, 0x60,

    /* U+0063 "c" */
    0x5, 0xe4, 0x19, 0xd1, 0x44, 0x30, 0x79, 0x41,
    0xf2, 0x19, 0x81, 0xd, 0x99, 0xd1,

    /* U+0064 "d" */
    0xe, 0x70, 0xff, 0xe2, 0x7e, 0x6, 0xf2, 0x24,
    0x28, 0x3d, 0x87, 0xff, 0x7, 0x12, 0x2, 0xc,
    0xf2, 0x0,

    /* U+0065 "e" */
    0x5, 0xe8, 0x2c, 0xf3, 0x5, 0x3, 0x44, 0xfc,
    0x1b, 0xf8, 0x43, 0xa0, 0xb0, 0x61, 0x6f, 0x98,

    /* U+0066 "f" */
    0x1f, 0x26, 0xc8, 0xe9, 0x96, 0x65, 0x87, 0xff,
    0x4c,

    /* U+0067 "g" */
    0x7, 0xce, 0x6f, 0x41, 0x21, 0x41, 0xec, 0x3f,
    0xf8, 0x38, 0x90, 0xa0, 0x6f, 0x20, 0x7f, 0x24,
    0x8d, 0x94, 0xe8, 0x80,

    /* U+0068 "h" */
    0x30, 0xff, 0xe4, 0xbe, 0x82, 0xa6, 0xc0, 0x92,
    0x40, 0x87, 0xff, 0x50,

    /* U+0069 "i" */
    0x30, 0x20, 0x81, 0x87, 0xff, 0x28,

    /* U+006A "j" */
    0x6, 0x12, 0x14, 0x16, 0x1f, 0xfd, 0x64, 0xc,
    0x80,

    /* U+006B "k" */
    0x30, 0xff, 0xe5, 0xb8, 0x66, 0x81, 0x34, 0x42,
    0x84, 0x34, 0xe1, 0x98, 0x43, 0xa8, 0x1c, 0x90,

    /* U+006C "l" */
    0x30, 0xff, 0xe9, 0x80,

    /* U+006D "m" */
    0x37, 0xd1, 0xf0, 0x5f, 0x3f, 0x10, 0x30, 0x90,
    0x41, 0x21, 0x61, 0x21, 0xff, 0xe0,

    /* U+006E "n" */
    0x37, 0xd0, 0x57, 0x98, 0x10, 0x24, 0x8, 0x7f,
    0xf5, 0x0,

    /* U+006F "o" */
    0x5, 0xe8, 0x2c, 0xf3, 0x9, 0x2, 0x43, 0xc8,
    0x7f, 0x21, 0xc8, 0xa2, 0x4, 0x83, 0x3c, 0xc0,

    /* U+0070 "p" */
    0x37, 0xd0, 0x6b, 0xcc, 0x14, 0xd, 0x9, 0xf,
    0xfe, 0x1a, 0x4, 0x34, 0x9, 0xa, 0xf3, 0x4,
    0xfa, 0xf, 0xfe, 0x30,

    /* U+0071 "q" */
    0x7, 0xce, 0x6f, 0x41, 0x21, 0x41, 0xec, 0x3f,
    0x21, 0xb0, 0xa1, 0x40, 0xce, 0x42, 0xbe, 0xf,
    0xfe, 0x18,

    /* U+0072 "r" */
    0x37, 0x81, 0x70, 0x20, 0xc8, 0x7f, 0xf2, 0x80,

    /* U+0073 "s" */
    0x1f, 0x90, 0x53, 0x61, 0x12, 0x82, 0x7a, 0x41,
    0xca, 0xc5, 0xac, 0x54, 0x88, 0x94, 0xe8, 0x0,

    /* U+0074 "t" */
    0xe, 0xd0, 0xec, 0xa6, 0x50, 0x3f, 0xf8, 0xd8,
    0x26,

    /* U+0075 "u" */
    0x30, 0x9c, 0x3f, 0xfa, 0xb8, 0x50, 0x10, 0x6f,
    0xa0,

    /* U+0076 "v" */
    0xa0, 0x54, 0xd0, 0x9d, 0x11, 0x11, 0xcd, 0x6,
    0x8e, 0x4, 0x44, 0x26, 0x43, 0x46, 0x0,

    /* U+0077 "w" */
    0xd0, 0x58, 0x1c, 0x70, 0x21, 0x69, 0x21, 0x91,
    0xc3, 0x2d, 0x81, 0x2, 0xbe, 0x50, 0x6f, 0x2c,
    0x70, 0x4a, 0xc, 0xa0, 0xe4, 0x8, 0x60,

    /* U+0078 "x" */
    0x70, 0xb5, 0xa2, 0x51, 0x33, 0x5, 0x30, 0x6c,
    0xc2, 0x54, 0xa0, 0x51, 0x51, 0x9, 0x10,

    /* U+0079 "y" */
    0xa0, 0x54, 0xd0, 0x9d, 0x10, 0x91, 0xc9, 0x4,
    0x8e, 0x1a, 0x10, 0xa5, 0x6, 0x4c, 0x3c, 0x84,
    0xe8, 0x69, 0x82,

    /* U+007A "z" */
    0x7f, 0x95, 0xf4, 0x21, 0xac, 0x37, 0x6, 0xd4,
    0x14, 0x41, 0x2a, 0xd, 0x97, 0xd0,

    /* U+007B "{" */
    0x5, 0xa0, 0x64, 0x24, 0x3e, 0x43, 0x68, 0x26,
    0x4, 0x21, 0x50, 0x24, 0x3f, 0xf8, 0x88, 0x54,
    0x40,

    /* U+007C "|" */
    0x90, 0xff, 0xe7, 0x0,

    /* U+007D "}" */
    0xb4, 0x13, 0x85, 0xa1, 0xf9, 0xf, 0x21, 0x51,
    0x4, 0xa0, 0xa0, 0x21, 0xff, 0xc2, 0xd0, 0x4c,
    0x0,

    /* U+007E "~" */
    0xf, 0xef, 0xa1, 0x74, 0xae, 0x19, 0xbe, 0x40,

    /* U+00B7 "·" */
    0x55, 0x80,

    /* U+00D7 "×" */
    0xf, 0xac, 0x16, 0x47, 0x38, 0x31, 0xc2, 0x81,
    0x1, 0x5e, 0x60, 0x40, 0xc0,

    /* U+00F7 "÷" */
    0xa, 0xc3, 0xdc, 0x1b, 0xd4, 0xf2, 0x7f, 0x90,
    0x94, 0x1e, 0xe0, 0x80,

    /* U+2014 "—" */
    0x3f, 0xff, 0x84, 0xf, 0xff, 0xe1, 0x0,

    /* U+2018 "‘" */
    0xd, 0x1, 0xc,

    /* U+2019 "’" */
    0x30, 0xe4, 0x10,

    /* U+201C "“" */
    0x10, 0xd9, 0x8, 0xa0, 0x21, 0x0,

    /* U+201D "”" */
    0x77, 0x11, 0x9, 0x10, 0x44, 0x0,

    /* U+2026 "…" */
    0x20, 0x94, 0x14, 0x28, 0x2f, 0x4, 0xa0,

    /* U+3001 "、" */
    0xc, 0xe8, 0xa8, 0x10, 0x83, 0x40,

    /* U+3002 "。" */
    0xf, 0x7a, 0x2f, 0x21, 0xeb, 0xd0,

    /* U+300A "《" */
    0xa, 0x20, 0xe7, 0xa, 0x9a, 0x7, 0x70, 0xb7,
    0x40, 0xf4, 0xb, 0x50, 0x6d, 0x41, 0x9e, 0x81,
    0xb7, 0x42, 0x77, 0xd, 0x4d, 0xe, 0x70,

    /* U+300B "》" */
    0x22, 0xd, 0xa1, 0xcf, 0x40, 0xdb, 0xa1, 0x3b,
    0x86, 0xa6, 0x87, 0x38, 0x73, 0x85, 0x4d, 0x3,
    0xb8, 0x5b, 0xa0, 0x7a, 0x5, 0xa1, 0x80,

    /* U+3010 "【" */
    0x3e, 0x83, 0x41, 0x21, 0xb0, 0xc8, 0x7f, 0xf3,
    0x10, 0xd8, 0x64, 0x3a,

    /* U+3011 "】" */
    0xbe, 0x20, 0xe4, 0x36, 0x19, 0xf, 0xfe, 0x62,
    0x1b, 0xc, 0x85, 0x6,

    /* U+4E00 "一" */
    0xf, 0xfe, 0xf, 0xff, 0xc7, 0xff, 0xc0,

    /* U+4E01 "丁" */
    0x7f, 0xfe, 0x7f, 0x8f, 0xe0, 0xff, 0xff, 0x87,
    0xff, 0x39, 0xf, 0xf7, 0x21, 0xc0,

    /* U+4E03 "七" */
    0xd, 0x87, 0xff, 0x91, 0x54, 0xf2, 0x34, 0x28,
    0x76, 0xf1, 0x9e, 0x94, 0xf, 0x48, 0x7f, 0xf4,
    0xb0, 0xff, 0xe2, 0xbf, 0xd0, 0x75, 0xfc, 0x80,

    /* U+4E07 "万" */
    0xf, 0xfe, 0x1f, 0xff, 0xf0, 0x13, 0xf1, 0xff,
    0x21, 0xff, 0xc8, 0xfe, 0xf, 0x93, 0xf0, 0x7e,
    0xd0, 0xff, 0xe0, 0x38, 0x48, 0x7c, 0x88, 0x5a,
    0x1e, 0xa0, 0x67, 0xe, 0xd4, 0x5, 0x8, 0x6d,
    0x82, 0xe4, 0x3b, 0x83, 0x5c, 0x18,

    /* U+4E08 "丈" */
    0xf, 0xb0, 0xff, 0xea, 0x7f, 0x8f, 0x90, 0x7f,
    0x8f, 0x90, 0x9c, 0x8, 0x7e, 0x44, 0x8, 0x7e,
    0xa1, 0x61, 0xf9, 0x58, 0x87, 0xf6, 0x1f, 0xf3,
    0x57, 0x7, 0x3d, 0x15, 0x9e, 0x46, 0x9a, 0x15,
    0xd8, 0xe8, 0x7c, 0xc0,

    /* U+4E09 "三" */
    0x2f, 0xfe, 0x5, 0xff, 0xc1, 0xff, 0xcf, 0xff,
    0xc8, 0x5f, 0xf9, 0xf, 0xfe, 0x72, 0xff, 0xf0,
    0x2b, 0xfd, 0x80,

    /* U+4E0A "上" */
    0xe, 0xc3, 0xff, 0xe1, 0xfa, 0xf, 0xbf, 0x41,
    0xff, 0xe5, 0xbf, 0x1f, 0xe0,

    /* U+4E0B "下" */
    0xff, 0xfa, 0xfd, 0x1f, 0xd0, 0x64, 0x3f, 0xf9,
    0xc8, 0x7f, 0xd6, 0x1f, 0xed, 0xc3, 0xfd, 0x28,
    0x3f, 0xd2, 0x1f, 0xfd, 0x90,

    /* U+4E0D "不" */
    0xff, 0xfe, 0x1, 0xfd, 0x1f, 0xc1, 0xe9, 0xf,
    0xf4, 0x4, 0x3f, 0x4a, 0x6, 0x87, 0x66, 0x7,
    0xa0, 0x2e, 0x81, 0xdb, 0x1e, 0x43, 0xef, 0x8,
    0x7f, 0x90, 0xff, 0xee, 0x0,

    /* U+4E0E "与" */
    0xa, 0x43, 0xff, 0x80, 0x87, 0xff, 0xa, 0xff,
    0xc1, 0xd7, 0xfe, 0xe, 0x43, 0xfe, 0x4f, 0xf8,
    0x3e, 0xaf, 0x7, 0x9d, 0x7c, 0x1d, 0xff, 0xc7,
    0x81, 0xff, 0xc7, 0x83, 0xff, 0x94, 0x90, 0x7f,
    0xd6, 0xc1, 0x0,

    /* U+4E11 "丑" */
    0x2f, 0xfc, 0x15, 0xe3, 0xe8, 0x3f, 0xf8, 0xc8,
    0x72, 0x1e, 0x43, 0xeb, 0xd3, 0xf4, 0xfa, 0xf2,
    0xbe, 0x6f, 0x6, 0xc3, 0xff, 0x86, 0x87, 0x90,
    0xe4, 0x1f, 0x17, 0xc7, 0xff, 0xf0, 0xc0,

    /* U+4E13 "专" */
    0xe, 0x83, 0xfe, 0x43, 0xef, 0xc7, 0xe8, 0x1f,
    0x4f, 0xe8, 0x5d, 0x8b, 0xc7, 0x52, 0xab, 0xef,
    0x2b, 0xfd, 0x4, 0xaf, 0xe0, 0xef, 0xe1, 0xe,
    0xa2, 0x6c, 0x1d, 0x76, 0x41, 0xf3, 0xc4, 0x1f,
    0xce, 0x18,

    /* U+4E14 "且" */
    0x5, 0xff, 0x7, 0x9f, 0xd0, 0x7f, 0xf2, 0x1f,
    0xd0, 0x7c, 0xfe, 0x83, 0xff, 0xaa, 0xfe, 0x83,
    0xe7, 0xf4, 0x1f, 0xfc, 0x5f, 0x2b, 0xf4, 0x78,
    0xff, 0xfe, 0x0,

    /* U+4E16 "世" */
    0xf, 0xfe, 0x2a, 0xc, 0x12, 0x1e, 0x83, 0xff,
    0x9b, 0xe3, 0xc7, 0x9b, 0xc0, 0xf1, 0xe3, 0xcd,
    0xe0, 0xff, 0xec, 0x79, 0xf, 0xf7, 0xe4, 0x3f,
    0xf9, 0x3f, 0xf9, 0xe, 0xff, 0xc8,

    /* U+4E18 "丘" */
    0xf, 0xfe, 0x43, 0xa1, 0x9a, 0x7d, 0x21, 0x50,
    0xfa, 0x43, 0xa8, 0x87, 0xff, 0x26, 0xff, 0x41,
    0xaf, 0x9b, 0x83, 0xff, 0xb3, 0xe6, 0xf9, 0xbf,
    0xff, 0x86,

    /* U+4E19 "丙" */
    0x3f, 0xff, 0x80, 0xf, 0xe5, 0x7f, 0x7, 0xff,
    0x17, 0xf2, 0xbf, 0x7, 0x7c, 0xaf, 0x83, 0xf9,
    0xf, 0xfe, 0x2, 0x30, 0x7f, 0xa9, 0xb0, 0x7e,
    0x84, 0xd4, 0x1e, 0x9c, 0x28, 0x3e, 0xb0, 0xca,
    0xf, 0xfe, 0x7, 0x82,

    /* U+4E1A "业" */
    0xe, 0xc7, 0xf, 0xfe, 0xa6, 0x1f, 0xb0, 0xff,
    0xe2, 0x50, 0x3c, 0xa0, 0x94, 0x1e, 0xf0, 0x7f,
    0xca, 0xd, 0x7, 0x30, 0x72, 0x1c, 0xa0, 0xbf,
    0x1c, 0x7e, 0x3f, 0xff, 0x80,

    /* U+4E1B "丛" */
    0xd, 0x85, 0x87, 0xff, 0xa1, 0xf, 0xd8, 0x58,
    0x79, 0x56, 0x4, 0x3d, 0xe5, 0x4a, 0x83, 0x2c,
    0x6d, 0x14, 0x6, 0xc6, 0x80, 0xa2, 0x78, 0x1e,
    0x40, 0xc0, 0x7e, 0x7f, 0xa8, 0x7f, 0xff, 0x0,

    /* U+4E1C "东" */
    0xf, 0x21, 0xff, 0x58, 0x7d, 0xf9, 0x5f, 0xe3,
    0xe5, 0x7f, 0xc1, 0x98, 0x83, 0xf7, 0xa, 0xf,
    0xeb, 0x8f, 0xc1, 0xbe, 0x8f, 0xc1, 0xda, 0x7,
    0xf, 0x6a, 0x3, 0x68, 0x1d, 0x83, 0x34, 0x4e,
    0x81, 0x20, 0x60, 0x48, 0x29, 0x84, 0xa0, 0xeb,
    0x43, 0x80,

    /* U+4E1D "丝" */
    0xf, 0xfe, 0x2e, 0x1b, 0x43, 0xa4, 0x24, 0x43,
    0x99, 0x4, 0x87, 0x71, 0x9, 0x38, 0x10, 0x49,
    0x2a, 0x80, 0xc9, 0x90, 0x4a, 0x5, 0x90, 0xf8,
    0x83, 0x4a, 0x3, 0x61, 0x96, 0xf5, 0xf, 0x80,
    0xfe, 0xbf, 0x81, 0xff, 0xfc, 0x3, 0xff, 0xf8,
    0x0,

    /* U+4E22 "丢" */
    0xf, 0xfe, 0x2a, 0xeb, 0xd0, 0x5e, 0xbb, 0xf4,
    0x17, 0xd3, 0xa1, 0xe7, 0xe6, 0xf8, 0x33, 0xf3,
    0x7c, 0x1f, 0xfc, 0x4f, 0xe6, 0xfd, 0x1f, 0x8b,
    0xfa, 0xd, 0x8, 0x34, 0x3a, 0x70, 0x2a, 0x42,
    0x93, 0xd7, 0xa8, 0x15, 0xfa, 0x8a, 0x80,

    /* U+4E24 "两" */
    0x3f, 0xff, 0x80, 0x7e, 0x3c, 0x7e, 0xf, 0xfe,
    0x13, 0xf1, 0xe3, 0xe0, 0xde, 0x3c, 0x78, 0x3c,
    0x88, 0x10, 0xfb, 0x68, 0xc8, 0x79, 0xb6, 0x98,
    0x74, 0x92, 0x30, 0x7a, 0x18, 0x3f, 0x40, 0xc3,
    0xff, 0x86, 0xe8, 0x1c, 0x3c, 0xf0,

    /* U+4E25 "严" */
    0x1f, 0xff, 0x1, 0xa6, 0x78, 0xf4, 0x13, 0x7,
    0xbc, 0x1a, 0xf, 0x30, 0x5d, 0x9e, 0x37, 0xc1,
    0x7f, 0xf8, 0x3f, 0xfb, 0x88, 0x7f, 0xf0, 0x28,
    0x1f, 0xf2, 0x83, 0xfc,

    /* U+4E27 "丧" */
    0xf, 0x48, 0x7f, 0xf2, 0x6f, 0xcd, 0xf8, 0x2b,
    0x7c, 0xde, 0x70, 0xf4, 0x1b, 0xc1, 0xe8, 0x33,
    0x21, 0xbe, 0x76, 0xaf, 0x81, 0xe3, 0xc7, 0xcf,
    0x83, 0xe5, 0xb0, 0xff, 0x55, 0xc1, 0xfe, 0x84,
    0x3f, 0x53, 0x3b, 0x83, 0x9f, 0x93, 0x88,

    /* U+4E2A "个" */
    0xf, 0x21, 0xff, 0xc1, 0xa0, 0x7f, 0xd2, 0x83,
    0xfd, 0x34, 0xc3, 0xf4, 0xf3, 0x68, 0x76, 0xe2,
    0x35, 0x1, 0xdc, 0x39, 0xdc, 0x78, 0x3f, 0x78,
    0x3f, 0xff, 0x60,

    /* U+4E2D "中" */
    0xe, 0xd0, 0xff, 0xe7, 0xfe, 0x2f, 0xa0, 0x7c,
    0x5e, 0x83, 0xff, 0x9b, 0xf1, 0x7a, 0xb, 0xe2,
    0xf4, 0xc, 0x3e, 0x60, 0xff, 0xea, 0x80,

    /* U+4E32 "串" */
    0xf, 0x61, 0xff, 0xc6, 0xbf, 0x1f, 0x82, 0xbe,
    0x3e, 0xd, 0x56, 0x53, 0xa, 0xea, 0x29, 0xe0,
    0x7e, 0x8f, 0xc8, 0x3e, 0x8f, 0x9c, 0x39, 0xf,
    0xdf, 0x8f, 0x90, 0x5f, 0x8f, 0xd0, 0x87, 0xff,
    0x28,

    /* U+4E34 "临" */
    0xf, 0xfe, 0x16, 0x14, 0x1f, 0xf2, 0x1d, 0x6,
    0x4f, 0xcb, 0x5, 0x51, 0xe4, 0x27, 0x5d, 0x87,
    0x98, 0x14, 0xe, 0x6f, 0xd6, 0x1f, 0x67, 0x83,
    0xff, 0x9d, 0x21, 0xfe, 0x43, 0xb3, 0xc1, 0xfb,
    0xf0, 0x0,

    /* U+4E39 "丹" */
    0xa, 0xff, 0x41, 0xf3, 0xfa, 0xf, 0xeb, 0xf,
    0xfe, 0x5, 0x30, 0xff, 0xe0, 0x2a, 0xf, 0xfe,
    0x5, 0x3, 0xde, 0x57, 0xe9, 0xf0, 0x3c, 0xaf,
    0xd3, 0xe0, 0xce, 0x1f, 0xfc, 0x14, 0x3f, 0xe9,
    0xf, 0xfa, 0x60, 0xae, 0xc3, 0x58, 0x6b, 0xc8,
    0x40,

    /* U+4E3A "为" */
    0xf, 0xfe, 0x26, 0x1e, 0x70, 0xfe, 0x6c, 0x3f,
    0x98, 0x3e, 0xbd, 0x67, 0xf5, 0xf8, 0xfc, 0x1f,
    0x21, 0xf9, 0x46, 0x1f, 0x5a, 0xa5, 0x7, 0x25,
    0x87, 0x70, 0x4e, 0x7, 0x50, 0x67, 0x2a, 0xb,
    0xc2, 0x68, 0x6f, 0x80,

    /* U+4E3B "主" */
    0xd, 0xa1, 0xff, 0x72, 0x1f, 0xf7, 0x83, 0xcf,
    0xf3, 0xfa, 0x1f, 0xca, 0xfd, 0x7, 0xb0, 0xff,
    0xe0, 0x61, 0xfa, 0xf9, 0x5f, 0x41, 0x5f, 0x4f,
    0xd0, 0x7f, 0xf4, 0x3f, 0xa7, 0xf8, 0xff, 0xfe,
    0x0,

    /* U+4E3D "丽" */
    0x3f, 0xff, 0x80, 0x7f, 0xff, 0x0, 0x7f, 0x2b,
    0xf0, 0x36, 0x80, 0xda, 0x8, 0x65, 0x3, 0x10,
    0xe8, 0x37, 0x7, 0x6c, 0x16, 0xc1, 0xd2, 0x1a,
    0x43, 0xd8, 0x76, 0x1f, 0xfc, 0x84, 0x3f, 0xec,
    0x42, 0xc4, 0x93, 0xc4, 0x9e, 0x0,

    /* U+4E45 "久" */
    0xf, 0xfe, 0x2e, 0x87, 0xff, 0x5, 0x41, 0xfa,
    0x2a, 0xc3, 0xe7, 0xe5, 0x7, 0xa4, 0x26, 0xe,
    0x54, 0x9, 0xf, 0x70, 0x14, 0x1f, 0x48, 0x28,
    0x87, 0xf6, 0xab, 0xf, 0x3b, 0xa, 0xc3, 0x56,
    0xa, 0x74, 0x4d, 0xe, 0xa6, 0x0,

    /* U+4E48 "么" */
    0xf, 0xfe, 0x36, 0x87, 0xfa, 0x10, 0x21, 0xe5,
    0x60, 0xb0, 0xea, 0x60, 0x54, 0x1a, 0x70, 0x36,
    0x1e, 0xc2, 0xa0, 0x7a, 0x3, 0xc8, 0x7e, 0x68,
    0x9c, 0x1d, 0x4d, 0x6, 0xc1, 0x6a, 0xa7, 0xc2,
    0x80, 0xa3, 0xfd, 0x40, 0x54, 0xa0, 0xce, 0x0,

    /* U+4E49 "义" */
    0xf, 0xfe, 0x46, 0x1f, 0xea, 0xc, 0x38, 0x7b,
    0x4, 0x81, 0xf, 0x28, 0x19, 0xe0, 0xff, 0xe0,
    0x28, 0x3e, 0xa0, 0x14, 0x1f, 0x96, 0x28, 0x1f,
    0xd4, 0xd0, 0xff, 0x20, 0xc3, 0xf9, 0xda, 0x83,
    0xcf, 0x53, 0x9c, 0x17, 0xad, 0xa, 0xcc,

    /* U+4E4B "之" */
    0xe, 0x90, 0xff, 0xea, 0xfe, 0x6f, 0xa0, 0xbf,
    0xf1, 0x87, 0xfa, 0x50, 0x7f, 0x4c, 0x1f, 0xd9,
    0x87, 0xa1, 0xd8, 0x3e, 0x7e, 0x83, 0xe8, 0x10,
    0x7e, 0x9e, 0xff, 0xc7, 0x87, 0xff, 0x0,

    /* U+4E4C "乌" */
    0xf, 0xfe, 0x34, 0x87, 0xf7, 0x9b, 0xe4, 0x3d,
    0xfc, 0x87, 0xff, 0x1, 0xf, 0xf2, 0x84, 0x3f,
    0xba, 0x7, 0xdf, 0x25, 0xe4, 0x2f, 0xfc, 0x83,
    0xff, 0x90, 0xbf, 0xf9, 0x60, 0xff, 0xe5, 0x79,
    0x0,

    /* U+4E4E "乎" */
    0xf, 0xfe, 0x1a, 0xd4, 0xf4, 0xf, 0xe7, 0xd6,
    0x8, 0xa6, 0x24, 0x81, 0xb0, 0xda, 0x19, 0x41,
    0x98, 0x17, 0x9e, 0x37, 0xeb, 0xf4, 0x7f, 0x7,
    0xff, 0xa3, 0xa0, 0x70,

    /* U+4E4F "乏" */
    0xf, 0xf2, 0x83, 0xcb, 0x5e, 0x83, 0xbd, 0x78,
    0xbc, 0x86, 0xfa, 0x74, 0x3f, 0xf9, 0x3f, 0x8b,
    0xe0, 0xef, 0xf8, 0x43, 0xfc, 0xec, 0x1f, 0xd5,
    0x83, 0xd5, 0x66, 0x87, 0xcb, 0x70, 0x7e, 0xd9,
    0xff, 0xc0, 0xa3, 0x7f, 0xe0,

    /* U+4E50 "乐" */
    0xf, 0xf2, 0x1f, 0x95, 0x7c, 0x1d, 0x7f, 0xd0,
    0x7a, 0xe9, 0x87, 0xff, 0x5, 0xf, 0xca, 0xf,
    0xfe, 0xf, 0xe3, 0xf8, 0x2f, 0xe3, 0xf8, 0x3a,
    0x81, 0x68, 0x7a, 0x20, 0xba, 0x4, 0xe4, 0x1d,
    0xb8, 0x3a, 0x1, 0xd, 0xa0, 0x90, 0x51, 0xd,
    0x0,

    /* U+4E52 "乒" */
    0xf, 0xe5, 0x7, 0x2a, 0xf9, 0xb, 0xfe, 0x83,
    0xaa, 0x43, 0xf5, 0xfe, 0x83, 0x5f, 0x2b, 0x83,
    0xf6, 0x1f, 0xfc, 0x4b, 0x2f, 0xa7, 0xeb, 0xe7,
    0xfe, 0xa, 0x43, 0xf3, 0x98, 0x7c, 0xd4, 0x1f,
    0x9d, 0xf, 0xe0,

    /* U+4E54 "乔" */
    0xf, 0xe6, 0x43, 0x7f, 0xd0, 0x7b, 0xf1, 0x7a,
    0x43, 0xf9, 0xf, 0xbf, 0x8f, 0xf0, 0x3e, 0x8f,
    0x2b, 0xe0, 0xd4, 0xc1, 0x10, 0x6b, 0x18, 0x27,
    0xd0, 0x3d, 0x7, 0x9f, 0x1, 0xb, 0xf, 0x21,
    0xca, 0xf, 0xf5, 0xc1, 0xfe, 0x4d, 0xf, 0xe0,

    /* U+4E58 "乘" */
    0xf, 0xe6, 0x43, 0x55, 0xfe, 0x43, 0x7e, 0x6e,
    0x43, 0x56, 0xdb, 0xf2, 0xb, 0xcc, 0xaa, 0x72,
    0x13, 0x20, 0xfa, 0xc3, 0x61, 0xe4, 0x83, 0x58,
    0x1f, 0x36, 0x82, 0xf3, 0xe, 0xea, 0x5, 0xcb,
    0xee, 0xd, 0x74, 0x3c, 0xe8, 0x59, 0xa1, 0xba,
    0x60, 0xe0, 0xf9, 0xf0,

    /* U+4E59 "乙" */
    0xf, 0xf9, 0xff, 0xd0, 0xff, 0x43, 0x7, 0xab,
    0x7, 0xb7, 0x43, 0xdb, 0x87, 0x9e, 0x81, 0xf5,
    0x10, 0xf3, 0x28, 0x3d, 0x61, 0xfc, 0xf3, 0xff,
    0x28, 0xff, 0xd0,

    /* U+4E5D "九" */
    0xd, 0x40, 0xff, 0xeb, 0x2e, 0x16, 0xe, 0xe8,
    0x35, 0x21, 0xaf, 0x17, 0x84, 0x3f, 0xf9, 0x28,
    0x7f, 0x90, 0xff, 0xe0, 0x48, 0x7a, 0xa, 0x20,
    0xf2, 0x3b, 0x87, 0x79, 0x5, 0x87, 0x7d, 0x0,

    /* U+4E5E "乞" */
    0xd, 0x7, 0xff, 0x1, 0xf, 0xfa, 0x3f, 0xe8,
    0x27, 0xff, 0x40, 0xe0, 0xff, 0x6f, 0xfe, 0xb,
    0xa7, 0xc8, 0xe1, 0xf3, 0x9c, 0x1f, 0x7d, 0x7,
    0xee, 0x81, 0xce, 0x4, 0x43, 0xda, 0x4, 0xff,
    0x98, 0x2f, 0xfe, 0x0,

    /* U+4E5F "也" */
    0xf, 0x61, 0xff, 0xc9, 0x83, 0xff, 0x80, 0x87,
    0x36, 0x1c, 0xa8, 0xf0, 0x67, 0x2f, 0x1d, 0x86,
    0x8e, 0x42, 0xd0, 0x28, 0x3f, 0x61, 0xfd, 0x6a,
    0xf, 0xcd, 0xe3, 0xc, 0x82, 0x9, 0x41, 0x37,
    0xfa, 0xc2, 0xbf, 0xf2, 0x0,

    /* U+4E61 "乡" */
    0xe, 0x43, 0xfa, 0xc3, 0xf2, 0xa0, 0x41, 0xd6,
    0xc, 0x33, 0xca, 0xd8, 0x3a, 0xa6, 0xc, 0xf1,
    0x40, 0x48, 0x2a, 0x1a, 0x28, 0x92, 0x98, 0xe0,
    0xbf, 0x98, 0x3e, 0xa9, 0x9, 0xbc, 0x68, 0x4e,
    0x5c, 0x1c,

    /* U+4E66 "书" */
    0xf, 0x61, 0xff, 0xc3, 0x70, 0xff, 0x95, 0x5,
    0xf8, 0xf8, 0xc2, 0xfc, 0x78, 0xd0, 0xff, 0x90,
    0x3f, 0xc7, 0x8f, 0xf, 0xe8, 0xfc, 0x1f, 0x21,
    0xff, 0xd1, 0x70, 0xff, 0x9f, 0x7, 0xff, 0x8,

    /* U+4E70 "买" */
    0x2f, 0xff, 0x25, 0xeb, 0xd7, 0xc1, 0xea, 0x10,
    0x11, 0x6, 0xea, 0x9, 0xc2, 0xa3, 0xa1, 0xf9,
    0xc0, 0x87, 0xdf, 0x5c, 0x7e, 0x8f, 0xe2, 0xfd,
    0x7, 0x47, 0x90, 0xfa, 0x7a, 0xb4, 0xd, 0x98,
    0x1e, 0x89, 0x9c, 0x1c, 0xe0,

    /* U+4E71 "乱" */
    0xf, 0x26, 0x1e, 0x55, 0xe8, 0x3f, 0x78, 0x16,
    0x1f, 0xa9, 0x88, 0x7f, 0x7a, 0x3d, 0x7, 0xde,
    0x8f, 0x41, 0xff, 0xca, 0xe3, 0xc1, 0xfe, 0xf4,
    0x1f, 0xfc, 0xda, 0x61, 0xec, 0x3f, 0x9f, 0x90,
    0xd4, 0xc1, 0x7d, 0x0,

    /* U+4E73 "乳" */
    0xf, 0xa3, 0xf, 0x9b, 0xc1, 0xfb, 0xd1, 0x78,
    0x3e, 0x68, 0xb6, 0x1f, 0x51, 0x1b, 0xf, 0xe5,
    0x8, 0x7e, 0x56, 0x6c, 0x1f, 0x35, 0x64, 0x1f,
    0xe6, 0xd0, 0xf9, 0x54, 0x3d, 0x4, 0x82, 0xc4,
    0xf4, 0x14, 0xe, 0x9a, 0x1f, 0xf3, 0x86, 0x7c,
    0x86, 0xf4, 0x15, 0xe8,

    /* U+4E86 "了" */
    0x7f, 0xf9, 0xff, 0x44, 0x1e, 0x68, 0x87, 0x53,
    0x43, 0xce, 0x1f, 0xff, 0x57, 0xc8, 0x79, 0xf4,
    0x18,

    /* U+4E89 "争" */
    0xf, 0xfe, 0x35, 0x3, 0xff, 0x80, 0xaf, 0xc1,
    0xf7, 0x7c, 0x41, 0xce, 0x5f, 0x17, 0x6, 0xbe,
    0x6f, 0x41, 0xa9, 0xf3, 0x7a, 0x70, 0x7f, 0x2b,
    0xd3, 0x85, 0x7c, 0xaf, 0x41, 0xd5, 0x95, 0x58,
    0x39, 0x63, 0x58, 0x3f, 0xf9, 0x5a, 0x1f, 0x0,

    /* U+4E8B "事" */
    0xf, 0x50, 0x3e, 0xfe, 0x57, 0xf0, 0x2b, 0x95,
    0x5c, 0x4, 0xa9, 0x55, 0x8, 0x5b, 0xe5, 0x79,
    0xc3, 0x9f, 0x2b, 0xc8, 0x75, 0x65, 0x55, 0x86,
    0xbe, 0x57, 0xd0, 0x50, 0x7f, 0xa0, 0x7f, 0x2b,
    0xe3, 0x3, 0x59, 0x55, 0x8, 0x5f, 0x95, 0xf8,
    0x3c, 0xee, 0x1f, 0xe7, 0xc8, 0x78,

    /* U+4E8C "二" */
    0xf, 0xfe, 0xd, 0xff, 0xc0, 0xbf, 0xf8, 0x3f,
    0xfc, 0xcb, 0xff, 0xc0, 0xaf, 0xf6,

    /* U+4E8E "于" */
    0x3f, 0xfa, 0x7, 0xe2, 0xfa, 0xf, 0x21, 0xff,
    0xc6, 0xfe, 0x6f, 0xcf, 0xf0, 0xfe, 0x43, 0x9c,
    0x3f, 0xfc, 0x48, 0x7f, 0x78, 0x43, 0xf7, 0xc1,
    0xe0,

    /* U+4E8F "亏" */
    0x7, 0xff, 0x21, 0x7f, 0xf2, 0x1f, 0xfc, 0x3f,
    0xff, 0xa3, 0xe2, 0xff, 0x41, 0xc8, 0x7f, 0x93,
    0xfc, 0x1c, 0xff, 0x83, 0xff, 0x80, 0x87, 0xff,
    0x3, 0x43, 0xfe, 0x70, 0xfe, 0xf2, 0x80,

    /* U+4E91 "云" */
    0x5, 0xff, 0xa0, 0xd7, 0xfe, 0x83, 0xff, 0xa7,
    0xff, 0xfc, 0x0, 0x7e, 0x2f, 0xf0, 0x72, 0x20,
    0x43, 0xf5, 0x2, 0x90, 0xf2, 0x21, 0x72, 0x19,
    0x9a, 0xbc, 0x41, 0x3a, 0x7f, 0x98, 0xd, 0x4b,
    0x5, 0x60,

    /* U+4E92 "互" */
    0x7f, 0xfd, 0xf, 0x95, 0xfe, 0x83, 0x38, 0x7f,
    0xf0, 0x2f, 0xe0, 0xfb, 0xf4, 0x1e, 0x43, 0xc8,
    0x76, 0x86, 0xc3, 0xca, 0xfc, 0xe1, 0xef, 0xe1,
    0xe, 0xc3, 0xfd, 0xff, 0x8f, 0x8f, 0xff, 0xe0,
    0x0,

    /* U+4E94 "五" */
    0xf, 0xfe, 0x3, 0xff, 0xe1, 0xfa, 0x7f, 0x83,
    0xb0, 0xfc, 0xf9, 0x5f, 0x82, 0x7c, 0x5e, 0x83,
    0xf2, 0x1f, 0xfc, 0x34, 0x39, 0xf, 0xfb, 0xd,
    0x85, 0xf2, 0x7c, 0xae,

    /* U+4E9A "亚" */
    0x3f, 0xfe, 0x8f, 0xc7, 0x3f, 0x41, 0xff, 0xc2,
    0xa0, 0x7e, 0xc1, 0x21, 0xff, 0xc0, 0x60, 0xf2,
    0x82, 0xd0, 0xf5, 0x84, 0x87, 0x91, 0xc, 0x87,
    0xa0, 0xe8, 0x39, 0x41, 0x7e, 0x39, 0xfc, 0x7f,
    0xff, 0x0,

    /* U+4E9B "些" */
    0xd, 0x23, 0x87, 0xf2, 0x1f, 0xf6, 0x1f, 0x3c,
    0x1e, 0xbc, 0x75, 0x7, 0xaf, 0x1e, 0x43, 0xff,
    0x85, 0x7, 0xaf, 0x4, 0xa0, 0x46, 0xdc, 0x7a,
    0x80, 0xfa, 0x41, 0xf9, 0x2, 0x7f, 0xe0, 0xf7,
    0xfe, 0xd, 0x7f, 0xfc, 0xb, 0xff, 0xe0,

    /* U+4EA4 "交" */
    0xe, 0x70, 0xff, 0xe3, 0xbf, 0xa3, 0xf4, 0x3f,
    0x5e, 0xa7, 0xa0, 0xd6, 0x15, 0x86, 0x73, 0x3,
    0x38, 0x55, 0x81, 0x72, 0x81, 0xa3, 0xc, 0x48,
    0x74, 0xe8, 0x7f, 0xf2, 0x5d, 0xdd, 0x9, 0xbe,
    0x8e, 0x9c, 0x3e, 0x83, 0x3f, 0x0,

    /* U+4EA7 "产" */
    0xf, 0xfe, 0x33, 0x7, 0xfc, 0x90, 0x7b, 0xf9,
    0x5f, 0x93, 0xe7, 0xea, 0x79, 0xe, 0xc1, 0x7,
    0xad, 0x3c, 0x5e, 0x40, 0xdf, 0xf9, 0xf, 0xfe,
    0x8a, 0x1f, 0xe4, 0x3f, 0xf8, 0x14, 0xf, 0xfa,
    0x43, 0xfc,

    /* U+4EAC "京" */
    0xf, 0x50, 0x3f, 0xf9, 0x3f, 0xca, 0xfe, 0x7,
    0xff, 0xf0, 0x3, 0x7f, 0xe0, 0xfb, 0xfc, 0x1f,
    0xfc, 0xaf, 0xf0, 0x7d, 0xf4, 0xf6, 0x1e, 0x70,
    0xd6, 0x86, 0xa6, 0x1b, 0xa8, 0x19, 0x83, 0x9,
    0xd0, 0x70, 0x37, 0xd, 0x80,

    /* U+4EAD "亭" */
    0xe, 0xc3, 0xd7, 0xe3, 0xf9, 0xba, 0xfd, 0xa0,
    0xaf, 0xc1, 0xdf, 0xd0, 0x7b, 0xfa, 0x9, 0x55,
    0xf9, 0x50, 0x7f, 0x79, 0x2b, 0xf6, 0x4f, 0xc5,
    0xf3, 0x7, 0x90, 0xff, 0xe4, 0x58, 0x7c,

    /* U+4EAE "亮" */
    0xf, 0x61, 0xfa, 0xb1, 0x59, 0xf, 0x90, 0xfd,
    0x45, 0xf4, 0x86, 0x4f, 0xc1, 0xfd, 0xf8, 0x3e,
    0x6b, 0xc1, 0xbe, 0xaf, 0x79, 0x7, 0xa9, 0xe7,
    0xc1, 0x40, 0xc0, 0xa0, 0x68, 0x81, 0xf, 0x90,
    0xa1, 0xe, 0x73, 0xf0, 0x13, 0xd6, 0x79, 0xd,
    0xf9,

    /* U+4EB2 "亲" */
    0xf, 0x41, 0xff, 0xc1, 0x83, 0xef, 0xca, 0xfc,
    0x17, 0x8b, 0xe3, 0xc1, 0xdc, 0x9, 0xd, 0xf8,
    0xf2, 0xbe, 0x3f, 0xa7, 0xf8, 0xbf, 0x4f, 0xe4,
    0xbd, 0x6a, 0xbe, 0x42, 0xa1, 0x83, 0x82, 0x77,
    0x9, 0xcc, 0x1d, 0x83, 0xa, 0xa2, 0x41, 0xb8,
    0x4c,

    /* U+4EBA "人" */
    0xe, 0x70, 0xff, 0xe0, 0x21, 0xff, 0xd9, 0xc3,
    0xff, 0x80, 0xa0, 0xff, 0x20, 0x43, 0xfa, 0xb0,
    0x7e, 0x97, 0x41, 0xe9, 0x81, 0x30, 0x6d, 0xc3,
    0x66, 0x94, 0xc3, 0xd4, 0xc0,

    /* U+4EBF "亿" */
    0xf, 0xfe, 0x36, 0x1f, 0xfc, 0x5, 0x5f, 0xe0,
    0xef, 0x5f, 0x84, 0x39, 0x41, 0xb6, 0xd, 0x7,
    0x4c, 0x19, 0x41, 0x95, 0x7, 0x50, 0x35, 0x87,
    0xb4, 0x2e, 0xf, 0xfb, 0x90, 0xff, 0x22, 0x1d,
    0x87, 0x27, 0xf9, 0xf, 0x7f, 0xd0,

    /* U+4EC0 "什" */
    0xd, 0x20, 0xc3, 0xf9, 0x41, 0xff, 0x21, 0xff,
    0xc1, 0xa0, 0x7f, 0xd0, 0x3e, 0x3f, 0x1, 0x40,
    0xa8, 0xac, 0xb, 0x17, 0xb, 0x81, 0x87, 0xff,
    0xfc, 0x3f, 0xd8, 0x6c, 0x38,

    /* U+4EC1 "仁" */
    0xd, 0x7, 0xff, 0x5, 0xf, 0xfe, 0x5, 0x3,
    0xff, 0x80, 0xab, 0xfc, 0x1b, 0x5, 0xfe, 0xa,
    0xf, 0xfe, 0xb, 0x87, 0xff, 0x3, 0xf, 0xff,
    0x3, 0xff, 0x83, 0x9f, 0xfc, 0x1f, 0xfc, 0x30,

    /* U+4EC5 "仅" */
    0xf, 0xfe, 0x36, 0x1f, 0xfc, 0x9, 0xff, 0x83,
    0x9b, 0x3e, 0x83, 0x90, 0x94, 0xd, 0xd, 0x5,
    0xe0, 0x30, 0x52, 0x12, 0x84, 0x32, 0xa0, 0xcd,
    0x41, 0x38, 0x74, 0x88, 0x7f, 0x90, 0xff, 0xe0,
    0x34, 0x70, 0xfd, 0x53, 0x3a, 0x1d, 0x1a, 0xa,
    0x83, 0x74, 0xe, 0x70,

    /* U+4EC6 "仆" */
    0xf, 0xfe, 0x34, 0xc, 0x3f, 0xc8, 0x7f, 0xf0,
    0x24, 0x3f, 0xf8, 0xe, 0x1f, 0xf4, 0x21, 0x38,
    0x72, 0x83, 0x9b, 0x42, 0xa0, 0x79, 0xa0, 0x52,
    0x1f, 0x36, 0x4, 0x3f, 0x9c, 0x3f, 0xfd, 0xa0,

    /* U+4EC7 "仇" */
    0xf, 0xfe, 0x36, 0x9, 0xf, 0xc8, 0x48, 0x7f,
    0x68, 0x7f, 0xf0, 0x18, 0x3f, 0xe8, 0x16, 0x5e,
    0x43, 0x20, 0xb3, 0xc2, 0x16, 0x87, 0xff, 0x2,
    0x81, 0xff, 0xc0, 0x43, 0x21, 0xff, 0xc1, 0xd0,
    0xd2, 0x1e, 0x60, 0xca, 0xe, 0xd0, 0xd8, 0x7c,
    0xc1, 0x7c, 0x0,

    /* U+4ECA "今" */
    0xf, 0x90, 0xff, 0xe0, 0x70, 0x7f, 0xd0, 0x20,
    0xfe, 0x9f, 0x30, 0x7d, 0xb8, 0x36, 0xd, 0x69,
    0xf8, 0x1c, 0x17, 0x7f, 0xac, 0x28, 0x5f, 0xc4,
    0x1a, 0xbf, 0x7, 0xbf, 0xc2, 0x1f, 0xf6, 0x41,
    0xfc, 0xee, 0x1f, 0xd5, 0x83, 0xfd, 0x68, 0x78,

    /* U+4ECE "从" */
    0x9, 0x83, 0x61, 0xf9, 0xf, 0xfe, 0xa, 0x1f,
    0xfd, 0x34, 0x3f, 0x68, 0x72, 0x1f, 0x38, 0x33,
    0xf, 0x3b, 0xc, 0x87, 0x23, 0x28, 0x58, 0x34,
    0x82, 0xa3, 0x82, 0x88, 0x1a, 0x85, 0x42, 0xa0,
    0x4c, 0x14, 0xb4, 0x83, 0xc1, 0xda,

    /* U+4ED3 "仓" */
    0xf, 0x21, 0xff, 0xc1, 0xa0, 0x7f, 0xd2, 0xc1,
    0xfc, 0xab, 0x90, 0xf9, 0xb0, 0x72, 0x1d, 0x43,
    0xf1, 0x40, 0x39, 0x9f, 0x4e, 0x63, 0xc1, 0xd8,
    0x2c, 0x3f, 0x9c, 0x3f, 0xec, 0x43, 0xfe, 0xf0,
    0x30, 0xfb, 0xfc, 0x87, 0xbf, 0xe8, 0x0,

    /* U+4ED4 "仔" */
    0xd, 0x7, 0xff, 0x5, 0xbf, 0xc1, 0xd3, 0x7e,
    0x50, 0x73, 0x6, 0x54, 0x1a, 0xe, 0x6c, 0x32,
    0x83, 0xb8, 0x3a, 0x83, 0xf3, 0x7c, 0x9a, 0x3f,
    0x2b, 0xe4, 0x3f, 0xb0, 0xff, 0xf4, 0x79, 0x41,
    0x80,

    /* U+4ED6 "他" */
    0xf, 0xfe, 0x36, 0x16, 0x87, 0xc8, 0x7f, 0xf0,
    0x78, 0xc3, 0xfc, 0xa0, 0xdd, 0xc1, 0x41, 0xa1,
    0x10, 0x94, 0x58, 0x54, 0x30, 0x49, 0xc4, 0x12,
    0x17, 0xa, 0xf, 0x21, 0xfe, 0xb0, 0xff, 0x9b,
    0xd0, 0x7f, 0x48, 0x10, 0xfd, 0xfc, 0x87, 0xdf,
    0xe8,

    /* U+4ED7 "仗" */
    0xd, 0x6, 0x90, 0xf9, 0xf, 0xfe, 0x2, 0x83,
    0xff, 0x81, 0x7f, 0x37, 0x82, 0x87, 0xbc, 0x5e,
    0x2, 0x80, 0xc1, 0xfa, 0x80, 0x84, 0x8, 0x6d,
    0x5, 0x30, 0xff, 0x96, 0x90, 0xff, 0xa7, 0xf,
    0xfa, 0x20, 0xfe, 0x77, 0xb8, 0x3c, 0xd4, 0x39,
    0x86, 0xdd, 0xd, 0x60,

    /* U+4ED8 "付" */
    0xf, 0xfe, 0x34, 0x86, 0xc3, 0xe5, 0x7, 0xfd,
    0x7, 0xff, 0x5, 0x83, 0xfe, 0x87, 0xf8, 0xf0,
    0x14, 0xf, 0xe3, 0xc0, 0x90, 0xa0, 0xfd, 0x40,
    0xbc, 0x1f, 0x21, 0x9b, 0xf, 0xfe, 0x3, 0x7,
    0xff, 0x5, 0xf, 0xfe, 0x7d, 0xa1, 0x0,

    /* U+4ED9 "仙" */
    0xf, 0xfe, 0x2e, 0x13, 0x87, 0x94, 0x1f, 0xf5,
    0x87, 0xf9, 0x1c, 0x3d, 0x82, 0xf, 0xfb, 0x43,
    0xfe, 0xa0, 0x7f, 0xc8, 0x7f, 0xf4, 0x90, 0xc8,
    0x7d, 0x71, 0xc1, 0xf7, 0xf8,

    /* U+4EE3 "代" */
    0xf, 0xfe, 0x36, 0xc, 0x43, 0xff, 0x83, 0xe0,
    0xf4, 0x86, 0x98, 0x39, 0x83, 0xac, 0x34, 0x1d,
    0x56, 0x81, 0x40, 0xf0, 0x83, 0x41, 0x40, 0x79,
    0x54, 0x42, 0xd0, 0xda, 0x1f, 0xfc, 0x4, 0x3f,
    0xf8, 0x4c, 0x4, 0x3f, 0xa4, 0x10, 0x7f, 0xad,
    0xf, 0xf9, 0xa8,

    /* U+4EE4 "令" */
    0xf, 0xfe, 0x45, 0x3, 0xfe, 0x5c, 0x1f, 0xcd,
    0x39, 0xf, 0xa9, 0xa7, 0x40, 0xd6, 0x9f, 0x81,
    0xa1, 0x5f, 0xf5, 0x30, 0x48, 0x7e, 0x60, 0xaf,
    0xfc, 0x1d, 0x78, 0xfc, 0x1f, 0xfd, 0xc7, 0x43,
    0xfe, 0x78, 0x20,

    /* U+4EE5 "以" */
    0x6, 0x1e, 0xc3, 0xe9, 0xf, 0xfb, 0xa0, 0x7f,
    0x9d, 0xf, 0xfe, 0x6, 0x1f, 0xfc, 0x29, 0xf,
    0x9d, 0x1c, 0x3d, 0xd1, 0x8c, 0x27, 0x2d, 0x9d,
    0xc1, 0xda, 0x4e, 0x64, 0x48, 0x33, 0xb, 0x43,
    0xa8, 0x1d, 0x80,

    /* U+4EEA "仪" */
    0xc, 0x87, 0xff, 0x6, 0x4, 0x87, 0xfa, 0x28,
    0x8, 0x3a, 0x82, 0x2e, 0xe, 0x57, 0x89, 0x10,
    0xd8, 0x14, 0x15, 0x85, 0x86, 0x50, 0x48, 0x4e,
    0x17, 0x12, 0x1a, 0xc, 0xa9, 0x83, 0xfd, 0x28,
    0x3f, 0xed, 0x60, 0xfd, 0x74, 0xec, 0x3c, 0x9a,
    0xe, 0xc3, 0x6c, 0x1c, 0xe0,

    /* U+4EEC "们" */
    0x9, 0x60, 0xff, 0x7d, 0x1f, 0xc1, 0x3c, 0xaf,
    0xc1, 0xca, 0x90, 0xf9, 0x4, 0x87, 0xe8, 0x3f,
    0xe8, 0x3f, 0xf8, 0xc, 0x1f, 0xf6, 0x87, 0xff,
    0x8d, 0xf, 0xfa, 0x88,

    /* U+4EF0 "仰" */
    0xf, 0xfe, 0x24, 0x82, 0xf, 0xca, 0xb3, 0xf0,
    0x48, 0x1a, 0x16, 0x1a, 0x80, 0x40, 0x86, 0x44,
    0x3f, 0xd0, 0x7f, 0xcc, 0x1f, 0xf2, 0x83, 0xff,
    0x8d, 0x7, 0xe6, 0x30, 0x58, 0x7d, 0x71, 0x78,
    0x33, 0x21, 0xff, 0xc8,

    /* U+4EF6 "件" */
    0x9, 0x82, 0xd0, 0xfb, 0x4, 0x1f, 0xe7, 0x43,
    0xfc, 0x8e, 0xe5, 0xe0, 0xd0, 0x1b, 0x2f, 0x4,
    0x81, 0x60, 0xfd, 0x41, 0x83, 0xfa, 0x4b, 0xe2,
    0xf8, 0x8, 0x2f, 0x8b, 0xe0, 0xff, 0xf8, 0x61,
    0xb4, 0x30,

    /* U+4EFB "任" */
    0xc, 0x87, 0xff, 0x1, 0x83, 0x98, 0x3a, 0xaf,
    0xf0, 0x64, 0x6f, 0x14, 0x43, 0x41, 0xff, 0xc0,
    0x83, 0xff, 0x80, 0xa8, 0xb, 0x1a, 0xc3, 0xa5,
    0x61, 0xa9, 0xd, 0x7c, 0x5f, 0x21, 0xff, 0xe3,
    0xf8, 0xbc, 0x80,

    /* U+4EFD "份" */
    0xc, 0x87, 0xff, 0x6, 0x1b, 0xd0, 0x7a, 0x4a,
    0x79, 0xf, 0x32, 0x83, 0x21, 0xa0, 0x50, 0x2e,
    0xa, 0x4d, 0xfe, 0x70, 0xb3, 0xb2, 0xcf, 0x2,
    0xf, 0x21, 0xff, 0xc4, 0x43, 0xf2, 0x83, 0xff,
    0x81, 0xe0, 0xff, 0x91, 0x10, 0xfc, 0xf3, 0xd0,
    0x20,

    /* U+4EFF "仿" */
    0xc, 0x81, 0x41, 0xfd, 0x1, 0x90, 0xfa, 0x42,
    0xf0, 0x7c, 0xff, 0x3f, 0x20, 0x87, 0xc7, 0xf2,
    0x28, 0x3f, 0xf8, 0x14, 0xe, 0xfc, 0x16, 0x87,
    0x7c, 0x1f, 0xca, 0xf, 0xfe, 0x7, 0x80, 0x87,
    0xf2, 0x82, 0x43, 0xea, 0x5, 0x87, 0xc8, 0x9e,
    0x60, 0xed, 0x81, 0xf0, 0x40,

    /* U+4F01 "企" */
    0xf, 0x48, 0x7f, 0xf0, 0x18, 0x3f, 0xee, 0x60,
    0xfc, 0xf3, 0x30, 0x7a, 0xa4, 0x73, 0x40, 0xe6,
    0x8e, 0x55, 0x8f, 0x21, 0xe7, 0xc1, 0xb4, 0xf,
    0xc1, 0xfe, 0x7e, 0xf, 0xfe, 0xa7, 0x9b, 0x9f,
    0xc8, 0x3f, 0xfe, 0x40,

    /* U+4F0D "伍" */
    0xd, 0x7, 0xff, 0x1, 0x5f, 0xf8, 0x37, 0x7a,
    0x3f, 0x6, 0x50, 0x48, 0x7d, 0x6, 0xc3, 0xe5,
    0x2, 0xd5, 0xf0, 0x54, 0x5, 0x97, 0x83, 0x68,
    0x7f, 0xf1, 0xd1, 0xf, 0xfe, 0x82, 0x1e, 0xbc,
    0x7a, 0x74, 0x35, 0xff, 0x90,

    /* U+4F0E "伎" */
    0xf, 0xfe, 0x36, 0x16, 0x1f, 0x94, 0x1f, 0xfc,
    0xb, 0xc, 0x87, 0xf7, 0xc5, 0xe8, 0x2c, 0x7e,
    0x3e, 0x80, 0x87, 0xff, 0x6, 0x80, 0xf8, 0xf8,
    0x2d, 0x6, 0x7c, 0xa0, 0xfd, 0x40, 0x30, 0x7e,
    0x55, 0xc1, 0xfe, 0x91, 0xf, 0xcf, 0x47, 0x83,
    0xd5, 0x6d, 0x98, 0x6e, 0xd0, 0xd6, 0x0,

    /* U+4F0F "伏" */
    0xf, 0xfe, 0x34, 0x83, 0xf, 0xe5, 0x4, 0xe1,
    0xe9, 0xc, 0xd8, 0x73, 0x7, 0x30, 0x68, 0x1f,
    0x1e, 0xa0, 0x24, 0x1e, 0x81, 0xe8, 0x2c, 0x39,
    0xf, 0x41, 0xd8, 0xa0, 0xff, 0x37, 0x83, 0xf9,
    0x2, 0x83, 0xfa, 0x80, 0x70, 0xf3, 0xa8, 0x11,
    0x7, 0x6c, 0x1b, 0x0,

    /* U+4F10 "伐" */
    0xf, 0xfe, 0x36, 0xc, 0x43, 0xff, 0x83, 0xe0,
    0xf4, 0x86, 0xa8, 0x39, 0x82, 0x56, 0x21, 0x63,
    0xe2, 0xcd, 0x4, 0x7, 0xcd, 0x48, 0x6c, 0x3b,
    0x6, 0x14, 0x1d, 0xa7, 0x7, 0xf2, 0x6a, 0xf,
    0xe8, 0x10, 0x87, 0xbc, 0x62, 0x41, 0xeb, 0x8a,
    0x21, 0xf2, 0x13, 0x50,

    /* U+4F11 "休" */
    0xf, 0xfe, 0x36, 0x16, 0x1f, 0x90, 0xff, 0xe0,
    0xf0, 0x7f, 0xf0, 0x13, 0xe3, 0xf0, 0x50, 0xf8,
    0x2f, 0x80, 0xa0, 0xf9, 0xd, 0x40, 0x94, 0x50,
    0x36, 0x85, 0x41, 0x10, 0xfa, 0x42, 0xa0, 0x7a,
    0x60, 0x95, 0x87, 0x58, 0x75, 0x3, 0xff, 0x82,
    0x87, 0xff, 0xc,

    /* U+4F18 "优" */
    0xf, 0xfe, 0x36, 0x9, 0xf, 0xca, 0xd, 0xa1,
    0xef, 0x6, 0xe4, 0x39, 0x41, 0xd0, 0x74, 0x5e,
    0x6e, 0x98, 0x49, 0x78, 0xbf, 0x2, 0xf, 0x41,
    0xe6, 0xf, 0xfe, 0x6, 0x84, 0x87, 0xff, 0x7,
    0x43, 0xff, 0x80, 0xc1, 0x90, 0xf7, 0x7, 0x41,
    0xd4, 0x47, 0xe4, 0x37, 0x20, 0xbe, 0x80,

    /* U+4F19 "伙" */
    0xf, 0xfe, 0x36, 0x16, 0x1f, 0xfc, 0xaa, 0x10,
    0x65, 0x6, 0x58, 0x3b, 0xd, 0x3, 0xc1, 0x94,
    0x5, 0x1, 0x41, 0x48, 0x52, 0x8, 0x35, 0x2,
    0xe0, 0x22, 0x21, 0xff, 0x6c, 0x1f, 0xf3, 0x28,
    0x3f, 0xb8, 0xa2, 0x1f, 0x6a, 0x5, 0x10, 0xe5,
    0x41, 0x3e, 0xd, 0xb0, 0x7a, 0x0,

    /* U+4F1A "会" */
    0xf, 0xfe, 0x47, 0x7, 0xfd, 0xa, 0xf, 0xe9,
    0xf4, 0x87, 0xd3, 0x82, 0x88, 0x76, 0x9f, 0x45,
    0x85, 0xbf, 0xf9, 0xc1, 0xbf, 0xf9, 0xc2, 0xf8,
    0xbf, 0x83, 0xc8, 0x83, 0xf, 0xd6, 0x15, 0x87,
    0x78, 0xfd, 0x18, 0x6f, 0xfe, 0x80,

    /* U+4F1E "伞" */
    0xf, 0x90, 0xff, 0xe0, 0x78, 0x3f, 0xed, 0x50,
    0x7e, 0x76, 0xcc, 0x3d, 0x5c, 0xd3, 0x82, 0xd6,
    0xe, 0x56, 0xb, 0x20, 0xd7, 0xc0, 0x49, 0x40,
    0x94, 0x1f, 0x40, 0xf4, 0x1d, 0xf5, 0x15, 0x7d,
    0x3, 0xf9, 0xbf, 0x41, 0xff, 0xd1,

    /* U+4F1F "伟" */
    0xf, 0xfe, 0x24, 0x85, 0x87, 0xc8, 0x7f, 0xf0,
    0xbe, 0x3f, 0x1, 0x1f, 0x8f, 0xc0, 0x81, 0xf1,
    0xf0, 0x10, 0xbd, 0x1f, 0x2, 0x4b, 0xd1, 0xf2,
    0x50, 0xac, 0x51, 0xc4, 0x25, 0x85, 0x7, 0xff,
    0xb, 0xf, 0xe7, 0x50, 0x7f, 0x3e, 0xf, 0xfe,
    0x10,

    /* U+4F20 "传" */
    0xc, 0x85, 0x7, 0xce, 0x12, 0x1f, 0x7f, 0x1f,
    0x6, 0x57, 0x9b, 0xe0, 0x90, 0xca, 0xf, 0x47,
    0xc7, 0xe8, 0x81, 0xe6, 0xfd, 0x2b, 0x9, 0xbf,
    0xe, 0x19, 0xf8, 0x83, 0xe8, 0x12, 0x83, 0xeb,
    0xcc, 0x1f, 0xae, 0x30, 0xff, 0x3a, 0x83, 0x61,
    0xe9, 0x0,

    /* U+4F24 "伤" */
    0x9, 0x4, 0x1f, 0xd0, 0x10, 0xff, 0x93, 0xfa,
    0x2, 0x8e, 0xaf, 0xa0, 0x58, 0xb4, 0x1c, 0x83,
    0xbc, 0x7c, 0x91, 0xab, 0x9f, 0xc, 0x94, 0xf,
    0xd4, 0xe, 0xf0, 0x7f, 0xca, 0xf, 0xf4, 0x81,
    0xf, 0x95, 0xe, 0x87, 0xbc, 0x33, 0x0,

    /* U+4F26 "伦" */
    0xd, 0x5, 0x7, 0xe4, 0x32, 0x83, 0xef, 0x3,
    0xa0, 0x7c, 0xa2, 0x55, 0x87, 0x40, 0x98, 0x56,
    0x19, 0x26, 0xa, 0x70, 0x69, 0x70, 0x1e, 0x80,
    0xa0, 0x75, 0x31, 0x2, 0x1d, 0x98, 0x7f, 0xdc,
    0x1f, 0xfc, 0x5c, 0x3e, 0x7f, 0xa0, 0xfa, 0xfe,
    0x40,

    /* U+4F2F "伯" */
    0xc, 0x86, 0x43, 0xe8, 0x27, 0xf, 0x21, 0xac,
    0x3d, 0x43, 0xc5, 0xe0, 0x91, 0x7, 0xe0, 0xd0,
    0x7f, 0xda, 0x1f, 0xf5, 0x3, 0x7e, 0x9, 0xe,
    0xfc, 0x1f, 0xfd, 0x7f, 0xc1, 0xfd, 0xf8, 0x3b,
    0x6, 0x1b, 0x0,

    /* U+4F34 "伴" */
    0xd, 0x85, 0x21, 0xf2, 0x68, 0x66, 0xd, 0xbc,
    0x1a, 0x81, 0x98, 0x50, 0x24, 0x34, 0x16, 0x17,
    0x4, 0xa0, 0x5e, 0x6e, 0x41, 0x40, 0x7c, 0x3e,
    0x41, 0xa0, 0x5d, 0xa8, 0x3d, 0x7c, 0xdf, 0x21,
    0xaf, 0x9b, 0xe4, 0x3f, 0xfb, 0xc0,

    /* U+4F38 "伸" */
    0xd, 0x5, 0x87, 0xc8, 0x7f, 0xf0, 0x3f, 0x8f,
    0xa0, 0x94, 0x50, 0xa9, 0x4, 0x12, 0x85, 0x80,
    0xa0, 0xbc, 0x7c, 0xe, 0xb, 0xc5, 0xe0, 0x41,
    0xff, 0xc5, 0xf1, 0x78, 0x3c, 0xf8, 0xf9, 0xe,
    0x83, 0xd0, 0x7f, 0xf0, 0xd4, 0x1f, 0xc0,

    /* U+4F3A "伺" */
    0xd, 0x7, 0xff, 0x1, 0xbf, 0xe0, 0x95, 0x7f,
    0x83, 0x5f, 0xf2, 0x12, 0x35, 0xe4, 0x28, 0xb,
    0xe0, 0xb4, 0x2f, 0xc1, 0xb8, 0x37, 0x83, 0xff,
    0x99, 0xe0, 0xff, 0xbc, 0x1f, 0xe8, 0x10, 0x87,
    0xc8, 0x1e, 0x40,

    /* U+4F3C "似" */
    0xc, 0x87, 0xff, 0x1, 0xc3, 0xd8, 0x77, 0xce,
    0x87, 0xe5, 0x3, 0x83, 0xe8, 0x3a, 0x81, 0xca,
    0xe, 0x60, 0xea, 0x7, 0xff, 0x3, 0xf, 0x42,
    0x83, 0xf7, 0x81, 0x61, 0xf9, 0xe8, 0x21, 0xe6,
    0xc9, 0xb4, 0x39, 0x6c, 0xde, 0x43, 0xd5, 0x5,
    0xa0,

    /* U+4F4D "位" */
    0xf, 0xfe, 0x36, 0x16, 0x1f, 0x94, 0x1f, 0xfc,
    0xb, 0xf, 0xf9, 0x1f, 0x8f, 0xa0, 0xa0, 0x7f,
    0x54, 0x8, 0x36, 0x16, 0x19, 0x82, 0x60, 0x28,
    0x2d, 0xb, 0x43, 0xff, 0x80, 0x82, 0x43, 0xff,
    0x80, 0xc1, 0xfe, 0xd4, 0x1f, 0x9f, 0xa7, 0xe0,
    0xe7, 0xff, 0x0,

    /* U+4F4E "低" */
    0xc, 0x87, 0xff, 0x1, 0x82, 0x6f, 0x21, 0xba,
    0x7a, 0x6d, 0xc, 0xb5, 0xe1, 0xe, 0x83, 0xff,
    0x80, 0xa0, 0xaf, 0x1f, 0x2, 0x42, 0xbc, 0x7c,
    0xe, 0xf, 0x90, 0xff, 0xe0, 0x38, 0x7f, 0xce,
    0x87, 0xc9, 0x79, 0x4, 0x86, 0x55, 0xc3, 0x21,
    0xe6, 0xf3, 0xa,

    /* U+4F50 "佐" */
    0xd, 0x4, 0x87, 0xe4, 0x27, 0xf, 0xd6, 0x1f,
    0xfc, 0x2f, 0x4f, 0xe0, 0xa1, 0xf1, 0x7e, 0x9,
    0xe, 0x43, 0xd8, 0x68, 0x3f, 0x50, 0x24, 0xfc,
    0x81, 0xb, 0x7c, 0x79, 0xe, 0x88, 0x3f, 0xeb,
    0xf, 0xfe, 0x3, 0xf8, 0xf9, 0xc, 0xff, 0xe4,

    /* U+4F53 "体" */
    0xf, 0xfe, 0x34, 0x16, 0x1f, 0x94, 0x1f, 0xfc,
    0xd, 0xf, 0xfe, 0x2, 0x7c, 0x7e, 0xa, 0x2f,
    0x5, 0x78, 0x24, 0x24, 0xe, 0x1b, 0x42, 0x93,
    0x43, 0x50, 0x9, 0xa, 0x82, 0x40, 0xd0, 0x29,
    0x83, 0xba, 0x67, 0x96, 0xd, 0x3e, 0x2e, 0xd0,
    0xfe, 0x43, 0xff, 0x93, 0x86, 0xc3, 0x80,

    /* U+4F55 "何" */
    0xf, 0xfe, 0x36, 0x1f, 0xfc, 0x4, 0xff, 0xc8,
    0x54, 0xff, 0x1a, 0x4, 0x43, 0xfe, 0x80, 0xfd,
    0x7, 0x41, 0x9e, 0x43, 0x2a, 0xf, 0xf9, 0xd0,
    0xff, 0xe2, 0xbc, 0x1f, 0xf3, 0xc1, 0xfe, 0x61,
    0xc3, 0xff, 0x82, 0xa0, 0xff, 0xe0, 0x7a, 0x0,

    /* U+4F59 "余" */
    0xf, 0xfe, 0x43, 0x87, 0xfc, 0xc2, 0x1f, 0xd4,
    0xf5, 0x3, 0xce, 0x60, 0xcd, 0xb, 0xa3, 0xf9,
    0x56, 0xf, 0x3e, 0x57, 0xaf, 0x7, 0xd8, 0x7f,
    0x7e, 0x9f, 0xc1, 0xbd, 0x73, 0xde, 0xe, 0x60,
    0xd6, 0x1d, 0x4c, 0x36, 0xe1, 0x46, 0xc, 0x2a,
    0x60, 0xa0, 0x37, 0x9, 0xc0,

    /* U+4F5B "佛" */
    0xf, 0xfe, 0x2e, 0xc, 0xd0, 0xe4, 0x3f, 0xf8,
    0x1b, 0x66, 0x5e, 0x9, 0xa6, 0x65, 0x85, 0x7,
    0xfc, 0xa0, 0x78, 0xcb, 0x4, 0x85, 0x99, 0x78,
    0xe0, 0xb3, 0x2e, 0xf, 0x46, 0x58, 0x7b, 0xf,
    0xfe, 0xd, 0x1, 0xe0, 0xf6, 0xa0, 0x7a, 0xc,
    0xa8, 0x3c,

    /* U+4F5C "作" */
    0xc, 0x82, 0xf, 0xe6, 0x10, 0xff, 0x71, 0xe0,
    0xfe, 0x50, 0xdf, 0xc1, 0x40, 0x81, 0xfc, 0x5,
    0x1, 0x85, 0xc1, 0x50, 0x94, 0x57, 0x3, 0x4a,
    0x3, 0xf4, 0x1f, 0xdf, 0xc1, 0xfd, 0xfc, 0x1f,
    0xfd, 0xf0,

    /* U+4F63 "佣" */
    0x9, 0xf, 0xfe, 0x5, 0x3f, 0xe0, 0xe8, 0xf1,
    0xe0, 0xd2, 0x1f, 0xf3, 0x83, 0xc7, 0x82, 0x83,
    0x78, 0xf0, 0x14, 0x1f, 0xf3, 0x86, 0xf1, 0xe0,
    0xfd, 0xc7, 0x83, 0xc8, 0x10, 0xff, 0x21, 0xff,
    0x50, 0x3f, 0xda, 0x16, 0xe8, 0x5d, 0x3, 0x3c,
    0x0,

    /* U+4F73 "佳" */
    0xf, 0xfe, 0x26, 0x81, 0xc3, 0xf2, 0xc0, 0x50,
    0x69, 0x2a, 0x2a, 0x2, 0xa3, 0xd1, 0xe8, 0x10,
    0x16, 0xc5, 0x89, 0x7, 0xc3, 0xf3, 0x40, 0x56,
    0x2a, 0x43, 0xa9, 0xb5, 0x7, 0xbc, 0x9e, 0x83,
    0xca, 0xc5, 0x7, 0xff, 0x19, 0xfa, 0x3f, 0x0,

    /* U+4F7F "使" */
    0xd, 0x5, 0x87, 0xf2, 0xf0, 0xb8, 0x3b, 0x2a,
    0x2b, 0x21, 0x9f, 0xc5, 0xf2, 0x14, 0xf, 0x8b,
    0xe0, 0xc8, 0x5e, 0x3e, 0xd, 0x21, 0xe4, 0x43,
    0x70, 0x5e, 0x2e, 0xc, 0x85, 0x4c, 0xfc, 0x1f,
    0x34, 0xf, 0xfe, 0xc, 0xa0, 0xff, 0xaa, 0x3d,
    0x28, 0x39, 0x36, 0xfe, 0x0,

    /* U+4F83 "侃" */
    0xc, 0x87, 0xff, 0x1, 0xff, 0xc8, 0x6b, 0x3f,
    0x83, 0xe4, 0x3f, 0xe8, 0x2f, 0xe0, 0xe4, 0x1f,
    0xf2, 0xc, 0x25, 0x10, 0x20, 0xa8, 0xf, 0x8,
    0x10, 0x90, 0xff, 0xe3, 0x61, 0xff, 0xc0, 0x43,
    0xec, 0x34, 0x21, 0xdc, 0x1d, 0x87, 0x79,

    /* U+4F8B "例" */
    0xf, 0xfe, 0x23, 0x7, 0xd8, 0x59, 0xf9, 0xf,
    0x36, 0x79, 0xc3, 0xff, 0x8b, 0x1, 0x3c, 0x87,
    0x20, 0xec, 0x3d, 0xa0, 0x42, 0x43, 0x50, 0x9f,
    0x7, 0x90, 0x74, 0x10, 0xfc, 0x85, 0x7, 0xfb,
    0x41, 0x87, 0xdb, 0x4, 0x87, 0x2a, 0xa, 0x88,
    0x5b, 0x6, 0xb8,

    /* U+4F8D "侍" */
    0xd, 0x5, 0x87, 0xe4, 0x3f, 0xf8, 0x37, 0xe3,
    0xe0, 0xf3, 0xf1, 0x78, 0x34, 0x1f, 0xfc, 0x5,
    0xf, 0xc5, 0xf0, 0x24, 0x7f, 0x8f, 0x3, 0x8b,
    0xf8, 0xf0, 0x75, 0xbf, 0x1e, 0xf, 0x98, 0x3f,
    0xf8, 0x1a, 0x83, 0xff, 0x81, 0xa8, 0x3f, 0xf8,
    0xc, 0x84,

    /* U+4F9D "依" */
    0xf, 0xfe, 0x36, 0x16, 0x87, 0xc8, 0x7f, 0xf0,
    0x74, 0x3f, 0xf8, 0x9, 0xf1, 0x7c, 0x14, 0x5e,
    0x3b, 0xe0, 0x90, 0xa4, 0x85, 0x3, 0x9, 0x50,
    0x28, 0x82, 0x83, 0x4, 0xac, 0x25, 0x3, 0xb,
    0x43, 0xe4, 0x32, 0x83, 0xfe, 0x5a, 0xf, 0x93,
    0xc4, 0xc1, 0xee, 0xe4, 0xc0,

    /* U+4FA0 "侠" */
    0xf, 0xfe, 0x2e, 0x14, 0x87, 0xff, 0x25, 0x6f,
    0x37, 0xc1, 0xbc, 0xf9, 0x5f, 0x6, 0x4a, 0x3,
    0x28, 0x14, 0x9, 0x40, 0x54, 0x5, 0x5, 0x21,
    0x41, 0xa0, 0x76, 0xd5, 0xc2, 0x81, 0xf1, 0x3e,
    0x83, 0xe4, 0x50, 0x7f, 0xa8, 0x58, 0x7c, 0xf2,
    0x2b, 0xf, 0x51, 0xa, 0x98, 0x5b, 0xa1, 0xce,
    0x0,

    /* U+4FA6 "侦" */
    0xf, 0xfe, 0x2b, 0x5, 0x87, 0xec, 0x3f, 0xf8,
    0x2e, 0x1b, 0xf0, 0x72, 0x1b, 0xf0, 0x50, 0x3e,
    0x3e, 0xc, 0x85, 0xeb, 0xc1, 0xb0, 0xf4, 0x87,
    0x30, 0x7f, 0xf0, 0x20, 0xff, 0xe9, 0xe4, 0xfa,
    0xf, 0x9d, 0xac, 0x87, 0x34, 0xc0, 0xf0, 0x4e,
    0xe8, 0x76, 0x0,

    /* U+4FA7 "侧" */
    0xf, 0xfe, 0x24, 0x1f, 0x61, 0x27, 0xe4, 0x3d,
    0x67, 0x92, 0xf, 0x20, 0xc0, 0x86, 0x83, 0xff,
    0x80, 0x87, 0xfc, 0xa0, 0xff, 0x98, 0x3f, 0xf8,
    0x8a, 0xf, 0xf7, 0x8d, 0xc3, 0xf3, 0xc8, 0x7e,
    0xd5, 0xc1, 0xf2, 0xa0, 0x4e, 0x85, 0xb0, 0x4a,
    0xe0,

    /* U+4FAE "侮" */
    0x9, 0x44, 0x1f, 0xe8, 0xf, 0xf4, 0x12, 0x35,
    0xf8, 0x2e, 0x5f, 0xc1, 0x28, 0x9f, 0xf0, 0x50,
    0xe5, 0x9e, 0xa, 0x43, 0xff, 0x81, 0x42, 0xdb,
    0x3c, 0x61, 0xac, 0xf1, 0xce, 0x1f, 0x94, 0x1f,
    0xc9, 0xcf, 0x28, 0x39, 0xbf, 0x12, 0x1e, 0x41,
    0xe5, 0x6, 0xc3, 0xbd, 0x4,

    /* U+4FAF "侯" */
    0xc, 0x87, 0xff, 0x1, 0x8f, 0xe8, 0x3b, 0x8f,
    0xd0, 0x79, 0x3f, 0xa7, 0xa, 0x1d, 0x5f, 0xc0,
    0x50, 0x4a, 0xfc, 0x14, 0x82, 0x74, 0xf0, 0x5c,
    0x6, 0x34, 0x3f, 0x27, 0xa7, 0xe0, 0xe7, 0xe0,
    0x3e, 0xf, 0xd3, 0xa8, 0x3e, 0x72, 0x2a, 0xe,
    0xbd, 0x1, 0xc4,

    /* U+4FB5 "侵" */
    0x9, 0xf, 0xfe, 0xc, 0x7f, 0xc1, 0x94, 0x57,
    0x21, 0xde, 0x7, 0xe0, 0xe5, 0xc, 0xbc, 0x1a,
    0x3, 0x5e, 0xc0, 0xa0, 0x57, 0xda, 0x30, 0x15,
    0x5c, 0x87, 0x95, 0x5d, 0x87, 0xac, 0xb5, 0xc1,
    0xf7, 0x64, 0x1f, 0x98, 0x54, 0x87, 0xaf, 0xac,
    0xe0,

    /* U+4FBF "便" */
    0xc, 0x87, 0xff, 0x1, 0xbf, 0xf0, 0x6a, 0x7c,
    0x7e, 0xe, 0x7e, 0x3e, 0xd, 0x5, 0xe3, 0xc1,
    0x94, 0x17, 0x8f, 0x6, 0x90, 0xbc, 0x78, 0x37,
    0x82, 0xf1, 0xe0, 0xfd, 0x78, 0xf8, 0x3e, 0xe4,
    0x3f, 0xe9, 0x90, 0xfe, 0x62, 0x39, 0x41, 0xd9,
    0xb7, 0xe0,

    /* U+4FC3 "促" */
    0xa, 0xf, 0xfe, 0xa, 0x7f, 0xc1, 0x94, 0xf,
    0xe0, 0xeb, 0xf, 0xf9, 0xd, 0xfc, 0x1a, 0xa,
    0xa2, 0x98, 0x20, 0xe5, 0xa, 0xb, 0xc1, 0x41,
    0xf9, 0xf, 0xdf, 0x21, 0xfe, 0xf9, 0xe, 0x8e,
    0xf, 0xf3, 0x60, 0xfc, 0x1c, 0xa2, 0xfe, 0x0,

    /* U+4FC4 "俄" */
    0xf, 0xfe, 0x2c, 0x12, 0xb0, 0xf9, 0x1e, 0x5,
    0x3, 0x2a, 0x86, 0x92, 0x82, 0xbb, 0xe, 0xb0,
    0x20, 0x50, 0xa1, 0x30, 0x40, 0xa1, 0x42, 0xa1,
    0x43, 0xe3, 0xc7, 0x63, 0x7, 0x50, 0x60, 0xe5,
    0x67, 0x32, 0x1e, 0xe1, 0x32, 0xe, 0x64, 0x28,
    0x12, 0x1f, 0x3c, 0xca, 0xd, 0x6a, 0xd9, 0x40,

    /* U+4FCA "俊" */
    0xc, 0x85, 0x7, 0xf4, 0x8, 0x8, 0x7a, 0x45,
    0x40, 0xd0, 0xcd, 0x47, 0xa2, 0xb, 0x5, 0x1f,
    0x1a, 0x8, 0x26, 0x81, 0x4a, 0x4, 0xf, 0x92,
    0xe4, 0x90, 0x49, 0x74, 0x43, 0xe8, 0xb6, 0xf,
    0xbb, 0xa2, 0x83, 0xed, 0x3, 0x7, 0xcd, 0xea,
    0xb4, 0x3e, 0xb5, 0x76, 0x0,

    /* U+4FD0 "俐" */
    0xf, 0xfe, 0x2b, 0x4, 0xa0, 0x61, 0xb6, 0x9c,
    0x87, 0xcc, 0x16, 0x61, 0xf3, 0x40, 0xfe, 0x87,
    0xc7, 0x7, 0x28, 0x74, 0xe0, 0xe9, 0x9, 0x30,
    0xf7, 0x1, 0x3, 0x7, 0xf5, 0x8, 0x3f, 0xb9,
    0x4, 0x1f, 0xb4, 0x36, 0x1f, 0xfc, 0xfb, 0x40,

    /* U+4FD7 "俗" */
    0xd, 0x1, 0x4, 0x1f, 0x20, 0x83, 0x41, 0xeb,
    0x5e, 0x88, 0x32, 0xb, 0x2c, 0x94, 0x14, 0x39,
    0x2c, 0x68, 0x34, 0x28, 0xb9, 0xd, 0x40, 0x64,
    0xe, 0x81, 0x20, 0xd5, 0xf8, 0x10, 0x77, 0x1f,
    0x45, 0x3, 0xfe, 0x43, 0xff, 0x9d, 0xf8, 0x3f,
    0xef, 0xc1, 0x80,

    /* U+4FD8 "俘" */
    0xa, 0xf, 0x30, 0x73, 0x7e, 0xb8, 0x32, 0xa3,
    0x68, 0xa0, 0xd6, 0xa3, 0x8e, 0x9, 0x5, 0x4,
    0x24, 0x28, 0x1f, 0x8f, 0x4, 0xc1, 0x7e, 0x48,
    0xa, 0xf, 0x66, 0x1f, 0x7e, 0x1f, 0x83, 0xbf,
    0x1f, 0x83, 0xff, 0xaf, 0xe4, 0x38,

    /* U+4FDD "保" */
    0xc, 0x87, 0xff, 0x1, 0xff, 0xc1, 0xde, 0x3f,
    0x83, 0xca, 0xf, 0xfa, 0x9, 0x78, 0x39, 0x3,
    0x5c, 0x85, 0xa0, 0xbc, 0x7a, 0xa, 0x85, 0xf1,
    0xf8, 0x8, 0x2f, 0x4, 0xf8, 0x3e, 0xe2, 0x50,
    0x7d, 0xa8, 0x68, 0x87, 0x54, 0x13, 0xc8, 0x69,
    0xf, 0x68,

    /* U+4FE1 "信" */
    0xf, 0xfe, 0x2b, 0x7f, 0xc1, 0xd9, 0xff, 0x7,
    0x3a, 0xfe, 0x9, 0x5, 0x7e, 0xa, 0x1f, 0xfc,
    0x8, 0x2b, 0xfc, 0x12, 0x81, 0x7f, 0x82, 0xe0,
    0x5f, 0xe0, 0xfa, 0xff, 0x7, 0xd7, 0xf8, 0x3f,
    0x5f, 0x83, 0xfa, 0xfc, 0x1f, 0xd7, 0xe0, 0x80,

    /* U+4FE9 "俩" */
    0x9, 0xf, 0xfe, 0x5, 0xff, 0xa0, 0x2b, 0xcd,
    0x9e, 0x81, 0x61, 0x60, 0x43, 0x9f, 0x2b, 0x2c,
    0x10, 0x59, 0x43, 0x2, 0x82, 0x48, 0x3d, 0x5,
    0x8c, 0x40, 0x50, 0x4d, 0xd, 0xf, 0x95, 0x26,
    0x1f, 0x43, 0x7, 0xfd, 0x87, 0xff, 0xf, 0x40,

    /* U+4FEE "修" */
    0x9, 0x9, 0xf, 0xe8, 0x2a, 0x2c, 0x19, 0x40,
    0x47, 0xa2, 0x15, 0xe2, 0x18, 0xd0, 0x21, 0x46,
    0xf0, 0x68, 0x2b, 0x43, 0xca, 0xa, 0xf5, 0x3d,
    0xc, 0x15, 0xe8, 0xf8, 0x3e, 0xf5, 0x31, 0xf,
    0xb2, 0x7c, 0x1c, 0xa3, 0x32, 0xc3, 0xd1, 0xf1,
    0x87, 0xf7, 0xd0, 0x7b, 0xb, 0x83, 0xc0,

    /* U+4FEF "俯" */
    0xf, 0xfe, 0x26, 0x1b, 0xf, 0xfe, 0xa, 0x1d,
    0x3f, 0x8b, 0xd0, 0x1c, 0xba, 0x78, 0x84, 0x42,
    0x83, 0xd0, 0x64, 0xf8, 0xd4, 0x17, 0x1f, 0x1b,
    0x4, 0xa3, 0x43, 0xf7, 0x14, 0xf, 0xfe, 0x4,
    0x1f, 0xfc, 0x4, 0x3c, 0xa0, 0xe4, 0x3b, 0xc1,
    0xa8, 0x80,

    /* U+4FF1 "俱" */
    0xc, 0x87, 0xff, 0x1, 0xdf, 0xf0, 0x75, 0x83,
    0xf0, 0x72, 0x20, 0xfc, 0x1d, 0x6, 0xfc, 0x1a,
    0xe, 0xfc, 0x19, 0x83, 0x7e, 0xd, 0x87, 0x7e,
    0xf, 0xf7, 0xe0, 0xfb, 0x8f, 0xc6, 0x86, 0xf9,
    0xe7, 0xc8, 0x73, 0x81, 0xf2, 0x1c, 0xf4, 0x3,
    0xc1, 0x3b, 0x21, 0xd8,

    /* U+500D "倍" */
    0xd, 0x5, 0x87, 0xe4, 0x3f, 0xf8, 0x37, 0xe3,
    0xe4, 0x39, 0xdf, 0x99, 0xa, 0xd, 0x81, 0x41,
    0x90, 0xa0, 0x48, 0x6d, 0x2f, 0x1a, 0xbc, 0x94,
    0x2f, 0xfc, 0x88, 0x4f, 0xf8, 0x3f, 0x3f, 0x83,
    0xff, 0x96, 0xfe, 0xf, 0xf7, 0xe0, 0x80,

    /* U+5012 "倒" */
    0xf, 0xfe, 0x23, 0x7, 0xd8, 0x5b, 0xfa, 0xf,
    0x36, 0x7a, 0xc3, 0xcc, 0xc8, 0x7a, 0x3, 0xe8,
    0x39, 0x46, 0x59, 0x6, 0xd3, 0xcd, 0xe0, 0xd6,
    0x5, 0x4a, 0xf, 0xd8, 0x30, 0xfe, 0x8a, 0x10,
    0x7f, 0x5c, 0x87, 0xac, 0x14, 0x10, 0xeb, 0xd2,
    0x54,

    /* U+5014 "倔" */
    0x9, 0xf, 0xfe, 0x5, 0xff, 0x82, 0x51, 0xfe,
    0xd, 0xe3, 0xfc, 0x19, 0x45, 0xf5, 0xe0, 0x61,
    0x28, 0x10, 0x4a, 0x9, 0x83, 0x63, 0x7, 0x28,
    0x43, 0xf3, 0xc6, 0x87, 0xeb, 0x2d, 0x9, 0x2,
    0x1b, 0xc1, 0x61, 0x78, 0xd0, 0xe8, 0x1f, 0x90,

    /* U+5019 "候" */
    0xa, 0xf, 0xfe, 0xa, 0xf, 0xe8, 0x34, 0x83,
    0xf4, 0x1c, 0xf9, 0xae, 0x60, 0x22, 0x39, 0xea,
    0x60, 0x83, 0x9f, 0xc8, 0xa0, 0xd2, 0x3e, 0x3,
    0x4, 0xab, 0x58, 0x3f, 0x3c, 0xfc, 0x1e, 0x7c,
    0x2b, 0xc1, 0xc8, 0x26, 0x43, 0xe8, 0xd8, 0xb4,
    0x3d, 0xb8, 0x1a, 0x5, 0x83, 0x83, 0x38,

    /* U+501F "借" */
    0xf, 0xfe, 0x36, 0xc, 0x18, 0x7f, 0xf2, 0x27,
    0xc7, 0x8e, 0xc, 0xfa, 0x3c, 0x70, 0x50, 0x87,
    0xfc, 0x8f, 0x1e, 0x3d, 0x1a, 0x3f, 0xfa, 0x38,
    0x2f, 0xf0, 0x7f, 0x7e, 0xf, 0xf7, 0xe0, 0xff,
    0x7e, 0xf, 0xf7, 0xe0, 0xff, 0x7e, 0x8,

    /* U+5026 "倦" */
    0xa, 0x9, 0x84, 0x3c, 0x9a, 0x14, 0x1c, 0xa3,
    0xe1, 0x83, 0xae, 0xd6, 0xa6, 0x12, 0x37, 0x88,
    0xf0, 0x18, 0x7e, 0x23, 0xd0, 0xc0, 0xe3, 0xd1,
    0xc0, 0x45, 0x47, 0xa3, 0xe, 0xa7, 0xe5, 0x58,
    0x6b, 0x3e, 0x47, 0xf, 0xdf, 0x50, 0x3f, 0xf8,
    0x28, 0x7e, 0x7f, 0x40,

    /* U+502A "倪" */
    0xc, 0x81, 0xf, 0xe6, 0x79, 0xf8, 0x3b, 0x69,
    0xbe, 0xf, 0x30, 0x87, 0xf4, 0x17, 0x9f, 0x6,
    0x50, 0x5e, 0x7c, 0x1b, 0x82, 0xfe, 0xd, 0x20,
    0xf1, 0x96, 0x1f, 0xfc, 0x4, 0x3f, 0x90, 0xe8,
    0x3e, 0x90, 0xc8, 0x73, 0x90, 0xf9, 0xe, 0xdc,
    0x17, 0xa0, 0xdd, 0x3, 0xf0,

    /* U+503A "债" */
    0xf, 0xfe, 0x24, 0x13, 0x7, 0xca, 0xa9, 0xa8,
    0x24, 0x32, 0x1f, 0x72, 0xe1, 0x58, 0x48, 0xd1,
    0x28, 0x14, 0xf, 0x87, 0xe5, 0x81, 0xaf, 0xb5,
    0x61, 0x3d, 0x34, 0x3f, 0xbc, 0x1f, 0xfc, 0xc,
    0x3f, 0x3a, 0xbb, 0xf, 0x3d, 0x44, 0x1e, 0x8d,
    0x2a, 0xb, 0x78, 0x33, 0x80,

    /* U+503C "值" */
    0xa, 0xd, 0x87, 0xcf, 0x51, 0x52, 0x5, 0x5e,
    0x7, 0xc8, 0x2d, 0x61, 0x70, 0x11, 0x3c, 0xaf,
    0x40, 0x83, 0x56, 0x40, 0xa0, 0xff, 0x98, 0x35,
    0x64, 0x3f, 0x7e, 0x83, 0xf7, 0xe8, 0x3f, 0x7e,
    0x83, 0x9c, 0xfd, 0x38, 0x4f, 0xff, 0x0,

    /* U+503E "倾" */
    0x9, 0xf, 0xfe, 0xc, 0xf, 0xf4, 0x12, 0xc7,
    0xa3, 0xd0, 0x57, 0x3, 0x8f, 0x7, 0x21, 0xb7,
    0xd, 0x5, 0xc0, 0x43, 0x28, 0x2e, 0xf, 0x9c,
    0x3f, 0xf8, 0xc8, 0x7f, 0xf0, 0x30, 0x48, 0x87,
    0xad, 0x9f, 0x83, 0xca, 0xa6, 0xf4, 0xf, 0x7c,
    0x16, 0x0,

    /* U+5047 "假" */
    0x9, 0x41, 0xff, 0xc0, 0xfe, 0x7f, 0x6, 0x77,
    0x7, 0xa0, 0xc8, 0x7f, 0xf0, 0x70, 0x39, 0xf4,
    0x81, 0x41, 0x7a, 0xfa, 0x4, 0x87, 0x3f, 0x40,
    0xf0, 0x5e, 0x4, 0x87, 0xcf, 0x95, 0xb0, 0x79,
    0xf3, 0x21, 0xfd, 0xe5, 0x7, 0xf2, 0xa, 0x6e,
    0x1f, 0x93, 0x26, 0x3, 0xb0, 0xc1, 0x50,

    /* U+504F "偏" */
    0xf, 0xfe, 0x27, 0xff, 0x41, 0xbf, 0xf4, 0x9,
    0xf, 0xf9, 0xff, 0xe0, 0x22, 0x5f, 0xc1, 0x41,
    0x5f, 0xc0, 0x43, 0x57, 0xc3, 0x85, 0xd7, 0x90,
    0xf2, 0xe8, 0x3e, 0xd7, 0x41, 0xc8, 0x17, 0x41,
    0xd8, 0x7f, 0xf0, 0x38, 0x15, 0x62,

    /* U+505A "做" */
    0xf, 0xfe, 0x2b, 0x18, 0x58, 0x7b, 0xf, 0xfe,
    0xb, 0x81, 0x14, 0x1c, 0x9e, 0x2e, 0x7c, 0x82,
    0x2c, 0xe2, 0x82, 0x21, 0xe8, 0x24, 0x1c, 0x39,
    0xb7, 0xc0, 0x90, 0xa8, 0x5, 0x7, 0xca, 0x2,
    0x4, 0x3f, 0xf8, 0x8, 0x7c, 0xf0, 0x88, 0x7c,
    0xf8, 0xa3, 0x87, 0x30, 0x53, 0x28, 0x2c, 0x34,
    0x82, 0x40,

    /* U+505C "停" */
    0xf, 0xfe, 0x34, 0x14, 0x87, 0xd3, 0xf3, 0x7c,
    0x19, 0xaf, 0xe0, 0x91, 0x55, 0xda, 0x14, 0x1b,
    0xe8, 0x32, 0x1d, 0xf4, 0x1a, 0x83, 0x2f, 0x10,
    0x34, 0xcf, 0xf2, 0x83, 0x65, 0x79, 0x41, 0x9b,
    0xca, 0xf4, 0x1f, 0xfd, 0x8d, 0xc3, 0xec, 0x2f,
    0x21, 0x80,

    /* U+5065 "健" */
    0xf, 0xfe, 0x2e, 0x1d, 0x87, 0xe5, 0x16, 0x78,
    0x34, 0xf5, 0x8c, 0x39, 0xa0, 0x38, 0xcc, 0x8,
    0x12, 0xf1, 0x98, 0x21, 0x95, 0xe3, 0x9, 0x80,
    0xaf, 0x47, 0x80, 0xa0, 0xa3, 0x8f, 0x21, 0x95,
    0xf8, 0xf2, 0x1c, 0xaf, 0x8f, 0x83, 0xb3, 0xe7,
    0xe0, 0xcd, 0xf9, 0xf8, 0x37, 0x17, 0xf8, 0x2e,
    0x43, 0xf8,

    /* U+5076 "偶" */
    0xc, 0x87, 0xfc, 0xef, 0xf8, 0x35, 0x83, 0x2c,
    0x32, 0x20, 0xcb, 0xd, 0x6, 0xcb, 0xa, 0xe,
    0xcb, 0xd, 0x1, 0xa1, 0x50, 0x24, 0x1d, 0xa,
    0xc1, 0xeb, 0x15, 0x21, 0xe4, 0x24, 0x3f, 0x38,
    0x58, 0x7c, 0xfa, 0x98, 0x7f, 0xdd, 0x0,

    /* U+5077 "偷" */
    0xf, 0xfe, 0x2b, 0x2, 0x81, 0xfb, 0xc2, 0xe0,
    0xf9, 0x6a, 0x72, 0x1d, 0x34, 0x2c, 0xa0, 0x65,
    0xaf, 0xe3, 0x6, 0x7d, 0x40, 0x9c, 0x8, 0x4e,
    0x38, 0x74, 0x1a, 0x43, 0xff, 0x81, 0x21, 0xff,
    0xc0, 0xd0, 0xff, 0xe0, 0x68, 0x7f, 0xf0, 0x10,
    0x61, 0xfe, 0xd5, 0x61, 0x0,

    /* U+507F "偿" */
    0xf, 0xfe, 0x26, 0x14, 0x87, 0xeb, 0xd, 0x86,
    0x54, 0x20, 0x90, 0xd6, 0x41, 0xa0, 0xf7, 0x46,
    0x7c, 0x8, 0xf, 0xf8, 0x24, 0x7f, 0xd4, 0x24,
    0xf, 0xf4, 0x94, 0x2f, 0xfc, 0x85, 0x78, 0xf5,
    0xe4, 0x3a, 0x42, 0xc3, 0xca, 0x2e, 0x20, 0xfd,
    0xf8, 0x0,

    /* U+50A8 "储" */
    0xf, 0xfe, 0x26, 0x1b, 0xf, 0x28, 0x3f, 0xec,
    0x83, 0xda, 0x6, 0x29, 0x9c, 0xa1, 0x5, 0xd9,
    0x30, 0x22, 0x9f, 0x11, 0xc8, 0x37, 0xe2, 0xf4,
    0xe2, 0x87, 0x2e, 0xf, 0x59, 0xe8, 0x3e, 0xb3,
    0xd0, 0x79, 0x81, 0xe8, 0x3c, 0xc9, 0xe8, 0x3d,
    0x20, 0xf4, 0x0,

    /* U+50B2 "傲" */
    0xa, 0x6, 0x6, 0xf, 0x21, 0xd8, 0x79, 0x5e,
    0x39, 0xf, 0x5f, 0x1c, 0x3e, 0x2, 0x7c, 0x78,
    0xc8, 0x11, 0x7a, 0xc3, 0x22, 0x19, 0x84, 0x42,
    0x71, 0xe3, 0x1c, 0x3c, 0xe7, 0xad, 0x41, 0xfb,
    0xca, 0x30, 0xf2, 0xb4, 0x48, 0x3d, 0x62, 0x50,
    0x83, 0x50, 0xce, 0x74,

    /* U+50CF "像" */
    0x9, 0x44, 0x1f, 0xe8, 0x57, 0xe0, 0xf9, 0xa7,
    0x94, 0x1d, 0xb9, 0x79, 0x58, 0x49, 0xc7, 0x8f,
    0x6, 0x80, 0x9e, 0x3c, 0x1a, 0xb, 0x46, 0x60,
    0x90, 0x58, 0xa1, 0x90, 0xea, 0xa, 0xcd, 0xe,
    0xee, 0x46, 0xf, 0x75, 0x24, 0xa0, 0xdf, 0x5e,
    0x7, 0x6, 0xf4, 0xf4, 0x6, 0x16, 0x85, 0xe0,
    0xe0,

    /* U+50F5 "僵" */
    0x9, 0xf, 0xfe, 0xd, 0xff, 0xc1, 0x2c, 0x1f,
    0x61, 0x58, 0x14, 0x28, 0x32, 0x21, 0xff, 0x41,
    0x94, 0x28, 0x32, 0x28, 0x3e, 0x81, 0xa, 0xf,
    0xa0, 0xf2, 0xc2, 0x83, 0xf2, 0x1f, 0xfc, 0x25,
    0xa, 0xf, 0xaf, 0xf8, 0x3a, 0xff, 0xe0,

    /* U+5112 "儒" */
    0xc, 0x87, 0xff, 0x2, 0xff, 0xe0, 0xcf, 0x50,
    0x2a, 0x9, 0x5, 0xe0, 0x7a, 0xa, 0x2, 0xc0,
    0x58, 0x8, 0x11, 0x7d, 0x2, 0x41, 0xf1, 0xf0,
    0x5e, 0x3a, 0x9a, 0xb8, 0x37, 0xe2, 0xfa, 0xe,
    0xf8, 0xbe, 0xf, 0xb3, 0x9c, 0x3f, 0xf8, 0xa,
    0xf, 0xe8, 0x68, 0x80,

    /* U+513F "儿" */
    0xe, 0xc1, 0xa1, 0xff, 0xff, 0xf, 0xfe, 0x2a,
    0x1f, 0xfc, 0x1d, 0xf, 0xfe, 0x3, 0x87, 0xfc,
    0x88, 0x7b, 0x9, 0xb0, 0xd8, 0x85, 0xd8, 0x69,
    0xe8, 0xb, 0xe, 0x7e, 0x40,

    /* U+5143 "元" */
    0x7, 0xfe, 0x43, 0x7f, 0xe4, 0x3f, 0xfa, 0x3f,
    0xfe, 0x41, 0xf1, 0xe3, 0xe4, 0x3f, 0xf8, 0xa8,
    0x7f, 0xf0, 0x24, 0x3d, 0x85, 0x90, 0x7e, 0x73,
    0x9, 0xfa, 0x5, 0x86, 0xbe, 0x40,

    /* U+5144 "兄" */
    0x7, 0xfe, 0xe, 0xff, 0x7, 0xff, 0x49, 0xf,
    0xfa, 0xfe, 0xe, 0xf1, 0xe3, 0xc1, 0xff, 0xc5,
    0x50, 0x7a, 0x3, 0x40, 0xe4, 0x7a, 0x6, 0xf5,
    0xb, 0x42, 0xfc, 0x0,

    /* U+5145 "充" */
    0xf, 0x68, 0x7f, 0xf2, 0x6f, 0xc5, 0xf8, 0x2b,
    0xe2, 0xfe, 0xf, 0x2c, 0x50, 0x3f, 0x50, 0x13,
    0x7, 0x78, 0xfc, 0x30, 0x6f, 0x8d, 0x5e, 0xf,
    0xfe, 0x14, 0x1e, 0x90, 0xff, 0x95, 0x7, 0xb0,
    0xaa, 0xf, 0x21, 0x66, 0x82, 0x7d, 0x40, 0x70,
    0x77, 0xe4,

    /* U+5146 "兆" */
    0xe, 0xc7, 0xf, 0x90, 0xff, 0xe0, 0xd0, 0x3e,
    0xd0, 0xb4, 0x3d, 0x28, 0x35, 0x3, 0x44, 0x1c,
    0xc1, 0xa8, 0x1e, 0xb0, 0xdc, 0x1a, 0xcc, 0x36,
    0x68, 0x2e, 0xf, 0x50, 0x3d, 0x40, 0xe7, 0xd,
    0x28, 0x43, 0x20, 0x73, 0xd, 0xf2, 0x15, 0x3,
    0x7e, 0x80,

    /* U+5148 "先" */
    0xf, 0xfe, 0x3e, 0x1f, 0xd8, 0x7f, 0xca, 0x10,
    0xfe, 0x9e, 0x3e, 0x42, 0x8f, 0x8f, 0x90, 0xd8,
    0x10, 0xfc, 0xfd, 0x1f, 0xa0, 0x7c, 0xd9, 0xf4,
    0x1c, 0xa0, 0xff, 0x21, 0xf2, 0x13, 0x40, 0xf4,
    0xa, 0x90, 0xbe, 0x41, 0xe4, 0x2f, 0xd0,

    /* U+5149 "光" */
    0xe, 0x60, 0xfa, 0xf, 0xd0, 0x5e, 0xf, 0x21,
    0x95, 0x7, 0x50, 0x34, 0x86, 0xe0, 0xf6, 0x4,
    0xd0, 0xdf, 0xa3, 0xf4, 0xf, 0x95, 0x9f, 0x41,
    0xce, 0x1f, 0xfc, 0x4, 0x3a, 0x9, 0xe0, 0xf2,
    0x3d, 0x10, 0xbe, 0x41, 0x68, 0x5f, 0xa0,

    /* U+514B "克" */
    0xe, 0x70, 0xff, 0xe3, 0xbf, 0xa3, 0xf4, 0x3f,
    0xa3, 0xf4, 0x15, 0xe8, 0xf9, 0xc, 0xdf, 0xc1,
    0xff, 0xc8, 0xbf, 0x83, 0xde, 0x56, 0x5a, 0x1e,
    0x70, 0x20, 0x83, 0x42, 0x1c, 0x8d, 0x98, 0x1f,
    0x90, 0x7a, 0xa, 0xfa, 0x0,

    /* U+514D "免" */
    0xe, 0x43, 0xff, 0x80, 0xc1, 0xff, 0xc0, 0x8f,
    0xc8, 0x7b, 0xbe, 0x84, 0x3b, 0x2f, 0xa3, 0xc1,
    0x49, 0xf1, 0xf0, 0x6a, 0x7, 0xff, 0xf, 0xe3,
    0xe0, 0xf7, 0xa2, 0x7e, 0xf, 0xa8, 0x1f, 0xf4,
    0x21, 0xda, 0x7, 0x70, 0x21, 0x93, 0xa6, 0x4,
    0xf9, 0x7, 0x90, 0xdf, 0xa0,

    /* U+5154 "兔" */
    0xc, 0x87, 0xfc, 0xc1, 0xff, 0x47, 0xe0, 0xf7,
    0x7d, 0x21, 0x9c, 0xbe, 0x9f, 0x5, 0x1f, 0x1f,
    0x4, 0xa0, 0x90, 0xff, 0x7a, 0x3e, 0xe, 0xf8,
    0x57, 0xc1, 0xe9, 0xc7, 0xf, 0x2a, 0x3, 0x52,
    0x3d, 0x86, 0x64, 0xab, 0x2, 0xbe, 0x55, 0xa1,
    0xbf, 0x40,

    /* U+515A "党" */
    0x9, 0x6, 0x12, 0x1d, 0x21, 0xac, 0x3b, 0x82,
    0x98, 0x2f, 0x8c, 0xd3, 0xc1, 0x7f, 0xf0, 0x49,
    0xff, 0x8, 0x20, 0x7f, 0x2, 0xf, 0xfe, 0x37,
    0xf0, 0x7d, 0xe3, 0x6c, 0x3e, 0x90, 0xf2, 0x14,
    0xc0, 0xc0, 0xe7, 0x8c, 0x1b, 0xeb, 0x3d, 0x4,
    0xfe, 0x40,

    /* U+515C "兜" */
    0xf, 0x90, 0xfe, 0xb1, 0xc5, 0x83, 0x67, 0xa7,
    0xe8, 0x3a, 0x7, 0x8a, 0x7, 0xf7, 0x83, 0xff,
    0x81, 0xe0, 0xff, 0xe0, 0x28, 0x3f, 0xb9, 0xf3,
    0x61, 0xde, 0x8a, 0x77, 0x83, 0xe4, 0x10, 0x7f,
    0x48, 0x7b, 0x42, 0x98, 0x3e, 0x4f, 0x18, 0x6f,
    0xa0, 0x7a, 0xd, 0xf9, 0x0,

    /* U+5165 "入" */
    0xa, 0xf8, 0x3f, 0xaf, 0x7, 0xff, 0x69, 0x10,
    0xff, 0x44, 0x1f, 0xc9, 0x88, 0x7e, 0xa1, 0x40,
    0xfb, 0x50, 0xac, 0x33, 0xd0, 0x29, 0xc0, 0xd1,
    0xe, 0x9c, 0x74, 0x3e, 0xb0,

    /* U+5168 "全" */
    0xf, 0x21, 0xff, 0xc0, 0x90, 0xff, 0x6c, 0x1f,
    0x9d, 0xa6, 0x87, 0x56, 0x1e, 0x88, 0xe9, 0x7e,
    0x1a, 0x3f, 0xc7, 0xf4, 0x1f, 0xfc, 0x4f, 0x8f,
    0x83, 0xdf, 0x1f, 0x7, 0xff, 0x17, 0xf8, 0xfe,
    0x7, 0xff, 0xc0,

    /* U+516B "八" */
    0xe, 0xfe, 0xf, 0xef, 0xc1, 0xfd, 0x87, 0xff,
    0x71, 0xf, 0x21, 0xed, 0xd, 0x61, 0xe7, 0xc,
    0xa0, 0xe4, 0x43, 0x98, 0x35, 0x3, 0xd2, 0x81,
    0xa8, 0x3e, 0xa0, 0x28, 0x1f, 0x98,

    /* U+516C "公" */
    0xf, 0xfe, 0x34, 0x81, 0x83, 0xf2, 0x80, 0xa0,
    0xfa, 0x43, 0x30, 0x79, 0x83, 0x4a, 0xd, 0xc0,
    0x82, 0xa0, 0x5a, 0x85, 0x4, 0xd8, 0x38, 0x1a,
    0x19, 0xc3, 0xcc, 0x30, 0x7e, 0x90, 0x2a, 0xf,
    0x2b, 0x5e, 0xe, 0xe2, 0x9e, 0x4, 0x1b, 0xfa,
    0xb0, 0x40,

    /* U+516D "六" */
    0xf, 0x30, 0x7f, 0xf7, 0x30, 0xfd, 0xfc, 0xaf,
    0xe0, 0x7f, 0xff, 0x0, 0x3d, 0x1, 0xf, 0xe5,
    0x5, 0xa1, 0xf5, 0x0, 0xd0, 0x3d, 0xa8, 0x26,
    0xc3, 0x64, 0x1c, 0xa8, 0x19, 0x87, 0xd2, 0xf,
    0x7, 0xf6, 0x0,

    /* U+5171 "共" */
    0xd, 0x84, 0xc1, 0xff, 0xd3, 0xf1, 0xf4, 0xf0,
    0x5e, 0x3e, 0x57, 0x7, 0xf6, 0x1f, 0xfc, 0x6f,
    0x8f, 0xa7, 0xc9, 0xf5, 0x3c, 0xfc, 0x86, 0xb0,
    0xb0, 0xf6, 0xc0, 0xa6, 0x82, 0xe8, 0x19, 0xe4,
    0x1a, 0x1f, 0x68,

    /* U+5173 "关" */
    0x9, 0x41, 0xa0, 0xf3, 0x5, 0x7, 0xeb, 0x3,
    0x7, 0x7a, 0x3c, 0x7c, 0x17, 0xe2, 0xfc, 0x1f,
    0x90, 0xff, 0xe0, 0x21, 0xef, 0xe2, 0xfe, 0x3f,
    0x42, 0xbf, 0x7, 0x5c, 0xa0, 0xfb, 0x81, 0x44,
    0x35, 0xc8, 0x1a, 0x81, 0x9a, 0x19, 0xc8, 0xe0,
    0xfd, 0x40,

    /* U+5175 "兵" */
    0xf, 0xfe, 0x42, 0xaf, 0x41, 0xd7, 0xaf, 0x5c,
    0x1e, 0xbd, 0x28, 0x3f, 0x5f, 0xf0, 0x7a, 0xfc,
    0x78, 0x3f, 0xfa, 0x7e, 0x6f, 0xc7, 0xc0, 0xff,
    0xfe, 0x0, 0x75, 0x82, 0xe0, 0xcd, 0x98, 0x2c,
    0xe0, 0x47, 0x7, 0x58, 0x0,

    /* U+5176 "其" */
    0xa, 0x81, 0xb4, 0x3f, 0xf8, 0xce, 0xaf, 0xc5,
    0xa0, 0x75, 0x7e, 0x2d, 0xe, 0x7f, 0x7, 0xf3,
    0xf8, 0x3f, 0x9f, 0xc1, 0xfc, 0xfe, 0xf, 0xfe,
    0x47, 0x95, 0xf8, 0xb8, 0x1f, 0x4f, 0x95, 0xe8,
    0x27, 0xb0, 0x47, 0x5, 0xd3, 0x42, 0xb2, 0x7,
    0x90, 0xfa, 0x80,

    /* U+5177 "具" */
    0xa, 0xff, 0x83, 0xeb, 0xf4, 0x1f, 0xaf, 0xd0,
    0x7e, 0xbf, 0x41, 0xfa, 0xfd, 0x7, 0xeb, 0xf4,
    0x1f, 0xaf, 0xd2, 0x1e, 0xbf, 0xd0, 0x6f, 0xff,
    0xe0, 0x3, 0xe9, 0xf2, 0xaf, 0x4, 0xf4, 0x5,
    0xda, 0xb, 0xb0, 0xcf, 0x40,

    /* U+5178 "典" */
    0xf, 0xfe, 0x3e, 0xc, 0x3f, 0xf9, 0x37, 0x8f,
    0x1f, 0x7, 0x59, 0x67, 0x7, 0xf2, 0x12, 0x1e,
    0xb3, 0xc7, 0x83, 0xd6, 0x78, 0xe0, 0xff, 0xe0,
    0xa1, 0xb6, 0xcf, 0x1e, 0x30, 0x7e, 0xbd, 0x4f,
    0x83, 0xbc, 0x15, 0x87, 0x5d, 0x0, 0xf6, 0x82,
    0x34, 0x39, 0xf0,

    /* U+517B "养" */
    0xd, 0x6, 0x43, 0xfb, 0x1c, 0x3d, 0x79, 0x38,
    0xbc, 0x82, 0xfc, 0x5f, 0x90, 0x3f, 0x8b, 0xf0,
    0x4f, 0xd1, 0xfc, 0x17, 0xe8, 0xff, 0x3, 0xd0,
    0xf9, 0x3e, 0x5, 0xc8, 0x67, 0xd0, 0x3f, 0x6,
    0xfc, 0x4, 0x1e, 0xf, 0x21, 0x96, 0xf, 0xf3,
    0x61, 0xff, 0x38, 0x69, 0xc,

    /* U+517C "兼" */
    0x9, 0x83, 0x41, 0xf2, 0x60, 0xd0, 0xe7, 0xc9,
    0xe0, 0x79, 0x3, 0xe8, 0xf1, 0x79, 0xa, 0xe3,
    0xc5, 0xc1, 0xae, 0x3c, 0x72, 0x17, 0xd1, 0xe3,
    0x8c, 0x1f, 0x47, 0x8e, 0x30, 0xae, 0x3c, 0x72,
    0x1a, 0x41, 0xe0, 0x30, 0x69, 0x83, 0x4c, 0x16,
    0x68, 0x67, 0x30, 0x70, 0x7e, 0xb0,

    /* U+517D "兽" */
    0xd, 0x6, 0x83, 0xef, 0x3, 0xc1, 0xcf, 0x1e,
    0x2c, 0x39, 0xf2, 0xbc, 0x21, 0x9f, 0x2b, 0xc1,
    0xe7, 0xcd, 0xe0, 0xf3, 0xe6, 0xf0, 0x6b, 0x5f,
    0xdc, 0x78, 0x3e, 0xf8, 0x5f, 0xed, 0x41, 0xbf,
    0xa0, 0xfb, 0xfa, 0xf, 0xbf, 0xa0, 0x80,

    /* U+5185 "内" */
    0xf, 0x61, 0xff, 0xca, 0x43, 0xef, 0xd1, 0xfa,
    0x7, 0xd3, 0xf4, 0x1f, 0xfc, 0x6d, 0x83, 0xf2,
    0xb6, 0xf, 0x34, 0x35, 0x6, 0x68, 0x82, 0xc3,
    0x3a, 0x13, 0x7, 0xff, 0x2f, 0xb3, 0xf, 0xbc,
    0x80,

    /* U+5189 "冉" */
    0xf, 0x38, 0x7f, 0xf2, 0x9f, 0xa3, 0xf0, 0x6d,
    0xf4, 0x7a, 0xf, 0xfe, 0xa, 0x1e, 0x7d, 0x1f,
    0x7, 0x9f, 0x47, 0xa0, 0xff, 0xe0, 0xa1, 0xb5,
    0x7a, 0x3e, 0x34, 0xd5, 0xfe, 0x8d, 0xf, 0xf2,
    0x1f, 0xfc, 0xeb, 0x40,

    /* U+518C "册" */
    0x3, 0xf4, 0xfe, 0xe, 0x78, 0xf, 0x83, 0xff,
    0xa9, 0x46, 0x8c, 0xd9, 0x24, 0xa9, 0x51, 0x42,
    0x41, 0x83, 0x2, 0x21, 0xde, 0xf, 0xfe, 0x2,
    0x1f, 0xfc, 0x24, 0x2c, 0x3e, 0x92, 0x83, 0x88,
    0x74, 0x5e, 0x1a, 0x82, 0x83, 0x39, 0x68, 0x0,

    /* U+518D "再" */
    0x2f, 0xff, 0x81, 0x7e, 0x9f, 0xe0, 0x9f, 0xa7,
    0xe8, 0x39, 0xf4, 0xfa, 0x43, 0xff, 0x8e, 0xfa,
    0x7d, 0x7, 0x9f, 0x4f, 0xa0, 0xec, 0x3f, 0xf8,
    0x1a, 0xbd, 0x3e, 0x8d, 0x39, 0xff, 0x46, 0x87,
    0xff, 0x29, 0xe4, 0x0,

    /* U+5192 "冒" */
    0x3f, 0xfc, 0x17, 0xfe, 0xd, 0xff, 0x83, 0x7f,
    0xe0, 0xdf, 0xf8, 0x2e, 0xbf, 0x61, 0x57, 0xe0,
    0xea, 0xf0, 0x7a, 0xbc, 0x1e, 0x5f, 0x7, 0xbf,
    0xc1, 0xea, 0xf0, 0x7b, 0xfc, 0x10,

    /* U+5197 "冗" */
    0x7, 0xff, 0xc1, 0xbf, 0xf4, 0x1f, 0xfc, 0x14,
    0x36, 0xf, 0xe0, 0x61, 0xf7, 0xc1, 0xff, 0xe7,
    0x90, 0xf2, 0x82, 0x98, 0x3d, 0x81, 0xcc, 0x3b,
    0xca, 0x5, 0x3, 0xbf, 0x0,

    /* U+5199 "写" */
    0x2f, 0xff, 0x41, 0x5b, 0xfe, 0x82, 0xd1, 0xf,
    0x38, 0x11, 0x3f, 0xd2, 0x1c, 0xff, 0xa0, 0xec,
    0x3f, 0xf8, 0x4f, 0xfa, 0xe, 0xff, 0x9c, 0x2f,
    0x5f, 0xe6, 0xc1, 0xff, 0xc7, 0x83, 0xff, 0x94,
    0xf9, 0x8,

    /* U+519B "军" */
    0x3f, 0xfe, 0x81, 0xf3, 0xfd, 0x2, 0x9, 0xf,
    0x43, 0xf1, 0xfd, 0x5, 0xe3, 0xd7, 0xe0, 0xd2,
    0x30, 0x7e, 0x57, 0x1f, 0x7, 0x7d, 0x1f, 0x5,
    0xfd, 0x1f, 0xc7, 0xf4, 0x7f, 0x7, 0xff, 0x38,

    /* U+519C "农" */
    0xf, 0xfe, 0x43, 0x7, 0xff, 0x3, 0xf, 0xcf,
    0xe5, 0x7f, 0x6, 0xf4, 0x7f, 0x4, 0xe0, 0x88,
    0x2b, 0xe, 0x4d, 0x6, 0x1e, 0x60, 0x5e, 0xa0,
    0x66, 0x80, 0x50, 0x86, 0xa6, 0x85, 0x38, 0x6f,
    0x7, 0x33, 0xa0, 0x43, 0x5e, 0x2b, 0x7, 0xdc,
    0x7, 0x83, 0xb8, 0x3e,

    /* U+51A0 "冠" */
    0x1f, 0xff, 0x83, 0x7f, 0xd2, 0x13, 0x7, 0xd9,
    0x5, 0xfc, 0xb0, 0x7a, 0xfc, 0xf9, 0x58, 0x5f,
    0xd1, 0x2a, 0xb, 0x63, 0xbc, 0x1f, 0x90, 0x94,
    0x1f, 0x21, 0xda, 0x28, 0x8, 0x48, 0x36, 0xc0,
    0xd0, 0xa7, 0x95, 0xa8, 0x1a, 0x3f, 0xf0,

    /* U+51AC "冬" */
    0xe, 0x43, 0xff, 0x83, 0x7, 0xff, 0x3, 0x3f,
    0x41, 0xe8, 0x7e, 0x30, 0xed, 0xd4, 0x72, 0x1d,
    0x67, 0x6a, 0xf, 0x23, 0x8b, 0x7, 0x37, 0x34,
    0xfa, 0x41, 0xff, 0x53, 0xe0, 0x48, 0xab, 0xe1,
    0x83, 0x3f, 0x2b, 0xf, 0x9b, 0xa6, 0x1f, 0xf3,
    0xd8, 0x7f, 0xf0, 0x1c, 0x30,

    /* U+51B0 "冰" */
    0xf, 0xd8, 0x7b, 0xc8, 0x7f, 0xdd, 0x10, 0xff,
    0x99, 0xf, 0x30, 0x67, 0xe8, 0x4b, 0xe, 0xf3,
    0x97, 0x21, 0x90, 0x21, 0x48, 0x74, 0x22, 0x30,
    0x72, 0xa, 0x2, 0x10, 0xd5, 0x8, 0x5c, 0x81,
    0x3, 0x87, 0x51, 0x2d, 0xc3, 0xce, 0x98, 0x6f,
    0x7, 0xff, 0x3, 0xe0, 0xe0,

    /* U+51B2 "冲" */
    0xf, 0xd8, 0x72, 0x83, 0xfe, 0x64, 0x3f, 0xee,
    0x7e, 0x3e, 0x42, 0x41, 0xe3, 0xc8, 0x68, 0x3f,
    0xf8, 0x18, 0x7f, 0xf0, 0xfc, 0x79, 0x9, 0x77,
    0x8f, 0x21, 0x59, 0x7, 0x48, 0x88, 0x7f, 0xa8,
    0x1f, 0xf6, 0x87, 0xf8,

    /* U+51B3 "决" */
    0xf, 0x98, 0x3c, 0x87, 0xff, 0x7, 0x83, 0xff,
    0x81, 0x28, 0xf4, 0xfc, 0x1b, 0xc7, 0xa7, 0x83,
    0xd0, 0x7f, 0xf0, 0x50, 0xb0, 0xfc, 0xfe, 0x57,
    0x18, 0x5f, 0xc2, 0xbe, 0x9, 0x40, 0x89, 0xe,
    0x50, 0x15, 0x96, 0x1a, 0x85, 0x30, 0x2b, 0x41,
    0x99, 0x86, 0xa8, 0x37, 0x7, 0x9c,

    /* U+51B5 "况" */
    0x10, 0xbf, 0xd0, 0x54, 0xa, 0xf9, 0xd, 0xa8,
    0x8, 0x58, 0x75, 0x3, 0xff, 0x80, 0xe1, 0xff,
    0xc4, 0xfd, 0x7, 0x31, 0xc6, 0x70, 0x6f, 0x7,
    0xff, 0x1, 0x40, 0xa0, 0x68, 0x12, 0x8, 0x43,
    0x20, 0x67, 0x70, 0xbc, 0x83, 0x3, 0x85, 0xf4,
    0x0,

    /* U+51B6 "冶" */
    0xf, 0xfe, 0x1c, 0x86, 0xe0, 0xf5, 0x41, 0xa0,
    0xfb, 0x41, 0x20, 0xd0, 0xec, 0x54, 0xa, 0x21,
    0xd4, 0x3d, 0x6c, 0x1a, 0x9f, 0xab, 0x6, 0x4f,
    0xf9, 0x9, 0x40, 0xfe, 0xe, 0xb0, 0xff, 0xa1,
    0xf, 0x21, 0x9c, 0x2f, 0xd0, 0x6c, 0x37, 0xf0,
    0x40,

    /* U+51B7 "冷" */
    0xf, 0xc8, 0x79, 0x83, 0x32, 0x1c, 0x98, 0x53,
    0x7, 0xaa, 0x22, 0x60, 0xf3, 0x46, 0x76, 0xf,
    0x6a, 0xa9, 0x34, 0x35, 0xdf, 0x54, 0x85, 0xbf,
    0xf2, 0x1e, 0xe3, 0xe0, 0xe9, 0xf, 0xfe, 0x3,
    0x7, 0x90, 0xd2, 0x1e, 0x64, 0x2e, 0xf, 0x3c,
    0x0,

    /* U+51BB "冻" */
    0xf, 0x90, 0xf9, 0xe, 0x83, 0xea, 0x1f, 0x1f,
    0x82, 0xd3, 0xcd, 0xf8, 0x34, 0x12, 0xa4, 0x3c,
    0x82, 0x43, 0xff, 0x82, 0xed, 0xe8, 0x34, 0x5e,
    0x6f, 0x41, 0x90, 0x48, 0x34, 0x34, 0x8b, 0x3,
    0x90, 0x99, 0xa0, 0x6a, 0x3, 0x41, 0x21, 0x98,
    0xc, 0x28, 0x94, 0x4,

    /* U+51C4 "凄" */
    0xf, 0xa4, 0x3d, 0x7, 0x21, 0xfb, 0x7e, 0x2f,
    0xa0, 0x4f, 0x28, 0x5a, 0x81, 0x5b, 0xe0, 0x66,
    0x1d, 0xea, 0xc, 0xac, 0x27, 0xd4, 0x19, 0x58,
    0x6c, 0x3d, 0xe0, 0xd1, 0x70, 0xfd, 0x6, 0xb0,
    0x51, 0x38, 0x12, 0x28, 0xa1, 0x21, 0x30, 0x24,
    0x2e, 0xb, 0x2e, 0x3f, 0x10, 0x6b, 0xd0, 0x6a,
    0x0,

    /* U+51C6 "准" */
    0xf, 0x21, 0x21, 0x94, 0x6, 0x5, 0x87, 0x49,
    0xa0, 0x70, 0xcd, 0x5, 0x78, 0xb8, 0x27, 0xc7,
    0xc7, 0xa0, 0xca, 0x3e, 0x3c, 0x19, 0x22, 0xe3,
    0xc1, 0xbc, 0x4, 0x43, 0xe7, 0x7, 0xc7, 0x83,
    0x90, 0x5e, 0x3c, 0x14, 0x87, 0xff, 0x1, 0x82,
    0xbc, 0x7c, 0xc, 0x37, 0xfc, 0x0,

    /* U+51C9 "凉" */
    0xf, 0xd8, 0x79, 0xf, 0xfe, 0x16, 0x7e, 0x3f,
    0x1, 0xbf, 0xfc, 0x12, 0x8f, 0xf8, 0x3a, 0x7,
    0xf0, 0x79, 0xf, 0xfe, 0xc, 0xf, 0xe0, 0xe4,
    0x1f, 0x1f, 0x6, 0xe1, 0x82, 0xe0, 0xcb, 0x50,
    0x2d, 0x81, 0xcd, 0x87, 0x68, 0x25, 0x65, 0x86,
    0xc0,

    /* U+51CC "凌" */
    0xf, 0xd8, 0x7a, 0xf, 0xfe, 0x16, 0xf, 0x8f,
    0x82, 0x98, 0xf8, 0xf8, 0x35, 0x3f, 0x1f, 0x83,
    0xbc, 0x78, 0xf2, 0x12, 0xae, 0xc6, 0x98, 0x5e,
    0xbc, 0x6a, 0x90, 0x9c, 0xd5, 0xc1, 0xf3, 0xda,
    0xa8, 0x1b, 0x8d, 0x18, 0x43, 0x28, 0x6c, 0x9e,
    0x41, 0x3, 0xe9, 0xbe, 0x0,

    /* U+51CF "减" */
    0xf, 0xed, 0xf, 0xfe, 0x16, 0x16, 0x8b, 0xc0,
    0x42, 0xa3, 0x7e, 0x32, 0x2, 0x81, 0x83, 0x2e,
    0xa, 0x47, 0xc1, 0x41, 0x94, 0x55, 0xb0, 0x77,
    0x81, 0x40, 0x30, 0x67, 0xe, 0xc4, 0x24, 0x41,
    0x43, 0xe, 0xd6, 0x2f, 0x23, 0x81, 0xa7, 0x2a,
    0xe8, 0x16, 0x88, 0x3c, 0x22, 0x13, 0x85, 0x5,
    0xc0,

    /* U+51D1 "凑" */
    0xf, 0xfe, 0x1a, 0x1c, 0xe1, 0xef, 0x1f, 0x47,
    0xc8, 0x26, 0xd4, 0x5, 0x48, 0x54, 0x3c, 0x5e,
    0xf, 0xba, 0x15, 0xc1, 0xdc, 0x7a, 0x38, 0x26,
    0xa3, 0xd1, 0x86, 0xf1, 0x78, 0xf5, 0x84, 0xae,
    0xf1, 0xea, 0x1, 0x3, 0xe1, 0x56, 0x82, 0x83,
    0x74, 0xed, 0x2, 0x88, 0xd1, 0xec,

    /* U+51DD "凝" */
    0x9, 0x83, 0xfd, 0x81, 0x5b, 0xf9, 0x3, 0x3,
    0x9f, 0x84, 0x12, 0x9, 0xdb, 0x83, 0x28, 0xf2,
    0xb1, 0xd, 0x3, 0xd7, 0x1e, 0xa, 0x7, 0x9f,
    0x18, 0x65, 0x4c, 0xe8, 0x30, 0x2b, 0x9b, 0xb,
    0x81, 0xeb, 0x2c, 0x4e, 0x2, 0x84, 0x91, 0xd,
    0x20, 0xab, 0x20, 0xd4, 0x39, 0x6b, 0x7c, 0x85,
    0xa0, 0xd2, 0xf2,

    /* U+51E0 "几" */
    0xd, 0xfe, 0xf, 0xef, 0xc1, 0xff, 0xff, 0xa,
    0x43, 0xff, 0x80, 0xe1, 0xf4, 0x82, 0x10, 0xf9,
    0x46, 0xe1, 0xef, 0x5, 0x61, 0xef, 0xc0,

    /* U+51E1 "凡" */
    0xb, 0xfc, 0x1f, 0xbf, 0x7, 0xff, 0x2a, 0x81,
    0xff, 0x4a, 0xf, 0xfa, 0x81, 0xff, 0x22, 0x1f,
    0xf6, 0x87, 0xd2, 0x1f, 0x60, 0x54, 0x1f, 0xcd,
    0x3, 0xde, 0x41, 0x21, 0xdf, 0x40,

    /* U+51E4 "凤" */
    0x7, 0xfe, 0xf, 0x7f, 0x83, 0xeb, 0xf2, 0x1f,
    0x7e, 0x10, 0xfd, 0xa1, 0xfe, 0x7b, 0x83, 0xfd,
    0x6, 0x43, 0xea, 0x84, 0x3c, 0xf2, 0xa3, 0x9,
    0x44, 0x94, 0xd0, 0xa8, 0xa0, 0xc9, 0xca, 0xf,
    0xd1, 0x30, 0x7e, 0x70,

    /* U+51ED "凭" */
    0xf, 0xfe, 0x2c, 0x19, 0x54, 0xe, 0x4f, 0xaf,
    0x41, 0xa8, 0x7c, 0x48, 0x69, 0xfe, 0x3f, 0xa,
    0x3f, 0x47, 0xe1, 0xc3, 0x90, 0xff, 0x5f, 0x1f,
    0x21, 0x2a, 0xff, 0x90, 0xa3, 0xfc, 0x1f, 0xdf,
    0x41, 0xff, 0xc5, 0x90, 0x3c, 0x1f, 0x2d, 0xe9,
    0x9, 0x3c, 0x7, 0x90, 0xef, 0xc0,

    /* U+51EF "凯" */
    0xb, 0xf, 0xf9, 0x9, 0x3f, 0x21, 0x41, 0x69,
    0xe0, 0xf4, 0x48, 0x7f, 0x5d, 0xc8, 0x7e, 0xae,
    0xf, 0xef, 0xc1, 0xfe, 0x7e, 0xf, 0xf9, 0xf8,
    0x3f, 0xf9, 0xcf, 0x7, 0x21, 0x3d, 0x18, 0x34,
    0x1a, 0xc0, 0x81, 0x90, 0x3a, 0x38, 0x57, 0x0,

    /* U+51F0 "凰" */
    0x7, 0xff, 0x83, 0xbf, 0x1f, 0x7, 0xdf, 0x1e,
    0x43, 0xf7, 0xe0, 0xff, 0x56, 0xf, 0xf7, 0xe1,
    0xf, 0xa0, 0xd0, 0x7c, 0xd7, 0x90, 0xf3, 0x44,
    0xa2, 0x19, 0xf, 0xf6, 0x93, 0xd1, 0x29, 0xa2,
    0x37, 0xff, 0x5, 0x7, 0xf3, 0x80,

    /* U+51F6 "凶" */
    0xf, 0xfe, 0xe, 0x1c, 0xc6, 0x19, 0xb, 0xc1,
    0xee, 0x2, 0x83, 0xd7, 0xc8, 0x7e, 0x63, 0xf,
    0xe9, 0x83, 0xf6, 0xd3, 0xf, 0x6c, 0x24, 0x19,
    0xa0, 0x5e, 0xd, 0xea, 0xec, 0x37, 0xfe, 0xc,
    0xbf, 0x80,

    /* U+51F9 "凹" */
    0x3f, 0x3, 0xf0, 0x5e, 0xd, 0xe0, 0xff, 0xef,
    0xf8, 0x3f, 0xbf, 0x7, 0xff, 0x4b, 0xff, 0x6,
    0xff, 0xc1, 0xff, 0xc2,

    /* U+51FA "出" */
    0xc, 0xe1, 0xca, 0xf, 0xa3, 0xf, 0xc8, 0x7f,
    0xf3, 0x2f, 0x47, 0xc0, 0xbe, 0x8f, 0xc4, 0x1f,
    0x91, 0xf, 0xd0, 0x7f, 0xf3, 0x3e, 0x8f, 0x82,
    0xff, 0xc0,

    /* U+51FB "击" */
    0xe, 0xa0, 0x7f, 0xf4, 0xbf, 0x2b, 0xf0, 0x3f,
    0x2b, 0xf0, 0x7f, 0xf0, 0x7f, 0x95, 0xfe, 0xa7,
    0x95, 0xf3, 0x98, 0x7c, 0xa0, 0xff, 0xe7, 0xde,
    0x57, 0xa0, 0xaf, 0xfa, 0x0,

    /* U+51FD "函" */
    0xff, 0xfe, 0x1c, 0xff, 0xc2, 0x6f, 0x4, 0x8e,
    0xfa, 0x47, 0x91, 0xe0, 0x9a, 0x4, 0xd4, 0xf,
    0x21, 0xc9, 0x8a, 0xe, 0xbe, 0x3a, 0x6, 0xf1,
    0x83, 0xe, 0x42, 0x81, 0x4, 0xfa, 0x6f, 0x82,
    0x7f, 0xf0, 0x0,

    /* U+5200 "刀" */
    0x1f, 0xfe, 0x1f, 0x8b, 0xd0, 0x7c, 0x81, 0xf,
    0xfe, 0x4a, 0x1c, 0xa0, 0xfe, 0xf0, 0x64, 0x32,
    0x82, 0xc3, 0x70, 0x67, 0x6, 0xa1, 0x9, 0x5b,
    0x2, 0xf2, 0x3c, 0x17, 0xd0,

    /* U+5206 "分" */
    0xc, 0x84, 0x87, 0xd6, 0x14, 0x1e, 0x54, 0x12,
    0x83, 0x34, 0xd, 0x44, 0xd, 0x10, 0xea, 0x60,
    0xcf, 0xfd, 0x8, 0xf1, 0xe8, 0x8, 0x79, 0xf,
    0xfa, 0xc1, 0x87, 0xd2, 0x82, 0xc3, 0xa6, 0x40,
    0xa0, 0x9c, 0xc1, 0xe4, 0x33, 0xc0, 0x7d, 0x6,

    /* U+5207 "切" */
    0xb, 0x7, 0xf9, 0xf, 0x78, 0xf2, 0x1f, 0xfc,
    0x44, 0xf2, 0x1f, 0x71, 0x68, 0x64, 0x1e, 0x10,
    0xff, 0xe1, 0xa1, 0x90, 0xe9, 0xd0, 0xfd, 0xa3,
    0x7, 0xdd, 0x48, 0x10, 0xf3, 0x33, 0xc8, 0x73,
    0x41, 0xf4, 0x0,

    /* U+520A "刊" */
    0xf, 0xfb, 0x47, 0xfa, 0xf, 0x3e, 0x2e, 0x60,
    0xff, 0xe9, 0x54, 0x74, 0xf, 0xfe, 0x3d, 0x47,
    0x40, 0xff, 0xed, 0xb0, 0x7f, 0xf3, 0x5c, 0x43,
    0x68, 0x4f, 0x80,

    /* U+5212 "划" */
    0xb, 0xf, 0x9c, 0x33, 0x87, 0xfc, 0xd8, 0x30,
    0xfc, 0xa9, 0xe, 0xb3, 0xc0, 0x43, 0xbc, 0x5d,
    0x87, 0x91, 0xcc, 0x3f, 0xb6, 0x10, 0xfc, 0x8e,
    0x1f, 0xd0, 0x87, 0xeb, 0x24, 0x6c, 0x3a, 0x8a,
    0xf0, 0x7a, 0x41, 0x2a, 0x3a, 0x7, 0xac, 0x1e,
    0x40,

    /* U+5217 "列" */
    0xf, 0xfb, 0x7f, 0xe0, 0xcf, 0x1f, 0xa0, 0xf2,
    0x19, 0x41, 0xb6, 0xa0, 0xf9, 0x40, 0x43, 0xd3,
    0x4c, 0x3c, 0xae, 0x34, 0x39, 0xd5, 0x30, 0x7e,
    0xd4, 0x1f, 0xd3, 0x3, 0x42, 0x72, 0xe, 0x46,
    0xa0, 0xee, 0x56, 0x87, 0xbd, 0x0,

    /* U+5218 "刘" */
    0xf, 0xfe, 0x26, 0x87, 0xb0, 0xdc, 0x1f, 0xfc,
    0x4, 0x29, 0xd, 0xf3, 0xf0, 0x7b, 0xf3, 0x61,
    0xf6, 0x8a, 0xf, 0xdd, 0x3, 0xfe, 0xd4, 0x1f,
    0xfc, 0x4, 0x3f, 0xdd, 0x30, 0xfd, 0xac, 0x32,
    0x1b, 0x60, 0x68, 0x79, 0x83, 0xec, 0x28, 0x3f,
    0x78,

    /* U+521A "刚" */
    0xf, 0xf6, 0x7f, 0xc1, 0xef, 0xe0, 0xfa, 0x41,
    0x3, 0xd, 0xc5, 0x87, 0xca, 0xd4, 0x1f, 0xa1,
    0xf, 0xe4, 0x43, 0xf3, 0x62, 0x1f, 0x50, 0xb0,
    0x21, 0xa4, 0x60, 0x41, 0x90, 0xff, 0xe1, 0xe9,
    0x69, 0x86, 0xe2, 0xe0,

    /* U+521B "创" */
    0xf, 0xfe, 0x36, 0x1e, 0xc3, 0x41, 0xff, 0xc0,
    0x4c, 0x28, 0x3a, 0x77, 0x14, 0x1a, 0x62, 0x70,
    0xed, 0x3e, 0x43, 0xd6, 0x7a, 0x30, 0xe4, 0x39,
    0xf, 0xfb, 0xf, 0xfb, 0x61, 0x41, 0xf7, 0x8c,
    0x83, 0xdf, 0x83, 0xf7, 0xf8, 0xb4,

    /* U+521D "初" */
    0xb, 0xf, 0xfe, 0x1b, 0xfd, 0x7, 0x98, 0xa2,
    0x8f, 0x1c, 0x22, 0xb0, 0x7c, 0xe1, 0xfe, 0x50,
    0x87, 0xe6, 0xa0, 0xfd, 0x42, 0x10, 0xf2, 0xa3,
    0x14, 0x19, 0x5a, 0xd, 0xd0, 0xff, 0x98, 0x18,
    0x79, 0xe1, 0x1c, 0x3b, 0x92, 0xc4,

    /* U+5224 "判" */
    0xc, 0xc1, 0xec, 0x50, 0x65, 0x7, 0xa0, 0xd9,
    0x21, 0x22, 0x12, 0xc1, 0xd0, 0x4c, 0x1f, 0x54,
    0xd1, 0xf, 0x7a, 0x7c, 0x87, 0xec, 0x3f, 0xbe,
    0x57, 0xc1, 0xdf, 0x4f, 0xc1, 0xff, 0xc1, 0xd0,
    0xff, 0xe6, 0xf9, 0xc, 0xc1, 0xbd, 0x0,

    /* U+5229 "利" */
    0xf, 0x30, 0x6c, 0xa7, 0xd0, 0x7d, 0x91, 0x71,
    0x86, 0x65, 0x7, 0xf5, 0xe6, 0xf2, 0x1d, 0x78,
    0xbc, 0x87, 0xc9, 0x7, 0xfa, 0x1c, 0x3f, 0x6a,
    0xec, 0x3d, 0x10, 0x14, 0x1f, 0x61, 0xa3, 0xd,
    0x7, 0xf2, 0x1f, 0xe7, 0x90, 0xd2, 0x13, 0xe8,

    /* U+522B "别" */
    0xf, 0xfb, 0xb, 0xfc, 0x1f, 0xbe, 0x81, 0x87,
    0xff, 0x1e, 0xb0, 0x7e, 0xb7, 0xa0, 0x7c, 0x81,
    0x60, 0xf5, 0xc7, 0xc1, 0xeb, 0x57, 0x83, 0xf9,
    0xc3, 0xff, 0x80, 0x86, 0xc3, 0xb9, 0x24, 0x3d,
    0x2b, 0xcc, 0x58, 0x54, 0x2f, 0x2, 0xf0,

    /* U+522E "刮" */
    0xf, 0x41, 0x3a, 0xd7, 0x83, 0xef, 0x3, 0x8d,
    0x3, 0x4d, 0xf, 0xaf, 0x4f, 0xc1, 0xaf, 0x27,
    0xc1, 0xf6, 0x87, 0xe5, 0x6b, 0x7, 0xac, 0x78,
    0x3e, 0xac, 0x1f, 0xfc, 0x2d, 0xd, 0xf8, 0x3f,
    0x7e, 0xb, 0x93, 0xd, 0x83, 0xd0,

    /* U+5230 "到" */
    0xf, 0xfe, 0x6, 0x5f, 0xf0, 0x75, 0xe3, 0xf5,
    0x3, 0xa4, 0xc3, 0xf9, 0x8b, 0xf, 0x59, 0xe8,
    0x43, 0xaf, 0x53, 0x83, 0xfb, 0x2, 0x83, 0x9f,
    0x37, 0x83, 0xcf, 0x9b, 0xc7, 0x83, 0xf9, 0x14,
    0x12, 0xa6, 0xe4, 0x8, 0x3e, 0xbe, 0x4e, 0x40,

    /* U+5236 "制" */
    0x9, 0xc3, 0xd8, 0xc1, 0xfe, 0xd8, 0xa2, 0xa0,
    0x9a, 0x1e, 0x43, 0x32, 0x5, 0x7, 0x53, 0x8f,
    0xc1, 0x7d, 0x1f, 0x83, 0x7a, 0x3d, 0x7, 0xb8,
    0xe0, 0xff, 0xe5, 0x53, 0x60, 0xb0, 0xad, 0xf,
    0xfe, 0xf, 0x90, 0x9c, 0x37, 0xa0,

    /* U+5237 "刷" */
    0xf, 0xf9, 0xc1, 0xfe, 0x83, 0xef, 0xd0, 0x30,
    0xef, 0xd0, 0x7e, 0xfa, 0xe0, 0xff, 0x41, 0xfc,
    0xf8, 0xf0, 0x7e, 0x73, 0xf, 0xfe, 0xa2, 0x1c,
    0x83, 0xb, 0x83, 0x70, 0x72, 0xd0, 0x24, 0xa8,
    0xc3, 0x61, 0x5a,

    /* U+5238 "券" */
    0xf, 0xfe, 0x1a, 0x16, 0x4, 0x3b, 0xc2, 0x6,
    0xe, 0xa2, 0x27, 0x83, 0x3d, 0x4e, 0xf8, 0x27,
    0xe3, 0x3e, 0xb, 0xf1, 0x9f, 0x40, 0xf0, 0xfc,
    0x5c, 0x16, 0x61, 0x32, 0x7, 0x69, 0xf2, 0x58,
    0x28, 0xe5, 0xce, 0x8a, 0x2, 0x27, 0x88, 0x35,
    0x40, 0x43, 0x3e, 0x37, 0xc2, 0x13, 0xe8, 0x1f,
    0x6,

    /* U+523A "刺" */
    0xc, 0xc1, 0xec, 0x3f, 0xf8, 0x57, 0xa7, 0xe9,
    0xa, 0xf4, 0xfc, 0x61, 0xaa, 0x68, 0x87, 0x9d,
    0x34, 0x3f, 0x22, 0xc1, 0xfc, 0x92, 0x83, 0xdc,
    0x2b, 0xf, 0x97, 0x58, 0x7a, 0x9e, 0x1a, 0xc1,
    0x78, 0x33, 0x7, 0x21, 0xfb, 0xc8, 0x66, 0xd,
    0xe8,

    /* U+523B "刻" */
    0xc, 0xc1, 0xec, 0x3f, 0xf8, 0x5f, 0x4f, 0xd2,
    0x15, 0x12, 0xb0, 0x72, 0xd3, 0x8, 0x73, 0xaa,
    0x10, 0xf3, 0x3b, 0xa1, 0xf3, 0x11, 0x7, 0xd5,
    0x3c, 0x1e, 0x8d, 0xd4, 0x1e, 0xa3, 0x8a, 0x24,
    0x35, 0x5e, 0xa0, 0x10, 0x66, 0x83, 0x4e, 0x4e,
    0xe, 0xcf, 0x40,

    /* U+5242 "剂" */
    0xa, 0xf, 0xb0, 0xde, 0xf, 0xef, 0x47, 0xca,
    0xd, 0xbe, 0x3f, 0x7, 0xbc, 0x87, 0xf4, 0x8c,
    0x1f, 0x59, 0xe3, 0xf, 0xa0, 0x3e, 0xf, 0x41,
    0x78, 0x3f, 0xf8, 0x5e, 0xe, 0xf0, 0x65, 0x6,
    0x58, 0x3f, 0xd6, 0x1f, 0x61, 0x61, 0x50, 0x2f,
    0x0,

    /* U+524D "前" */
    0xf, 0xfe, 0x15, 0x3, 0x61, 0xd2, 0x81, 0x21,
    0x7c, 0x5e, 0x57, 0xff, 0xf0, 0xc5, 0xe0, 0x98,
    0x1f, 0xa2, 0x44, 0x37, 0x83, 0xf9, 0xf0, 0x7f,
    0x54, 0x1f, 0xd7, 0x83, 0xfa, 0xf0, 0x34, 0x3f,
    0xc8, 0x10, 0xd6, 0x83, 0xb0, 0x4d, 0xc0, 0xf2,
    0x0,

    /* U+5251 "剑" */
    0xf, 0xfe, 0x2c, 0x87, 0x61, 0xc8, 0x7f, 0xd1,
    0x20, 0x43, 0x95, 0xea, 0x10, 0x66, 0x80, 0xd0,
    0xe6, 0x2f, 0xc1, 0xcd, 0xd3, 0xc8, 0x7a, 0x48,
    0x60, 0xf5, 0x11, 0xe0, 0xf2, 0x8, 0x50, 0x7d,
    0xe, 0xb6, 0x1b, 0xbc, 0xac, 0x3d, 0xfe, 0x93,
    0x0,

    /* U+5254 "剔" */
    0xf, 0xf9, 0xc1, 0xfe, 0xf, 0xd7, 0xc0, 0x60,
    0xeb, 0xe0, 0xfe, 0xbe, 0xf, 0xeb, 0xe0, 0xfd,
    0x9f, 0x83, 0xec, 0xfe, 0xe, 0xe8, 0x64, 0x1e,
    0xcb, 0xa0, 0xa0, 0xd5, 0x2d, 0x82, 0xb, 0xc5,
    0x15, 0x87, 0x2a, 0x84, 0xa3, 0x90, 0x3a, 0xb8,
    0x1e, 0x80,

    /* U+5256 "剖" */
    0xd, 0x21, 0xec, 0x3f, 0xe4, 0x17, 0x9b, 0xc6,
    0x85, 0x37, 0x9c, 0x3e, 0xa0, 0x10, 0xfe, 0x56,
    0x87, 0xde, 0x61, 0xf0, 0x77, 0xfe, 0xf, 0x7f,
    0x41, 0xfb, 0xe4, 0x3f, 0xf8, 0x7a, 0x1d, 0xf2,
    0x1f, 0xdf, 0x20, 0x79,

    /* U+5267 "剧" */
    0xf, 0xf9, 0xc1, 0xfe, 0xf, 0xdf, 0x80, 0x87,
    0x97, 0x2, 0xf, 0x7a, 0xd0, 0xfd, 0xe3, 0xc1,
    0xfa, 0x85, 0x3, 0xf7, 0x8f, 0x7, 0xeb, 0x3c,
    0x1e, 0x46, 0xf0, 0x7d, 0xa1, 0xec, 0x33, 0x97,
    0x83, 0x91, 0x47, 0xc1, 0x76, 0x46, 0x16, 0xf,
    0x20,

    /* U+526F "副" */
    0xf, 0xfb, 0xff, 0xa0, 0xbf, 0xf4, 0x85, 0x7f,
    0xc, 0x19, 0xf8, 0x3e, 0xdf, 0x83, 0xf5, 0x72,
    0x1d, 0x7a, 0xec, 0x3d, 0xe3, 0x43, 0xea, 0x12,
    0x1f, 0x78, 0xe1, 0xc3, 0x78, 0xe0, 0x90, 0xbf,
    0x40, 0xe4, 0xc3, 0x31, 0xe8,

    /* U+5272 "割" */
    0xc, 0xc1, 0xec, 0xa, 0xc5, 0x83, 0xba, 0x2a,
    0xa5, 0x4, 0xda, 0xbc, 0x78, 0x28, 0xd5, 0xd8,
    0x7b, 0x50, 0x87, 0xef, 0x3, 0xc1, 0xee, 0x89,
    0x4c, 0x3b, 0xff, 0x7, 0xbf, 0xc8, 0x7d, 0xf8,
    0x14, 0xe, 0xfc, 0x1f, 0xdf, 0x82, 0xf2, 0xc,
    0x36, 0x9e, 0x80,

    /* U+529B "力" */
    0xf, 0x48, 0x7f, 0xf8, 0xfe, 0x6f, 0xc1, 0xbe,
    0x2f, 0x83, 0xf9, 0xf, 0xfe, 0x1a, 0x1f, 0x48,
    0x64, 0x39, 0x50, 0x58, 0x75, 0x42, 0x7, 0x5,
    0xba, 0x5e, 0x10, 0x76, 0x17, 0xe0, 0x0,

    /* U+529E "办" */
    0xf, 0x41, 0xff, 0xc1, 0x43, 0xff, 0x95, 0x7e,
    0x3e, 0x43, 0x5f, 0x4f, 0x90, 0xfa, 0xf, 0xfe,
    0xa, 0x78, 0x9, 0x86, 0xa0, 0xa0, 0x95, 0x6,
    0x50, 0x7a, 0xd, 0x16, 0x4, 0x28, 0x36, 0x86,
    0x43, 0x9d, 0x84, 0xb0, 0xea, 0x81, 0xe1, 0xe,
    0xd0, 0xaf, 0x7, 0x0,

    /* U+529F "功" */
    0xf, 0xd8, 0x7f, 0xf1, 0xbf, 0x90, 0xfb, 0xc5,
    0xa1, 0xfc, 0x83, 0xc7, 0xc1, 0xf7, 0x8f, 0x7,
    0xff, 0x29, 0xf, 0xeb, 0x44, 0x39, 0xdb, 0x6c,
    0x3d, 0x68, 0x88, 0x72, 0x80, 0xda, 0x21, 0xee,
    0xcf, 0x50, 0x3a, 0xc1, 0x79, 0x0,

    /* U+52A0 "加" */
    0xb, 0xf, 0xfe, 0x7b, 0xf4, 0xf8, 0xf8, 0x14,
    0x57, 0x1c, 0x5, 0x83, 0x21, 0xff, 0xca, 0xf0,
    0x10, 0xf9, 0xf, 0xfe, 0x2, 0x61, 0xf4, 0x81,
    0xc7, 0xc2, 0xbe, 0x11, 0xe0, 0x6f, 0xc3, 0xe,

    /* U+52A1 "务" */
    0xf, 0xfe, 0x35, 0x3, 0xfe, 0x5b, 0xf4, 0x1c,
    0xca, 0xf2, 0x41, 0xbb, 0x8f, 0x18, 0x77, 0x83,
    0xc8, 0x73, 0x78, 0xbd, 0x72, 0xc, 0xba, 0xf,
    0xe0, 0x4d, 0xe3, 0xf3, 0x5, 0xf4, 0xfc, 0x1f,
    0x9a, 0x7, 0xf3, 0x50, 0x4a, 0xd, 0xde, 0x47,
    0xa0, 0x6f, 0x21, 0x3e, 0xc,

    /* U+52A3 "劣" */
    0xf, 0x61, 0xfd, 0x86, 0xb0, 0xe9, 0xd, 0x4d,
    0x4, 0xc1, 0xcd, 0x2, 0xcf, 0x2b, 0x54, 0x8,
    0x1c, 0x51, 0x10, 0x34, 0xe3, 0x43, 0xb0, 0x5a,
    0x83, 0xd0, 0xd9, 0x7c, 0x85, 0x7a, 0x3e, 0xf,
    0xd4, 0xc, 0x86, 0x75, 0x83, 0xaf, 0x54, 0x7c,
    0x82, 0x9e, 0x41, 0x7a, 0x0,

    /* U+52A8 "动" */
    0xf, 0xfe, 0x4b, 0x87, 0xff, 0x16, 0xfc, 0x87,
    0xd7, 0xe4, 0x3f, 0xf8, 0x3c, 0x79, 0x3f, 0xe8,
    0xc2, 0xf1, 0xf0, 0x10, 0x20, 0x43, 0xff, 0x81,
    0x43, 0x7, 0x83, 0x20, 0x8d, 0x60, 0xd1, 0xf3,
    0x21, 0xde, 0x91, 0x21, 0x41, 0xed, 0xce, 0xc3,
    0xdc, 0xf, 0x20,

    /* U+52A9 "助" */
    0xf, 0xec, 0x3d, 0xf8, 0x3f, 0xef, 0x7, 0xff,
    0x12, 0x85, 0x41, 0xbc, 0xc, 0x1e, 0x43, 0x78,
    0xc, 0x28, 0x3f, 0xca, 0xf, 0xbc, 0x1e, 0x43,
    0xbc, 0x15, 0x81, 0xf, 0xb4, 0x4c, 0x3a, 0xc6,
    0x81, 0x60, 0xc1, 0xe5, 0x80, 0xa0, 0x7a, 0x36,
    0x3c, 0x87, 0xdc, 0xf, 0x40,

    /* U+52AA "努" */
    0xc, 0x87, 0xff, 0x1, 0x81, 0x7e, 0x9, 0xe3,
    0xe2, 0x81, 0x98, 0xe1, 0x9, 0xd, 0x25, 0xa,
    0xc1, 0xb3, 0x13, 0xf, 0x96, 0x28, 0x77, 0x80,
    0xd5, 0xe2, 0x1f, 0x1, 0x57, 0xa7, 0xf0, 0x6b,
    0xe3, 0xe8, 0x3f, 0x48, 0x5a, 0x1c, 0xec, 0x81,
    0xc2, 0xb9, 0xc1, 0xe1, 0xa, 0xf4, 0x7, 0xe0,
    0x80,

    /* U+52AB "劫" */
    0xd, 0x86, 0x90, 0xff, 0x90, 0xfc, 0x87, 0xe7,
    0xc5, 0xa8, 0x8, 0x1f, 0x1e, 0x22, 0x98, 0x7c,
    0xe5, 0x83, 0xe3, 0xe0, 0x21, 0x79, 0x5f, 0x4,
    0x86, 0x65, 0x7, 0xe5, 0xc, 0xc8, 0x11, 0x9b,
    0x26, 0xd, 0xab, 0xa0, 0x83, 0x5, 0x4a, 0x99,
    0xd8, 0x3d, 0xc3, 0xe0,

    /* U+52B2 "劲" */
    0xf, 0xec, 0x37, 0xf2, 0x1f, 0x7e, 0x10, 0xff,
    0x69, 0x67, 0xa0, 0xb5, 0xa8, 0x72, 0x3b, 0x72,
    0x1c, 0xcc, 0x9, 0xc, 0xbb, 0xe8, 0xd0, 0xd6,
    0xde, 0x1c, 0x3f, 0xc8, 0x98, 0x4a, 0xbd, 0x40,
    0xb3, 0xd4, 0xc5, 0x1, 0x47, 0x2e, 0x8f, 0x20,

    /* U+52B3 "劳" */
    0xd, 0x20, 0x90, 0xff, 0xe2, 0xfc, 0xde, 0x6f,
    0x8f, 0x9b, 0xcd, 0xf1, 0xf3, 0x79, 0xbd, 0x3,
    0xf5, 0xf9, 0x4, 0x1a, 0xd, 0x41, 0xfc, 0x7e,
    0xd, 0xf2, 0xbe, 0xf, 0xce, 0x1f, 0xe9, 0x41,
    0xf9, 0xd8, 0x25, 0x5, 0xd3, 0x3, 0xd8, 0x5e,
    0x42, 0x7c, 0x80,

    /* U+52BF "势" */
    0xa, 0x81, 0x48, 0x79, 0x2, 0x4, 0x3c, 0xea,
    0xdc, 0xbc, 0x13, 0x2b, 0x73, 0xc1, 0xad, 0x5b,
    0x87, 0xdc, 0xa9, 0x4, 0x4, 0x8, 0xee, 0xf8,
    0x64, 0x29, 0x58, 0x12, 0x88, 0xd3, 0xe7, 0xf2,
    0x7, 0xf3, 0x7c, 0x1f, 0xa5, 0x7, 0xf3, 0xb8,
    0x4a, 0x9, 0xf5, 0x81, 0xec, 0x27, 0x90, 0x9f,
    0x20,

    /* U+52C9 "勉" */
    0xf, 0xfe, 0x2c, 0x1d, 0x21, 0xe4, 0x3f, 0xf8,
    0x11, 0xe8, 0x3f, 0x2b, 0xc6, 0x6d, 0xe0, 0x47,
    0x8b, 0xc5, 0x2, 0xcc, 0xb0, 0x90, 0xff, 0xe1,
    0xa1, 0xb2, 0xc4, 0x3e, 0xd8, 0xf5, 0x3, 0xe4,
    0x28, 0x56, 0x19, 0x10, 0xa3, 0x4, 0xa, 0x5,
    0x25, 0xc, 0xe4, 0x7f, 0xca, 0x34, 0x17, 0xfc,
    0x0,

    /* U+52D2 "勒" */
    0x6, 0x38, 0x24, 0x32, 0x1f, 0xf5, 0xe, 0x30,
    0xf5, 0x92, 0x73, 0xd0, 0x26, 0x23, 0x6, 0x83,
    0x46, 0x89, 0xa1, 0xb2, 0x81, 0x21, 0xd9, 0x40,
    0xfd, 0xe2, 0xe4, 0x8, 0x3e, 0x2f, 0x48, 0x6a,
    0x86, 0x86, 0x4, 0x58, 0xd9, 0x46, 0x1f, 0x2a,
    0x76, 0x0,

    /* U+52FA "勺" */
    0xc, 0x87, 0xfa, 0xc3, 0xfc, 0x8b, 0xe0, 0x91,
    0xaf, 0x20, 0xa7, 0xf9, 0x6, 0xa8, 0x39, 0x22,
    0x6, 0x87, 0x58, 0x2a, 0x43, 0xf9, 0xa0, 0x7f,
    0x9c, 0x24, 0x3f, 0xf8, 0xca, 0x24, 0x3f, 0x5b,
    0x0,

    /* U+52FE "勾" */
    0xd, 0x7, 0xff, 0x1, 0xf, 0xfa, 0x3f, 0xe4,
    0xa, 0xff, 0x90, 0xa8, 0x48, 0x7d, 0xa8, 0x43,
    0xf7, 0x8, 0xa0, 0xfe, 0xa0, 0x30, 0xfa, 0x11,
    0x11, 0x3, 0xa7, 0xc4, 0x19, 0xff, 0x82, 0x43,
    0xf3, 0x87, 0xfd, 0x79, 0x0,

    /* U+52FF "勿" */
    0xf, 0xfe, 0x1c, 0x87, 0xf9, 0x41, 0xfc, 0x9f,
    0xf4, 0xa, 0x8f, 0x1c, 0x9a, 0x84, 0x42, 0x66,
    0x3c, 0x4, 0x2a, 0x1, 0x47, 0x83, 0xdc, 0x5,
    0x18, 0x5a, 0x89, 0xb, 0x36, 0x15, 0x1, 0x7,
    0x2, 0x81, 0x90, 0x9e, 0x50, 0x87, 0x72, 0x7a,
    0x80,

    /* U+5300 "匀" */
    0x9, 0x41, 0xff, 0x41, 0xff, 0x25, 0xff, 0x5,
    0x4f, 0xf8, 0x28, 0x43, 0xf9, 0x57, 0xf8, 0x33,
    0xbf, 0xe1, 0xf, 0xfe, 0xa, 0x1f, 0x98, 0x3f,
    0x37, 0x7, 0xaf, 0x45, 0xc7, 0x81, 0xde, 0x94,
    0x4, 0x25, 0x6, 0xf8, 0x40,

    /* U+5305 "包" */
    0xd, 0x7, 0xff, 0x1, 0x41, 0xff, 0xc0, 0x8f,
    0xf8, 0x32, 0x7f, 0xc1, 0xd2, 0xf0, 0x7d, 0x2,
    0xb6, 0x1c, 0xae, 0xfc, 0x1e, 0x72, 0xb8, 0x3f,
    0x93, 0xe4, 0x90, 0xf6, 0xb7, 0x9a, 0x7, 0xf3,
    0xe1, 0xf, 0xfe, 0x2, 0x1d, 0x4f, 0xf5, 0x0,

    /* U+5306 "匆" */
    0xd, 0x7, 0xff, 0x1, 0xf, 0xfa, 0x3f, 0xe8,
    0x27, 0xc7, 0x1c, 0x83, 0x85, 0x7, 0xdb, 0xd0,
    0x24, 0x9, 0xd0, 0xa, 0xf0, 0x7c, 0xd4, 0xa0,
    0xf6, 0xb8, 0x8c, 0x2d, 0x80, 0xc8, 0x30, 0x70,
    0x39, 0xc4, 0x39, 0xe5, 0x4, 0x86, 0xa2, 0x7d,
    0x0,

    /* U+5308 "匈" */
    0xc, 0x87, 0xfc, 0xe1, 0xff, 0x4f, 0xfe, 0x2,
    0x7d, 0x7e, 0xa, 0xd4, 0x68, 0x77, 0x65, 0x15,
    0x88, 0x34, 0x75, 0x7, 0xf9, 0x14, 0x1f, 0x9b,
    0xd0, 0x48, 0x6e, 0x4, 0x1f, 0x9b, 0xd0, 0x30,
    0xcf, 0xeb, 0x1c, 0x28, 0x3b, 0xc2,

    /* U+5316 "化" */
    0xf, 0xfe, 0x36, 0xc, 0x3f, 0x90, 0xf9, 0xe,
    0xa0, 0x73, 0x6, 0x44, 0x33, 0x61, 0xa0, 0xea,
    0x61, 0xb8, 0x3d, 0x87, 0x68, 0x74, 0x1f, 0xfd,
    0x3c, 0x3f, 0xf9, 0x7f, 0x90, 0xfd, 0xfd, 0x0,

    /* U+5317 "北" */
    0xe, 0xc1, 0x87, 0xff, 0x82, 0x80, 0xbe, 0xd,
    0x64, 0xb, 0xe0, 0xee, 0xf, 0xfa, 0xf, 0xfe,
    0x94, 0x6, 0xf0, 0x7c, 0x83, 0xf0, 0x4f, 0xc8,
    0x24, 0x3a, 0xfa, 0x0,

    /* U+5319 "匙" */
    0xf, 0xd4, 0xf, 0x7f, 0x21, 0xfd, 0xf2, 0x1f,
    0xef, 0x90, 0xcc, 0x1b, 0xe4, 0x2a, 0x61, 0xbe,
    0x40, 0x9a, 0x15, 0x70, 0x18, 0x35, 0x7c, 0x1a,
    0x4, 0xea, 0xf0, 0x64, 0x24, 0xf, 0xcd, 0x3,
    0x92, 0xf3, 0x7c, 0x9, 0xdb, 0xea, 0xb4, 0x14,
    0xff, 0xe4,

    /* U+5320 "匠" */
    0x3f, 0xfc, 0x83, 0xf5, 0x15, 0x21, 0xbd, 0x66,
    0x87, 0xbd, 0x44, 0x3e, 0xff, 0x7, 0xbc, 0x7c,
    0x1f, 0xfc, 0x49, 0xf, 0xe5, 0x41, 0xfe, 0x82,
    0x43, 0xd4, 0xf9, 0xfc, 0xf, 0xff, 0x0,

    /* U+5321 "匡" */
    0x3f, 0xfd, 0x5, 0xff, 0xd0, 0x4f, 0xfd, 0x6,
    0x7e, 0x3e, 0x83, 0xff, 0x8d, 0xf1, 0xf0, 0x7b,
    0xe3, 0xe0, 0xff, 0xe3, 0x5f, 0x1f, 0x83, 0x5f,
    0xf8, 0x37, 0xff, 0x82, 0xff, 0xf0,

    /* U+5323 "匣" */
    0x3f, 0xfd, 0x5, 0xff, 0xd0, 0x6f, 0xfc, 0x1e,
    0xf8, 0xf0, 0x7d, 0xf1, 0xe0, 0xfb, 0xe3, 0xc1,
    0xf2, 0x21, 0xfe, 0xb8, 0xf0, 0x7b, 0xf1, 0xf0,
    0x7e, 0x43, 0xf7, 0xe8, 0xfc, 0x17, 0xff, 0x80,

    /* U+532A "匪" */
    0x3f, 0xfe, 0xb, 0xe7, 0xcf, 0xc1, 0x3e, 0x40,
    0xfa, 0x9, 0xf0, 0x6f, 0x41, 0xff, 0xc4, 0x7c,
    0x1b, 0xc8, 0x4f, 0x6, 0xf2, 0x17, 0xa0, 0xdf,
    0x5, 0xc4, 0x17, 0xc1, 0xb9, 0x2, 0x1e, 0xdb,
    0xe7, 0xe0, 0xbf, 0xfc, 0x0,

    /* U+5339 "匹" */
    0xf, 0xfe, 0x17, 0xff, 0x90, 0xbc, 0x59, 0x79,
    0xf, 0xfe, 0xa2, 0x1c, 0x87, 0xf6, 0x30, 0x6e,
    0x4, 0xf4, 0xa, 0x50, 0x1f, 0x90, 0xa8, 0x1f,
    0xf7, 0xff, 0x82, 0xff, 0xf0,

    /* U+533A "区" */
    0x3f, 0xfd, 0x5, 0xdf, 0xd7, 0x6, 0xf0, 0x56,
    0x1e, 0xa6, 0x2a, 0xf, 0x9b, 0xa0, 0x7f, 0x20,
    0x43, 0xfa, 0x1c, 0x3f, 0x4f, 0x10, 0x7b, 0x70,
    0x6a, 0xe, 0x70, 0xd2, 0x1b, 0x7f, 0xaf, 0x5,
    0xff, 0xe0,

    /* U+533B "医" */
    0xff, 0xf9, 0x2e, 0x9f, 0xe4, 0x2a, 0x7f, 0x21,
    0x47, 0x8f, 0x90, 0xd8, 0x7f, 0x6f, 0xc7, 0xe4,
    0xfc, 0x8f, 0xc8, 0x65, 0x46, 0x86, 0x6a, 0x6e,
    0xc2, 0x8d, 0xb, 0x41, 0xf, 0xf9, 0x8b, 0xff,
    0xa0,

    /* U+533F "匿" */
    0x3f, 0xfe, 0xb, 0xd1, 0xe8, 0xf0, 0x5e, 0x8f,
    0x47, 0x82, 0xf4, 0x4c, 0x78, 0x26, 0xd9, 0xda,
    0x6, 0xf2, 0xaf, 0xc1, 0x2b, 0x1a, 0xb4, 0x2b,
    0x5, 0x64, 0x35, 0xc7, 0xe0, 0xfd, 0x7e, 0x83,
    0x7d, 0x5e, 0xd0, 0x7f, 0xf9,

    /* U+5341 "十" */
    0xe, 0x70, 0xff, 0xf4, 0xbf, 0xa3, 0xf9, 0xfd,
    0x1f, 0xc1, 0xff, 0xfc,

    /* U+5343 "千" */
    0xf, 0xf2, 0x1f, 0x37, 0xc0, 0xbf, 0x5f, 0x40,
    0xa7, 0xa1, 0xf, 0x21, 0xff, 0xca, 0xfd, 0x1f,
    0xc7, 0xe8, 0xfe, 0xf, 0xff, 0x80,

    /* U+5347 "升" */
    0xe, 0x63, 0xf, 0xae, 0xc3, 0xef, 0x26, 0x87,
    0xde, 0x90, 0xff, 0xeb, 0x3e, 0x9f, 0x8f, 0x87,
    0xca, 0xf8, 0xf8, 0x3b, 0xf, 0xf9, 0x41, 0xfe,
    0xd0, 0xff, 0x64, 0x1f, 0xd3, 0x87, 0xf8,

    /* U+5348 "午" */
    0xa, 0xf, 0xf9, 0xf, 0xf4, 0x7f, 0xa0, 0x9b,
    0xc7, 0xd0, 0x25, 0x7, 0xe5, 0x41, 0xfc, 0xe1,
    0xfe, 0xbf, 0x8f, 0xeb, 0xf8, 0xfe, 0xf, 0xff,
    0x20,

    /* U+534A "半" */
    0xe, 0x90, 0xf6, 0x87, 0x9c, 0x14, 0xf, 0x50,
    0xa, 0x83, 0x42, 0x14, 0x86, 0x70, 0xe8, 0x19,
    0x86, 0xf5, 0xab, 0xe8, 0x1f, 0x9b, 0xe8, 0xfe,
    0x6f, 0xd7, 0xf3, 0x7e, 0x83, 0xff, 0xb0,

    /* U+534E "华" */
    0xf, 0xfe, 0x2c, 0x6, 0xf, 0xc8, 0x74, 0x1d,
    0x21, 0xa0, 0xe5, 0x61, 0x24, 0x13, 0x4, 0xcc,
    0x13, 0x47, 0xe4, 0x32, 0xb4, 0xf5, 0x8a, 0x83,
    0xe8, 0xc1, 0xa7, 0x9b, 0x6b, 0xb3, 0xf9, 0xbf,
    0x83, 0xff, 0xb6,

    /* U+5353 "卓" */
    0xf, 0x68, 0x7f, 0xf0, 0x6f, 0xc8, 0x7e, 0xae,
    0x43, 0x54, 0x5f, 0x7, 0x2b, 0xd4, 0xf0, 0x7e,
    0xaf, 0x21, 0xf5, 0x79, 0xf, 0xab, 0xc8, 0x73,
    0x52, 0xaa, 0x42, 0xa7, 0xca, 0xfa, 0x80, 0xfe,
    0x57, 0xf0, 0x17, 0x80, 0xbc, 0x1f, 0xfc, 0x30,

    /* U+5355 "单" */
    0xc, 0x87, 0xff, 0x2, 0x41, 0x21, 0xf5, 0x5,
    0x83, 0x9e, 0x38, 0xf0, 0x7b, 0xcd, 0xe0, 0xfb,
    0xcd, 0xe0, 0xfb, 0xcd, 0xe0, 0xfb, 0xcd, 0xe0,
    0xe7, 0xe6, 0xf8, 0x2f, 0xe6, 0xfe, 0x3f, 0x9b,
    0xf8, 0x3f, 0xf9, 0xc0,

    /* U+5356 "卖" */
    0xf, 0x68, 0x7f, 0xf1, 0xdf, 0xc5, 0xf8, 0xf,
    0xe2, 0xfc, 0xf, 0xe2, 0xfc, 0x9f, 0x16, 0x7c,
    0x1a, 0x9c, 0x86, 0x50, 0x21, 0xd0, 0xd0, 0x3c,
    0xde, 0x3f, 0x8f, 0xe2, 0x9f, 0x83, 0xb5, 0x7a,
    0x9, 0xbd, 0x42, 0xcc, 0x19, 0x68, 0x6a, 0x20,

    /* U+535A "博" */
    0x6, 0x1d, 0x90, 0x7a, 0xf8, 0xde, 0xd, 0x58,
    0xac, 0x22, 0xaa, 0x2a, 0x18, 0xb3, 0xc7, 0x80,
    0xe7, 0x1e, 0x3c, 0x1f, 0xbc, 0x78, 0x3f, 0x78,
    0xf0, 0x7d, 0xfc, 0x41, 0xdf, 0xe2, 0xc3, 0x71,
    0x78, 0xf0, 0x73, 0x61, 0xff, 0x33, 0x84,

    /* U+535C "卜" */
    0x30, 0xff, 0xea, 0x48, 0x7b, 0xa0, 0x73, 0x9a,
    0x1d, 0x52, 0x1c, 0xc1, 0xf2, 0x83, 0xff, 0x98,

    /* U+5360 "占" */
    0xd, 0x87, 0xff, 0x57, 0xfc, 0x1d, 0xfe, 0xf,
    0xfe, 0x5f, 0xc7, 0xf0, 0x5f, 0xf0, 0x7f, 0xf2,
    0x50, 0xdf, 0xe8, 0x37, 0xfc, 0x16, 0x1f, 0x60,

    /* U+5361 "卡" */
    0xe, 0xc3, 0xff, 0x98, 0xbc, 0x1f, 0x56, 0xc3,
    0xef, 0xd0, 0x72, 0x1f, 0x7e, 0x8f, 0xff, 0x8e,
    0xfc, 0x1e, 0x6d, 0xf, 0xcf, 0x44, 0x3f, 0x9d,
    0xf, 0xfe, 0x68,

    /* U+5366 "卦" */
    0xd, 0x21, 0x48, 0x7f, 0xf1, 0x9f, 0x37, 0x83,
    0xe7, 0xcd, 0xe0, 0xff, 0xe2, 0x48, 0x5f, 0x37,
    0xc3, 0x5, 0xf3, 0x7c, 0x76, 0x1f, 0xfc, 0x4,
    0x27, 0xcd, 0xe4, 0x2c, 0xf, 0x9b, 0xc8, 0x7f,
    0xf0, 0x14, 0x1e, 0xa6, 0xdf, 0x7, 0xdd, 0xf5,
    0x3, 0x80,

    /* U+5367 "卧" */
    0xf, 0xd8, 0x77, 0xf8, 0x3f, 0x71, 0xe0, 0xff,
    0xe4, 0xf1, 0xa0, 0x83, 0xbe, 0x43, 0x41, 0xff,
    0x44, 0x1f, 0xf4, 0x85, 0xf2, 0x1d, 0x5, 0xc6,
    0x86, 0x43, 0xff, 0x89, 0xc7, 0x83, 0xef, 0xf0,
    0x78,

    /* U+536B "卫" */
    0xf, 0xfe, 0x13, 0xff, 0xc8, 0x1f, 0x9b, 0xe4,
    0x3f, 0xf8, 0x8, 0x7f, 0xf0, 0x50, 0xff, 0xe5,
    0x28, 0x3f, 0xee, 0x81, 0xfe, 0xb4, 0x3f, 0xf8,
    0x9f, 0x9b, 0xfc, 0x7f, 0xff, 0x0,

    /* U+5370 "印" */
    0x9, 0x83, 0xcd, 0xdf, 0xe2, 0x3c, 0x97, 0x82,
    0x83, 0xff, 0x93, 0xf2, 0x1f, 0x7c, 0x87, 0xff,
    0x46, 0xa4, 0x3f, 0xf8, 0x36, 0x95, 0x90, 0x5c,
    0x21, 0xfe,

    /* U+5371 "危" */
    0xf, 0xfe, 0x2e, 0xbc, 0x1e, 0x8a, 0xe0, 0xe5,
    0x7e, 0x50, 0x66, 0x3f, 0x2b, 0xd0, 0x23, 0xff,
    0x42, 0x81, 0xfd, 0x7, 0xef, 0xa0, 0xe4, 0x3d,
    0x87, 0x90, 0x9d, 0x98, 0x16, 0x5, 0x78, 0xc1,
    0x8, 0xdf, 0x98, 0xf0, 0x2f, 0xf0,

    /* U+5373 "即" */
    0x7, 0xf1, 0xfa, 0xb, 0xe0, 0xbd, 0x21, 0xff,
    0xc4, 0xf8, 0x3f, 0xdf, 0x7, 0xfb, 0xe0, 0xff,
    0x55, 0x87, 0xf2, 0xa0, 0xff, 0xe0, 0x30, 0x4e,
    0x19, 0x94, 0x16, 0x46, 0x44, 0xc0, 0xa2, 0x7d,
    0x34, 0xe,

    /* U+5375 "卵" */
    0xf, 0x21, 0xfe, 0x79, 0xfc, 0x17, 0x74, 0x4f,
    0x7, 0x50, 0xc0, 0x87, 0xa8, 0x1b, 0x43, 0xa4,
    0x37, 0x83, 0xec, 0x25, 0x7, 0xbc, 0x1a, 0x9,
    0x2e, 0xc, 0x85, 0xbe, 0x30, 0xfa, 0x8c, 0x20,
    0x70, 0xce, 0xe1, 0x3e, 0x7, 0xac, 0x3f, 0xb9,
    0xd, 0x86,

    /* U+5377 "卷" */
    0xf, 0x21, 0xfe, 0x63, 0x54, 0x1f, 0x58, 0x89,
    0x86, 0x72, 0xcb, 0x48, 0x27, 0xe5, 0x4f, 0xa0,
    0xab, 0x2b, 0x6b, 0x2, 0x9b, 0x76, 0xf4, 0x9,
    0x8b, 0xe2, 0x81, 0x76, 0xdf, 0x19, 0x81, 0xc3,
    0x21, 0x58, 0x20, 0xef, 0x26, 0x1f, 0xd7, 0x21,
    0xf7, 0x7e, 0xa0, 0x0,

    /* U+5382 "厂" */
    0x7, 0xff, 0xc1, 0x5f, 0xfc, 0x12, 0x1f, 0xff,
    0xf4, 0x3f, 0xf8, 0x1a, 0x1f, 0xf3, 0x87, 0xfc,
    0xa0, 0xff, 0x0,

    /* U+5385 "厅" */
    0x7, 0xff, 0xa0, 0xbf, 0xfa, 0xf, 0xfe, 0x23,
    0xff, 0x83, 0x3f, 0x17, 0xc1, 0xfc, 0x87, 0xff,
    0x82, 0x43, 0xfe, 0x60, 0xff, 0x28, 0x27, 0xf,
    0x0,

    /* U+5386 "历" */
    0x7, 0xff, 0xa0, 0xbf, 0x3f, 0xa0, 0xf9, 0xf,
    0xcf, 0xc7, 0xe0, 0xcf, 0xa3, 0xd0, 0x7f, 0x21,
    0x21, 0xf6, 0x1f, 0xfc, 0x7, 0xf, 0xfe, 0x2,
    0xf, 0x1, 0x40, 0xd0, 0xfa, 0xc8, 0x82, 0x50,
    0x8b, 0x60, 0xb0, 0x9c, 0x70, 0xaf, 0x0,

    /* U+5389 "厉" */
    0x7, 0xff, 0xa0, 0xbf, 0xfa, 0xa, 0xff, 0xc8,
    0x57, 0x8f, 0xe4, 0x3f, 0xf9, 0x1f, 0x83, 0xfb,
    0xe0, 0xfc, 0x87, 0xff, 0x3, 0x43, 0xe4, 0x26,
    0xf, 0xa8, 0x68, 0x4a, 0x2, 0xf4, 0xe, 0xc0,
    0xc3, 0x5, 0xe4, 0x0,

    /* U+538B "压" */
    0x7, 0xff, 0x90, 0xbf, 0x5f, 0x90, 0xfa, 0xf,
    0xfe, 0xb5, 0xf1, 0xf8, 0x35, 0xf1, 0xf8, 0x3f,
    0xda, 0x12, 0x1f, 0x50, 0x2d, 0xf, 0x30, 0x14,
    0x7e, 0x3d, 0x73, 0x4f, 0xfe, 0x80,

    /* U+5398 "厘" */
    0x7, 0xff, 0xc1, 0xbf, 0xfc, 0x1d, 0xff, 0x83,
    0xef, 0x17, 0x83, 0xf7, 0x8b, 0xc1, 0xfb, 0xc7,
    0xc1, 0xfb, 0xc7, 0xc1, 0xf7, 0xc5, 0xf0, 0x73,
    0xf1, 0x7c, 0x12, 0xdf, 0x1f, 0x82, 0xbf, 0x8f,
    0xe0, 0x2b, 0xff, 0xc0,

    /* U+539A "厚" */
    0x7, 0xff, 0xa0, 0xd8, 0x7d, 0x40, 0xf5, 0x70,
    0x7f, 0x57, 0x7, 0xf7, 0xf0, 0x7f, 0x7f, 0x7,
    0xe5, 0xf8, 0x3e, 0xbe, 0x50, 0x87, 0x7a, 0xa0,
    0x3e, 0x2, 0xbf, 0x2b, 0xf0, 0x2c, 0x3f, 0xf8,
    0x28, 0x5b, 0x87, 0xb0, 0xde, 0x43, 0x80,

    /* U+539F "原" */
    0x7, 0xff, 0xa0, 0xaf, 0x8b, 0xe8, 0x37, 0xc5,
    0xe0, 0xfb, 0xf8, 0x3f, 0x7f, 0x7, 0xef, 0xe0,
    0xfd, 0xfc, 0x1e, 0x7b, 0x29, 0x87, 0xd0, 0x5e,
    0x9, 0x7, 0x5, 0x4c, 0x13, 0xc8, 0x66, 0x46,
    0xd5, 0x88, 0x14, 0x41, 0x3e, 0xe,

    /* U+53A8 "厨" */
    0x7, 0xff, 0xc1, 0xbf, 0xf5, 0x86, 0xae, 0xa,
    0xe, 0xc3, 0x7c, 0x61, 0xeb, 0x7e, 0x30, 0xf9,
    0x10, 0xfe, 0x7c, 0xc, 0x3e, 0x6e, 0x8a, 0x83,
    0x20, 0x8c, 0x14, 0xd, 0xa5, 0x1d, 0xf, 0x3e,
    0x95, 0xa2, 0x12, 0xdf, 0x49, 0xc8, 0x18, 0x3e,
    0xf4, 0x0,

    /* U+53BB "去" */
    0xe, 0x60, 0xff, 0xea, 0xbf, 0x4f, 0xc8, 0x4f,
    0xd3, 0xf2, 0x1f, 0xfc, 0x3f, 0xe9, 0xfe, 0x3f,
    0x27, 0xf8, 0x39, 0xc1, 0x7, 0xd2, 0x17, 0x90,
    0xa8, 0x95, 0x88, 0x24, 0x4f, 0xe6, 0x7, 0x52,
    0xc0, 0xa0,

    /* U+53BF "县" */
    0xa, 0xff, 0x21, 0xeb, 0xf2, 0x1f, 0x5f, 0x90,
    0xfa, 0xfc, 0x87, 0xd7, 0xe4, 0x3e, 0xbf, 0x21,
    0xf6, 0x1d, 0x85, 0xe5, 0x7e, 0x57, 0x1f, 0x87,
    0xfa, 0xd, 0xb0, 0xe8, 0x67, 0x5, 0xc4, 0x86,
    0x57, 0xaf, 0xa0, 0x9a, 0x2c, 0x16, 0x0,

    /* U+53C2 "参" */
    0xf, 0xfe, 0x3b, 0x87, 0xfc, 0xd9, 0x40, 0xf3,
    0x46, 0x83, 0x87, 0x3d, 0xbf, 0x28, 0x2f, 0x54,
    0x53, 0x6c, 0x1f, 0x27, 0x17, 0xc1, 0xb3, 0x7a,
    0x90, 0x3e, 0xaf, 0x65, 0xaa, 0xaf, 0x5a, 0xde,
    0x45, 0x57, 0x76, 0x1e, 0xba, 0xd8, 0x79, 0x8a,
    0xb0, 0xfb, 0xf9, 0xf, 0x0,

    /* U+53C8 "又" */
    0x2, 0xfe, 0xd, 0x5f, 0x83, 0x67, 0xe9, 0xf,
    0x21, 0x58, 0x75, 0x0, 0x88, 0x72, 0x24, 0x87,
    0xd5, 0x10, 0x7c, 0x8e, 0x1f, 0xa0, 0x41, 0xe7,
    0x7c, 0x68, 0x1e, 0x98, 0x2a, 0xd5, 0x68, 0x67,
    0x80,

    /* U+53CB "友" */
    0xf, 0xfe, 0x33, 0x7, 0xff, 0x2f, 0xe9, 0xff,
    0x40, 0xf8, 0xbf, 0xd0, 0x79, 0xf, 0xf9, 0x3f,
    0xa0, 0xf4, 0x9f, 0x18, 0x72, 0x42, 0x22, 0x1d,
    0x65, 0x1a, 0x7, 0x70, 0x15, 0x28, 0x3b, 0x41,
    0x2e, 0xf, 0x5e, 0x3b, 0xb9, 0xd, 0x70, 0x5e,
    0x30,

    /* U+53CC "双" */
    0x3f, 0xaf, 0xe0, 0xbf, 0x13, 0x78, 0x3b, 0xd,
    0xe1, 0x41, 0xad, 0x2, 0x8f, 0x6, 0x68, 0x86,
    0x50, 0x72, 0x1a, 0xc3, 0xe4, 0x40, 0x90, 0x7a,
    0xd8, 0x4c, 0x3b, 0x8c, 0x14, 0x43, 0x6a, 0x1b,
    0x9b, 0x9, 0x82, 0xd4, 0x2b, 0x4, 0x1a, 0x81,
    0x50,

    /* U+53CD "反" */
    0x3, 0xff, 0xc1, 0xef, 0xfc, 0x1f, 0xfd, 0x6f,
    0xf9, 0xf, 0x6a, 0xf8, 0x43, 0xe9, 0x4, 0x87,
    0x90, 0x30, 0xc1, 0xd8, 0x53, 0xa1, 0xe7, 0xf,
    0xfa, 0x15, 0x76, 0xf0, 0x4f, 0x43, 0x4e, 0x30,
    0x65, 0xc1, 0x9b, 0x0,

    /* U+53D1 "发" */
    0xf, 0x21, 0xfe, 0xc1, 0x1a, 0x1e, 0x43, 0xb9,
    0xe, 0xa0, 0xa0, 0x41, 0xf5, 0xcf, 0xa9, 0xc1,
    0x7c, 0x7f, 0xa0, 0xe4, 0xfe, 0xf, 0xb4, 0xf3,
    0x7, 0x95, 0x32, 0xc1, 0xea, 0x13, 0x61, 0xed,
    0x42, 0x8, 0x3b, 0x67, 0xbc, 0x70, 0x5c, 0xf6,
    0xb, 0x20,

    /* U+53D4 "叔" */
    0xa, 0x81, 0xff, 0xc4, 0xbf, 0x21, 0xcf, 0xa2,
    0xc3, 0xe7, 0xc0, 0x40, 0x87, 0xf2, 0x83, 0xad,
    0x5f, 0x1a, 0x1a, 0xf1, 0xf9, 0xd0, 0xd2, 0x50,
    0x46, 0xc, 0xa2, 0x50, 0x87, 0x21, 0xac, 0x43,
    0xa8, 0x13, 0xe5, 0x61, 0x68, 0x6d, 0xa1, 0x4,
    0xe0, 0x48, 0x18, 0x67, 0xc3, 0x6, 0x80,

    /* U+53D6 "取" */
    0x7f, 0xe0, 0xf3, 0x9f, 0x15, 0xc8, 0x7f, 0x3e,
    0x43, 0xbe, 0x11, 0x42, 0x1b, 0xe0, 0xff, 0xe2,
    0x28, 0x3e, 0xf8, 0x1c, 0xa0, 0xef, 0x80, 0x94,
    0xf, 0x90, 0x90, 0xe4, 0xf8, 0xa, 0x20, 0xbb,
    0xd0, 0xd3, 0x60, 0x48, 0x76, 0x9e, 0x0,

    /* U+53D7 "受" */
    0xf, 0xfe, 0x1a, 0xea, 0x7a, 0xa, 0x9e, 0xbe,
    0x20, 0xa0, 0x4e, 0xa0, 0xf6, 0x92, 0x58, 0x6f,
    0x1e, 0x33, 0xc8, 0x5f, 0xf8, 0x35, 0x3f, 0xd6,
    0x81, 0x95, 0xf1, 0x87, 0xa6, 0x39, 0xf, 0xb7,
    0x50, 0x73, 0x79, 0x9e, 0x51, 0x42, 0xe7, 0xf8,

    /* U+53D8 "变" */
    0xe, 0x50, 0x7f, 0xf0, 0x19, 0xf, 0xbf, 0x8b,
    0xf8, 0x1f, 0x8e, 0x7f, 0x6, 0xc3, 0xda, 0x1b,
    0x83, 0xdc, 0x14, 0xa1, 0x10, 0xa8, 0xa, 0x79,
    0xf3, 0x8c, 0x1b, 0x4f, 0x21, 0xfd, 0x3c, 0xe1,
    0xfd, 0x8a, 0xf, 0x2a, 0xfc, 0x72, 0x81, 0xfa,
    0x5, 0xf8,

    /* U+53D9 "叙" */
    0xf, 0xfe, 0x2d, 0x3, 0xfe, 0x51, 0xbf, 0xc1,
    0x37, 0x23, 0x78, 0x26, 0x3c, 0x9e, 0x10, 0x9f,
    0x4e, 0xb1, 0xa1, 0x2b, 0x50, 0x67, 0xa, 0x89,
    0x41, 0x42, 0x17, 0x2d, 0x14, 0xe, 0x6c, 0xf0,
    0x48, 0x4d, 0x0, 0xd4, 0x28, 0xe, 0x84, 0x8f,
    0xa4, 0x2a, 0x1, 0x30, 0x70,

    /* U+53E0 "叠" */
    0xb, 0xff, 0x41, 0xda, 0x1c, 0xc1, 0xad, 0x1b,
    0x8c, 0x32, 0x13, 0xe9, 0x20, 0x90, 0xac, 0x34,
    0x9, 0xa, 0x81, 0xb0, 0x94, 0x1f, 0x41, 0x78,
    0x5f, 0xa, 0x2, 0x85, 0xf0, 0x20, 0xf2, 0xf0,
    0x77, 0x91, 0x78, 0xf2, 0x7f, 0xff, 0x1,

    /* U+53E3 "口" */
    0x3f, 0xf8, 0x1f, 0xf0, 0x7f, 0xfc, 0xff, 0xe0,
    0x3f, 0xf2,

    /* U+53E4 "古" */
    0xe, 0x90, 0xff, 0xe8, 0xff, 0x37, 0xeb, 0xf9,
    0xbf, 0x41, 0xff, 0xce, 0xf9, 0xbe, 0xe, 0xff,
    0x7, 0xff, 0x4b, 0xfc, 0x1e, 0xff, 0x4,

    /* U+53EA "只" */
    0xb, 0xff, 0x7, 0xbf, 0xc1, 0xff, 0xe2, 0xff,
    0x7, 0xbd, 0x7a, 0x98, 0x79, 0x81, 0xc1, 0xe6,
    0xc1, 0x3a, 0x15, 0x30, 0xd5, 0x3, 0x30, 0xf3,
    0x67, 0x7, 0xe7,

    /* U+53EB "叫" */
    0xf, 0xf6, 0x1f, 0xc8, 0x7b, 0xf0, 0x20, 0xfb,
    0xc1, 0xff, 0xef, 0x42, 0xf0, 0x23, 0xc6, 0x17,
    0x9, 0x78, 0x80, 0x8b, 0x48, 0x7a, 0x4, 0x1f,
    0xfc, 0x90,

    /* U+53EC "召" */
    0x3f, 0xfc, 0xf, 0xc7, 0xe0, 0xf2, 0x83, 0xfd,
    0x61, 0x28, 0x27, 0x5b, 0xd6, 0x5d, 0x43, 0xf2,
    0x73, 0x7f, 0xa1, 0x45, 0xfd, 0x7, 0xff, 0x46,
    0xfe, 0x83, 0xaf, 0xe8, 0x34, 0x87, 0x30,

    /* U+53EF "可" */
    0xbf, 0xfe, 0xbf, 0xf1, 0xe0, 0xff, 0xe1, 0x7f,
    0x7, 0xef, 0x83, 0xff, 0xab, 0xf0, 0x7f, 0x5e,
    0xf, 0xda, 0xc, 0x3f, 0xf9, 0x9e, 0x8,

    /* U+53F0 "台" */
    0xe, 0x43, 0xfc, 0xc1, 0xfe, 0xa0, 0x7f, 0x22,
    0x3a, 0x1d, 0x41, 0x19, 0x7, 0x8b, 0xb1, 0x81,
    0xfe, 0xa9, 0x40, 0xff, 0xd2, 0x17, 0xf8, 0x3f,
    0xfa, 0x5f, 0xe0, 0xf7, 0xf8, 0x20,

    /* U+53F2 "史" */
    0xf, 0x61, 0xff, 0xce, 0x43, 0xef, 0xc5, 0xf0,
    0x75, 0xe3, 0xe0, 0xff, 0xe3, 0xde, 0x3e, 0xe,
    0xfc, 0x7e, 0xc, 0xe1, 0xff, 0x2b, 0x90, 0xfe,
    0x84, 0x3f, 0x9c, 0x8e, 0x43, 0x7a, 0xdb, 0xfa,
    0x39, 0xc, 0xde, 0x80,

    /* U+53F3 "右" */
    0xe, 0x43, 0xfe, 0x83, 0xfc, 0x87, 0xef, 0xa3,
    0xfc, 0x7c, 0x7f, 0xc1, 0x28, 0x3f, 0xd3, 0xfd,
    0x5, 0x8f, 0xe8, 0x2e, 0x43, 0xf5, 0x10, 0xfe,
    0x90, 0xff, 0xe1, 0x3f, 0xa0, 0xf3, 0xfa, 0x0,

    /* U+53F6 "叶" */
    0xf, 0xb0, 0xff, 0xe2, 0x7e, 0xf, 0xef, 0x7,
    0xff, 0x15, 0xf, 0xbe, 0x2f, 0x41, 0xbe, 0x3e,
    0x83, 0xff, 0x83, 0xe0, 0xff, 0x78, 0x3f, 0xb0,
    0x61, 0xff, 0xd4,

    /* U+53F7 "号" */
    0xa, 0xff, 0x41, 0xf5, 0xfa, 0xf, 0xda, 0xec,
    0x3e, 0xcf, 0xc6, 0x1b, 0xd2, 0xfa, 0xf0, 0x3c,
    0x9f, 0xf8, 0x39, 0xf, 0xfe, 0x2, 0xbf, 0xc1,
    0xf7, 0xf8, 0x3e, 0xc3, 0x90, 0xff, 0x93, 0x43,
    0xfd, 0x6c, 0x10,

    /* U+53F8 "司" */
    0x3f, 0xfd, 0x1f, 0xfc, 0x83, 0xff, 0x58, 0x2b,
    0xf8, 0x25, 0xfc, 0x1d, 0xfe, 0x43, 0xd7, 0xc1,
    0xff, 0xc8, 0xbe, 0xf, 0xd7, 0xc1, 0xf6, 0x85,
    0xa6, 0x1f, 0xce, 0xe0,

    /* U+53FC "叼" */
    0xe, 0x6b, 0xc7, 0xe7, 0xf9, 0x7, 0x80, 0xbc,
    0x1f, 0xce, 0x1f, 0xea, 0x21, 0xfa, 0x10, 0xfe,
    0x70, 0xef, 0x2, 0x43, 0x9f, 0x2d, 0x7, 0x40,
    0xa2, 0x19, 0xe, 0xe1, 0x30, 0xfe, 0xf3, 0x0,

    /* U+5403 "吃" */
    0xf, 0x41, 0xe5, 0x4, 0x87, 0x74, 0xc8, 0xfd,
    0x1e, 0x3, 0xfd, 0x6, 0xa0, 0x7f, 0xbb, 0xf2,
    0x1c, 0xfc, 0x28, 0x3f, 0x74, 0xb, 0xc1, 0x79,
    0xd, 0x60, 0xf0, 0x4d, 0xa4, 0xa0, 0xd8, 0x65,
    0xbf, 0x30, 0x77, 0xf8,

    /* U+5404 "各" */
    0xe, 0x43, 0xff, 0x80, 0xc1, 0xff, 0xc0, 0x8f,
    0xe0, 0xf6, 0xf, 0x84, 0x3b, 0x77, 0x36, 0xe,
    0xa1, 0x19, 0x7, 0x95, 0x6c, 0x70, 0x6b, 0x8e,
    0x78, 0xf2, 0x5e, 0x7f, 0x4f, 0x90, 0xef, 0xd0,
    0x7f, 0xf2, 0xff, 0x41, 0xfd, 0xfa, 0xf, 0xd8,
    0x67, 0x8,

    /* U+5408 "合" */
    0xf, 0xfe, 0x45, 0x3, 0xfe, 0x58, 0x3f, 0xcd,
    0xd8, 0x7e, 0xa6, 0x36, 0x87, 0x4e, 0x13, 0x50,
    0x59, 0x7f, 0x50, 0xc1, 0x47, 0xfc, 0xd8, 0x10,
    0xff, 0xe1, 0xff, 0xe0, 0xfb, 0xfc, 0x1f, 0xfc,
    0xaf, 0xf0, 0x7e, 0xff, 0x7, 0xd8, 0x7b, 0x8,

    /* U+540A "吊" */
    0x3f, 0xf0, 0x6f, 0xf0, 0x7f, 0xf1, 0x3f, 0xc1,
    0xbe, 0x2f, 0x83, 0xff, 0x83, 0xf8, 0xbf, 0x3,
    0xe2, 0xf8, 0x3f, 0xf9, 0x16, 0x1f, 0xd7, 0x8c,
    0x3f, 0xc0,

    /* U+540C "同" */
    0x3f, 0xfc, 0x83, 0xff, 0x7, 0x2f, 0x83, 0xd5,
    0xf0, 0x77, 0xfa, 0xe, 0x7f, 0x83, 0xf7, 0xc1,
    0xff, 0xc9, 0xf8, 0x3e, 0x7f, 0x83, 0xff, 0x96,
    0xe2,

    /* U+540D "名" */
    0xf, 0x28, 0x3f, 0xd0, 0x7f, 0x39, 0x7c, 0x85,
    0x57, 0xc8, 0x8e, 0x72, 0x4e, 0x7, 0x8a, 0x66,
    0x1c, 0xf3, 0xc1, 0xbe, 0x3, 0xf8, 0x1e, 0x8f,
    0xe1, 0xf, 0xfe, 0x8f, 0xf0, 0x7d, 0xfc, 0x0,

    /* U+540E "后" */
    0xf, 0xf3, 0x7, 0xca, 0xbd, 0x61, 0x9f, 0x59,
    0x79, 0xf, 0x7a, 0x88, 0x7f, 0x7f, 0xf0, 0x77,
    0xff, 0x7, 0xff, 0x23, 0xfe, 0xe, 0x41, 0xfc,
    0x1d, 0x87, 0xff, 0x5, 0x83, 0xfe, 0x90, 0xbf,
    0x83, 0xa0, 0xbf, 0x82,

    /* U+5410 "吐" */
    0xf, 0xb0, 0xff, 0xe2, 0x7e, 0xf, 0xef, 0x7,
    0xff, 0x36, 0xf1, 0xf0, 0x75, 0xe3, 0xe0, 0xff,
    0xe1, 0x78, 0x3f, 0xd6, 0x1f, 0xda, 0x61, 0xff,
    0x3f, 0x1f, 0x82, 0x7f, 0xf0,

    /* U+5411 "向" */
    0xe, 0x83, 0xfe, 0x43, 0xef, 0xc7, 0xf0, 0x55,
    0xf8, 0x32, 0xfe, 0xe, 0x7f, 0x7, 0xf7, 0x84,
    0x3f, 0xfa, 0x9e, 0xf, 0xcf, 0xe4, 0x3f, 0xf9,
    0x76, 0x0,

    /* U+5413 "吓" */
    0xd, 0xff, 0xaf, 0xf1, 0xf9, 0xb0, 0xff, 0xe2,
    0xa1, 0xff, 0x50, 0x3f, 0xd9, 0x7, 0xfa, 0x51,
    0x61, 0xf6, 0x94, 0xf, 0xed, 0x58, 0x7f, 0xf5,
    0x0,

    /* U+5417 "吗" */
    0xd, 0x7f, 0x3, 0xf5, 0x3e, 0xd, 0xe0, 0x41,
    0xff, 0xc2, 0x50, 0x7f, 0xf2, 0x3d, 0x3a, 0x1d,
    0xfc, 0x15, 0x3, 0xff, 0x83, 0x7e, 0x46, 0xbb,
    0xf2, 0x4, 0x8, 0x72, 0x1f, 0xee, 0x80,

    /* U+541B "君" */
    0x3, 0xff, 0x90, 0xcf, 0xc7, 0xc1, 0xdf, 0xc7,
    0xc5, 0x83, 0xf4, 0x7c, 0x58, 0x7c, 0x87, 0xf3,
    0xe9, 0xf8, 0x43, 0x3a, 0x7f, 0x7, 0xa4, 0xfe,
    0x82, 0x71, 0xbf, 0x21, 0xba, 0x7, 0xfd, 0x20,
    0xbf, 0x21, 0xfa, 0xfc, 0x87, 0xd2, 0x1a, 0x80,

    /* U+5426 "否" */
    0x3f, 0xfe, 0x81, 0xfc, 0x5f, 0xa0, 0xf6, 0x9,
    0xf, 0x9d, 0x47, 0x40, 0xea, 0xc0, 0x73, 0xb,
    0x34, 0x3a, 0x98, 0x3f, 0x9b, 0xe7, 0xe, 0xff,
    0x7, 0xff, 0x63, 0xfc, 0x1f, 0xbf, 0xc1, 0xe7,
    0xf, 0x61, 0x0,

    /* U+5428 "吨" */
    0xf, 0xb0, 0xff, 0xe3, 0x7c, 0x1f, 0xf6, 0x5f,
    0x1f, 0x41, 0xa9, 0xe3, 0xd4, 0xe, 0x83, 0xa0,
    0xff, 0xe4, 0x48, 0xc1, 0xb0, 0x46, 0x61, 0xd8,
    0x1a, 0x14, 0xc1, 0x98, 0x7e, 0xc3, 0xfe, 0x43,
    0xf9, 0xf5, 0x0,

    /* U+5429 "吩" */
    0xf, 0x5f, 0x5, 0xf8, 0x2f, 0x7, 0x78, 0x10,
    0x7f, 0xf0, 0x18, 0x14, 0xf, 0x48, 0x4b, 0x7,
    0x2b, 0xf3, 0x7, 0x79, 0x5b, 0xe0, 0x78, 0x36,
    0x1e, 0xf0, 0x4a, 0xe, 0x81, 0x92, 0x1e, 0x42,
    0x98, 0xa, 0xe, 0x4c, 0xb4, 0x20,

    /* U+542B "含" */
    0xf, 0xfe, 0x47, 0x7, 0xfd, 0xac, 0x1f, 0x9d,
    0xba, 0x7, 0xa8, 0x3e, 0x1e, 0x3, 0x9f, 0xf8,
    0xc7, 0x3f, 0xf5, 0x85, 0x7e, 0x92, 0xf, 0xa9,
    0xc6, 0x87, 0x97, 0x5a, 0x1e, 0x60, 0x35, 0x61,
    0xf7, 0xf8, 0x3f, 0x7f, 0x83, 0xf7, 0xf8, 0x30,

    /* U+542C "听" */
    0xf, 0xf4, 0x87, 0x95, 0x78, 0x47, 0xe2, 0xcb,
    0x83, 0x61, 0x51, 0xf, 0xf2, 0x1f, 0xfc, 0xb,
    0xf8, 0x3e, 0xbc, 0x78, 0x2c, 0x3f, 0xf8, 0x10,
    0x48, 0x79, 0xdc, 0x3f, 0xf8, 0x30, 0x7f, 0xca,
    0x83, 0xfd, 0x44, 0x3f, 0xda, 0x1b, 0x8,

    /* U+542E "吮" */
    0xf, 0x90, 0xff, 0x98, 0x3b, 0xf0, 0x38, 0x3d,
    0xe0, 0x96, 0xc3, 0xf6, 0xa0, 0x61, 0xe8, 0x7c,
    0x88, 0x75, 0xb3, 0x68, 0x7c, 0x87, 0xde, 0x2,
    0x1f, 0xac, 0x1a, 0x1e, 0xd2, 0x1c, 0x36, 0x1d,
    0xa8, 0xa, 0xd, 0x58, 0xd, 0x41, 0x5a, 0x15,
    0xe4,

    /* U+542F "启" */
    0xf, 0x68, 0x7f, 0xdc, 0x87, 0xdf, 0x8b, 0xe0,
    0xef, 0xf8, 0x3f, 0xf8, 0xff, 0xf0, 0x7b, 0xff,
    0x7, 0x5f, 0xf0, 0x48, 0x1f, 0xe0, 0xe4, 0xc3,
    0xfa, 0xcc, 0x3f, 0x42, 0x3f, 0xc1, 0xb0, 0x5f,
    0xc1, 0x40, 0x90, 0xec,

    /* U+5435 "吵" */
    0xf, 0xb0, 0xff, 0xe3, 0x7e, 0xf, 0xf5, 0x82,
    0x83, 0xa1, 0xf3, 0x8f, 0x21, 0xc8, 0x85, 0x40,
    0xef, 0x7, 0x61, 0xd0, 0x74, 0x15, 0x85, 0x82,
    0x42, 0xa0, 0x5e, 0x98, 0x1a, 0xb0, 0x39, 0x87,
    0xcf, 0x50, 0x79, 0xf5, 0xa1, 0xf3, 0xc8, 0x7c,

    /* U+5438 "吸" */
    0xd, 0xfe, 0xb, 0xf8, 0xf4, 0x86, 0xf0, 0x77,
    0x83, 0xfe, 0x43, 0xfc, 0x82, 0xc3, 0xf4, 0x50,
    0x3e, 0x40, 0xae, 0xb, 0xc6, 0xd1, 0x60, 0xa8,
    0x3a, 0xa8, 0x16, 0xa8, 0x44, 0xc3, 0xd2, 0xb7,
    0x34, 0x33, 0xd4, 0x53, 0xd, 0x3a, 0x13, 0x0,

    /* U+5439 "吹" */
    0xf, 0x21, 0xff, 0xc0, 0x90, 0xf7, 0xd0, 0x7e,
    0x4e, 0x41, 0x7c, 0x87, 0x95, 0xf0, 0x7e, 0xac,
    0x4, 0x3d, 0x3, 0x30, 0xf9, 0x1c, 0x3d, 0xc1,
    0x90, 0xf7, 0x2, 0x54, 0x13, 0x8e, 0xaa, 0x28,
    0x3d, 0x4c, 0x1d, 0x3, 0x9c, 0x36, 0x0,

    /* U+543B "吻" */
    0xe, 0x43, 0xfe, 0x90, 0xef, 0xc1, 0xfd, 0x40,
    0xaf, 0xd0, 0x11, 0x59, 0x28, 0x3a, 0x8a, 0xf,
    0xd9, 0xe0, 0xb0, 0xf2, 0xbc, 0x15, 0x83, 0x85,
    0x5, 0x76, 0xa9, 0x13, 0x46, 0x8a, 0x80, 0x86,
    0x55, 0x4, 0x3c, 0xdb, 0xd0, 0x39, 0xc1, 0xe4,

    /* U+543C "吼" */
    0xf, 0xda, 0x1d, 0x7e, 0xd, 0xf5, 0xe5, 0x7,
    0x61, 0x2a, 0xf, 0xea, 0x7, 0xff, 0x1, 0xf,
    0xc9, 0x7, 0xee, 0x34, 0x3b, 0x3c, 0x1f, 0xb0,
    0xfe, 0x73, 0xf, 0x9c, 0x3f, 0xde, 0x9, 0xc2,
    0xa2, 0x82, 0x7c, 0x7, 0xc0,

    /* U+543E "吾" */
    0x7, 0xff, 0x90, 0xbf, 0x1f, 0xc8, 0x4f, 0xc7,
    0xe0, 0xe7, 0xcd, 0xe8, 0x3f, 0x94, 0x12, 0x1b,
    0xf1, 0xf4, 0xf8, 0x1f, 0xff, 0xc0, 0xd, 0x7f,
    0xc1, 0xf5, 0xfc, 0x1f, 0xfc, 0xab, 0xf8, 0x3f,
    0x5f, 0xc1, 0xf4, 0x87, 0x61, 0x0,

    /* U+5446 "呆" */
    0xa, 0xff, 0x83, 0xeb, 0xf8, 0x3f, 0xf9, 0x58,
    0x64, 0x3f, 0x3f, 0xa0, 0xfa, 0xf4, 0x7c, 0x1a,
    0xfd, 0x1f, 0xc0, 0xbe, 0xd, 0x7c, 0x1d, 0xb1,
    0xc8, 0x73, 0xb0, 0x5d, 0x2, 0xee, 0xe, 0xcd,
    0x3c, 0x1f, 0xad,

    /* U+5448 "呈" */
    0x7, 0xfe, 0xe, 0xfe, 0x83, 0xff, 0x8d, 0x5e,
    0xe, 0xbf, 0xa8, 0x17, 0x5f, 0xc0, 0xfc, 0xaf,
    0xa0, 0xff, 0xe1, 0x5f, 0x2b, 0xe0, 0xaf, 0x9b,
    0xe0, 0x7f, 0x37, 0xeb, 0xff, 0xe8,

    /* U+544A "告" */
    0xf, 0x50, 0x3f, 0x68, 0x7f, 0x92, 0xd5, 0xf2,
    0x14, 0xd1, 0x55, 0x20, 0x54, 0xa0, 0x2c, 0x16,
    0x54, 0xaa, 0xe3, 0xfa, 0x9f, 0xc2, 0xab, 0xf2,
    0x83, 0x7f, 0x83, 0xff, 0xab, 0xfe, 0xf, 0xbf,
    0xc1, 0x0,

    /* U+5450 "呐" */
    0xf, 0x90, 0xff, 0xa0, 0xd7, 0xc1, 0x90, 0x9b,
    0x2f, 0x17, 0x80, 0x85, 0x67, 0x83, 0xff, 0x95,
    0x7, 0xf2, 0xe0, 0xbc, 0x15, 0xf0, 0x56, 0xc,
    0x48, 0x1a, 0x67, 0x83, 0xff, 0x9a, 0xe1, 0xe9,
    0x3, 0xe0,

    /* U+5458 "员" */
    0x3, 0xfe, 0xf, 0x3f, 0x83, 0xe5, 0xe0, 0xf2,
    0xbf, 0x21, 0xda, 0xfa, 0xe, 0xf5, 0xe9, 0xf,
    0xa4, 0x3f, 0xe4, 0x3f, 0xf8, 0xe9, 0x3c, 0x41,
    0xb9, 0xbd, 0x44, 0xb8, 0xc0, 0xf4, 0x2f, 0x41,
    0xce, 0x0,

    /* U+545C "呜" */
    0xf, 0x90, 0xff, 0xa4, 0x2f, 0xc7, 0x8b, 0xc0,
    0xb0, 0xbe, 0x90, 0xff, 0xe4, 0x2b, 0xc1, 0xfd,
    0x8, 0x7d, 0xc3, 0xa5, 0xa7, 0xf2, 0x3e, 0x3f,
    0xc0, 0x81, 0x7f, 0x90, 0xff, 0xe0, 0x21, 0xfb,
    0xc8,

    /* U+5462 "呢" */
    0xd, 0xff, 0x1f, 0x25, 0xf8, 0x28, 0x3f, 0xf8,
    0x77, 0xe0, 0xfb, 0xd7, 0xc1, 0xf3, 0x2, 0xf,
    0xf6, 0x14, 0x1e, 0xe8, 0x8, 0x3d, 0xa3, 0xbe,
    0x43, 0x9c, 0x27, 0x13, 0xd6, 0x14, 0x83, 0xf2,

    /* U+5468 "周" */
    0x7, 0xff, 0x83, 0x7e, 0xbe, 0xf, 0x7d, 0x78,
    0x3e, 0xf2, 0xbc, 0x1e, 0x68, 0xaa, 0x21, 0xef,
    0x53, 0xc8, 0x73, 0xd6, 0xc3, 0xf5, 0xe9, 0xf,
    0xfe, 0x2c, 0x82, 0xf4, 0x1c, 0xe5, 0xfc, 0x12,
    0xc1, 0xeb, 0x46, 0xf, 0xae, 0x0,

    /* U+5473 "味" */
    0xf, 0xb0, 0xf2, 0x83, 0xfd, 0xd0, 0xa, 0x16,
    0xb, 0x5, 0xe2, 0xf0, 0x7a, 0xa3, 0xa0, 0x75,
    0xf1, 0xf4, 0x1a, 0xf0, 0x5e, 0x83, 0xc8, 0x14,
    0x1b, 0xa, 0x87, 0x6, 0xd1, 0x11, 0x50, 0x32,
    0x6c, 0x29, 0x41, 0xa8, 0x1d, 0x61, 0xb4, 0x39,
    0x80,

    /* U+5475 "呵" */
    0xd, 0xff, 0xaf, 0x5f, 0xe3, 0x79, 0x2b, 0x7,
    0xe7, 0xc8, 0x7f, 0x21, 0xff, 0xd2, 0xe0, 0xb8,
    0x3a, 0x81, 0x50, 0x36, 0xac, 0xd5, 0x87, 0xff,
    0x2f, 0xc8,

    /* U+547C "呼" */
    0xf, 0xf2, 0x1c, 0xaa, 0x7c, 0x7d, 0x78, 0x6f,
    0x3, 0x33, 0x84, 0x83, 0xa8, 0x15, 0x3, 0xcc,
    0x2c, 0x1c, 0xf8, 0xe5, 0x5, 0xf8, 0x1e, 0x6,
    0x75, 0x15, 0x24, 0x1f, 0xe9, 0x90, 0xfc, 0x88,
    0x7f, 0xf0, 0xbc, 0x1c,

    /* U+547D "命" */
    0xf, 0xfe, 0x46, 0x1f, 0xfc, 0x8, 0xc3, 0xfd,
    0x3d, 0xa1, 0xe7, 0x71, 0xa6, 0x81, 0xe4, 0xfa,
    0x1b, 0x55, 0xdf, 0xeb, 0xc8, 0xfe, 0x3f, 0x83,
    0xbc, 0x17, 0xc1, 0xff, 0xd6, 0xa0, 0x72, 0x1f,
    0xfc, 0xe, 0x81, 0xba, 0x61, 0x79, 0x0,

    /* U+5480 "咀" */
    0xe, 0xfe, 0x7, 0xe0, 0x7c, 0x1b, 0xc1, 0xff,
    0xc3, 0xf8, 0x3f, 0xbe, 0xf, 0xfe, 0x4a, 0xc1,
    0xbc, 0x17, 0xc1, 0xb8, 0x2a, 0x82, 0xc7, 0xf,
    0xf9, 0xcf, 0x8e, 0x9, 0xff, 0xa0,

    /* U+548C "和" */
    0xf, 0xfe, 0x23, 0x79, 0x16, 0xb, 0xca, 0xda,
    0xd8, 0x39, 0xd, 0x78, 0x2f, 0x2b, 0xc1, 0xf7,
    0x87, 0xc1, 0xfe, 0x60, 0xfe, 0xc5, 0x83, 0xe8,
    0x4e, 0xf, 0x2b, 0xb, 0xf, 0x78, 0x3d, 0x78,
    0x10, 0x7d, 0x78, 0x3f, 0xa4, 0x18,

    /* U+548F "咏" */
    0xe, 0x50, 0x7f, 0xf0, 0x3c, 0x1d, 0xf8, 0x1b,
    0x7, 0x70, 0x28, 0xc1, 0xfd, 0xe0, 0xb0, 0xf7,
    0xa2, 0xe0, 0xf6, 0x81, 0x90, 0xf9, 0xc0, 0x86,
    0xe1, 0x11, 0x82, 0x7c, 0xd0, 0x12, 0x81, 0x1,
    0x60, 0xb9, 0xa, 0x60, 0xeb, 0xa, 0x83, 0xa0,
    0x60,

    /* U+5495 "咕" */
    0xf, 0xb0, 0xcb, 0x83, 0xf5, 0x60, 0xfe, 0xf1,
    0xf1, 0xf8, 0x37, 0xc7, 0xe0, 0xff, 0xe8, 0xf8,
    0xf8, 0x1e, 0xb, 0xf0, 0x5e, 0xf, 0xec, 0x18,
    0x72, 0x1f, 0xbe, 0x83, 0xf7, 0xe0, 0xfb, 0xd,
    0x80,

    /* U+5499 "咙" */
    0xf, 0x21, 0xff, 0x44, 0x82, 0xf4, 0x1a, 0x80,
    0x68, 0x88, 0x52, 0x12, 0x50, 0xf5, 0x41, 0xad,
    0x57, 0x40, 0xe4, 0x34, 0x1e, 0xf0, 0x38, 0x16,
    0x5, 0x12, 0x81, 0x64, 0x4, 0x81, 0xa4, 0xf1,
    0x3, 0x3, 0x4c, 0x6f, 0x40, 0x67, 0xa7, 0xc8,

    /* U+54AC "咬" */
    0xf, 0xb0, 0xe6, 0x88, 0x7f, 0x40, 0xbe, 0x3e,
    0x41, 0x67, 0x9f, 0x3a, 0x1e, 0xf0, 0x18, 0x3d,
    0xa1, 0x4a, 0xe, 0x88, 0x79, 0xf, 0x20, 0xb4,
    0x2e, 0x1d, 0xc4, 0x27, 0xc8, 0x22, 0xd, 0x2,
    0x1d, 0x90, 0xf3, 0x5f, 0x21, 0x31, 0xa3, 0x90,

    /* U+54B1 "咱" */
    0xf, 0xd2, 0x12, 0xc1, 0x94, 0x15, 0xc5, 0xe3,
    0xd0, 0x20, 0x37, 0xd2, 0x1f, 0xfc, 0x6b, 0xe8,
    0x3e, 0xbe, 0x83, 0xff, 0x87, 0x85, 0x7d, 0x5,
    0x85, 0x7d, 0x3, 0x30, 0xff, 0xe1, 0x5f, 0x41,
    0xf5, 0xf4, 0x1e, 0xd0, 0x9c,

    /* U+54B3 "咳" */
    0xf, 0xb0, 0xcb, 0x83, 0xf5, 0xd3, 0xe3, 0xe8,
    0xa1, 0xe2, 0xee, 0xe, 0x85, 0x41, 0xe5, 0x8a,
    0x7, 0x9d, 0xd5, 0x87, 0xf5, 0x10, 0x70, 0xe6,
    0xa8, 0x14, 0x77, 0x6c, 0x12, 0xab, 0x8d, 0x10,
    0x9c, 0xf5, 0x10, 0xdd, 0x0, 0xc0,

    /* U+54B8 "咸" */
    0xf, 0xd3, 0x21, 0xff, 0x7a, 0x42, 0xff, 0x2a,
    0x20, 0xd7, 0xe5, 0x7c, 0x1b, 0xf8, 0x2c, 0x3a,
    0xfe, 0xf, 0xcf, 0xe0, 0x21, 0xfb, 0xc2, 0xb8,
    0x3f, 0xf8, 0xa, 0xe, 0x4f, 0x4, 0x86, 0x40,
    0xf9, 0xd4, 0x49, 0xa4, 0x2d, 0x32, 0x81, 0x6,
    0xa1, 0x4,

    /* U+54BD "咽" */
    0xc, 0xff, 0x9f, 0xc5, 0xd3, 0x41, 0x61, 0xb0,
    0xfe, 0xf3, 0x68, 0x7d, 0x14, 0x43, 0xda, 0x4,
    0x3f, 0xd0, 0x6b, 0xa, 0x6d, 0x5, 0x1, 0xb2,
    0x16, 0xac, 0x10, 0x30, 0xf9, 0xbe, 0xf, 0x9f,
    0xc8,

    /* U+54C0 "哀" */
    0xf, 0x50, 0x3f, 0xf9, 0x3f, 0xca, 0xfe, 0x7,
    0xff, 0xf0, 0x3, 0x7f, 0xe0, 0xfb, 0xfc, 0x1f,
    0x97, 0xc1, 0xf3, 0x5e, 0x43, 0xd4, 0x39, 0xec,
    0x33, 0xc8, 0xab, 0x82, 0xea, 0xa, 0x64, 0x2f,
    0x23, 0x65, 0x41, 0xdc, 0xf2, 0xb3, 0xd, 0xe9,
    0x41, 0x58,

    /* U+54C1 "品" */
    0x7, 0xfe, 0xe, 0xbf, 0x83, 0xff, 0xa2, 0xf5,
    0xc8, 0x6a, 0xfc, 0x17, 0xf1, 0xf9, 0x7, 0xa0,
    0xbc, 0x87, 0xff, 0x3f, 0xd0, 0x5e, 0x42, 0xf4,
    0x17, 0x90, 0x60, 0x73, 0x4, 0x80,

    /* U+54C4 "哄" */
    0xf, 0x60, 0xc2, 0x58, 0x3f, 0xd5, 0x61, 0xfe,
    0xf0, 0xe7, 0x8d, 0xe, 0x63, 0x8d, 0xf, 0x20,
    0x43, 0xff, 0x93, 0x65, 0xa, 0x3, 0xc7, 0x4f,
    0x5e, 0x7, 0xa, 0x92, 0x51, 0x8e, 0x48, 0xd8,
    0x7a, 0x60, 0x2b, 0xc, 0xac, 0x34, 0x80,

    /* U+54C7 "哇" */
    0xf, 0xd8, 0x72, 0xc1, 0xfc, 0xdc, 0x7c, 0x7a,
    0xa, 0x7, 0xc7, 0xa0, 0xff, 0xe3, 0x7e, 0x3e,
    0x43, 0x7e, 0x7e, 0x43, 0xf2, 0x1e, 0xc1, 0xf1,
    0xe8, 0x2c, 0x1e, 0x8f, 0x43, 0x98, 0x48, 0x7f,
    0x7e, 0x3e, 0x83, 0x7f, 0xe8,

    /* U+54C8 "哈" */
    0xf, 0xa4, 0x3f, 0xe7, 0xd, 0xf8, 0x12, 0x83,
    0xbc, 0x13, 0x4c, 0x3f, 0x70, 0xac, 0x3d, 0x97,
    0x93, 0xe, 0xff, 0xc1, 0xea, 0xe4, 0x2f, 0x1,
    0xf8, 0x82, 0xe0, 0x96, 0xc2, 0xc7, 0xf, 0xfe,
    0x1f, 0xd0, 0x7f, 0x7d, 0x4,

    /* U+54CD "响" */
    0xf, 0xfe, 0x3e, 0x19, 0x60, 0x94, 0x1a, 0xe3,
    0xd3, 0xf0, 0x20, 0xbf, 0x83, 0xf2, 0xc1, 0xfd,
    0x52, 0x1f, 0xd8, 0x7f, 0xf1, 0x70, 0xec, 0x3b,
    0xd, 0xf2, 0xc, 0xc3, 0xff, 0xa3, 0x61, 0xec,
    0x2b, 0xc0,

    /* U+54CE "哎" */
    0xf, 0x60, 0xc3, 0x28, 0x3f, 0xdd, 0x3e, 0x2c,
    0xe0, 0x59, 0xe2, 0xce, 0xf, 0x30, 0x10, 0xfd,
    0xe0, 0x28, 0x3e, 0x90, 0x90, 0xfe, 0x58, 0x35,
    0x85, 0x58, 0x35, 0x84, 0x88, 0x6d, 0x30, 0x62,
    0x83, 0xeb, 0x7d, 0x68, 0x64, 0xe0, 0x76, 0x0,

    /* U+54D1 "哑" */
    0x9, 0xff, 0x9f, 0x9f, 0x19, 0xe4, 0x84, 0x3f,
    0x92, 0x43, 0xa0, 0xcc, 0x1c, 0x86, 0xc4, 0x3f,
    0xce, 0x14, 0x81, 0x6, 0x84, 0xc0, 0x80, 0xc1,
    0x60, 0xb9, 0x10, 0xf2, 0x3f, 0x19, 0xe8, 0x2f,
    0xfd, 0x0,

    /* U+54E9 "哩" */
    0xc, 0xff, 0x81, 0xf8, 0x73, 0xc1, 0xa8, 0x1f,
    0xfc, 0x37, 0x3c, 0x1f, 0x9c, 0xf0, 0x7e, 0x73,
    0xc1, 0xf3, 0xe3, 0xe0, 0xa8, 0x1f, 0xf2, 0x8b,
    0xc7, 0xc0, 0xe9, 0xde, 0x3e, 0xe, 0x7e, 0x3f,
    0x6, 0x7f, 0xf0,

    /* U+54EA "哪" */
    0x9, 0xfc, 0xfc, 0x3f, 0x99, 0x6, 0x13, 0x61,
    0xe4, 0x3d, 0xb2, 0xd, 0xe, 0xc9, 0x3, 0x87,
    0xca, 0x2, 0x1e, 0xcc, 0x2a, 0x1, 0x8c, 0xc4,
    0x3c, 0x8a, 0xf, 0x9e, 0x68, 0x1b, 0x43, 0x51,
    0x41, 0x70, 0x56, 0xd4, 0x1f, 0x49, 0xe4, 0xc2,

    /* U+54ED "哭" */
    0x2f, 0xa3, 0xf0, 0x67, 0x42, 0xf0, 0x7f, 0xf4,
    0xdd, 0x13, 0xc1, 0xaf, 0x8f, 0x1e, 0x3, 0xf9,
    0x59, 0xf0, 0xfd, 0xa, 0xfc, 0x1d, 0x32, 0x83,
    0xce, 0xc7, 0x40, 0x9e, 0xa0, 0xb3, 0x81, 0x68,
    0x75, 0x80,

    /* U+54F2 "哲" */
    0xb, 0x43, 0xad, 0xf, 0x3f, 0x12, 0x78, 0xbc,
    0xfa, 0x41, 0xe2, 0x9b, 0xfc, 0x59, 0x79, 0xcb,
    0xc7, 0x14, 0x30, 0xf3, 0x88, 0xa0, 0xfd, 0x2,
    0x4, 0x86, 0xef, 0x5e, 0xb0, 0xe7, 0xfc, 0x1f,
    0xfc, 0x4, 0x3c, 0xff, 0x41, 0xe7, 0xfc, 0x10,

    /* U+54FC "哼" */
    0xf, 0xfe, 0x35, 0x3, 0x2f, 0x43, 0x53, 0x7a,
    0x9, 0xe, 0xa0, 0x8b, 0xa4, 0x39, 0xbc, 0x1f,
    0xe5, 0x7, 0xe6, 0xa0, 0xf9, 0x17, 0x40, 0xf0,
    0xd3, 0x1c, 0x16, 0x1a, 0x34, 0xd3, 0xd, 0x87,
    0xff, 0x27, 0x10, 0x80,

    /* U+5509 "唉" */
    0xf, 0xa0, 0xff, 0x94, 0x1d, 0xf8, 0x16, 0xe8,
    0x5c, 0x39, 0xc4, 0x1e, 0x51, 0x79, 0x41, 0xf2,
    0x2b, 0x43, 0xca, 0xab, 0xf, 0x76, 0xdc, 0x17,
    0x2, 0xdb, 0xe0, 0x79, 0xf4, 0xf, 0x8c, 0x10,
    0xd5, 0x87, 0x9a, 0x96, 0xd0, 0xd9, 0xa0, 0xa8,

    /* U+5510 "唐" */
    0xf, 0xb0, 0xfd, 0x5c, 0x57, 0x4, 0xfe, 0x3f,
    0x83, 0xaa, 0x2b, 0x21, 0x9f, 0x8b, 0x83, 0xdf,
    0x8b, 0x8c, 0x37, 0xe2, 0xe3, 0xc, 0xfc, 0x5c,
    0x1e, 0x7f, 0xf0, 0x7b, 0xff, 0x4, 0x85, 0xfd,
    0x6, 0xa0, 0x3f, 0xa0, 0xe4, 0x1f, 0xd0, 0x6c,
    0x18, 0x73, 0x80,

    /* U+5524 "唤" */
    0xf, 0xfe, 0x37, 0x28, 0x37, 0xc2, 0x35, 0x6,
    0xc1, 0x4f, 0x18, 0x7b, 0x2f, 0x16, 0x1f, 0x78,
    0xf0, 0x7a, 0xf, 0xf4, 0x19, 0xf, 0xcc, 0x71,
    0xe3, 0x2a, 0xf8, 0x57, 0xc2, 0x19, 0x25, 0x7,
    0xd4, 0xca, 0x83, 0xb7, 0x3, 0x98, 0x6f, 0x7,
    0x58,

    /* U+552E "售" */
    0xc, 0x85, 0x7, 0xe8, 0x25, 0x7, 0xca, 0xbd,
    0x1f, 0x82, 0x8a, 0x86, 0xac, 0x1a, 0x1f, 0xfc,
    0xe, 0x2a, 0x1a, 0x83, 0xdf, 0x17, 0xc1, 0xef,
    0x8b, 0xf2, 0x13, 0xff, 0xc8, 0x4f, 0xfe, 0xf,
    0x7f, 0xc1, 0xf7, 0xfc, 0x1f, 0x7f, 0xc1, 0xec,
    0x3e, 0xc0,

    /* U+552F "唯" */
    0xf, 0xfe, 0x35, 0x9, 0xb, 0xf0, 0xe2, 0x83,
    0x50, 0x4b, 0x3e, 0x2, 0x8, 0xf1, 0xf0, 0x74,
    0x78, 0xf0, 0x79, 0x3c, 0x78, 0x3f, 0xf8, 0x88,
    0x6f, 0x1e, 0xa, 0x81, 0x71, 0xe0, 0xb8, 0x32,
    0x1d, 0x8e, 0xf, 0x1f, 0x7, 0xdf, 0xe0,

    /* U+5531 "唱" */
    0x16, 0x2f, 0xe0, 0x5c, 0xb, 0xe0, 0xd0, 0x57,
    0xc1, 0xfa, 0xf8, 0x3f, 0x5f, 0x7, 0xd7, 0xf0,
    0x73, 0xfe, 0x81, 0x5, 0xf9, 0xb, 0xb, 0xf2,
    0x9, 0x81, 0xf9, 0x2, 0x28, 0xfc, 0x87, 0xdf,
    0xa0,

    /* U+553E "唾" */
    0xf, 0xe6, 0x16, 0x29, 0xfa, 0x2e, 0x3e, 0x38,
    0x28, 0x69, 0x9f, 0x21, 0x39, 0x99, 0x21, 0xfe,
    0x43, 0x59, 0x99, 0xe0, 0xac, 0xcc, 0xb2, 0xf,
    0xc8, 0x31, 0xcc, 0xcd, 0xdd, 0xf8, 0xf9, 0xa,
    0xf8, 0xfa, 0xa, 0xff, 0xa0,

    /* U+5543 "啃" */
    0xf, 0xb0, 0xfe, 0xc0, 0x85, 0xf0, 0x75, 0xe0,
    0x62, 0x84, 0xa8, 0x37, 0x9d, 0xf9, 0xa, 0x8b,
    0xc2, 0x19, 0x2b, 0x20, 0x43, 0x56, 0xa, 0xd,
    0xf4, 0x16, 0x1b, 0xe8, 0x19, 0x85, 0xf4, 0x1f,
    0xf2, 0x1f, 0xef, 0x41, 0xce, 0xf, 0x20,

    /* U+554A "啊" */
    0xb, 0xff, 0x5e, 0x8c, 0xfa, 0x22, 0x2, 0x1f,
    0xf6, 0xdf, 0x7, 0x9c, 0x83, 0xf5, 0x3, 0xfc,
    0x87, 0xe8, 0x8, 0x20, 0xe4, 0x1a, 0x21, 0xaa,
    0x2b, 0xb0, 0x21, 0xf2, 0x21, 0xfd, 0xc0,

    /* U+5566 "啦" */
    0xf, 0xfe, 0x2e, 0x38, 0x7f, 0x96, 0x7, 0xc1,
    0xd4, 0xb, 0x1c, 0xf8, 0xd0, 0x9c, 0xfd, 0x21,
    0xf6, 0x8, 0x3e, 0x68, 0x1e, 0x63, 0x5c, 0xc,
    0xc1, 0x3, 0xc0, 0x8a, 0x4, 0xb1, 0x30, 0x76,
    0x12, 0x21, 0x3c, 0x78, 0x2f, 0x2b, 0xf8,

    /* U+556E "啮" */
    0xf, 0xb0, 0xfc, 0xc1, 0xef, 0x90, 0xdf, 0x3,
    0xf, 0x7c, 0x1b, 0x9c, 0xfa, 0xb, 0xf3, 0x7a,
    0xd, 0x81, 0x46, 0x1f, 0xfc, 0x2c, 0x32, 0x61,
    0xb4, 0xd, 0x60, 0x64, 0x82, 0x54, 0x1f, 0x53,
    0xe0, 0xf7, 0xf8, 0x0,

    /* U+5578 "啸" */
    0xf, 0xb0, 0xfd, 0x51, 0x51, 0xf1, 0x87, 0x20,
    0xca, 0x28, 0x51, 0x5, 0x7a, 0x38, 0x83, 0x7a,
    0x38, 0x39, 0x5e, 0x3c, 0x87, 0x2c, 0x42, 0xc,
    0x2f, 0x1c, 0x17, 0x1, 0xc5, 0x3, 0x10, 0x90,
    0xfd, 0x50, 0x58, 0x65, 0xc1, 0xe0,

    /* U+5580 "喀" */
    0xf, 0xb0, 0xff, 0xe0, 0xa1, 0xbe, 0x7e, 0x2f,
    0x20, 0xc2, 0xcf, 0x83, 0xe9, 0x3e, 0x90, 0xca,
    0x8d, 0x60, 0xe7, 0x9d, 0x83, 0xce, 0x20, 0x43,
    0x65, 0xcf, 0x4e, 0x5, 0x8, 0x78, 0xb3, 0x54,
    0x9f, 0xa, 0xf, 0xbe, 0xf, 0xf7, 0xc1, 0x80,

    /* U+5582 "喂" */
    0xe, 0xff, 0x1, 0xf8, 0x1b, 0x61, 0xd8, 0x5b,
    0x61, 0xfd, 0xab, 0xf, 0xed, 0x58, 0x7e, 0xff,
    0x7, 0xbf, 0xf0, 0x59, 0x92, 0xa6, 0xb, 0x9,
    0x91, 0x43, 0x98, 0x66, 0xc3, 0xf7, 0xa7, 0x43,
    0xeb, 0x29, 0x87, 0xb4, 0x26, 0x0,

    /* U+5587 "喇" */
    0xf, 0x61, 0xb1, 0x78, 0x50, 0x6a, 0xbc, 0x7c,
    0x85, 0x3e, 0x38, 0x3e, 0xf1, 0x40, 0xfd, 0x90,
    0x7f, 0x66, 0x1f, 0xb4, 0x18, 0x74, 0x19, 0x41,
    0xd1, 0x42, 0xc3, 0x68, 0xa1, 0x5a, 0x12, 0xa0,
    0xa0, 0xe7, 0xe, 0xb4, 0x3d, 0x82, 0xe0,

    /* U+5589 "喉" */
    0xe, 0x83, 0xe5, 0x80, 0xdf, 0x40, 0xb8, 0x55,
    0xe4, 0x34, 0x8, 0xf9, 0x60, 0xd1, 0x67, 0xc8,
    0x64, 0x8, 0xb0, 0x72, 0x31, 0x50, 0x74, 0x6e,
    0x78, 0x2c, 0x33, 0x9e, 0x81, 0x85, 0x70, 0x38,
    0xcc, 0x35, 0x4, 0x3e, 0x75, 0x70, 0x7d, 0xb0,
    0x28, 0x1d, 0xd0, 0x26, 0x0,

    /* U+558A "喊" */
    0xf, 0xda, 0x85, 0x83, 0xe8, 0xa8, 0xfc, 0x42,
    0x62, 0x7c, 0x5a, 0x1d, 0xf0, 0xc1, 0xef, 0x96,
    0xf, 0x7c, 0x61, 0xfa, 0x2, 0x81, 0x87, 0xb3,
    0x6, 0x4, 0x82, 0x4c, 0xf8, 0xe8, 0x38, 0x4a,
    0xda, 0x12, 0xa, 0x5, 0x39, 0x82, 0x40, 0xa0,
    0x68,

    /* U+558B "喋" */
    0xf, 0x69, 0x87, 0xda, 0x1f, 0x7e, 0x22, 0xcd,
    0x6, 0x64, 0x59, 0xa1, 0xfa, 0xc3, 0xfd, 0x58,
    0x3e, 0x6b, 0xb0, 0xf5, 0xc7, 0xc1, 0x67, 0xd1,
    0xf4, 0x3b, 0xe4, 0x2b, 0x88, 0x89, 0x8e, 0x43,
    0x39, 0xa0, 0xe8, 0x13, 0xc1, 0xdc, 0x0,

    /* U+5598 "喘" */
    0xf, 0xb0, 0xfd, 0x87, 0x67, 0xc1, 0xfe, 0xc2,
    0xa1, 0x40, 0xf7, 0x4e, 0x98, 0x6f, 0xfe, 0xb,
    0xf1, 0xf8, 0x27, 0xe3, 0xe0, 0x61, 0x66, 0x61,
    0x61, 0xfe, 0xcd, 0xf, 0xfe, 0x74, 0x78, 0x3d,
    0x88, 0x3c, 0x0,

    /* U+559C "喜" */
    0xe, 0x60, 0xf5, 0xfa, 0x7f, 0x8b, 0xa9, 0x2b,
    0x60, 0x7e, 0x1f, 0x83, 0x2f, 0xf8, 0x3b, 0xfc,
    0x1f, 0x7f, 0x83, 0xda, 0x79, 0x58, 0x5f, 0x27,
    0x95, 0xf1, 0xe5, 0xfd, 0xe0, 0x9f, 0xf0, 0x87,
    0x57, 0x90, 0xf7, 0xf9, 0x8,

    /* U+559D "喝" */
    0x5c, 0x7f, 0x8b, 0xd0, 0x3f, 0x5, 0xc1, 0x7e,
    0xf, 0xdf, 0x83, 0xf7, 0xe0, 0xfe, 0x5e, 0x2c,
    0xcb, 0x33, 0x2c, 0x2e, 0x56, 0x69, 0x40, 0x59,
    0x86, 0x41, 0x2a, 0xf, 0x27, 0xa8, 0x61, 0xdf,
    0xca,

    /* U+55B7 "喷" */
    0xf, 0x94, 0x1f, 0x95, 0xe5, 0xf, 0xc7, 0x95,
    0xe4, 0x18, 0x35, 0xd8, 0x73, 0x86, 0xb0, 0xcc,
    0xd1, 0xe0, 0xed, 0xf3, 0x87, 0xdd, 0xe0, 0xd8,
    0x6d, 0x9, 0x58, 0x65, 0x6, 0x8c, 0x5a, 0xa0,
    0xe4, 0xa8, 0x83, 0x31, 0x82, 0x60, 0x9e, 0xd,
    0x40,

    /* U+55C5 "嗅" */
    0xf, 0xfe, 0x46, 0x1c, 0xb1, 0x4c, 0xa8, 0x17,
    0x28, 0xa6, 0x21, 0x41, 0x35, 0x21, 0xfa, 0xfa,
    0xf, 0xd7, 0xd0, 0x7e, 0xbe, 0x83, 0xf5, 0xf4,
    0x1b, 0x7, 0xa2, 0x30, 0xa3, 0xe8, 0x8e, 0x37,
    0xb8, 0x8f, 0x41, 0xcd, 0x15, 0xa1, 0xdd, 0x12,
    0xac, 0x37, 0x90, 0x9f, 0x0,

    /* U+55D3 "嗓" */
    0xd, 0xfe, 0x41, 0xf1, 0x87, 0x21, 0x63, 0x81,
    0x84, 0x3b, 0xd, 0x10, 0x76, 0xc6, 0xa0, 0xf2,
    0x4b, 0xc1, 0x26, 0x46, 0xe2, 0x8, 0xc, 0x8e,
    0xe0, 0xdf, 0x21, 0x7a, 0x32, 0x26, 0x2d, 0xc,
    0xe6, 0x8d, 0x30, 0x9e, 0xc, 0xf8,

    /* U+55DC "嗜" */
    0xf, 0x48, 0x10, 0xea, 0x3c, 0xc7, 0xc1, 0xcd,
    0x83, 0x25, 0x8, 0x38, 0x2e, 0x3, 0x3c, 0x15,
    0x0, 0xfa, 0xd, 0x70, 0x19, 0xc, 0x81, 0x76,
    0xc, 0xc, 0x13, 0x3, 0xc, 0xb0, 0x59, 0x81,
    0xa9, 0xf, 0x9a, 0x90, 0xf9, 0xf9, 0xf, 0x30,
    0x54, 0x0,

    /* U+55FD "嗽" */
    0xf, 0xfe, 0x36, 0x5, 0x7, 0xfd, 0x86, 0xfe,
    0x38, 0x3d, 0x9c, 0x73, 0x70, 0x6a, 0x1c, 0x68,
    0x7a, 0x16, 0xcc, 0x3b, 0x3, 0x12, 0x1b, 0x47,
    0xf, 0x62, 0x85, 0x83, 0xa0, 0x27, 0x64, 0xd,
    0xb8, 0x46, 0x43, 0x51, 0x3, 0x2a, 0xb, 0x40,
    0xb1, 0x0,

    /* U+5609 "嘉" */
    0xf, 0x30, 0x7c, 0xfe, 0x9f, 0xd0, 0x1a, 0xc9,
    0x5c, 0x17, 0x52, 0x55, 0x86, 0x83, 0xf6, 0x1e,
    0xaf, 0x7, 0xea, 0xf0, 0x7d, 0xc7, 0xa3, 0x42,
    0xfa, 0x3d, 0x1f, 0x27, 0x25, 0x35, 0xda, 0x12,
    0x89, 0x54, 0x10, 0xb3, 0x44, 0xf2, 0x16, 0x7c,
    0x83, 0xc8, 0x5c, 0x5c, 0x60, 0x90,

    /* U+561B "嘛" */
    0xf, 0xb0, 0xff, 0xe0, 0xa1, 0xbd, 0x7e, 0x2f,
    0x81, 0x3, 0x8f, 0x1e, 0xe, 0xa1, 0x67, 0x83,
    0xb8, 0xa1, 0x61, 0xde, 0x28, 0x41, 0xff, 0xc4,
    0x83, 0xff, 0x81, 0xc1, 0x90, 0xec, 0x47, 0x14,
    0x9, 0x4, 0xa0, 0xb2, 0x50, 0x54, 0x4, 0x8e,
    0x16, 0x7, 0x6, 0x10,

    /* U+5632 "嘲" */
    0xe, 0xc3, 0xff, 0x85, 0xff, 0xc7, 0x8b, 0x4,
    0x78, 0xb0, 0xf9, 0xca, 0x16, 0x1e, 0x90, 0x30,
    0x7b, 0x41, 0xa1, 0xed, 0x5, 0x82, 0x55, 0x38,
    0x60, 0x77, 0x16, 0x69, 0x83, 0xc5, 0x4, 0x3f,
    0x3a, 0x21, 0xf9, 0xac,

    /* U+5634 "嘴" */
    0xe, 0x93, 0x10, 0x2c, 0x65, 0xe, 0x5, 0xc1,
    0x31, 0xe8, 0x10, 0x8a, 0xcf, 0x21, 0xc8, 0x16,
    0xb0, 0xce, 0x22, 0x21, 0xd4, 0x14, 0x38, 0x7c,
    0xc5, 0x3, 0x64, 0xa8, 0xa0, 0x64, 0x26, 0x28,
    0x17, 0x62, 0xa2, 0x81, 0xe8, 0xfe, 0xf, 0x38,
    0x6d, 0xe, 0xc3, 0xb8, 0x0,

    /* U+563F "嘿" */
    0xd, 0xff, 0x3, 0xe0, 0x39, 0xa1, 0xb0, 0xd0,
    0x87, 0xf6, 0xf, 0x7, 0xe9, 0x18, 0x3e, 0xa8,
    0xa6, 0x1c, 0xd4, 0x53, 0xb, 0x7, 0xa3, 0xe0,
    0xaf, 0xd1, 0xf4, 0x69, 0x34, 0xdc, 0x83, 0x43,
    0xb, 0x41, 0x2a, 0x12, 0x24, 0x27, 0x4, 0x28,
    0xc0,

    /* U+5668 "器" */
    0x1f, 0xca, 0xfc, 0x19, 0xf2, 0x7, 0xc1, 0xcd,
    0x10, 0x34, 0xc, 0xde, 0xa1, 0x7a, 0xb, 0xac,
    0x57, 0x20, 0xf4, 0x92, 0x5e, 0x47, 0xd1, 0xb4,
    0xfc, 0x30, 0x1d, 0x52, 0xc, 0x35, 0x2, 0x68,
    0x1e, 0x58, 0x25, 0x7, 0xbc, 0x81, 0xf0, 0x7b,
    0xc8, 0x1f, 0x4,

    /* U+566A "噪" */
    0xc, 0xff, 0x5, 0xf0, 0x1f, 0x83, 0xb0, 0x9f,
    0x83, 0xe7, 0x54, 0xc, 0x3e, 0xd1, 0x83, 0xff,
    0x93, 0xb9, 0xa1, 0x64, 0xbf, 0x40, 0xcf, 0x21,
    0x5c, 0x66, 0x4c, 0x51, 0xc, 0xe6, 0x6, 0x98,
    0x4f, 0x6, 0x7c, 0x0,

    /* U+566C "噬" */
    0xe, 0x40, 0x87, 0xe8, 0x1a, 0xf, 0x88, 0xf3,
    0x78, 0x85, 0x42, 0xec, 0x4a, 0x33, 0x40, 0xe6,
    0xe3, 0xca, 0xa, 0xdc, 0xdd, 0xc, 0x86, 0x42,
    0xc1, 0xa0, 0x48, 0x10, 0xa2, 0x35, 0xb7, 0xa6,
    0x15, 0x87, 0x5a, 0x3e, 0x82, 0xff, 0xe0,

    /* U+56BC "嚼" */
    0xf, 0xcd, 0x10, 0xef, 0xe0, 0x27, 0xc9, 0xe2,
    0x8a, 0x6, 0x45, 0xe, 0x30, 0xd1, 0x39, 0xb8,
    0x7b, 0x32, 0x43, 0xd5, 0xbc, 0xa0, 0xeb, 0xea,
    0x30, 0x30, 0x94, 0xc, 0x36, 0x1e, 0x41, 0x19,
    0x87, 0x68, 0x7e, 0xf4, 0x1f, 0xef, 0x46, 0x1e,
    0x7e, 0x8f, 0x0,

    /* U+56CA "囊" */
    0xf, 0x48, 0x7d, 0x7e, 0x6f, 0xd0, 0x25, 0xc0,
    0x51, 0x40, 0xc8, 0x7d, 0x84, 0x88, 0x79, 0x10,
    0x58, 0x52, 0x1b, 0x6, 0xc, 0xdf, 0x34, 0x9,
    0x37, 0xa6, 0x87, 0x42, 0x78, 0x48, 0x36, 0x1e,
    0x4c, 0x2a, 0x20, 0x50, 0xaa, 0x3, 0x40, 0xf0,
    0x94, 0xb, 0x87, 0xf1, 0x60, 0x5b, 0xe8, 0x7e,
    0x0,

    /* U+56DB "四" */
    0xf, 0xfe, 0xf, 0xff, 0x82, 0xf1, 0xe3, 0xc1,
    0xff, 0xd1, 0x90, 0xd8, 0x65, 0x41, 0x68, 0x6e,
    0xb, 0xd0, 0x69, 0xf, 0xf7, 0xfe, 0xd, 0xff,
    0x83, 0xff, 0x87, 0x87, 0xec,

    /* U+56DE "回" */
    0x3f, 0xfc, 0x17, 0xfe, 0xf, 0xfe, 0x2f, 0xf8,
    0x3e, 0xbe, 0xf, 0xfe, 0x5a, 0x1f, 0x37, 0xa0,
    0xfa, 0xfe, 0xe, 0xff, 0xc1, 0xbf, 0xf0, 0x58,
    0x7e, 0xc0,

    /* U+56E0 "因" */
    0x3f, 0xfc, 0x17, 0xcd, 0xf0, 0x7f, 0xf1, 0xd0,
    0xfc, 0xf8, 0xbc, 0x86, 0x7c, 0xf, 0x21, 0xfc,
    0x87, 0xee, 0xa0, 0xf3, 0xad, 0x68, 0x75, 0x0,
    0xc1, 0xd4, 0xfd, 0x40, 0xdf, 0xf8, 0x2c, 0x3f,
    0x60,

    /* U+56E2 "团" */
    0x7f, 0xfc, 0x17, 0xf3, 0xe0, 0xfe, 0x43, 0xd7,
    0xe3, 0x83, 0x5e, 0x51, 0xc1, 0xf3, 0x7, 0xf7,
    0x7, 0xe7, 0x50, 0x7f, 0x51, 0x83, 0xe5, 0xf,
    0x7, 0xbf, 0x53, 0xc1, 0xbf, 0xf0, 0x0,

    /* U+56ED "园" */
    0xff, 0xf8, 0x1f, 0xfc, 0x1d, 0xfd, 0x7, 0xbf,
    0xa0, 0xcf, 0xfd, 0x4, 0xf8, 0xd5, 0xc1, 0xfd,
    0x87, 0xd2, 0x13, 0x4, 0xcc, 0xa, 0x61, 0xd8,
    0x2a, 0x42, 0x9f, 0xd4, 0xc2, 0xff, 0xe0, 0x0,

    /* U+56F0 "困" */
    0x3f, 0xfe, 0x7, 0xe7, 0xf0, 0x7c, 0x87, 0xd7,
    0xc7, 0xc8, 0x57, 0x82, 0xf2, 0x1d, 0x22, 0x83,
    0xe6, 0x38, 0x3d, 0xc0, 0x56, 0x85, 0x44, 0x29,
    0xc2, 0x90, 0x20, 0xa0, 0x5f, 0x9f, 0xc1, 0x7f,
    0xe8,

    /* U+56F1 "囱" */
    0xf, 0x61, 0xfe, 0x90, 0xf7, 0xe5, 0x7e, 0xb,
    0xe7, 0xf0, 0x7c, 0x87, 0xfb, 0x3e, 0x43, 0xb7,
    0xe1, 0xc, 0xa3, 0xb8, 0x39, 0xa2, 0x83, 0xf3,
    0xbd, 0x87, 0x3d, 0x8c, 0x1d, 0x37, 0xf0, 0x6f,
    0xfc, 0x0,

    /* U+56F4 "围" */
    0x7f, 0xfc, 0x17, 0xcf, 0xe0, 0xd7, 0x9f, 0x90,
    0xd5, 0x15, 0x21, 0xd4, 0x2a, 0xf, 0x78, 0xbc,
    0x1d, 0x78, 0xbd, 0x6, 0xbc, 0x79, 0xf, 0xf4,
    0xe1, 0xf2, 0x72, 0x1b, 0xe7, 0xa6, 0x1b, 0xff,
    0x0,

    /* U+56FA "固" */
    0x3f, 0xfe, 0x7, 0xe3, 0xf0, 0x7f, 0xc8, 0x57,
    0xc7, 0xe0, 0xaf, 0x8f, 0xa0, 0xdf, 0x1e, 0x43,
    0xd7, 0xc1, 0xf9, 0xf, 0xfb, 0xf0, 0x7d, 0xfe,
    0x43, 0x7f, 0xf0, 0x5f, 0xfc, 0x0,

    /* U+56FD "国" */
    0x3f, 0xfc, 0x17, 0xfe, 0xd, 0x7f, 0xa0, 0xd7,
    0xc7, 0xa0, 0xf9, 0xf, 0xef, 0x47, 0x90, 0xef,
    0x89, 0x41, 0xfc, 0x87, 0xaf, 0x8d, 0xc3, 0x5f,
    0xf0, 0x6f, 0xfc, 0x1b, 0xff, 0x0,

    /* U+56FE "图" */
    0x7f, 0xfc, 0x17, 0x9b, 0xf0, 0x72, 0xaf, 0x83,
    0x98, 0xb5, 0x7, 0xbd, 0x64, 0x1e, 0xb0, 0x32,
    0x1b, 0x26, 0x84, 0x1a, 0x85, 0x3b, 0xf, 0x7a,
    0x81, 0xfa, 0xa0, 0xfb, 0xe8, 0xf8, 0x37, 0xfe,
    0x0,

    /* U+5703 "圃" */
    0x7f, 0xfe, 0x7, 0xe6, 0x3c, 0x17, 0xe6, 0x38,
    0x2a, 0xc5, 0x58, 0x6a, 0x8a, 0x90, 0xe5, 0xa,
    0xf, 0xbc, 0x78, 0x3e, 0xa1, 0x40, 0xf3, 0xe3,
    0x83, 0xfa, 0x24, 0x34, 0xfa, 0xc7, 0xb, 0xff,
    0x87, 0xf, 0xec,

    /* U+5706 "圆" */
    0x3f, 0xfc, 0x17, 0xfe, 0xe, 0x7f, 0x41, 0xf9,
    0x60, 0xfc, 0x85, 0x87, 0xa5, 0xd0, 0x7d, 0xe7,
    0xf, 0xe4, 0x3f, 0x95, 0x12, 0x1e, 0x6a, 0xd4,
    0x1b, 0x5, 0xc4, 0x1b, 0xff, 0x0,

    /* U+5708 "圈" */
    0xff, 0xf8, 0x17, 0x6f, 0x78, 0x33, 0x28, 0xf0,
    0x76, 0xc6, 0x48, 0x65, 0x4, 0xd8, 0x6c, 0x78,
    0xe0, 0xd0, 0xf1, 0xa1, 0x63, 0x46, 0x98, 0x5d,
    0x98, 0x28, 0x1c, 0xe0, 0xe0, 0xd7, 0x97, 0x58,
    0x57, 0xfe, 0x6, 0x87, 0xec,

    /* U+571F "土" */
    0xe, 0xa0, 0x7f, 0xfa, 0xbf, 0x2b, 0xf0, 0x3f,
    0x2b, 0xf0, 0x7f, 0xf9, 0x7f, 0x95, 0xff, 0xfc,
    0x50,

    /* U+5723 "圣" */
    0x7, 0xff, 0x21, 0xb8, 0xbe, 0x2, 0x1c, 0xd1,
    0x33, 0xf, 0x9a, 0x6e, 0x1f, 0x34, 0x15, 0x21,
    0xbd, 0x1d, 0xe2, 0xf0, 0x3e, 0x81, 0x97, 0xc1,
    0x3f, 0x4f, 0xd0, 0x67, 0xe5, 0x7d, 0x7, 0xec,
    0x3f, 0x7f, 0x4f, 0xf0, 0x3f, 0xff, 0x80, 0x0,

    /* U+5728 "在" */
    0xe, 0x83, 0xff, 0x80, 0x87, 0xeb, 0xe3, 0xfc,
    0x97, 0x17, 0xf9, 0xb, 0x50, 0x20, 0xf9, 0xc2,
    0x43, 0xd8, 0x64, 0x3d, 0xa0, 0xf4, 0x7c, 0x6,
    0x7, 0xc7, 0xc0, 0x83, 0xff, 0xa1, 0xf8, 0xfa,
    0xd, 0xff, 0xa0,

    /* U+572D "圭" */
    0xe, 0xa0, 0x7c, 0xb0, 0x16, 0x9, 0xa9, 0x55,
    0x20, 0x7e, 0x57, 0xc8, 0xfe, 0x57, 0xe5, 0x7f,
    0xf9, 0xe, 0xa0, 0x7c, 0xb0, 0x16, 0xa, 0xb2,
    0xaa, 0x41, 0x7c, 0xaf, 0x90, 0xff, 0xe0, 0xff,
    0x2b, 0xf8,

    /* U+5730 "地" */
    0xf, 0xce, 0x1f, 0x61, 0xff, 0xc4, 0x83, 0xff,
    0x82, 0x86, 0x50, 0x2c, 0xd1, 0xce, 0xc1, 0x67,
    0x18, 0x34, 0x3e, 0xcb, 0xb, 0xf, 0xf9, 0x60,
    0xe9, 0xd, 0xa1, 0x30, 0x10, 0x2a, 0xa4, 0x1e,
    0x83, 0x40, 0x50, 0xa0, 0xdf, 0xc8,

    /* U+5733 "圳" */
    0xb, 0x6, 0x1d, 0x87, 0xf4, 0x1f, 0xfc, 0x4,
    0x35, 0x9, 0xf, 0xd8, 0x30, 0xfe, 0x61, 0x41,
    0xff, 0xc0, 0x43, 0xf9, 0x30, 0xfe, 0xf5, 0x87,
    0xf7, 0x25, 0x3, 0xfd, 0x8, 0x30, 0xf9, 0xc3,
    0xfe, 0xc3, 0xec,

    /* U+573A "场" */
    0x3, 0x17, 0xf4, 0x1e, 0xbe, 0x48, 0x3f, 0xb3,
    0xb, 0x9d, 0x5d, 0x3, 0x73, 0xb1, 0x7d, 0x7,
    0xb6, 0x8c, 0x1f, 0x95, 0x7c, 0xd, 0xde, 0x44,
    0x2d, 0xac, 0xd0, 0x51, 0xe7, 0x9d, 0x41, 0xf4,
    0xed, 0x41, 0xfa, 0x86, 0x60,

    /* U+5747 "均" */
    0xf, 0x90, 0xfd, 0x85, 0x7, 0xfc, 0x9f, 0xc1,
    0xee, 0xfa, 0x5, 0x9e, 0x50, 0x48, 0x2c, 0xdb,
    0xf2, 0x1e, 0x9f, 0xc1, 0xff, 0xc2, 0x43, 0x30,
    0x1f, 0x4, 0xc7, 0xf5, 0x85, 0x9c, 0xdc, 0x86,
    0xa0, 0x48, 0x12, 0xc3, 0xfa, 0xd4,

    /* U+574A "坊" */
    0xf, 0xd4, 0xf, 0xb0, 0xff, 0xe8, 0xde, 0x57,
    0xc9, 0x42, 0x32, 0xfc, 0x96, 0x50, 0x3f, 0xc8,
    0x75, 0xe8, 0x3f, 0xd7, 0x21, 0xef, 0x1, 0x10,
    0xde, 0x6d, 0xf, 0xd7, 0x25, 0x0, 0xa0, 0x90,
    0xa1, 0x6, 0x1f, 0x46, 0x5b, 0x7, 0xa8, 0xb,
    0xc1, 0x0,

    /* U+574F "坏" */
    0x3, 0x3f, 0xf9, 0xc, 0xfd, 0x1f, 0x21, 0xfb,
    0x43, 0xb9, 0xc2, 0x70, 0xee, 0x70, 0x26, 0x87,
    0xfa, 0x51, 0x87, 0xe8, 0xc6, 0xc2, 0xdf, 0x38,
    0x48, 0x9b, 0x43, 0xe, 0xc1, 0xe5, 0x61, 0xf2,
    0x1f, 0xfd, 0x0,

    /* U+5750 "坐" */
    0xe, 0xa0, 0x7d, 0x21, 0x98, 0x32, 0x1d, 0x87,
    0xb0, 0xe4, 0x29, 0x50, 0x4a, 0xc9, 0xb4, 0x1d,
    0x1b, 0xc0, 0xc1, 0x25, 0x1f, 0xca, 0xbd, 0x3,
    0xf2, 0xbe, 0x83, 0xff, 0x83, 0xfc, 0xaf, 0xff,
    0xe2, 0x80,

    /* U+5751 "坑" */
    0xf, 0xcc, 0x1f, 0x61, 0xff, 0xd1, 0xfa, 0x7e,
    0x5, 0xa, 0x7f, 0xc0, 0xb2, 0x4f, 0xc1, 0xc8,
    0x77, 0x83, 0xf9, 0x41, 0xff, 0x78, 0x43, 0xeb,
    0x78, 0x3f, 0xbd, 0x2, 0x81, 0xa4, 0x42, 0xd0,
    0xe5, 0x6, 0xe8, 0x13, 0xa1, 0xda, 0x1a, 0xe0,

    /* U+5757 "块" */
    0xf, 0x9c, 0x3e, 0x60, 0xff, 0xe2, 0x20, 0x58,
    0x3e, 0x7c, 0x7a, 0xb, 0x9d, 0xb2, 0x81, 0xb9,
    0xc3, 0xff, 0x84, 0xac, 0x50, 0x87, 0x34, 0x4a,
    0x18, 0x67, 0xb2, 0x3d, 0x5, 0x81, 0x42, 0x21,
    0xbe, 0x8a, 0x1c, 0x1b, 0x41, 0xa8, 0xe, 0x1e,
    0xd8, 0x2a, 0x61, 0xdc, 0x1c, 0xe0,

    /* U+575A "坚" */
    0xc, 0xc1, 0xfe, 0xc2, 0xff, 0x7, 0xec, 0xf2,
    0x83, 0xfa, 0x8a, 0x83, 0xf9, 0x56, 0x1f, 0xcc,
    0x3a, 0x1f, 0x31, 0xdf, 0x5, 0x2, 0x70, 0xac,
    0x25, 0x1, 0xd6, 0xe, 0xbe, 0x1f, 0x90, 0xd5,
    0x9a, 0xc8, 0x5f, 0xcd, 0xfc, 0xf, 0xff, 0xe0,
    0x0,

    /* U+575B "坛" */
    0xb, 0xf, 0xfe, 0x97, 0xf8, 0x3f, 0x7f, 0x82,
    0xf1, 0xc1, 0xfd, 0xc7, 0x83, 0xfc, 0x83, 0xfe,
    0x83, 0xd7, 0x8f, 0xa0, 0xf2, 0x21, 0xf9, 0x3c,
    0x59, 0x86, 0xe9, 0xd1, 0x15, 0x85, 0xe4, 0x5b,
    0xc3, 0x7, 0x9b, 0xd5, 0x60,

    /* U+5761 "坡" */
    0xf, 0xec, 0x3e, 0xc3, 0xff, 0x8c, 0x87, 0xf9,
    0xf4, 0x7c, 0xf, 0x1e, 0x7c, 0x70, 0x5e, 0x3c,
    0x1c, 0xe1, 0xf3, 0xe3, 0xc1, 0xe6, 0x5b, 0x83,
    0xa3, 0x49, 0x34, 0x2c, 0xe7, 0x1d, 0x82, 0xe0,
    0x90, 0x90, 0xfb, 0x56, 0x67, 0x7, 0x3d, 0x45,
    0x4,

    /* U+5764 "坤" */
    0xb, 0xe, 0xc3, 0xfe, 0x43, 0xfd, 0xe8, 0xf8,
    0xa1, 0x27, 0x8f, 0x2, 0x84, 0x9e, 0x3c, 0x1f,
    0xb8, 0xe0, 0xfe, 0x40, 0x87, 0x50, 0xf1, 0xe0,
    0xb3, 0x8f, 0x1e, 0x6, 0xe9, 0x87, 0x67, 0x7,
    0xff, 0x2c,

    /* U+5766 "坦" */
    0xb, 0x7, 0xf8, 0x3f, 0xbf, 0x7, 0xff, 0x1a,
    0xcd, 0xf, 0xea, 0x10, 0x3f, 0x7, 0x22, 0x8f,
    0xc1, 0xff, 0xc9, 0x61, 0x70, 0x66, 0x3c, 0x56,
    0xe, 0xf4, 0xff, 0x82, 0x51, 0x7f, 0xe4, 0x35,
    0xff, 0x90,

    /* U+576A "坪" */
    0xb, 0x2f, 0xf2, 0x1e, 0xa6, 0x5c, 0x87, 0xd0,
    0x68, 0x2f, 0x1a, 0xc0, 0x50, 0x5e, 0x37, 0xc0,
    0xa0, 0x7e, 0x70, 0x41, 0xfb, 0xd1, 0x4f, 0x7,
    0xaf, 0x17, 0xc1, 0x26, 0x1f, 0xef, 0x5a, 0x1f,
    0xdc, 0x87, 0xff, 0x30,

    /* U+576F "坯" */
    0x3, 0x9f, 0xf4, 0x1e, 0xf8, 0xbd, 0x7, 0xf9,
    0xe, 0xe3, 0x4d, 0xf, 0x71, 0xb0, 0xad, 0xf,
    0xa7, 0x1a, 0x21, 0xca, 0xc2, 0x68, 0x1e, 0x83,
    0x98, 0xe, 0x41, 0xf2, 0xb, 0xe4, 0x3f, 0xb4,
    0xbe, 0x3f, 0x7, 0x5f, 0xf8,

    /* U+5782 "垂" */
    0xf, 0xcc, 0x82, 0xff, 0xc8, 0x2a, 0xdb, 0x90,
    0x3d, 0x36, 0xfc, 0xad, 0xb5, 0x6a, 0xd0, 0xf6,
    0x1d, 0xe6, 0xdb, 0x57, 0xe6, 0xd5, 0xab, 0xc1,
    0xec, 0x39, 0xdb, 0x6d, 0x5a, 0xbf, 0x2b, 0xf2,
    0x1f, 0xfc, 0xf, 0xe5, 0x7f, 0x0,

    /* U+5784 "垄" */
    0xf, 0x22, 0x1f, 0xe7, 0x6, 0x1d, 0x7d, 0x3c,
    0x7c, 0xb, 0xe2, 0x56, 0xf8, 0x3e, 0x41, 0x7,
    0xcf, 0x1, 0xe3, 0x5, 0xeb, 0xc0, 0xbc, 0x83,
    0xd3, 0xdf, 0xd0, 0x10, 0x9f, 0x7, 0xef, 0xca,
    0xfc, 0x1b, 0xf2, 0xbf, 0x5, 0xfc, 0xaf, 0xe0,
    0x7f, 0xff, 0x0,

    /* U+57A2 "垢" */
    0xf, 0xf9, 0xe, 0xc0, 0xab, 0xd0, 0x7e, 0xbd,
    0x78, 0x3f, 0xa5, 0x7, 0x78, 0xe3, 0xfc, 0xf,
    0x1c, 0x7f, 0x83, 0xff, 0x8e, 0xc5, 0xf8, 0x34,
    0x41, 0x5e, 0xd, 0x96, 0x21, 0xfb, 0x91, 0xc3,
    0xfe, 0x84, 0xbc, 0x1f, 0x38, 0x2f, 0x7, 0xd8,
    0x24, 0x18, 0x0,

    /* U+57A6 "垦" */
    0x7, 0xfe, 0xf, 0x57, 0x83, 0xef, 0xf0, 0x7c,
    0xbe, 0xf, 0xa8, 0x94, 0x20, 0xe5, 0x6d, 0x60,
    0xef, 0x12, 0x72, 0x13, 0x65, 0x3c, 0x60, 0x9b,
    0x9f, 0x44, 0xb, 0xe5, 0x7d, 0x3, 0xf9, 0x5f,
    0xa3, 0xff, 0xe8,

    /* U+57AB "垫" */
    0xa, 0x42, 0xc3, 0xff, 0x91, 0x47, 0x43, 0xff,
    0x83, 0xf1, 0xe0, 0xd4, 0x7f, 0x18, 0x73, 0x31,
    0x68, 0x7b, 0xc4, 0xc3, 0x2c, 0x9, 0x3, 0xdf,
    0x50, 0x2d, 0x58, 0x4a, 0xa0, 0x4a, 0xd2, 0xf8,
    0x42, 0xbe, 0x6f, 0x90, 0xbf, 0x9b, 0xf8, 0x1f,
    0xff, 0xc0, 0x0,

    /* U+57C2 "埂" */
    0xb, 0x3f, 0xf0, 0x7b, 0xe8, 0xf8, 0x3e, 0xf4,
    0x78, 0x2b, 0x24, 0xe3, 0xd, 0xc6, 0xe, 0x30,
    0xca, 0x14, 0x71, 0x87, 0xe4, 0xe3, 0xf, 0xb1,
    0xd5, 0xe0, 0xad, 0xd5, 0x30, 0x77, 0xa0, 0x68,
    0x7c, 0x84, 0xe9, 0xc1, 0xf5, 0x6e, 0x3c, 0x1d,
    0x68, 0x1b, 0xc0,

    /* U+57CB "埋" */
    0x3, 0x97, 0xf8, 0x3f, 0x59, 0x61, 0xfd, 0xa6,
    0x86, 0xe3, 0x56, 0x38, 0x6e, 0x36, 0x85, 0x3,
    0xfb, 0x4d, 0xf, 0xd9, 0x8e, 0x87, 0xae, 0x85,
    0x41, 0x33, 0x9e, 0x2f, 0x21, 0x73, 0x78, 0xbc,
    0x81, 0x5, 0xf1, 0x7c, 0x1d, 0x7f, 0xe0,

    /* U+57CE "城" */
    0xf, 0xed, 0xe, 0x70, 0xf7, 0xa0, 0xff, 0xbc,
    0x1f, 0x3f, 0x16, 0xa2, 0x86, 0xf, 0x37, 0x92,
    0x86, 0x1f, 0x61, 0xfb, 0xc6, 0xa0, 0xf9, 0xcc,
    0xb0, 0xef, 0x4, 0xa1, 0x5, 0x1c, 0x8, 0x50,
    0x57, 0xf, 0xa8, 0x6, 0xd, 0xd, 0xb4, 0xf0,
    0x67, 0x13, 0x5c, 0x1b, 0x3, 0x2, 0xc0,

    /* U+57DF "域" */
    0xf, 0xed, 0xe, 0xd0, 0xf7, 0x7, 0xab, 0x62,
    0xa0, 0xef, 0xd1, 0x50, 0xe5, 0xf8, 0xe, 0x6,
    0x28, 0xe6, 0x4, 0x24, 0x32, 0x1f, 0xfc, 0x59,
    0xf, 0xdb, 0xab, 0xe, 0xef, 0xe1, 0x3, 0x9e,
    0xbc, 0x40, 0xc7, 0xc9, 0xe9, 0x98, 0x3c, 0xa3,
    0x99, 0x80,

    /* U+57F9 "培" */
    0xf, 0xec, 0x3e, 0xc3, 0xff, 0x86, 0xfc, 0x7c,
    0x1e, 0x73, 0xd3, 0x82, 0xcd, 0x18, 0xb0, 0xb8,
    0x93, 0x50, 0x84, 0xa1, 0xf4, 0x47, 0x90, 0xef,
    0xfc, 0x86, 0x55, 0xfc, 0x85, 0x1a, 0x5f, 0x21,
    0x5e, 0x83, 0xfd, 0x21, 0xaf, 0x90, 0xfe, 0xbe,
    0x40,

    /* U+57FA "基" */
    0xf, 0xfe, 0x2b, 0x86, 0x60, 0xee, 0x3f, 0x4e,
    0x85, 0xc7, 0xe5, 0x68, 0x7b, 0xf2, 0x1f, 0xdf,
    0xa0, 0xfe, 0xfd, 0x7, 0xf7, 0xe8, 0x39, 0xe3,
    0xf4, 0xf8, 0xf, 0x1c, 0xf1, 0xe0, 0x5e, 0x39,
    0xe6, 0xd3, 0xd7, 0xa3, 0xd4, 0xd0, 0x7e, 0x8f,
    0xe0, 0x3f, 0xff, 0x0,

    /* U+5802 "堂" */
    0x4, 0x6, 0x2, 0x83, 0x38, 0x66, 0xe, 0xc7,
    0x1a, 0x20, 0x7c, 0x4a, 0x8b, 0x80, 0xff, 0xe8,
    0xe, 0xff, 0xa6, 0x2, 0x3f, 0x90, 0xf9, 0xfc,
    0x87, 0x9f, 0x4f, 0xa0, 0xef, 0xa7, 0xe4, 0x37,
    0xd3, 0xf2, 0xf, 0xe9, 0xfe, 0x3f, 0xff, 0x80,
    0x0,

    /* U+5806 "堆" */
    0xf, 0x90, 0x21, 0xec, 0xe, 0x30, 0x7f, 0x78,
    0xe0, 0xfe, 0x6d, 0xbc, 0xb, 0x2c, 0xf1, 0xf0,
    0x2c, 0x93, 0xc7, 0x90, 0xf4, 0x59, 0x68, 0x7e,
    0x40, 0x87, 0xdc, 0x78, 0xf2, 0xb, 0x28, 0x78,
    0xf2, 0x15, 0xa1, 0xfe, 0x90, 0xde, 0x3e, 0xf,
    0xdf, 0xe0,

    /* U+5815 "堕" */
    0xf, 0xc8, 0x73, 0xf4, 0x8, 0x3c, 0xe7, 0xc7,
    0xd0, 0x4b, 0x62, 0xd4, 0xc, 0x98, 0x6c, 0x32,
    0xb4, 0x58, 0x39, 0x1c, 0x50, 0x7d, 0xc0, 0xb0,
    0xf2, 0x81, 0xf, 0x1, 0xeb, 0x75, 0x6, 0x7e,
    0x4f, 0x82, 0xf5, 0x4a, 0xab, 0xc7, 0xff, 0xf0,
    0x0,

    /* U+5821 "堡" */
    0x9, 0xf, 0xfe, 0xe, 0xdf, 0xd0, 0x72, 0x8b,
    0xe8, 0x3b, 0x41, 0x7d, 0x6, 0x82, 0xa8, 0xa8,
    0x25, 0x17, 0x42, 0x9c, 0xf, 0x16, 0x22, 0x70,
    0x77, 0x98, 0x9e, 0xd, 0xd9, 0x25, 0xe0, 0xaa,
    0xd6, 0xf4, 0x85, 0xf9, 0x5f, 0x41, 0x7f, 0x2b,
    0xf8, 0x1f, 0xff, 0xc0, 0x0,

    /* U+5835 "堵" */
    0xf, 0xd8, 0x7c, 0xe1, 0xfa, 0xf, 0xbc, 0x7c,
    0x1f, 0xbc, 0x71, 0x1, 0xc9, 0x9, 0x90, 0xfa,
    0xf1, 0xe, 0x8e, 0x5c, 0x9f, 0x90, 0xcf, 0x27,
    0xc1, 0xe6, 0x57, 0xc1, 0xf6, 0x7, 0xe0, 0xdd,
    0x34, 0x7e, 0xd, 0xe4, 0x27, 0xe0, 0xff, 0x3f,
    0x4,

    /* U+5854 "塔" */
    0xf, 0xfe, 0x46, 0x83, 0x43, 0x30, 0x7f, 0xf0,
    0xac, 0xbc, 0x58, 0x75, 0x91, 0x16, 0xe, 0x73,
    0xc5, 0xa1, 0x6a, 0xc9, 0xed, 0xd, 0x8e, 0x9c,
    0x58, 0x7a, 0xff, 0x41, 0x98, 0xfe, 0x90, 0x51,
    0xd3, 0xe4, 0x37, 0xa0, 0xf6, 0x19, 0xe, 0xfa,
    0xf, 0xf7, 0xd0, 0x40,

    /* U+5858 "塘" */
    0xf, 0xec, 0x3c, 0xe1, 0xff, 0xc3, 0xfc, 0x7c,
    0x1f, 0x51, 0x29, 0x82, 0x86, 0x1e, 0x82, 0xa1,
    0x94, 0x48, 0xd0, 0xf5, 0xc6, 0x68, 0x7b, 0xd1,
    0x87, 0xd9, 0x7f, 0x5, 0xd3, 0x1f, 0xe4, 0x1e,
    0x50, 0x5f, 0x7, 0xd4, 0x7, 0xc1, 0xf2, 0x81,
    0xf0, 0x7d, 0xe, 0x16, 0x80,

    /* U+585E "塞" */
    0xf, 0x68, 0x7d, 0x7e, 0x2f, 0xc1, 0x2a, 0x55,
    0xa, 0x8, 0x12, 0x55, 0xa, 0x28, 0x14, 0xd5,
    0xe2, 0xe0, 0xed, 0x5e, 0x24, 0x3d, 0xab, 0xc6,
    0x86, 0xbc, 0xaf, 0x1f, 0x5, 0x6a, 0xde, 0x2c,
    0xf, 0x95, 0xbc, 0x7a, 0x1f, 0xe2, 0xf5, 0xc0,
    0xfe, 0x2f, 0xc8, 0x3f, 0xfe, 0x40,

    /* U+586B "填" */
    0xf, 0xcc, 0x1f, 0x67, 0xd3, 0xf0, 0x7b, 0xe9,
    0xf8, 0x3e, 0xb9, 0xf0, 0x56, 0x40, 0x6a, 0xd,
    0x43, 0xf, 0xf9, 0x10, 0x35, 0x7, 0xf9, 0xa8,
    0x3e, 0x57, 0x82, 0x82, 0xb3, 0xaf, 0xb0, 0x7d,
    0x79, 0xb2, 0xc0, 0x84, 0xea, 0x2a, 0xf, 0xac,
    0xe, 0x0,

    /* U+5883 "境" */
    0xf, 0xd2, 0x1e, 0x70, 0xec, 0x3f, 0xaf, 0x2b,
    0xc8, 0x73, 0x43, 0xc4, 0x81, 0xce, 0x87, 0x8b,
    0x3, 0x94, 0xf, 0x61, 0xfa, 0xb0, 0x7c, 0xa2,
    0xb0, 0x76, 0x49, 0x58, 0x36, 0x78, 0x15, 0x83,
    0x70, 0x59, 0xb6, 0x1f, 0x3a, 0x1a, 0x81, 0x3d,
    0x47, 0x6c, 0x13, 0xe4, 0xf, 0xc0,

    /* U+5893 "墓" */
    0xd, 0x86, 0xc3, 0xaf, 0x1f, 0x8f, 0x40, 0xe8,
    0x56, 0x2a, 0x2, 0xa2, 0xb1, 0x21, 0xea, 0xe4,
    0x3f, 0x57, 0x21, 0xf9, 0x7c, 0x1f, 0x22, 0x19,
    0xd, 0x6a, 0x17, 0xb8, 0x12, 0x3d, 0x34, 0xa0,
    0x32, 0x7a, 0x6a, 0xf0, 0x39, 0xf2, 0xbd, 0x4c,
    0xf, 0xe5, 0x7e, 0x80,

    /* U+5899 "墙" */
    0xf, 0xd8, 0x7b, 0xf, 0xfe, 0x1f, 0xc7, 0xc8,
    0x49, 0x39, 0xe5, 0xb2, 0x50, 0x83, 0x87, 0x33,
    0x63, 0x3c, 0x19, 0xaf, 0xb0, 0xea, 0xf8, 0x34,
    0x98, 0x50, 0x18, 0x40, 0x90, 0x64, 0xf2, 0x2b,
    0x50, 0x50, 0x6d, 0x6c, 0x3f, 0x7f, 0x0,

    /* U+589E "增" */
    0xf, 0xfe, 0x2e, 0xa, 0x3, 0x83, 0xed, 0xd5,
    0x38, 0x72, 0x8e, 0xf0, 0x82, 0xc8, 0x9, 0xa6,
    0xb, 0x38, 0x4d, 0xf, 0xe4, 0x40, 0xa0, 0xfc,
    0xbc, 0x1e, 0xe2, 0xf8, 0x35, 0x94, 0x2f, 0x83,
    0x7c, 0x82, 0xf8, 0x32, 0x1d, 0x7c, 0x1f, 0xeb,
    0xe0, 0x80,

    /* U+58A8 "墨" */
    0x3, 0xff, 0xc1, 0xcd, 0x12, 0xa0, 0xf3, 0x44,
    0xa8, 0x3c, 0xd1, 0x2a, 0xf, 0x34, 0x4a, 0x90,
    0xe5, 0x80, 0xb0, 0x7b, 0xe4, 0xfc, 0x15, 0x72,
    0x56, 0xc1, 0x43, 0x3c, 0x71, 0x2, 0x99, 0x75,
    0x34, 0x4, 0xfa, 0x19, 0xec, 0x2b, 0xe9, 0xfc,
    0x17, 0xf4, 0xff, 0x20,

    /* U+58A9 "墩" */
    0xf, 0xfe, 0x3b, 0x81, 0xc3, 0xb0, 0xff, 0xe1,
    0x3c, 0x7c, 0x87, 0x99, 0x6d, 0x5e, 0x1c, 0xee,
    0x51, 0x18, 0xe4, 0xd9, 0x7, 0xe6, 0xb0, 0x30,
    0xfb, 0xae, 0x43, 0xcd, 0xa2, 0x84, 0xc, 0x62,
    0xd8, 0x30, 0x3f, 0x50, 0xe8, 0x41, 0x23, 0xe1,
    0xdd, 0x83, 0x9d, 0x46, 0x41, 0xe7, 0x98, 0x28,

    /* U+58C1 "壁" */
    0xf, 0xea, 0x7, 0x7e, 0x6d, 0x5c, 0x1a, 0x80,
    0xca, 0x10, 0x6f, 0x22, 0xbc, 0x84, 0x9f, 0xcb,
    0xb4, 0xd, 0xe7, 0xca, 0xf2, 0x60, 0xf1, 0x6a,
    0xe0, 0x31, 0xe2, 0xd5, 0xc0, 0xca, 0x98, 0xf0,
    0x75, 0x3c, 0xae, 0x98, 0x6b, 0xe8, 0xfc, 0x17,
    0xf4, 0x7f, 0x27, 0xff, 0xf0, 0x10,

    /* U+58EE "壮" */
    0xd, 0x87, 0xff, 0x1b, 0xf, 0xfe, 0x3e, 0x87,
    0xff, 0x3, 0x83, 0xff, 0x82, 0xa2, 0xf8, 0xf8,
    0x29, 0x2f, 0x8f, 0x83, 0x41, 0xff, 0x38, 0x7f,
    0xf0, 0x3a, 0x7, 0xfd, 0x21, 0xff, 0xc5, 0xf8,
    0xf4, 0x1f, 0x7f, 0xa0,

    /* U+58F0 "声" */
    0xf, 0x30, 0x7f, 0xd8, 0x7d, 0xfc, 0xaf, 0xe3,
    0xac, 0xaa, 0xd8, 0x5f, 0x3, 0xf0, 0x4b, 0xfc,
    0x1e, 0xf8, 0xf4, 0x1f, 0x90, 0xff, 0x7a, 0x3d,
    0x7, 0xbf, 0xe8, 0x29, 0xf, 0xf2, 0xa0, 0xff,
    0x78, 0x3f, 0xc0,

    /* U+58F3 "壳" */
    0xf, 0x50, 0x3e, 0x5e, 0x2, 0xf0, 0x3a, 0xca,
    0xad, 0x82, 0xfc, 0xaf, 0xd0, 0x57, 0xca, 0xfc,
    0x1b, 0xaf, 0xe0, 0xab, 0xfe, 0xc2, 0xbd, 0x5b,
    0xd0, 0x5a, 0x77, 0xac, 0x60, 0x21, 0x75, 0x4,
    0x86, 0x43, 0xf4, 0x97, 0x61, 0x27, 0x94, 0xb,
    0xe, 0xfc, 0x0,

    /* U+5904 "处" */
    0xf, 0xfe, 0x24, 0x1b, 0xf, 0x21, 0xff, 0xc0,
    0xdf, 0x21, 0xf9, 0xf0, 0x81, 0xc, 0x87, 0xed,
    0x4, 0x1f, 0x34, 0x12, 0xa4, 0x32, 0xc6, 0xb4,
    0x1d, 0x28, 0x8, 0x7f, 0xca, 0x10, 0xfc, 0xde,
    0xa2, 0x83, 0x36, 0xf, 0x9f, 0xa7, 0xc, 0xdf,
    0xa0,

    /* U+5907 "备" */
    0xc, 0x87, 0xff, 0x2, 0xfe, 0xf, 0x67, 0xd0,
    0x7b, 0x54, 0xb, 0xd, 0xb4, 0x2e, 0xe, 0xe0,
    0x90, 0xf9, 0x5e, 0x3a, 0x72, 0xb, 0x3, 0xc1,
    0x69, 0xc7, 0x8f, 0x1c, 0x86, 0xf1, 0xe0, 0xfd,
    0xe3, 0xc1, 0xfb, 0xc7, 0x83, 0xf7, 0xf0, 0x60,

    /* U+590D "复" */
    0xf, 0xfe, 0x2b, 0x87, 0xff, 0x2, 0x3f, 0xe4,
    0x28, 0xaf, 0xb4, 0x12, 0x61, 0xb8, 0x37, 0x86,
    0xb2, 0x1c, 0x81, 0xac, 0x87, 0xd1, 0x7c, 0x41,
    0xe5, 0xb, 0xa0, 0xe7, 0x7, 0xa1, 0xf, 0x59,
    0xd1, 0x83, 0x97, 0x9, 0xa1, 0xbf, 0x17, 0x77,
    0x81, 0xf5, 0x11, 0xbe, 0x0,

    /* U+590F "夏" */
    0x3f, 0xff, 0x80, 0xf, 0xe9, 0xfe, 0xd, 0xf4,
    0xfc, 0x1f, 0x57, 0x84, 0x3d, 0xfe, 0xf, 0xcb,
    0xe0, 0xfd, 0x5e, 0xf, 0x9a, 0x7e, 0x50, 0x7e,
    0x5e, 0xc, 0xe4, 0x5c, 0x21, 0xd4, 0x69, 0xd4,
    0x1d, 0xdc, 0xc5, 0x48, 0x33, 0xe9, 0xfe, 0x0,

    /* U+5915 "夕" */
    0xf, 0x41, 0xfd, 0x7, 0xf9, 0xc3, 0xf2, 0x5f,
    0x83, 0x53, 0xe8, 0x36, 0xa0, 0xb4, 0x1a, 0x21,
    0x31, 0x37, 0x43, 0x81, 0x41, 0xdd, 0x41, 0xfd,
    0x7, 0x9d, 0xc3, 0x37, 0x50, 0x75, 0xf2, 0x1c,

    /* U+5916 "外" */
    0xf, 0xfe, 0x2b, 0x6, 0xc3, 0xff, 0x93, 0x7,
    0xff, 0x9, 0xf4, 0x1f, 0xa3, 0xc9, 0x7, 0xce,
    0x6, 0x43, 0xda, 0x83, 0x62, 0x1b, 0xbd, 0x21,
    0x41, 0xe9, 0x50, 0x4e, 0x1e, 0x60, 0xd3, 0x84,
    0xf2, 0x1d, 0x40, 0x54, 0x87, 0xc8, 0x5a, 0x1f,
    0xe0,

    /* U+591A "多" */
    0xe, 0x50, 0x7f, 0x30, 0x7f, 0x50, 0xbe, 0xa,
    0xcf, 0xa2, 0xb, 0xf3, 0x52, 0x12, 0x14, 0x1e,
    0x7e, 0xb4, 0xbd, 0x3e, 0xbd, 0x7c, 0x60, 0xb1,
    0xa, 0x50, 0x3d, 0x73, 0x90, 0x48, 0x6a, 0x82,
    0x6f, 0x53, 0x42, 0x62, 0xf2, 0x1c,

    /* U+591C "夜" */
    0xf, 0x50, 0x3f, 0xf9, 0x37, 0xe5, 0x7f, 0x2,
    0xf1, 0x74, 0xfc, 0x19, 0x12, 0x9e, 0x83, 0xac,
    0x4a, 0x90, 0xd8, 0x54, 0xde, 0xb, 0x41, 0x89,
    0xa8, 0x2a, 0x15, 0x71, 0x6, 0x41, 0x2d, 0xa8,
    0x3f, 0xc8, 0x87, 0xf5, 0xdd, 0xc8, 0x72, 0x68,
    0xfa, 0x0,

    /* U+591F "够" */
    0x2, 0x1e, 0x83, 0xb4, 0x32, 0xe0, 0x9b, 0xd1,
    0x3d, 0x4, 0xf4, 0xc5, 0x91, 0xa1, 0x9b, 0xa0,
    0xb7, 0x81, 0x82, 0x46, 0x30, 0xa8, 0x61, 0x21,
    0xda, 0x3e, 0xb, 0x3, 0xb6, 0x21, 0x60, 0x55,
    0x44, 0xc, 0xf3, 0xad, 0x87, 0x9d, 0xcc, 0x39,
    0xc1, 0x50, 0x79, 0xf3, 0xa1, 0x80,

    /* U+5927 "大" */
    0xe, 0x50, 0x7f, 0xde, 0xf, 0xfe, 0xaf, 0xe5,
    0x7e, 0x41, 0xf8, 0xf, 0xc8, 0x72, 0x48, 0x7f,
    0x6a, 0xf, 0xf3, 0xc, 0x1f, 0x68, 0x25, 0x7,
    0x6c, 0x15, 0x10, 0x3b, 0x6, 0x6a, 0x1a, 0x7,
    0x9f, 0x0,

    /* U+5929 "天" */
    0x7f, 0xfe, 0x1f, 0xd1, 0xfc, 0x1f, 0xfd, 0xf,
    0xd1, 0xf9, 0x7, 0xe0, 0xbe, 0x43, 0xe8, 0x3f,
    0xd2, 0xd0, 0x7d, 0x31, 0x28, 0x3a, 0x70, 0xba,
    0x2, 0xcc, 0x3b, 0x72, 0xe0, 0xfb, 0x80,

    /* U+592A "太" */
    0xe, 0x43, 0xff, 0x81, 0xa1, 0xff, 0x21, 0xff,
    0xc9, 0xfc, 0x5f, 0xa0, 0x7e, 0x27, 0xe8, 0x3a,
    0x58, 0x3f, 0x9c, 0x8, 0x7d, 0x5, 0x40, 0xf9,
    0x8d, 0x20, 0xee, 0x55, 0xe6, 0x3, 0xc8, 0x1c,
    0xd8, 0x64, 0x3e, 0xf0,

    /* U+592B "夫" */
    0xe, 0x70, 0xff, 0xeb, 0x7d, 0x1f, 0x41, 0xbe,
    0x8f, 0xa0, 0xfc, 0x87, 0xdf, 0xa7, 0xf4, 0xf,
    0xc0, 0x7e, 0x83, 0xa7, 0x43, 0xf2, 0xa1, 0xc3,
    0xd5, 0x2, 0x74, 0xe, 0xe8, 0x55, 0x63, 0x61,
    0xe7, 0x80,

    /* U+592E "央" */
    0xf, 0x50, 0x3f, 0xfb, 0xf, 0xca, 0xfa, 0xe,
    0x7c, 0xaf, 0x21, 0xfe, 0xc3, 0xff, 0x80, 0x87,
    0xee, 0x7c, 0x5e, 0x56, 0xf, 0xcb, 0xbf, 0x7,
    0x2a, 0x8a, 0xf, 0xaa, 0x7, 0x40, 0xd6, 0x68,
    0x59, 0xe0, 0x7a, 0xf, 0x5c, 0x0,

    /* U+5931 "失" */
    0xf, 0x61, 0xfd, 0x7, 0xff, 0x1, 0xf, 0xfa,
    0x3c, 0x7e, 0x9, 0x5f, 0x1f, 0x82, 0xe0, 0xff,
    0x9b, 0xe3, 0xf4, 0xf, 0xc8, 0x3e, 0x83, 0xce,
    0x21, 0xfb, 0x8a, 0x7, 0x9d, 0x43, 0x68, 0x55,
    0x82, 0x6a, 0xb, 0x43, 0x9f, 0x0,

    /* U+5934 "头" */
    0xf, 0x98, 0x3e, 0xa0, 0x7f, 0xd3, 0x7, 0xf2,
    0x61, 0xfe, 0xf1, 0x7, 0xf4, 0xc0, 0xc3, 0xf5,
    0x2, 0xc3, 0xbf, 0xcd, 0xf8, 0xfe, 0x4b, 0xf0,
    0x72, 0xaa, 0xf, 0xaa, 0x73, 0x9, 0xb3, 0x41,
    0x4c, 0x37, 0x7, 0x30,

    /* U+5937 "夷" */
    0xf, 0x50, 0x3f, 0x2e, 0x2, 0xf0, 0x2b, 0x95,
    0x5b, 0x5, 0x70, 0x2b, 0x83, 0xe5, 0x3, 0x83,
    0xbe, 0x57, 0x90, 0xec, 0xf2, 0xbd, 0x61, 0x9d,
    0x61, 0x60, 0xf5, 0xe1, 0xfc, 0x84, 0xf9, 0x77,
    0x7, 0x42, 0xa8, 0xd1, 0x41, 0x3d, 0x83, 0x4c,
    0x2e, 0x98, 0x6e, 0x98, 0x3c, 0x87, 0x9f, 0x0,

    /* U+5939 "夹" */
    0xf, 0x30, 0x7f, 0xf2, 0x5f, 0xd3, 0xf8, 0x27,
    0xbd, 0x3e, 0xb0, 0xee, 0xc, 0xc1, 0xe9, 0x3c,
    0x58, 0x6a, 0x89, 0xa1, 0x50, 0x2a, 0xf0, 0x9d,
    0x41, 0xed, 0x90, 0xfe, 0x98, 0x70, 0xfa, 0x70,
    0x4e, 0x1a, 0xcc, 0x35, 0x38, 0x1e, 0x83, 0xcf,
    0x80,

    /* U+593A "夺" */
    0xf, 0x28, 0x3f, 0xf8, 0x10, 0x7e, 0xfe, 0x2f,
    0xe0, 0x7e, 0x28, 0x7e, 0xe, 0x97, 0x61, 0xe7,
    0x20, 0x6f, 0x5, 0xf4, 0x17, 0xc6, 0xd, 0xfe,
    0x6d, 0xc2, 0xf5, 0xf3, 0x78, 0x3d, 0xc1, 0xff,
    0xc0, 0x84, 0x3f, 0xf8, 0x12, 0x1f, 0xfc, 0x2d,
    0x41, 0x80,

    /* U+5947 "奇" */
    0xf, 0x28, 0x3f, 0x2e, 0xf2, 0xe0, 0x9a, 0xca,
    0xac, 0x13, 0xf2, 0x23, 0x61, 0x2a, 0xce, 0xf5,
    0x85, 0xca, 0xd6, 0x25, 0x3, 0xa6, 0x1d, 0x6,
    0x55, 0x70, 0x9a, 0x1d, 0xf0, 0x7f, 0xf3, 0x7e,
    0xf, 0xf5, 0xf4, 0x87, 0xe4, 0x26, 0xc4, 0x0,

    /* U+5949 "奉" */
    0xf, 0x90, 0xfe, 0x5a, 0x8b, 0x83, 0x56, 0x4a,
    0xc1, 0xa5, 0x85, 0xd0, 0x77, 0x95, 0xbe, 0x42,
    0x7a, 0xc, 0x53, 0xc0, 0x78, 0xf3, 0x8f, 0x82,
    0xa8, 0x51, 0x3a, 0x8, 0xfa, 0x3a, 0xc0, 0xa1,
    0x71, 0xe5, 0x61, 0x7e, 0x8f, 0xc8, 0x5f, 0xa3,
    0xf2, 0x1f, 0xfc, 0x30,

    /* U+594B "奋" */
    0xf, 0x21, 0xff, 0xc1, 0x83, 0xf7, 0xf1, 0xfe,
    0x7, 0xe2, 0xcf, 0xc1, 0xd2, 0x87, 0xf, 0xa2,
    0x4, 0xe1, 0x9d, 0x5f, 0x93, 0x41, 0xc7, 0x9b,
    0xc5, 0x82, 0x4f, 0x37, 0x86, 0xe, 0xf2, 0xb8,
    0x3f, 0xec, 0x43, 0xf7, 0x9b, 0xc1, 0xfb, 0xfc,
    0x18,

    /* U+594F "奏" */
    0xf, 0x30, 0x7e, 0x6b, 0x35, 0x83, 0xbe, 0x1f,
    0xc1, 0x9a, 0x86, 0xac, 0x3b, 0xc9, 0x97, 0x6,
    0xf9, 0x32, 0xf8, 0x2d, 0x2f, 0x87, 0xc0, 0xb1,
    0xbe, 0x7, 0x3, 0xd4, 0xd5, 0xeb, 0xc0, 0x7f,
    0x2b, 0xf8, 0x2f, 0x93, 0x6f, 0x41, 0x36, 0x67,
    0x70, 0x54, 0x38, 0xf, 0x10, 0x2e, 0xf, 0x34,
    0x0,

    /* U+5951 "契" */
    0xd, 0x87, 0xf9, 0xf1, 0xeb, 0xf4, 0x6, 0x85,
    0x59, 0xa1, 0x90, 0x28, 0x3f, 0xb8, 0xe1, 0x40,
    0xc2, 0xf1, 0xc5, 0x88, 0x57, 0x8e, 0xd3, 0x10,
    0x5f, 0xd4, 0x7c, 0x15, 0xfa, 0x9f, 0xc0, 0xbe,
    0x85, 0x7e, 0xe, 0x6a, 0x60, 0xea, 0x76, 0x99,
    0xc8, 0x5f, 0x6, 0xbe, 0x0,

    /* U+5954 "奔" */
    0xf, 0x21, 0xff, 0xc1, 0x83, 0xf3, 0xf8, 0xff,
    0x1, 0xf4, 0x74, 0x3e, 0xd, 0x4d, 0x9b, 0xd,
    0x60, 0xe3, 0x9e, 0xa, 0x9e, 0x8e, 0x9e, 0x4,
    0x92, 0x14, 0x4, 0x3e, 0x60, 0xfa, 0xf3, 0x76,
    0x7c, 0xb, 0xc5, 0xf1, 0xf0, 0x4e, 0xa0, 0xfe,
    0xac, 0x1f, 0xeb, 0x43, 0xb0, 0xc0,

    /* U+5956 "奖" */
    0xf, 0xfe, 0x36, 0x6, 0xf, 0x68, 0x69, 0xf8,
    0x2e, 0xa, 0x2a, 0xe, 0x81, 0x2b, 0x68, 0x1d,
    0x97, 0x3c, 0x85, 0x50, 0xac, 0x90, 0xde, 0x41,
    0xda, 0x1c, 0x83, 0x7c, 0x1f, 0x7f, 0x4f, 0xf0,
    0x3f, 0x42, 0x7e, 0xe, 0x6e, 0x70, 0xe6, 0xec,
    0x14, 0xe4, 0x19, 0x61, 0x9f, 0x80,

    /* U+5957 "套" */
    0xf, 0x21, 0xff, 0xc1, 0x90, 0xf9, 0xfc, 0x5f,
    0xc0, 0x7c, 0x9e, 0x8f, 0x82, 0xb4, 0xf4, 0x72,
    0xc, 0xc3, 0xd7, 0x27, 0x2, 0xb9, 0x5a, 0x1d,
    0x5e, 0xf, 0xdf, 0xd0, 0x67, 0xc7, 0xfe, 0x3,
    0xf1, 0xf2, 0xbc, 0x13, 0xe3, 0xe5, 0x61, 0x9b,
    0xfe, 0x80,

    /* U+5960 "奠" */
    0x9, 0x2f, 0xc8, 0x73, 0x3d, 0x70, 0x66, 0x2b,
    0xc6, 0x82, 0x9e, 0x25, 0x7a, 0x80, 0xfc, 0x4a,
    0xfc, 0x19, 0x47, 0xa, 0xf, 0xd0, 0x10, 0xfc,
    0xab, 0x96, 0xf, 0xfe, 0x16, 0x16, 0x87, 0xeb,
    0x7, 0xd0, 0xa2, 0xf8, 0xa, 0xa3, 0x5b, 0x90,
    0x7e, 0x80, 0xf1, 0x80,

    /* U+5965 "奥" */
    0xf, 0x21, 0xfc, 0xba, 0x5e, 0xd, 0x7c, 0xfd,
    0x40, 0xef, 0x40, 0xf4, 0x1f, 0x78, 0x10, 0x7e,
    0xd1, 0x44, 0x1f, 0x70, 0x16, 0xf, 0xba, 0x3c,
    0x61, 0xd4, 0xd0, 0xaa, 0xb, 0xbe, 0x6f, 0xac,
    0x1f, 0x86, 0x2f, 0x82, 0x6d, 0x9a, 0x68, 0x5c,
    0x70, 0x1e, 0xf0, 0x3d, 0x7, 0x9b, 0x0,

    /* U+5973 "女" */
    0xf, 0xfe, 0x2d, 0x3, 0xfc, 0xc1, 0xfd, 0x7,
    0xef, 0x93, 0xfa, 0x3d, 0x1f, 0x2b, 0x82, 0xa0,
    0x4c, 0x1e, 0x41, 0x7, 0xb1, 0x3, 0x87, 0x77,
    0xc8, 0x7c, 0x81, 0x5c, 0x13, 0x67, 0x73, 0xaa,
    0x38, 0x27, 0x80,

    /* U+5974 "奴" */
    0xc, 0x87, 0xff, 0x1, 0xc6, 0xb8, 0x3b, 0x2,
    0xf, 0x21, 0x5a, 0xbc, 0x5, 0x6, 0xb3, 0x8c,
    0x3f, 0x21, 0x2c, 0x28, 0x37, 0x1e, 0xa, 0xc3,
    0x28, 0x50, 0xc2, 0x1d, 0xc8, 0x26, 0xe, 0xe4,
    0x28, 0xc3, 0xd4, 0x28, 0xec, 0x13, 0xcc, 0x39,
    0xb0, 0x3c, 0x85, 0x85, 0x80,

    /* U+5979 "她" */
    0xa, 0xe, 0xc3, 0xe4, 0x3f, 0xf8, 0xa, 0x4,
    0x87, 0xd4, 0x74, 0x33, 0xa0, 0x88, 0x2b, 0x30,
    0xf2, 0x6a, 0x88, 0x43, 0xd3, 0xa1, 0xe5, 0x83,
    0xfe, 0xda, 0x7, 0x68, 0x54, 0x30, 0xcf, 0x40,
    0xaf, 0x21, 0x42, 0x81, 0xc2, 0xbb, 0xea, 0x2,
    0x42, 0x7f, 0x90,

    /* U+597D "好" */
    0x9, 0xf, 0xfe, 0xc, 0x97, 0xf0, 0x79, 0x2f,
    0xa0, 0xde, 0x3c, 0x85, 0x61, 0x73, 0x88, 0x38,
    0x3b, 0xc1, 0xe4, 0x39, 0x40, 0xf8, 0xf9, 0xd,
    0x3f, 0x1f, 0x21, 0x6c, 0x1f, 0xed, 0x20, 0xff,
    0x2a, 0x50, 0x7e, 0x68, 0xe8, 0x7e, 0xb4, 0x2f,
    0x21, 0xd8, 0x77, 0xa0, 0xc0,

    /* U+5982 "如" */
    0xf, 0xfe, 0x23, 0x87, 0xff, 0x1, 0x9, 0x70,
    0x6c, 0x35, 0x6c, 0xb5, 0x79, 0x3d, 0x2, 0xcb,
    0x10, 0xfe, 0x43, 0xfc, 0x87, 0xff, 0x3, 0x45,
    0x7, 0xe4, 0x16, 0x1f, 0xb3, 0x10, 0x21, 0xe8,
    0x18, 0x2e, 0xa, 0xed, 0x57, 0xd1, 0x1a, 0x4a,
    0x9, 0x28, 0x1f, 0xe0,

    /* U+5987 "妇" */
    0x9, 0xf, 0xfe, 0x4, 0x5, 0xf0, 0x4a, 0x7,
    0xf4, 0xe, 0x7d, 0x5c, 0x16, 0xd8, 0x7f, 0x97,
    0x7, 0xfd, 0x97, 0xe0, 0xa4, 0x7b, 0xf0, 0x5b,
    0x88, 0x7e, 0x70, 0x21, 0xfd, 0x1d, 0xfc, 0x14,
    0xe7, 0xab, 0x4, 0xc1, 0x97, 0x5, 0xa1, 0xfb,
    0x0,

    /* U+5988 "妈" */
    0x9, 0xf, 0xf9, 0xcb, 0xf9, 0xb, 0xc5, 0xde,
    0x42, 0xdb, 0x9c, 0xa, 0x6, 0x70, 0x7f, 0xf0,
    0x33, 0xc1, 0xfe, 0xcb, 0xc7, 0xa, 0x15, 0x7e,
    0x42, 0x60, 0xfd, 0x8e, 0x83, 0xf8, 0x32, 0xaf,
    0xf2, 0x6, 0x8e, 0x1e, 0x4f, 0x7, 0xad, 0x0,

    /* U+5996 "妖" */
    0x9, 0xf, 0xfe, 0xc, 0x12, 0xaf, 0x21, 0xf7,
    0x46, 0xd0, 0x50, 0x9f, 0x84, 0x36, 0xa3, 0xf,
    0xe4, 0xb3, 0xe3, 0xe0, 0xef, 0xd0, 0xf8, 0xa,
    0x14, 0xd, 0x41, 0xb6, 0xc, 0xc1, 0xd6, 0x84,
    0x81, 0x83, 0x25, 0x96, 0x48, 0x4d, 0xb7, 0x5,
    0x60, 0xf0, 0x39, 0x9, 0x60,

    /* U+5999 "妙" */
    0x3, 0x7, 0x61, 0xff, 0xcd, 0x42, 0x42, 0xe7,
    0x88, 0x28, 0x2d, 0x91, 0x41, 0x58, 0x4a, 0x5,
    0x2, 0x43, 0xcf, 0x7, 0x40, 0x50, 0x14, 0x20,
    0x90, 0x6c, 0x83, 0x96, 0xa, 0x8a, 0x7, 0xaa,
    0xf, 0x58, 0x1d, 0x41, 0x36, 0xef, 0x50, 0x6b,
    0x1e, 0x9a, 0x1d, 0x81, 0xf2, 0x1e,

    /* U+59A5 "妥" */
    0xf, 0xf2, 0x83, 0x96, 0xbd, 0x6, 0xf5, 0xf5,
    0xe0, 0xd3, 0xc8, 0x8c, 0x12, 0xc5, 0x1, 0x40,
    0xd4, 0x2, 0x42, 0x19, 0xda, 0x16, 0x17, 0xe8,
    0xfe, 0x4f, 0x8b, 0xd1, 0xe4, 0x28, 0x41, 0x40,
    0xf6, 0xfc, 0xa0, 0xfe, 0x63, 0x82, 0xf5, 0xe9,
    0xb3, 0x7, 0xc8, 0x75, 0x80,

    /* U+59A8 "妨" */
    0xf, 0xfe, 0x2e, 0x19, 0xc3, 0xc8, 0x7f, 0xf0,
    0x90, 0x28, 0xb, 0x3, 0x9f, 0x54, 0x54, 0xc,
    0xa3, 0xb7, 0xe0, 0xc8, 0x7f, 0xf0, 0xf0, 0x5f,
    0x5, 0x24, 0x8d, 0xc1, 0xcc, 0x19, 0x10, 0xd6,
    0x87, 0xff, 0x1, 0x15, 0x40, 0x21, 0x9b, 0xb5,
    0x3, 0x42, 0xb1, 0x58, 0xec, 0x16, 0x7, 0x3,
    0xe0, 0x80,

    /* U+59AE "妮" */
    0xa, 0xf, 0xf9, 0x40, 0xff, 0x6, 0x42, 0xfc,
    0x17, 0x3c, 0x21, 0xec, 0x50, 0x2f, 0x83, 0xa3,
    0x37, 0xe0, 0xe5, 0x1, 0x4, 0x92, 0x1e, 0xb1,
    0x37, 0x43, 0xb8, 0xe, 0x1e, 0x81, 0x3, 0x89,
    0xc, 0x83, 0x54, 0xc3, 0xeb, 0x28, 0x8, 0x17,
    0xc8,

    /* U+59B9 "妹" */
    0x9, 0xe, 0xc3, 0xcc, 0x1f, 0xfc, 0x14, 0x17,
    0x8f, 0x20, 0xe7, 0xa7, 0x1e, 0x41, 0x92, 0x12,
    0x1f, 0x90, 0x2c, 0x28, 0x3c, 0x95, 0x15, 0x1,
    0x40, 0xb8, 0x2e, 0x6, 0xc8, 0x24, 0x60, 0xa8,
    0x81, 0x22, 0x43, 0x69, 0x4c, 0x2b, 0x49, 0xa1,
    0x86, 0x60, 0x38, 0x20, 0xf2, 0x8c, 0x3e, 0xc3,
    0x0,

    /* U+59BB "妻" */
    0xe, 0xa0, 0x7a, 0xfc, 0xaf, 0xd1, 0x7e, 0x57,
    0xe8, 0xf, 0xca, 0xfa, 0x9, 0xf9, 0x5e, 0x42,
    0xfe, 0x57, 0x95, 0x9e, 0x58, 0xb, 0xb0, 0xbc,
    0x37, 0xd0, 0x2e, 0x8a, 0xad, 0xe2, 0xe1, 0xf4,
    0x5e, 0xc, 0xaf, 0x51, 0xe, 0x74, 0x2b, 0x41,
    0x7a, 0x3f, 0x51, 0x2f, 0xa0, 0xce, 0x80,

    /* U+59C6 "姆" */
    0x9, 0xf, 0xfe, 0x3, 0x83, 0xfc, 0x1b, 0xc1,
    0x53, 0xc1, 0xb6, 0xd0, 0x78, 0x3b, 0x34, 0xd,
    0x10, 0xf9, 0x8f, 0x50, 0xd1, 0xb, 0x3f, 0x1a,
    0x4, 0x33, 0xa1, 0xdb, 0xa0, 0x79, 0xd, 0x40,
    0x21, 0x48, 0x76, 0xac, 0xf5, 0x98, 0x15, 0x77,
    0xae, 0x70, 0x58, 0x77, 0xa8, 0x16, 0x1e, 0xbc,
    0x10,

    /* U+59CB "始" */
    0x9, 0xe, 0x43, 0xe9, 0xa, 0xc3, 0xf2, 0x13,
    0x21, 0xac, 0xf0, 0xa0, 0x61, 0x50, 0xc6, 0xd0,
    0x21, 0x68, 0x22, 0xf3, 0x4, 0xea, 0xfa, 0xb0,
    0x67, 0x7, 0xf2, 0x4, 0x9c, 0x1f, 0x6, 0x70,
    0xff, 0xe1, 0x2a, 0x81, 0xfd, 0xb7, 0x8f, 0x83,
    0x4c, 0x4, 0xf8, 0x35, 0x3, 0x61, 0x60,

    /* U+59D0 "姐" */
    0x9, 0xf, 0xfe, 0xc, 0x7, 0xf8, 0x3f, 0x9f,
    0x83, 0x59, 0xe0, 0xfe, 0xa3, 0x81, 0xf8, 0x3b,
    0xc8, 0x1f, 0x83, 0x94, 0x21, 0xff, 0xc0, 0xf0,
    0xb8, 0x32, 0x2c, 0xa, 0x83, 0x34, 0x11, 0xf8,
    0x3e, 0xc3, 0xfd, 0x4c, 0xe7, 0xe3, 0x4f, 0x2,
    0xff, 0x90,

    /* U+59D1 "姑" */
    0x9, 0xc, 0xe1, 0xf4, 0x1f, 0xfc, 0xdb, 0x3f,
    0x47, 0xc0, 0xa3, 0x9e, 0x8f, 0x82, 0xf2, 0x83,
    0xfc, 0xaf, 0x7, 0xff, 0x1, 0x6e, 0x3c, 0x12,
    0x41, 0x3f, 0x6, 0x74, 0x3f, 0xf8, 0x12, 0xb0,
    0xfe, 0x9a, 0x63, 0xf0, 0x76, 0x19, 0xf8, 0x20,

    /* U+59D4 "委" */
    0xf, 0xca, 0xa0, 0x1f, 0xfe, 0x80, 0xd3, 0xc5,
    0x48, 0x5d, 0x3c, 0x5f, 0x93, 0xe4, 0x9, 0x79,
    0x3, 0x9b, 0xd3, 0x41, 0xea, 0x2e, 0xec, 0x9,
    0xd0, 0xab, 0x13, 0xe6, 0x98, 0xf9, 0x15, 0x18,
    0x1d, 0x41, 0xb9, 0xa0, 0x86, 0x6e, 0x6e, 0xf4,
    0xf, 0x5c, 0x8d, 0xe0,

    /* U+59DC "姜" */
    0xd, 0x6, 0x83, 0xef, 0x3, 0xe, 0x7d, 0x1e,
    0x1f, 0x43, 0xfa, 0x7f, 0x40, 0x7e, 0x9f, 0x90,
    0x9f, 0x95, 0xf2, 0xb, 0xf2, 0xbf, 0x8b, 0xe8,
    0xff, 0x17, 0xd1, 0xfe, 0x2f, 0x27, 0xa3, 0xe0,
    0xc9, 0xea, 0x7, 0xd2, 0x6, 0xd0, 0x7d, 0x1e,
    0xba, 0x8f, 0xd0, 0x67, 0x80,

    /* U+59E5 "姥" */
    0x3, 0x6, 0x60, 0xff, 0xe6, 0x5c, 0xf6, 0xe,
    0x7a, 0x73, 0xb8, 0x36, 0x81, 0xd2, 0x19, 0x3,
    0xe9, 0x6d, 0x9, 0xdf, 0x27, 0xc8, 0x67, 0x27,
    0x14, 0x4, 0x81, 0xa3, 0x40, 0x99, 0x5, 0x8,
    0xd0, 0xf4, 0x83, 0x85, 0x2, 0x9c, 0x1e, 0xc1,
    0xc8, 0x89, 0xf0, 0x9a, 0x1d, 0xfa, 0x0,

    /* U+59EC "姬" */
    0x9, 0xf, 0xfe, 0x3, 0x83, 0xfe, 0xf, 0xde,
    0xa7, 0x81, 0xcf, 0x7, 0xf6, 0x48, 0x1e, 0x98,
    0x72, 0x61, 0x78, 0x3e, 0x50, 0x7f, 0x28, 0x3f,
    0xf8, 0x1b, 0x21, 0xbc, 0x1a, 0x88, 0x4f, 0x4c,
    0x36, 0x88, 0x7f, 0x2a, 0x89, 0xea, 0x79, 0x2c,
    0x37, 0xf9, 0x30, 0xd8, 0x7c,

    /* U+59FB "姻" */
    0x3, 0x7, 0xfd, 0xe1, 0xff, 0x41, 0xf7, 0x4e,
    0x6, 0xde, 0xb, 0xd, 0x98, 0x5c, 0xf0, 0x7e,
    0xe7, 0x80, 0xa0, 0x61, 0xfb, 0xca, 0xb, 0x50,
    0x6a, 0x61, 0x3c, 0x15, 0xc, 0x1c, 0x30, 0x5a,
    0xb1, 0x46, 0x82, 0x6f, 0xf, 0xa4, 0xe, 0x1b,
    0xf4, 0xc, 0x27, 0xc, 0xc0,

    /* U+59FF "姿" */
    0x2, 0x13, 0x7, 0xef, 0x3, 0x6b, 0x21, 0x4b,
    0xa4, 0xd0, 0xe8, 0xa2, 0x48, 0x86, 0xcd, 0x44,
    0x41, 0xa5, 0x15, 0x32, 0x14, 0x53, 0x67, 0x3c,
    0xa, 0x14, 0xd, 0x70, 0x2f, 0xa2, 0xfd, 0x2,
    0xf1, 0x7a, 0x3e, 0xc, 0xab, 0xd6, 0x1f, 0x3a,
    0x2b, 0x90, 0xbf, 0xd4, 0xf4, 0x83, 0xe9, 0xc,
    0xe8,

    /* U+5A01 "威" */
    0xf, 0xed, 0xf, 0xfe, 0xf, 0x6, 0xff, 0x85,
    0x41, 0xaf, 0xd1, 0xe8, 0x3b, 0xf8, 0x12, 0x19,
    0xdf, 0x41, 0xfe, 0x42, 0x45, 0x6, 0xb3, 0xe1,
    0xf, 0x4d, 0x9e, 0xa0, 0x72, 0x89, 0x11, 0x9,
    0x6a, 0x20, 0xc0, 0x82, 0xd8, 0x8e, 0x9c, 0x13,
    0xdb, 0x45, 0x82, 0xc9, 0x9, 0x5, 0x80,

    /* U+5A03 "娃" */
    0xb, 0xe, 0xc3, 0xff, 0x99, 0xf1, 0xe8, 0x16,
    0x77, 0xc7, 0xa0, 0x4a, 0x83, 0xfe, 0x71, 0xf8,
    0xf8, 0x33, 0xdf, 0x1f, 0x1, 0x42, 0x83, 0xfc,
    0xe0, 0xf8, 0xf4, 0x7, 0xb, 0xe3, 0xd0, 0x49,
    0x21, 0xfc, 0xdb, 0xf8, 0xf9, 0x3c, 0xb, 0xfe,
    0x40,

    /* U+5A18 "娘" */
    0x9, 0xd, 0xa1, 0xf4, 0x1f, 0xfc, 0x4, 0x2f,
    0x17, 0x82, 0xa1, 0x27, 0xe0, 0xd3, 0x19, 0xf8,
    0x39, 0x46, 0x7e, 0xf, 0x94, 0x20, 0x43, 0x28,
    0x35, 0xe8, 0x36, 0x48, 0x36, 0xe4, 0x10, 0x86,
    0xea, 0x42, 0xc6, 0x2, 0xd8, 0x4d, 0xe8, 0x6c,
    0x82, 0xa0, 0x32, 0x1c, 0xc1, 0xa0, 0xfa, 0x5,
    0x80,

    /* U+5A46 "婆" */
    0x2, 0x83, 0x48, 0x7d, 0x3f, 0x37, 0xa0, 0x5e,
    0x4f, 0x36, 0xe0, 0x88, 0x1e, 0x6d, 0x41, 0x44,
    0x65, 0x88, 0x65, 0x9, 0x4d, 0x82, 0x68, 0xfa,
    0x67, 0x80, 0xee, 0x94, 0x7d, 0x3, 0xf8, 0xbf,
    0x81, 0xf2, 0x7c, 0x7c, 0x1a, 0x4e, 0xe0, 0xfa,
    0x88, 0x94, 0xd, 0x7a, 0x3f, 0xc8, 0x2f, 0xa0,
    0xce, 0x80,

    /* U+5A49 "婉" */
    0x2, 0x83, 0x28, 0x3e, 0xc3, 0xff, 0x81, 0xe2,
    0xf5, 0x3d, 0x2, 0x68, 0x37, 0xc8, 0x59, 0x39,
    0x8a, 0x20, 0x22, 0x23, 0xda, 0x1f, 0x9c, 0x10,
    0x65, 0xe0, 0xfe, 0xcf, 0x53, 0xf, 0xa1, 0x34,
    0x8c, 0x43, 0xa1, 0x13, 0xd0, 0x4f, 0x16, 0x1f,
    0x70, 0xf0, 0x1f, 0x20, 0xd0, 0x68, 0x2f, 0x40,

    /* U+5A5A "婚" */
    0xa, 0xf, 0x30, 0x64, 0x2f, 0xf0, 0x7f, 0x78,
    0x90, 0xb9, 0xe3, 0xc7, 0xa0, 0x6c, 0xe7, 0x9b,
    0xc1, 0x2c, 0x6, 0x22, 0x43, 0xb3, 0xd4, 0xc4,
    0x58, 0x86, 0xe3, 0x9, 0xa0, 0x3f, 0x6, 0x62,
    0x7, 0xe0, 0xed, 0x63, 0xf0, 0x69, 0xa2, 0x7e,
    0xc, 0xe1, 0xbf, 0x6, 0xc3, 0x61, 0xb0, 0x0,

    /* U+5A6A "婪" */
    0x9, 0x83, 0x61, 0xff, 0xc7, 0xf4, 0xf7, 0x8f,
    0x20, 0xd0, 0x34, 0xb, 0x40, 0xa9, 0x2a, 0x28,
    0x15, 0x82, 0x64, 0x7c, 0xc, 0x18, 0x12, 0x1c,
    0x32, 0xa4, 0x8, 0x77, 0xe5, 0x7f, 0x20, 0xf8,
    0xbc, 0xaf, 0x21, 0xa2, 0xa6, 0xf, 0xb9, 0x43,
    0xc8, 0x5e, 0xbe, 0xa7, 0xa0, 0xbe, 0x90, 0xce,
    0x0,

    /* U+5A74 "婴" */
    0x7, 0xf5, 0xf8, 0x36, 0xc0, 0x9c, 0x3c, 0x86,
    0x43, 0xc8, 0x7f, 0xd4, 0x4b, 0xa, 0x3, 0x1d,
    0x94, 0xe0, 0x76, 0xa0, 0x4f, 0x1, 0xbc, 0xaa,
    0x7a, 0xcf, 0x87, 0xc5, 0xf0, 0x4b, 0x78, 0x43,
    0xce, 0x8a, 0xf2, 0xb, 0xfa, 0x9d, 0x1, 0x7a,
    0x43, 0x38,

    /* U+5A76 "婶" */
    0x9, 0xc, 0x87, 0xd0, 0x76, 0x1f, 0xde, 0x8f,
    0x47, 0x8e, 0x3d, 0x70, 0x39, 0x44, 0x8, 0x70,
    0x66, 0x7c, 0x78, 0x27, 0xe2, 0x86, 0x1c, 0xa0,
    0x50, 0xc3, 0xa1, 0x2c, 0xc3, 0x68, 0x56, 0x61,
    0x92, 0xfc, 0x79, 0x1b, 0x64, 0x3e, 0xb0, 0x21,
    0xf0,

    /* U+5AC1 "嫁" */
    0x4, 0x1d, 0xa1, 0xe5, 0x7, 0xff, 0x5, 0x3e,
    0x2f, 0x81, 0x14, 0x3f, 0xc1, 0x66, 0x5f, 0xe8,
    0x24, 0xe, 0x8a, 0xc3, 0xeb, 0x6, 0xd0, 0x1f,
    0xe0, 0x60, 0xc0, 0xea, 0xf1, 0x28, 0x36, 0x4,
    0xf4, 0x4a, 0x9, 0xbe, 0xa0, 0x28, 0x9, 0x57,
    0x61, 0x30, 0x50, 0x27, 0xa0, 0x10, 0x41, 0xde,
    0x43, 0x0,

    /* U+5AC2 "嫂" */
    0xf, 0xfe, 0x26, 0x19, 0xc3, 0xfc, 0xf8, 0xbc,
    0x1f, 0x74, 0x2c, 0x36, 0x78, 0xa0, 0xe1, 0xa7,
    0x3, 0xe, 0x1e, 0x41, 0x87, 0xef, 0x9, 0x67,
    0x83, 0x2b, 0xd7, 0x8b, 0xc1, 0xa5, 0x5e, 0x2f,
    0x5, 0x81, 0xa1, 0xe2, 0xc, 0xd1, 0x6b, 0x50,
    0x52, 0xb5, 0x8, 0x79, 0x87, 0xbe, 0x3c, 0xc,
    0xf, 0x90, 0x5e, 0x0,

    /* U+5AE9 "嫩" */
    0x4, 0x16, 0x14, 0x1c, 0x87, 0x90, 0xfd, 0xe3,
    0xe0, 0xe8, 0xa6, 0x58, 0xf8, 0x18, 0x3c, 0x51,
    0x98, 0xa, 0x2, 0x28, 0xa, 0x2, 0x1f, 0xfc,
    0x1f, 0x3a, 0x2a, 0xc3, 0xb1, 0xca, 0x2c, 0x14,
    0x14, 0x50, 0x18, 0x65, 0x49, 0x91, 0x4, 0xa9,
    0xc1, 0x3b, 0x3, 0x8c, 0x2a, 0x12, 0x8, 0x36,
    0x48, 0x30,

    /* U+5B50 "子" */
    0x7, 0xfe, 0xd, 0xfe, 0x10, 0xfe, 0xd8, 0x3f,
    0x74, 0xf, 0xc8, 0x86, 0xbf, 0x47, 0xf5, 0xfc,
    0x7f, 0x7, 0xff, 0x75, 0xf, 0xe7, 0x90, 0xe0,

    /* U+5B54 "孔" */
    0xf, 0xa4, 0x3b, 0xfa, 0xf, 0xbf, 0x18, 0x7f,
    0xa1, 0xf, 0xe5, 0x61, 0xfe, 0xd0, 0xff, 0xe0,
    0xd8, 0x7c, 0xca, 0x20, 0xf3, 0xe5, 0x48, 0x79,
    0x90, 0xfd, 0x7, 0xff, 0x1, 0xe, 0xc2, 0xc3,
    0xad, 0xb, 0x7d, 0x0,

    /* U+5B57 "字" */
    0xe, 0xa0, 0x7f, 0xf1, 0x5f, 0xca, 0xfd, 0x3,
    0xff, 0x21, 0x5f, 0xeb, 0x1e, 0xfd, 0x1b, 0x7,
    0xaa, 0x43, 0xe5, 0x48, 0x57, 0xe8, 0xbf, 0x5f,
    0xa3, 0xf8, 0x3f, 0xf8, 0xba, 0x1f, 0xdb, 0x87,
    0x0,

    /* U+5B58 "存" */
    0xe, 0x83, 0xff, 0x82, 0x87, 0xfb, 0xe3, 0xfe,
    0xb, 0xc7, 0xfe, 0xd, 0x27, 0xf8, 0x39, 0x7,
    0xd0, 0x86, 0xc3, 0xd3, 0x5, 0x88, 0x68, 0x83,
    0x58, 0x3e, 0x4f, 0x91, 0xb, 0xe9, 0xf9, 0xf,
    0xfe, 0x4b, 0x87, 0xff, 0x2, 0x70, 0xc0,

    /* U+5B59 "孙" */
    0xf, 0xec, 0x3b, 0xf9, 0xf, 0xdf, 0x22, 0x1f,
    0xe5, 0x61, 0xff, 0x58, 0x14, 0x21, 0xfa, 0x20,
    0xb0, 0xc9, 0xe9, 0x42, 0xc0, 0xe3, 0x54, 0x17,
    0x2, 0xc1, 0xa1, 0x90, 0x90, 0x98, 0x3a, 0xf,
    0x41, 0xe4, 0x3f, 0x90, 0xfb, 0xd, 0x44, 0x30,

    /* U+5B5C "孜" */
    0xf, 0xc8, 0x7b, 0xf8, 0x70, 0xf7, 0xd0, 0x7f,
    0xf0, 0x68, 0x6f, 0xd0, 0x69, 0x40, 0xb2, 0x81,
    0xd8, 0xa0, 0x90, 0xe6, 0xe3, 0xf, 0x58, 0xe6,
    0xb0, 0x76, 0xe6, 0x34, 0xd, 0x7, 0xb0, 0xff,
    0xe0, 0x33, 0x7, 0x90, 0x53, 0x8c, 0x27, 0x1f,
    0x81, 0x4c, 0xf, 0x8d, 0xc, 0xe0,

    /* U+5B5D "孝" */
    0xf, 0x61, 0xff, 0xc5, 0xc3, 0x7c, 0x7d, 0x21,
    0xbe, 0x3c, 0xa8, 0x17, 0xe3, 0xc9, 0xe2, 0xfe,
    0x1f, 0xc1, 0x9b, 0x34, 0x39, 0xe5, 0xa9, 0x85,
    0x77, 0xa1, 0xb0, 0xb6, 0xf9, 0x57, 0xa1, 0xfd,
    0x3f, 0xa0, 0xff, 0xe3, 0x70, 0x78,

    /* U+5B5F "孟" */
    0xb, 0xff, 0x21, 0xdf, 0xc8, 0xa0, 0xfe, 0xce,
    0xd, 0x7f, 0xf, 0xe0, 0x5f, 0xc7, 0xf0, 0x7a,
    0x81, 0xff, 0xc2, 0x83, 0xf7, 0xca, 0xbf, 0x7,
    0x59, 0x67, 0x83, 0xff, 0x8d, 0x96, 0x59, 0xe3,
    0x4f, 0xff, 0xe0, 0x20,

    /* U+5B64 "孤" */
    0xf, 0xfa, 0x41, 0xfa, 0xb7, 0x84, 0x1f, 0x1,
    0xde, 0xf, 0x76, 0xa0, 0xfc, 0x88, 0x7f, 0xf0,
    0x13, 0xf, 0xf9, 0xc3, 0xfd, 0xc7, 0x83, 0xfb,
    0x93, 0xe, 0x43, 0xf6, 0x7, 0xf, 0xcb, 0x1a,
    0xc1, 0xd2, 0xa7, 0x38, 0x14, 0x19, 0xe7, 0x58,
    0xbb, 0xf, 0xa4,

    /* U+5B66 "学" */
    0x10, 0x28, 0x28, 0x36, 0x30, 0x14, 0x12, 0xc5,
    0xa, 0x2, 0xdb, 0x9c, 0xb8, 0x6b, 0xf2, 0x72,
    0xfe, 0xb4, 0xbf, 0xc8, 0x82, 0xf9, 0x52, 0xf,
    0xf2, 0xaf, 0xfd, 0x3f, 0xc1, 0xff, 0xd0, 0xec,
    0x38,

    /* U+5B69 "孩" */
    0xf, 0xcc, 0x1d, 0x7d, 0x7, 0xf5, 0xe0, 0x7a,
    0x7e, 0xc, 0x97, 0x8b, 0xe0, 0xd6, 0x19, 0x90,
    0xfd, 0x72, 0xc1, 0xea, 0x8e, 0x88, 0x56, 0x71,
    0xb1, 0x5, 0xe1, 0x1e, 0x68, 0x12, 0x13, 0x6e,
    0xa0, 0xf9, 0xde, 0x60, 0xfd, 0x53, 0x90, 0x2d,
    0x33, 0x41, 0x5, 0x71, 0xc1, 0xd0,

    /* U+5B75 "孵" */
    0xa, 0xf, 0xa4, 0xb2, 0xff, 0x21, 0x60, 0x71,
    0x95, 0x81, 0x42, 0x84, 0x64, 0x10, 0x58, 0x14,
    0x21, 0xe4, 0x9d, 0x83, 0x90, 0x7a, 0x81, 0x41,
    0x25, 0x14, 0x2a, 0xa, 0x19, 0xd5, 0xe3, 0x13,
    0x6, 0x12, 0x86, 0xad, 0x90, 0x50, 0x74, 0x3d,
    0xc1, 0xcc, 0x1b, 0x46, 0x3, 0xc0,

    /* U+5B81 "宁" */
    0xf, 0xfe, 0x2d, 0x3, 0xfe, 0x8c, 0x3d, 0x7e,
    0x4f, 0xe0, 0x3f, 0xfa, 0x7, 0x83, 0xf2, 0x85,
    0x7, 0xf4, 0x7f, 0xff, 0x0, 0xfe, 0x8f, 0xe0,
    0xff, 0xf6, 0xf4, 0xf, 0x0,

    /* U+5B83 "它" */
    0xf, 0x61, 0xff, 0xc6, 0xfe, 0x3f, 0x93, 0xff,
    0x41, 0xa0, 0xf2, 0x30, 0x86, 0x73, 0x10, 0xcf,
    0x40, 0xf5, 0xce, 0x87, 0xd7, 0x7, 0xe9, 0xd,
    0xa1, 0xff, 0x21, 0xbf, 0xc8, 0x6f, 0xfa, 0x0,

    /* U+5B85 "宅" */
    0xe, 0x60, 0xff, 0xe0, 0x21, 0xe7, 0xf4, 0x7f,
    0x5, 0xff, 0x58, 0x18, 0x26, 0xf8, 0x82, 0xbd,
    0x17, 0x8, 0x1f, 0x89, 0xf, 0x90, 0x95, 0x4f,
    0xd, 0x3c, 0x59, 0xd8, 0x5d, 0x9d, 0x14, 0x6,
    0x50, 0x7d, 0x21, 0xe4, 0x32, 0x1e, 0x6f, 0xca,

    /* U+5B87 "宇" */
    0xf, 0x50, 0x3f, 0xf9, 0x2f, 0xe5, 0x7e, 0x42,
    0x7f, 0xf2, 0x1d, 0xff, 0x83, 0x35, 0x95, 0x59,
    0xc, 0xb0, 0x16, 0xc, 0xbc, 0x5, 0xe0, 0x57,
    0x2a, 0xb8, 0x1f, 0xca, 0xfe, 0xf, 0xfe, 0xb6,
    0xe1, 0xe0,

    /* U+5B88 "守" */
    0xe, 0xa0, 0x7f, 0xf1, 0xbf, 0x2b, 0xf2, 0xf,
    0xfc, 0x87, 0xe7, 0xd, 0x87, 0xe9, 0xff, 0xa3,
    0xfa, 0x9f, 0x47, 0xc0, 0x64, 0x3f, 0xdc, 0x87,
    0xfa, 0x43, 0xfc, 0x84, 0x87, 0xe7, 0xb0, 0xfc,
    0xf9, 0x8,

    /* U+5B89 "安" */
    0xe, 0x60, 0xff, 0xe3, 0x7e, 0x9f, 0xd0, 0x3e,
    0xbf, 0x20, 0x42, 0x83, 0x78, 0x80, 0x87, 0x2a,
    0xfa, 0x3f, 0xd7, 0xa7, 0xe2, 0xf0, 0x54, 0x2,
    0x21, 0xa3, 0x9a, 0x7, 0x5c, 0xc6, 0x1e, 0x63,
    0xc7, 0xf, 0xd6, 0xb, 0x15, 0xe9, 0xe, 0x90,

    /* U+5B8B "宋" */
    0xf, 0x61, 0xff, 0xc7, 0x7f, 0x8f, 0xe0, 0xbf,
    0xf8, 0x3f, 0x61, 0xe7, 0xf, 0xec, 0x17, 0xe3,
    0xf2, 0xb, 0xc8, 0x57, 0x90, 0xca, 0x8a, 0x7,
    0xa9, 0xa3, 0x68, 0x1d, 0xc3, 0x35, 0x2, 0xc3,
    0xce, 0x2c, 0x1f, 0xd2,

    /* U+5B8C "完" */
    0xe, 0x70, 0xff, 0xe3, 0xbf, 0xa3, 0xf8, 0x2f,
    0xfe, 0x3, 0x3f, 0xf1, 0x1, 0x5f, 0xf0, 0x87,
    0xff, 0xf, 0xff, 0xd0, 0x3e, 0x3c, 0x7d, 0x7,
    0xff, 0x16, 0x43, 0xca, 0x4, 0xc1, 0xec, 0xb3,
    0x9, 0xf9, 0x57, 0x6, 0xbf, 0x0,

    /* U+5B8F "宏" */
    0xe, 0xa0, 0x7f, 0xf1, 0xbf, 0x2b, 0xf2, 0xf,
    0x53, 0xf2, 0x4, 0x18, 0x76, 0x2b, 0xcd, 0xfa,
    0x8f, 0x95, 0xff, 0x4, 0xc6, 0x1f, 0x68, 0x87,
    0xd3, 0x14, 0x28, 0x8, 0x89, 0x44, 0xc5, 0x5a,
    0xbe, 0x10, 0xaf, 0xf9, 0x40,

    /* U+5B97 "宗" */
    0xf, 0x61, 0xff, 0xc7, 0x7f, 0x8f, 0xe0, 0xbf,
    0xf8, 0x25, 0x7f, 0xc1, 0x33, 0xff, 0x18, 0x7f,
    0xf0, 0xef, 0xfe, 0x41, 0x77, 0x8e, 0x9a, 0x13,
    0x6, 0x6c, 0x2a, 0x61, 0xdb, 0x91, 0x87, 0xd2,
    0x50, 0x1e, 0x43, 0x40,

    /* U+5B98 "官" */
    0xf, 0x61, 0xff, 0xc5, 0x7f, 0x8f, 0xd0, 0x3f,
    0xf4, 0x33, 0xfe, 0x1c, 0x41, 0xf8, 0x24, 0x37,
    0xe0, 0xfd, 0xfc, 0x1f, 0x2f, 0x83, 0xd5, 0xe0,
    0xf7, 0xf0, 0x7d, 0xfc, 0x1f, 0x7f, 0x7, 0x38,
    0x76, 0x0,

    /* U+5B99 "宙" */
    0xf, 0x61, 0xff, 0xc5, 0x7f, 0x8f, 0xe0, 0x7e,
    0x7f, 0xc, 0x19, 0xc, 0x83, 0xf1, 0xfa, 0x3,
    0xe8, 0xf8, 0x3e, 0x43, 0xf3, 0xf1, 0xf0, 0x67,
    0xe3, 0xe0, 0xff, 0xe2, 0x3f, 0x1f, 0x6, 0x7f,
    0xe0, 0x98, 0x3e, 0xc0,

    /* U+5B9A "定" */
    0xf, 0x61, 0xff, 0xc8, 0xfe, 0x3f, 0x82, 0xbf,
    0xf0, 0x52, 0x1f, 0x90, 0x2b, 0xfe, 0xa0, 0x4f,
    0xc5, 0xe8, 0x3b, 0xf, 0xf9, 0x41, 0x5f, 0x21,
    0x68, 0x57, 0xc8, 0x4a, 0xd0, 0xfd, 0xb4, 0xcb,
    0xf4, 0x30, 0xdf, 0xe8,

    /* U+5B9B "宛" */
    0xf, 0x61, 0xff, 0xc8, 0xfe, 0x3f, 0x82, 0xef,
    0xf8, 0x28, 0x82, 0x5e, 0x2, 0xf, 0x53, 0xd6,
    0x14, 0xee, 0x50, 0x32, 0xb1, 0x41, 0xf5, 0x60,
    0xfe, 0xdd, 0x82, 0xc4, 0x34, 0xa0, 0xbc, 0xe5,
    0xe8, 0xf, 0xd4, 0x3c, 0x85, 0x7e, 0x40,

    /* U+5B9C "宜" */
    0xf, 0x30, 0x7f, 0xf0, 0x30, 0xfc, 0xfe, 0x57,
    0xe8, 0x37, 0xfe, 0x83, 0x2b, 0xfd, 0x18, 0x18,
    0x1f, 0xa1, 0x41, 0xef, 0xd0, 0x7f, 0x7e, 0x43,
    0xff, 0x97, 0xf9, 0xf, 0xef, 0xd0, 0x77, 0xa3,
    0xf4, 0xf9, 0x3f, 0xff, 0x80, 0x80,

    /* U+5B9D "宝" */
    0xe, 0xa0, 0x7f, 0xf1, 0x6f, 0xca, 0xfd, 0x17,
    0xfe, 0x8c, 0x3f, 0xdb, 0xff, 0xd2, 0x5f, 0x2b,
    0xf0, 0x7f, 0xf0, 0x9f, 0x95, 0xf4, 0x7, 0xe5,
    0x65, 0x3, 0xfb, 0x81, 0xfc, 0xaf, 0x1f, 0xff,
    0xc2,

    /* U+5B9E "实" */
    0xe, 0x43, 0xff, 0x81, 0xc1, 0xeb, 0xf2, 0xbf,
    0x40, 0xb6, 0xdb, 0xd0, 0x24, 0xa2, 0x19, 0x82,
    0xec, 0x3f, 0xd8, 0x14, 0x1e, 0xf9, 0xf1, 0x7e,
    0x3f, 0x95, 0xfc, 0x1c, 0xab, 0x83, 0xea, 0x8f,
    0x90, 0x36, 0x68, 0x1e, 0x83, 0xe8, 0x3d, 0xe0,

    /* U+5BA1 "审" */
    0xd, 0x21, 0xfe, 0xa0, 0x7b, 0xf8, 0xfe, 0x4f,
    0xd7, 0xe7, 0x9f, 0xaf, 0xaa, 0x47, 0xc5, 0xc8,
    0x7f, 0x90, 0xe7, 0xc5, 0xe0, 0xe7, 0xc7, 0xc1,
    0xcf, 0x8f, 0x83, 0x3f, 0x1f, 0x83, 0xff, 0x9c,

    /* U+5BA2 "客" */
    0xf, 0xb0, 0xff, 0xe0, 0x21, 0xfd, 0xfa, 0x3f,
    0x83, 0x78, 0xff, 0x6, 0x4c, 0xfe, 0x10, 0xad,
    0x1d, 0x32, 0x9, 0xa6, 0xee, 0x1c, 0xfe, 0x67,
    0xd4, 0x4f, 0x80, 0xc8, 0x3c, 0x9, 0x47, 0xe8,
    0x58, 0x3f, 0x90, 0xfe, 0xfe, 0xf, 0xef, 0xe0,
    0xfd, 0x87, 0x61, 0x0,

    /* U+5BA3 "宣" */
    0xe, 0xa0, 0x7f, 0xf1, 0xef, 0xca, 0xfd, 0x2,
    0xff, 0xd0, 0x6f, 0xfc, 0x14, 0xbf, 0xe8, 0x27,
    0xfc, 0x87, 0xab, 0xc1, 0xf7, 0xf8, 0x3e, 0xff,
    0x7, 0xbf, 0xf0, 0x5f, 0xff, 0xc0, 0x3f, 0xff,
    0x80, 0x0,

    /* U+5BA4 "室" */
    0xe, 0xd0, 0xff, 0xe2, 0xdf, 0x8b, 0xf2, 0x5f,
    0xf8, 0x37, 0xfd, 0x2, 0x7c, 0x7a, 0xad, 0xa,
    0x42, 0x90, 0xad, 0x5d, 0xb2, 0xb, 0xe6, 0xad,
    0x7, 0xe7, 0xf2, 0xf, 0xcd, 0xf2, 0x1f, 0xfc,
    0x1f, 0xe6, 0xfc, 0x80,

    /* U+5BAA "宪" */
    0xe, 0x50, 0x7f, 0xf0, 0x20, 0xfb, 0xf4, 0x7f,
    0x5, 0xd3, 0xbf, 0x5, 0x14, 0xef, 0x98, 0xa,
    0x28, 0x54, 0xa0, 0xbc, 0xbe, 0xd, 0xbf, 0x3f,
    0xc0, 0xfc, 0x65, 0xf0, 0x72, 0x1f, 0xfc, 0xa,
    0x7, 0x28, 0xbd, 0x23, 0x7a, 0xa, 0xd0, 0x5f,
    0x90,

    /* U+5BB3 "害" */
    0xe, 0x60, 0xff, 0x61, 0xe7, 0xf2, 0xbf, 0x23,
    0xf2, 0xbe, 0x46, 0xb2, 0xab, 0x22, 0xe0, 0x2d,
    0x1, 0xf9, 0x5f, 0x47, 0xf2, 0xbf, 0xff, 0x8a,
    0xf, 0xfc, 0x1d, 0xfe, 0xf, 0x7f, 0x83, 0xdf,
    0xe0, 0x80,

    /* U+5BB4 "宴" */
    0xf, 0x50, 0x3e, 0x6b, 0x2a, 0xb2, 0xc, 0xfa,
    0x9f, 0x7, 0xba, 0xf6, 0x1a, 0x85, 0xfa, 0x24,
    0x3a, 0xfd, 0x7, 0xe6, 0xb2, 0x1f, 0x65, 0x3c,
    0x61, 0xbd, 0x20, 0x5a, 0xf0, 0x2a, 0x1a, 0x25,
    0x40, 0x50, 0x1b, 0x75, 0x83, 0x32, 0x27, 0x6,
    0xff, 0xe3, 0x41, 0xf4, 0x86, 0xb4,

    /* U+5BB6 "家" */
    0xf, 0xb0, 0xff, 0xe4, 0xbf, 0xc7, 0xf0, 0x6f,
    0xfe, 0x9, 0xbf, 0xf5, 0x2, 0x7c, 0x92, 0xb9,
    0xa, 0xf0, 0x3c, 0xad, 0xb, 0xbc, 0x28, 0xa2,
    0x1b, 0xf1, 0x41, 0x9, 0xfe, 0x2, 0x41, 0x31,
    0xd4, 0xd, 0x81, 0x7a, 0x8e, 0x16, 0x45, 0xcf,
    0x98, 0x2a, 0x0,

    /* U+5BB9 "容" */
    0xf, 0xb0, 0xff, 0xe0, 0x21, 0xf9, 0xfd, 0x1f,
    0xc1, 0xbd, 0x7c, 0xf8, 0x26, 0x30, 0x40, 0xd8,
    0x2f, 0x4e, 0xaa, 0x83, 0x79, 0xde, 0x8e, 0x84,
    0xdd, 0xc, 0xd0, 0xac, 0x17, 0xc9, 0xe4, 0xbc,
    0x7f, 0x16, 0x87, 0xff, 0x1f, 0xf8, 0x3f, 0xbf,
    0x83, 0xe7, 0xe, 0xc2,

    /* U+5BBD "宽" */
    0xf, 0xfe, 0x23, 0xa1, 0xdf, 0xa2, 0xfc, 0xa,
    0x2a, 0x85, 0x13, 0x2, 0xc, 0x28, 0xc, 0x32,
    0x48, 0x75, 0xd3, 0xf, 0x92, 0xf, 0xfe, 0x4,
    0x1f, 0xd2, 0x1f, 0xa8, 0xc0, 0x85, 0xa8, 0x60,
    0xee, 0x4f, 0x40, 0xfe, 0x0,

    /* U+5BBE "宾" */
    0xe, 0x60, 0xff, 0x96, 0xf, 0x7f, 0x17, 0xe4,
    0x1f, 0xd4, 0x77, 0x22, 0xfa, 0xf1, 0xe1, 0x5,
    0xf4, 0x8a, 0xd, 0x7f, 0x83, 0xd7, 0xc7, 0x83,
    0xff, 0x89, 0xe6, 0xf8, 0xfc, 0x7d, 0x1e, 0x2f,
    0x80, 0xf6, 0xf, 0x90, 0x55, 0x86, 0xb9, 0x2d,
    0xf, 0xb4,

    /* U+5BBF "宿" */
    0xf, 0x68, 0x7f, 0xf1, 0xff, 0x8b, 0xf2, 0xe,
    0x9f, 0xe4, 0x11, 0x7f, 0xca, 0x14, 0x5e, 0x9f,
    0x82, 0x92, 0xe7, 0xd0, 0x20, 0xd7, 0xc8, 0x11,
    0xb, 0x58, 0x26, 0xc, 0xd4, 0x87, 0xeb, 0xe8,
    0x3f, 0x5f, 0x41, 0xfa, 0xf9, 0xd, 0x42, 0x42,
    0xa0,

    /* U+5BC2 "寂" */
    0xf, 0x50, 0x3f, 0xf9, 0x37, 0xe5, 0x7f, 0x5,
    0x57, 0xfc, 0x16, 0x72, 0x83, 0x28, 0xa, 0x7,
    0x9f, 0xac, 0x39, 0xa2, 0x79, 0xb, 0xca, 0xf4,
    0xa1, 0x40, 0xf8, 0xe9, 0xc8, 0x74, 0x8c, 0x25,
    0x2, 0x58, 0x6c, 0x24, 0x2b, 0x9, 0x5b, 0x68,
    0x37, 0x49, 0xa3, 0x44, 0xf, 0x16, 0x81, 0xd0,

    /* U+5BC6 "密" */
    0xe, 0x70, 0xff, 0xe3, 0xbf, 0xa3, 0xf8, 0x2f,
    0x9f, 0xac, 0x25, 0xf, 0x8a, 0x4, 0xd1, 0x9b,
    0x29, 0x83, 0x92, 0xac, 0x10, 0x26, 0x1d, 0xc9,
    0x6b, 0x13, 0xc2, 0x6a, 0xad, 0x9c, 0x41, 0xa0,
    0xf9, 0xe, 0xf8, 0xf8, 0x3d, 0xfe, 0x83, 0x38,
    0x79, 0xc0,

    /* U+5BC7 "寇" */
    0xf, 0x48, 0x7f, 0xf2, 0x6f, 0xcd, 0xf9, 0xa,
    0xff, 0x18, 0x6a, 0x7d, 0x5, 0x88, 0x5f, 0xa1,
    0x3c, 0x15, 0xfd, 0x43, 0x82, 0xb2, 0x3d, 0x6e,
    0x1e, 0x40, 0xda, 0x83, 0x21, 0xd0, 0x7d, 0xa0,
    0x7b, 0x7c, 0x5, 0x40, 0x6c, 0x90, 0xa8, 0x17,
    0x7c, 0xc0, 0x90, 0x7f, 0xc8,

    /* U+5BCC "富" */
    0xe, 0x70, 0xf7, 0xe8, 0xfd, 0x22, 0xff, 0xd0,
    0x7e, 0xe1, 0x97, 0xc2, 0x80, 0x9f, 0xa4, 0x3d,
    0xfa, 0xe, 0x6b, 0xe0, 0x9e, 0xbe, 0xc3, 0x51,
    0x2a, 0xf, 0xb0, 0xfe, 0xa8, 0xa8, 0x33, 0xff,
    0x4, 0xc1, 0xf6, 0x0,

    /* U+5BD2 "寒" */
    0xf, 0x30, 0x7c, 0xfe, 0x9f, 0xd0, 0x6a, 0x14,
    0x54, 0x86, 0x68, 0x51, 0x50, 0x66, 0xf1, 0xe6,
    0xe8, 0x1a, 0xcf, 0x36, 0x1e, 0xb3, 0xcd, 0x86,
    0x7e, 0x3c, 0xdf, 0x1, 0xf0, 0xab, 0x2f, 0x4,
    0xed, 0xf3, 0x40, 0xbe, 0x3f, 0xc6, 0xe, 0x2f,
    0x5a, 0x58, 0x7c, 0xf6, 0x1f, 0xfc, 0x7, 0xc,

    /* U+5BDD "寝" */
    0xf, 0x68, 0x7d, 0x5c, 0x57, 0x20, 0x43, 0x28,
    0x27, 0xa, 0x6d, 0x7d, 0x83, 0x9, 0x78, 0x90,
    0x61, 0xff, 0xc1, 0x60, 0x2f, 0x7, 0x59, 0x45,
    0xee, 0x3, 0x4, 0xbe, 0x3, 0x42, 0xe3, 0x4a,
    0xe, 0x84, 0xad, 0xc3, 0xfa, 0x51, 0x21, 0xe7,
    0x3b, 0x2c, 0x36, 0xf0, 0x57, 0x80,

    /* U+5BDF "察" */
    0xf, 0x48, 0x7d, 0x5c, 0xd7, 0x80, 0xe7, 0xa7,
    0xf2, 0x9, 0x42, 0xc7, 0x88, 0xc, 0x5d, 0x5a,
    0x20, 0xd6, 0x25, 0x62, 0x16, 0x4, 0xf2, 0xc1,
    0x91, 0xff, 0x32, 0xa, 0x1f, 0xe4, 0x81, 0xbd,
    0x15, 0xbd, 0x84, 0xd1, 0xd, 0x68, 0x3f, 0x6,
    0xbb, 0x7, 0x26, 0xe1, 0x30, 0x7b, 0xc8, 0x78,

    /* U+5BE1 "寡" */
    0xf, 0x50, 0x3e, 0xbf, 0x2b, 0xf8, 0x25, 0xff,
    0x5, 0xe0, 0x90, 0xdc, 0x5, 0xe1, 0x7c, 0x1f,
    0xfd, 0x2a, 0x1, 0x70, 0x28, 0xf, 0x27, 0xe0,
    0x78, 0x2d, 0x2b, 0x2, 0xa, 0x3e, 0x3c, 0xd4,
    0x9c, 0x3a, 0x4, 0x74, 0x1e, 0xa9, 0xc4, 0x3b,
    0xe4, 0x7c, 0x18,

    /* U+5BE8 "寨" */
    0xf, 0x68, 0x7a, 0xb8, 0xeb, 0x1, 0xc, 0x86,
    0x51, 0x6b, 0xfa, 0x45, 0x43, 0x41, 0xd0, 0xd0,
    0xd0, 0x50, 0x4a, 0x95, 0x42, 0x10, 0x7a, 0x55,
    0xb, 0xc9, 0x60, 0x8a, 0xe, 0x9d, 0x8, 0xa3,
    0xe8, 0xf2, 0x80, 0x99, 0x41, 0xb3, 0x7d, 0x70,
    0x5e, 0x83, 0x7c, 0x0,

    /* U+5BF8 "寸" */
    0xf, 0x98, 0x3f, 0xf9, 0xef, 0xfa, 0x7e, 0x7f,
    0xca, 0xf8, 0x3e, 0xc3, 0xd6, 0x87, 0xf5, 0x48,
    0x7f, 0x34, 0xf, 0xf3, 0x7, 0xfc, 0x87, 0xff,
    0x2e, 0xec, 0x20,

    /* U+5BF9 "对" */
    0xf, 0xf6, 0x87, 0xff, 0xf, 0xf8, 0x3f, 0x7e,
    0x2f, 0x8a, 0x1, 0xa, 0xf8, 0xa0, 0x25, 0x7,
    0xfb, 0xa8, 0xc3, 0xf4, 0x25, 0x87, 0xf4, 0x22,
    0x1e, 0xa2, 0xd, 0xe, 0x96, 0x83, 0xe9, 0x8b,
    0xf, 0x26, 0x12, 0x38, 0x80,

    /* U+5BFA "寺" */
    0xe, 0xa0, 0x7f, 0xf2, 0x2f, 0x95, 0xf4, 0x15,
    0xf2, 0xbe, 0x83, 0xff, 0x87, 0x7e, 0x57, 0xe8,
    0xbf, 0xe7, 0xd0, 0x17, 0xfe, 0x2b, 0xf1, 0x51,
    0x71, 0x7c, 0x7c, 0x13, 0xd0, 0x3f, 0xef, 0x8,
    0x7f, 0xdc, 0x86,

    /* U+5BFB "寻" */
    0x5, 0xff, 0x41, 0xaf, 0xf4, 0x1e, 0xff, 0x41,
    0xef, 0xf4, 0x1d, 0x7f, 0xa0, 0xea, 0xfe, 0xb,
    0xd5, 0xf7, 0xc7, 0xfc, 0xdf, 0x5, 0x61, 0xff,
    0x4e, 0x1f, 0xf5, 0x87, 0xff, 0x5, 0xd4, 0x10,

    /* U+5BFC "导" */
    0xb, 0xfe, 0x43, 0xdf, 0xc1, 0xfb, 0xf8, 0x8,
    0x77, 0xf9, 0x83, 0xbf, 0xe4, 0x37, 0xf4, 0xf0,
    0x3f, 0xe9, 0xf8, 0xfa, 0xfa, 0x3e, 0x9, 0x90,
    0x21, 0xf3, 0xd0, 0x3f, 0xee, 0xf, 0xfe, 0xd,
    0xc1, 0x0,

    /* U+5BFF "寿" */
    0xf, 0xfe, 0x45, 0x3, 0xf7, 0xe5, 0x7e, 0x82,
    0xac, 0x57, 0x83, 0xd8, 0x7f, 0x56, 0x4a, 0xec,
    0x17, 0xa3, 0xf5, 0xe0, 0x95, 0x8b, 0x51, 0x41,
    0x51, 0x2a, 0x4a, 0x5, 0x92, 0xbd, 0x3e, 0x3,
    0xcc, 0x41, 0xf5, 0x10, 0x50, 0x3e, 0xd0, 0xee,
    0xc,

    /* U+5C01 "封" */
    0xd, 0x87, 0xb0, 0xff, 0xe2, 0xbe, 0x3c, 0x87,
    0xcf, 0x8f, 0x35, 0x10, 0x7f, 0xf1, 0x3e, 0x3e,
    0xa8, 0x81, 0xf3, 0xeb, 0xf, 0xe4, 0xa, 0x83,
    0x9f, 0x1e, 0x64, 0x39, 0xf1, 0xe4, 0xc3, 0xff,
    0x8e, 0xa8, 0xf8, 0x8, 0x6f, 0x17, 0xc7, 0x20,

    /* U+5C04 "射" */
    0xf, 0xfe, 0x2b, 0x87, 0xb0, 0xed, 0xf, 0xfb,
    0x57, 0x83, 0xfd, 0xf0, 0xd4, 0x48, 0x5f, 0xf,
    0x81, 0xa1, 0x7c, 0x5, 0x42, 0x1b, 0xe2, 0xd0,
    0xfb, 0xd1, 0xd0, 0x3b, 0x3d, 0xa, 0x10, 0xdf,
    0x21, 0xa0, 0xfb, 0x30, 0x94, 0x1a, 0xe8, 0x1c,
    0x86, 0xb7, 0xc8, 0x39, 0xf, 0x7a, 0x7, 0xa0,
    0x0,

    /* U+5C06 "将" */
    0xf, 0xfe, 0x36, 0x1c, 0xf8, 0x3d, 0x7f, 0x58,
    0x7a, 0x9b, 0xce, 0xa, 0x1, 0x81, 0xa, 0x4,
    0x81, 0x19, 0x28, 0x12, 0x81, 0x3, 0x10, 0xd2,
    0x5, 0x4, 0x87, 0x47, 0xf8, 0xe1, 0xc1, 0xab,
    0xe3, 0x8e, 0x80, 0x88, 0x3d, 0x21, 0xac, 0x3f,
    0xf8, 0x28, 0x7f, 0xf0, 0xbc, 0x80,

    /* U+5C0A "尊" */
    0xd, 0x6, 0x83, 0x9a, 0x3d, 0x36, 0xa0, 0x3e,
    0x90, 0xaf, 0x83, 0x51, 0x62, 0x9a, 0x19, 0x8f,
    0x12, 0x83, 0xdc, 0x7, 0xc1, 0xe5, 0x5e, 0x54,
    0x1f, 0x57, 0x90, 0xe6, 0xe, 0xb8, 0x2f, 0x57,
    0x8a, 0x60, 0xf0, 0xfe, 0x3e, 0xd, 0x98, 0x7f,
    0xf0, 0x2c, 0xb0, 0xe0,

    /* U+5C0F "小" */
    0xe, 0x70, 0xff, 0xeb, 0xc1, 0xa4, 0x39, 0xe,
    0xe0, 0xeb, 0xc, 0xd8, 0x48, 0x87, 0x22, 0xb,
    0xf, 0xa8, 0x30, 0x7e, 0x50, 0xa0, 0xfe, 0x83,
    0xff, 0xa4, 0xf4, 0xf, 0x0,

    /* U+5C11 "少" */
    0xf, 0xb0, 0xff, 0xe6, 0x41, 0x98, 0x3c, 0xa0,
    0xc9, 0x7, 0x58, 0x74, 0xc1, 0x70, 0x7d, 0xa1,
    0x28, 0x3d, 0x4c, 0x28, 0x16, 0x5, 0x41, 0xf7,
    0x6d, 0x87, 0xe5, 0x53, 0xf, 0xcd, 0x98, 0x7a,
    0xfe, 0x83, 0xeb, 0xd2, 0x1f, 0x80,

    /* U+5C14 "尔" */
    0xd, 0x7, 0xff, 0x1, 0xf, 0xfa, 0x3f, 0xd0,
    0x4a, 0xff, 0x21, 0xa8, 0x8, 0x26, 0x6, 0xa0,
    0x28, 0x10, 0x15, 0x8, 0x4b, 0x1, 0x81, 0x4,
    0xc8, 0x77, 0x6, 0xa0, 0x68, 0x43, 0x2b, 0x6,
    0xe1, 0xe8, 0x4f, 0x7, 0xed, 0xc, 0xe2, 0x1c,

    /* U+5C16 "尖" */
    0xf, 0x50, 0x3f, 0x90, 0xc8, 0x79, 0x83, 0x50,
    0x33, 0x61, 0xb2, 0x5, 0x30, 0xf4, 0xa2, 0xc1,
    0xb8, 0x5a, 0x1d, 0xa8, 0x3d, 0x7e, 0x7f, 0x81,
    0x7c, 0x82, 0xf8, 0x3c, 0xd4, 0x1f, 0x3c, 0xab,
    0x42, 0xba, 0x20, 0x69, 0xa0, 0xf2, 0x19, 0xe0,

    /* U+5C1D "尝" */
    0x9, 0x6, 0x1f, 0xd4, 0xd, 0x21, 0xda, 0x12,
    0xc1, 0x7c, 0x67, 0x1e, 0x41, 0xff, 0xc8, 0x6f,
    0xf9, 0xb, 0x3f, 0xe6, 0x43, 0xff, 0x85, 0xff,
    0xf2, 0x7e, 0x1f, 0x3e, 0x43, 0x4c, 0x14, 0x1d,
    0xbd, 0xe5, 0x83, 0xde, 0xbd, 0x40, 0xde, 0x94,
    0x7, 0x0,

    /* U+5C24 "尤" */
    0xe, 0x70, 0xff, 0xe1, 0x58, 0x7f, 0xd3, 0x87,
    0xfd, 0x21, 0xbe, 0x8f, 0x9c, 0x2f, 0xa7, 0xf8,
    0x3d, 0x92, 0x1f, 0xce, 0x1f, 0xe4, 0x43, 0xfd,
    0x40, 0xf4, 0x16, 0xa0, 0xe4, 0x16, 0xc0, 0xef,
    0x59, 0xe8, 0x27, 0xf2,

    /* U+5C31 "就" */
    0xd, 0x86, 0xc3, 0xff, 0x85, 0x40, 0xbe, 0x3e,
    0x4, 0x85, 0xff, 0x4, 0x86, 0xfe, 0x51, 0x68,
    0x6f, 0x83, 0x61, 0xef, 0x85, 0x1a, 0x82, 0xf1,
    0x40, 0x90, 0xe9, 0x3c, 0x48, 0x79, 0x44, 0xb6,
    0x1d, 0x21, 0x50, 0x41, 0x81, 0x83, 0xb0, 0xf6,
    0xe0, 0xe0, 0x3a, 0x0,

    /* U+5C3A "尺" */
    0xb, 0xff, 0x7, 0xbf, 0xc1, 0xff, 0xd5, 0xff,
    0x7, 0xd7, 0x1f, 0x7, 0x91, 0x10, 0xff, 0xa8,
    0x1e, 0x50, 0x48, 0x87, 0x58, 0x6e, 0x42, 0xd4,
    0x1d, 0xda, 0x30, 0x7d, 0xc0,

    /* U+5C3C "尼" */
    0x7, 0xff, 0x83, 0x5f, 0xf0, 0x7f, 0xf1, 0xaf,
    0xf8, 0x3a, 0xef, 0xf0, 0x7a, 0xc, 0x87, 0xf9,
    0xe0, 0xe4, 0x1f, 0x58, 0x7e, 0xf4, 0x83, 0x24,
    0x3f, 0x48, 0xe0, 0x7f, 0x98, 0x90, 0x5f, 0xe0,

    /* U+5C3D "尽" */
    0xb, 0xff, 0x7, 0xdf, 0xe0, 0xff, 0xe5, 0x7f,
    0x83, 0xf7, 0xca, 0xf0, 0x7f, 0xa4, 0x3e, 0x51,
    0xc5, 0x87, 0xbc, 0x7c, 0x5a, 0x12, 0xc0, 0x75,
    0x53, 0x1b, 0x1f, 0x40, 0x7c, 0x38, 0x1f, 0x3a,
    0x1f, 0xf7, 0x21, 0x80,

    /* U+5C3E "尾" */
    0x7, 0xff, 0x83, 0x7f, 0xe0, 0xef, 0xfc, 0x1d,
    0x7f, 0x4c, 0x1c, 0xb5, 0xc8, 0x7a, 0x9b, 0x79,
    0xc, 0xd0, 0x1f, 0x41, 0xd9, 0x97, 0xa0, 0xcf,
    0xc7, 0xd2, 0x28, 0x1e, 0x3f, 0x45, 0xae, 0x3e,
    0xa1, 0x21, 0xbf, 0x90,

    /* U+5C3F "尿" */
    0x7, 0xff, 0x83, 0xbf, 0xf0, 0x7b, 0xff, 0x7,
    0xaf, 0xd7, 0xc1, 0xc8, 0x68, 0x8, 0x73, 0xf4,
    0xa, 0x7, 0x3e, 0x33, 0x70, 0xf9, 0x10, 0x61,
    0xfa, 0x80, 0xb0, 0xc8, 0x35, 0x1, 0x58, 0x5b,
    0xb0, 0x69, 0x80, 0xdc, 0x79, 0x5, 0x1, 0x86,
    0xf4, 0x1c,

    /* U+5C40 "局" */
    0x1f, 0xfe, 0xd, 0xff, 0x7, 0x2f, 0xc1, 0xdf,
    0xf2, 0x1f, 0xfc, 0x8, 0x2f, 0xfc, 0x84, 0xd7,
    0x28, 0x24, 0x1f, 0x1, 0x6, 0x1f, 0xc8, 0xe0,
    0xf8, 0x18, 0x89, 0xf9, 0x6f, 0x41, 0xe6, 0x19,
    0xf, 0x7c, 0x0,

    /* U+5C41 "屁" */
    0x7, 0xff, 0x83, 0xbf, 0xf0, 0x7f, 0xf2, 0x3f,
    0xf0, 0x7b, 0x3e, 0x3e, 0xf, 0xfe, 0xc, 0x87,
    0xbe, 0x2c, 0x43, 0xdf, 0x3, 0x83, 0xfe, 0x81,
    0x1, 0x40, 0x54, 0x12, 0x81, 0x78, 0xbc, 0xfa,
    0x80, 0x57, 0xd3, 0x7c, 0x80,

    /* U+5C42 "层" */
    0x7, 0xff, 0x83, 0x7f, 0xd0, 0x77, 0xfd, 0x7,
    0x57, 0xec, 0x33, 0x5f, 0x7, 0xbf, 0xe0, 0xeb,
    0xff, 0x82, 0xbc, 0x5f, 0xc2, 0x14, 0xb4, 0x1b,
    0x45, 0x42, 0xa0, 0x98, 0x8f, 0x85, 0xc, 0xa,
    0x7e, 0xb1, 0x40, 0x50, 0x66, 0x0,

    /* U+5C45 "居" */
    0x7, 0xff, 0x83, 0x7f, 0xe0, 0xef, 0xfc, 0x1d,
    0x7c, 0x5f, 0x6, 0x43, 0x21, 0xf7, 0xe3, 0xf8,
    0x2f, 0xc7, 0xf0, 0x6f, 0x8f, 0xa0, 0xf5, 0x79,
    0x2, 0x12, 0xf8, 0x2a, 0x3, 0xfc, 0x19, 0x7,
    0xf8, 0x2c, 0x18, 0x7b, 0x0,

    /* U+5C48 "屈" */
    0x7, 0xff, 0x83, 0x7f, 0xe0, 0xef, 0xfc, 0x1d,
    0xfc, 0xfc, 0x1d, 0x84, 0x83, 0xf, 0xfe, 0x3f,
    0xc7, 0x83, 0xdf, 0x8f, 0x83, 0xb0, 0xf4, 0x88,
    0x7f, 0xf0, 0x28, 0xf, 0x8f, 0x21, 0x20, 0xff,
    0x20, 0xc1, 0x87, 0xa4,

    /* U+5C4A "届" */
    0x7, 0xff, 0x82, 0xff, 0xc1, 0x90, 0xf2, 0x1a,
    0xff, 0x48, 0x5f, 0x8f, 0xa0, 0x9f, 0x8f, 0xa0,
    0xef, 0x1e, 0x90, 0xef, 0x1e, 0x80, 0x85, 0xe2,
    0xe0, 0x50, 0x39, 0x11, 0x10, 0x78, 0xf8, 0xe0,
    0x3f, 0xe0,

    /* U+5C4B "屋" */
    0x7, 0xff, 0x83, 0x7f, 0xe0, 0xef, 0xfc, 0x1d,
    0x5f, 0xc1, 0xba, 0xfc, 0x85, 0x79, 0x5d, 0x34,
    0x3a, 0x74, 0x90, 0xed, 0x3e, 0x60, 0xe5, 0xe0,
    0x20, 0x41, 0xf4, 0x7a, 0x6, 0x8b, 0x1, 0x41,
    0x37, 0xe8, 0xfc, 0x47, 0xff, 0x80,

    /* U+5C4E "屎" */
    0x7, 0xff, 0x83, 0xbf, 0xf0, 0x7b, 0xff, 0x7,
    0xbf, 0xaf, 0x41, 0xeb, 0x18, 0xb0, 0xf5, 0x40,
    0x48, 0x39, 0xe6, 0x27, 0x43, 0x3e, 0x42, 0xb4,
    0x3c, 0xa8, 0x70, 0xc8, 0x1a, 0x2, 0x60, 0xab,
    0x90, 0xb3, 0x9, 0xb4, 0x3a, 0xc1, 0x87, 0x38,
    0x70,

    /* U+5C4F "屏" */
    0x7, 0xff, 0x83, 0x7f, 0xe0, 0xef, 0xfc, 0x1d,
    0xe2, 0xf8, 0xc3, 0xdc, 0x9, 0xf, 0x78, 0xf2,
    0xb4, 0x37, 0x8f, 0x1e, 0x43, 0xff, 0x88, 0xf8,
    0xf1, 0xf0, 0x8f, 0x1e, 0x3e, 0x38, 0x68, 0x1f,
    0x2b, 0xa2, 0x1f, 0x67, 0x90, 0xb0, 0x80,

    /* U+5C51 "屑" */
    0x7, 0xff, 0x90, 0xbf, 0xf0, 0x77, 0xfe, 0xe,
    0xd5, 0xe3, 0x94, 0x1a, 0x20, 0xa8, 0x1d, 0x2b,
    0x33, 0xe, 0x6f, 0xe0, 0xfa, 0xfe, 0xf, 0xaf,
    0xe0, 0x90, 0xaf, 0xe0, 0xb8, 0x17, 0xf0, 0x4a,
    0xf, 0x58, 0x58, 0x34, 0x2b, 0xc0,

    /* U+5C55 "展" */
    0x7, 0xff, 0x83, 0xbf, 0xf0, 0x7a, 0xbf, 0x7,
    0xbc, 0xf, 0x3c, 0x1e, 0x95, 0x42, 0x81, 0xce,
    0xae, 0x3c, 0x1f, 0x60, 0x43, 0xf5, 0xcf, 0x8f,
    0x41, 0xac, 0xe3, 0xa8, 0xa, 0xc, 0xaa, 0x21,
    0x58, 0x4d, 0xa2, 0x19, 0x59, 0x8f, 0x4c, 0x18,
    0xfa, 0x80, 0x7c, 0x0,

    /* U+5C60 "屠" */
    0x7, 0xff, 0x83, 0x7f, 0xe0, 0xef, 0xfc, 0x1d,
    0xf4, 0x7c, 0x87, 0x5c, 0x7c, 0x1c, 0x8a, 0x10,
    0x90, 0xde, 0x3, 0x4c, 0x3b, 0x90, 0x51, 0x42,
    0xc, 0xac, 0x21, 0x2c, 0x7e, 0xd, 0x61, 0x2e,
    0xc, 0xa0, 0xbf, 0x4,

    /* U+5C65 "履" */
    0x7, 0xff, 0x90, 0xd5, 0xf8, 0x3d, 0xff, 0x90,
    0xeb, 0x65, 0xe8, 0x33, 0x30, 0xbb, 0xe, 0x58,
    0x32, 0x1c, 0xb6, 0x2c, 0x1e, 0xcc, 0x3f, 0x93,
    0xf, 0xfb, 0x42, 0xe2, 0x10, 0x9c, 0x2c, 0x63,
    0xc, 0x85, 0xfa, 0xf2, 0x60, 0xde, 0x46, 0xd0,

    /* U+5C81 "岁" */
    0xe, 0xd0, 0xf4, 0x1f, 0xa0, 0x21, 0xf9, 0xf,
    0xfe, 0x1f, 0xc5, 0xf0, 0x5f, 0x37, 0xf0, 0x65,
    0x5f, 0x90, 0xd4, 0xfa, 0x10, 0x3a, 0x20, 0xa0,
    0x5d, 0x1a, 0x6a, 0xa, 0x40, 0xb4, 0x1c, 0xd9,
    0xc1, 0x9f, 0xd0, 0x79, 0xe4, 0x3f, 0x0,

    /* U+5C82 "岂" */
    0xf, 0x61, 0xe8, 0x3f, 0x40, 0x43, 0xf2, 0x15,
    0x62, 0xa0, 0xaf, 0xd7, 0xd1, 0x5f, 0xe4, 0xbf,
    0xf0, 0x7f, 0xf1, 0x1f, 0xf8, 0x39, 0xff, 0x41,
    0xff, 0x2a, 0x3, 0xff, 0x40, 0x7f, 0xfa,

    /* U+5C94 "岔" */
    0xe, 0xfc, 0x1f, 0xdf, 0x98, 0x3e, 0x90, 0xa5,
    0x7, 0x4c, 0x19, 0x90, 0x3a, 0xbf, 0x95, 0x41,
    0xbb, 0x3e, 0x2e, 0x2, 0xe, 0xf, 0xe6, 0xe4,
    0xf2, 0x1e, 0xf2, 0x7d, 0x7, 0x32, 0x1e, 0xd0,
    0xff, 0xe3, 0xde, 0x3e, 0xf, 0xaf, 0xf0, 0x60,

    /* U+5C97 "岗" */
    0xe, 0xc3, 0xd8, 0x7d, 0x87, 0xff, 0xb, 0xe3,
    0xe0, 0xff, 0xe0, 0x20, 0xfe, 0x74, 0x27, 0x45,
    0x7, 0x35, 0xc1, 0xe7, 0x44, 0x3e, 0x81, 0x7,
    0xa7, 0xca, 0xd, 0x38, 0x30, 0xeb, 0xd, 0x28,

    /* U+5C9B "岛" */
    0xe, 0x43, 0xfc, 0xe1, 0xfb, 0xd3, 0xf2, 0x1d,
    0xbf, 0x8, 0x7a, 0xd0, 0xff, 0x66, 0x87, 0xbe,
    0x87, 0xc8, 0xf9, 0xf5, 0xe1, 0x20, 0x20, 0x83,
    0xff, 0x8d, 0xe3, 0xc1, 0xef, 0xf4, 0x28, 0x3f,
    0x7a, 0xc0,

    /* U+5CA9 "岩" */
    0xe, 0x60, 0xf4, 0x87, 0xd8, 0x7f, 0xf0, 0xef,
    0x4f, 0xc1, 0x5f, 0xfc, 0x3f, 0xfe, 0x9a, 0x8a,
    0xf8, 0x56, 0xbf, 0x5, 0x2b, 0xf9, 0x1d, 0x2f,
    0xce, 0xb, 0xf, 0xe5, 0x2, 0xfc, 0x87, 0xbf,
    0x90, 0xec, 0x3a, 0x80,

    /* U+5CB8 "岸" */
    0xf, 0x48, 0x7d, 0x87, 0xce, 0x1f, 0xb0, 0xfd,
    0xf2, 0xbd, 0x21, 0x7f, 0xf4, 0x17, 0xff, 0x90,
    0xbf, 0xf9, 0xd, 0xff, 0x41, 0xdf, 0x37, 0xa0,
    0xdf, 0x9b, 0xf0, 0xaf, 0xcd, 0xf8, 0xb0, 0xff,
    0x2c, 0x1f, 0xe6, 0xe, 0x90, 0xc0,

    /* U+5CE1 "峡" */
    0x14, 0x19, 0xc3, 0xd8, 0x7f, 0xf0, 0xd5, 0x8b,
    0x18, 0x37, 0xc0, 0xf0, 0x79, 0x5e, 0x65, 0x7,
    0xa8, 0x5, 0x7, 0x9d, 0x9c, 0x83, 0xde, 0x3,
    0xe0, 0x60, 0x58, 0xc5, 0x1, 0x41, 0x48, 0x10,
    0xbe, 0x15, 0x14, 0x6, 0x13, 0x60, 0x56, 0x1d,
    0xe0, 0xd2, 0x0,

    /* U+5CE6 "峦" */
    0xf, 0x21, 0xff, 0xc1, 0x90, 0xfb, 0xf8, 0xbf,
    0x81, 0xf8, 0xf1, 0xf8, 0x36, 0x87, 0x68, 0x6a,
    0x21, 0xdc, 0x83, 0x10, 0xfb, 0x81, 0xc0, 0x95,
    0x5, 0x84, 0x81, 0xc4, 0x50, 0x6d, 0xf, 0x78,
    0x3f, 0xf8, 0xf7, 0x9b, 0xc8, 0x75, 0xff, 0x21,
    0x0,

    /* U+5CF0 "峰" */
    0xf, 0xfe, 0x13, 0x4, 0xc1, 0xff, 0x6f, 0xa0,
    0xfc, 0xa8, 0x36, 0xc, 0xc4, 0x10, 0x7d, 0x65,
    0x3, 0xe7, 0xc3, 0x68, 0x74, 0xba, 0x20, 0xed,
    0xb, 0x70, 0xf6, 0xa1, 0xd, 0x20, 0x64, 0xb0,
    0xaf, 0x3c, 0x95, 0x1a, 0x7, 0xd3, 0xe8, 0x3f,
    0xf8, 0x40,

    /* U+5CFB "峻" */
    0xf, 0xfe, 0x13, 0x6, 0xd0, 0xff, 0x23, 0x40,
    0xfd, 0x47, 0x51, 0x83, 0x72, 0xa6, 0xf, 0x67,
    0x8a, 0x7, 0x79, 0xa, 0x81, 0xe8, 0x8b, 0xc1,
    0xda, 0xdd, 0x87, 0xd0, 0x37, 0xa, 0x49, 0xc9,
    0x41, 0x5f, 0x85, 0x82, 0xd0, 0x36, 0x4e, 0x87,
    0x47, 0x3d, 0x0,

    /* U+5D07 "崇" */
    0xf, 0x48, 0x7e, 0xc3, 0xe7, 0xe, 0xa9, 0xab,
    0xe, 0xbe, 0x1f, 0xa0, 0x9a, 0xc3, 0x59, 0x6,
    0xd7, 0xe0, 0xde, 0xaf, 0xe4, 0xa, 0xff, 0xc8,
    0x5f, 0xff, 0x40, 0xfa, 0x8a, 0x9f, 0x41, 0xa8,
    0x81, 0x38, 0x2b, 0x30, 0xd6, 0xe0, 0xf4, 0x6e,
    0x17, 0x80,

    /* U+5D16 "崖" */
    0xf, 0x68, 0x7d, 0x87, 0xec, 0x35, 0x45, 0x60,
    0xd7, 0xd4, 0xfa, 0xa, 0xbf, 0xd8, 0x5f, 0x9f,
    0xe0, 0xdf, 0x3f, 0x83, 0xaa, 0x2b, 0x6, 0xac,
    0x56, 0x44, 0xc3, 0xf2, 0x6a, 0xf8, 0xbe, 0x3,
    0xfc, 0x5f, 0x85, 0x7f, 0xf8,

    /* U+5D29 "崩" */
    0xf, 0xa0, 0xfb, 0xf, 0xd8, 0x6e, 0x9b, 0x50,
    0x6f, 0x53, 0xd5, 0x61, 0x7e, 0x8f, 0xc8, 0x5e,
    0x90, 0x79, 0xc, 0x87, 0xff, 0x2, 0xe0, 0xbc,
    0x86, 0xf4, 0x17, 0x90, 0xde, 0x82, 0xf2, 0x1b,
    0xe1, 0x5e, 0x41, 0x20, 0x4f, 0x7, 0x31, 0xcb,
    0x1a, 0x8c, 0x1e, 0xb0, 0x78,

    /* U+5D4C "嵌" */
    0xf, 0x38, 0x7e, 0x90, 0xfb, 0xe, 0xbd, 0x1f,
    0x7, 0x77, 0x4e, 0x7c, 0x1b, 0xa, 0x2, 0x1d,
    0xb7, 0x1c, 0x7c, 0xd, 0x5c, 0x45, 0x48, 0x6c,
    0x34, 0x7c, 0x1a, 0xe1, 0x58, 0x10, 0xd7, 0x4,
    0xa8, 0x3f, 0xd0, 0xe1, 0xd7, 0x13, 0xc6, 0x1a,
    0xf4, 0xe0, 0xd4, 0x9, 0x3, 0x86, 0x90,

    /* U+5DCD "巍" */
    0xf, 0x48, 0x7e, 0xc3, 0xe6, 0xe, 0xf9, 0xbd,
    0x7, 0x28, 0x14, 0x4a, 0x4, 0x8a, 0xd9, 0x2c,
    0x29, 0x1e, 0x33, 0xd, 0x8, 0xe6, 0x61, 0xbc,
    0x50, 0x8, 0x86, 0x76, 0xf4, 0x3a, 0x16, 0xba,
    0xe, 0x82, 0x5b, 0x2c, 0xc3, 0xa0, 0x68, 0x9c,
    0x83, 0xa6, 0x59, 0xda, 0xf, 0x25, 0x81, 0xf4,
    0x0,

    /* U+5DDD "川" */
    0xb, 0xf, 0x30, 0x7d, 0x87, 0xff, 0xfc, 0x3f,
    0xf9, 0xf2, 0x1f, 0xd3, 0x4, 0x87, 0x38, 0x68,
    0x3b, 0xf, 0xcc,

    /* U+5DDE "州" */
    0xd, 0x87, 0xb0, 0xfd, 0x87, 0xff, 0x57, 0x4c,
    0x1c, 0x1e, 0x45, 0x12, 0x1a, 0x41, 0xe1, 0x60,
    0x98, 0x3d, 0xe0, 0xb1, 0x18, 0xc, 0x1d, 0xa1,
    0xfe, 0x54, 0x1f, 0xe9, 0xf, 0xf4, 0xc1, 0x61,
    0xea, 0x7, 0xec,

    /* U+5DE5 "工" */
    0x2f, 0xfe, 0x5, 0xf4, 0x7e, 0xf, 0xff, 0xeb,
    0xfa, 0x3f, 0x9f, 0xff, 0x80,

    /* U+5DE6 "左" */
    0xf, 0xfe, 0x36, 0x1f, 0xfc, 0x9b, 0xe3, 0xfe,
    0x2f, 0x2b, 0xfe, 0xc, 0xc1, 0xfe, 0x4f, 0xf8,
    0x35, 0x3c, 0xdf, 0x5, 0x28, 0x3f, 0xa6, 0xf,
    0xfb, 0xf, 0xfa, 0x7f, 0x37, 0xe0, 0x3f, 0xfe,

    /* U+5DE7 "巧" */
    0xe, 0x7f, 0xe0, 0x96, 0x36, 0xfc, 0xa, 0xe1,
    0xf, 0xac, 0xb0, 0x21, 0xff, 0xc1, 0x43, 0xfe,
    0x4b, 0xe4, 0x3e, 0xdf, 0x84, 0x3e, 0xa0, 0x7e,
    0x4b, 0x43, 0xf5, 0xde, 0x43, 0xf5, 0x10, 0xc8,
    0x87, 0xfd, 0xea, 0x0,

    /* U+5DE8 "巨" */
    0xff, 0xf2, 0x7f, 0xf2, 0x1f, 0xfc, 0xf, 0xfc,
    0x15, 0xfe, 0xc, 0x87, 0xf9, 0xe, 0x43, 0x5f,
    0xd2, 0x17, 0xfd, 0x4, 0x87, 0xfa, 0xff, 0xe3,
    0xff, 0xc0,

    /* U+5DE9 "巩" */
    0xf, 0x7f, 0x6, 0xfe, 0x2f, 0x7, 0x78, 0xf0,
    0x7f, 0xf4, 0x7c, 0x1f, 0xfc, 0xc, 0x43, 0xf3,
    0x2, 0xc3, 0x9c, 0xe1, 0x50, 0x77, 0xd0, 0x7f,
    0xa0, 0xb8, 0x3a, 0xe, 0xd4, 0x1b, 0x43, 0xa8,
    0x1b, 0xe0,

    /* U+5DEB "巫" */
    0x1f, 0xff, 0x40, 0x6b, 0x25, 0x70, 0x4f, 0x9d,
    0x69, 0xf, 0xf9, 0xf, 0xd8, 0x7f, 0xf0, 0x18,
    0x36, 0x21, 0x91, 0xc2, 0x54, 0x1a, 0xa2, 0x12,
    0x60, 0x42, 0x43, 0x64, 0x83, 0xc0, 0x66, 0xb,
    0x5, 0xfa, 0x6f, 0xc0,

    /* U+5DEE "差" */
    0xd, 0x6, 0x43, 0xf7, 0x80, 0xc1, 0xef, 0x47,
    0xa3, 0xc8, 0x5f, 0xa7, 0xf2, 0x1b, 0xe9, 0xfa,
    0xe, 0xfa, 0x7e, 0x82, 0x7f, 0x4f, 0xf0, 0x1f,
    0x17, 0xfc, 0x1a, 0x2f, 0xf0, 0x69, 0xf9, 0x5f,
    0x5, 0x98, 0x6c, 0x3d, 0xdf, 0x9b, 0xf2, 0x17,
    0xff, 0x90,

    /* U+5DF1 "己" */
    0x7f, 0xf8, 0xf, 0xfd, 0x7, 0xfc, 0x87, 0xff,
    0x13, 0xff, 0x7, 0x5f, 0xd2, 0x19, 0xe, 0x60,
    0xff, 0xe6, 0x48, 0x10, 0xf9, 0x43, 0x7f, 0xc8,

    /* U+5DF2 "已" */
    0x3f, 0xf8, 0x37, 0xfe, 0xf, 0xfe, 0x33, 0x7,
    0xff, 0x1, 0x7e, 0xf, 0xab, 0xc1, 0xf7, 0xfc,
    0x1f, 0xfc, 0xfc, 0x3f, 0xe9, 0x2, 0x7f, 0xcc,
    0x17, 0xff, 0x0,

    /* U+5DFE "巾" */
    0xd, 0xa1, 0xff, 0xcc, 0xfc, 0x5f, 0x25, 0xe2,
    0xf0, 0x48, 0x7f, 0xf8, 0x50, 0xfe, 0x95, 0x87,
    0xb8, 0x3f, 0xe0,

    /* U+5E01 "币" */
    0xf, 0xf9, 0x7e, 0xbc, 0xff, 0x5f, 0x9a, 0xe2,
    0x43, 0x7e, 0x3f, 0x20, 0xf8, 0xf8, 0x3f, 0xfd,
    0x58, 0x98, 0x7b, 0xc1, 0xff, 0xc0,

    /* U+5E02 "市" */
    0xe, 0xa0, 0x7f, 0xf1, 0x7f, 0x95, 0xff, 0xe5,
    0x7f, 0x7, 0xff, 0x5, 0xf9, 0x5f, 0x21, 0x3e,
    0x57, 0x90, 0xff, 0xf1, 0x68, 0x4e, 0x1d, 0xe4,
    0x24, 0x3f, 0x80,

    /* U+5E03 "布" */
    0xe, 0x50, 0x7f, 0xd0, 0x7e, 0x7e, 0x2f, 0xf0,
    0xf9, 0x5f, 0xf0, 0x66, 0x20, 0xfd, 0x4, 0xa0,
    0xf2, 0x8f, 0x17, 0xa0, 0x34, 0x3c, 0x5c, 0x15,
    0x10, 0xff, 0x68, 0x7f, 0xf1, 0xe8, 0x1f, 0xf5,
    0xc1, 0xd8, 0x7e,

    /* U+5E05 "帅" */
    0xb, 0xd, 0x87, 0xff, 0x12, 0xf, 0xf2, 0x82,
    0xf8, 0xf4, 0x1e, 0xa1, 0xc8, 0x79, 0x40, 0x43,
    0xff, 0xb6, 0xa0, 0xf2, 0x2a, 0xc4, 0x26, 0x5e,
    0x20, 0x9e, 0x28, 0x1f, 0xc0,

    /* U+5E06 "帆" */
    0x6, 0x1f, 0xfc, 0x4f, 0xc1, 0xfe, 0xf0, 0x6f,
    0x1e, 0xf, 0xe8, 0x82, 0x83, 0xc8, 0x86, 0x43,
    0xfe, 0xa0, 0x7f, 0xf0, 0x10, 0xf9, 0xd, 0x7,
    0xda, 0xc1, 0x93, 0x5, 0x3c, 0x1a, 0xe, 0x58,
    0x24, 0x39, 0xf0, 0x4d, 0x2, 0xd8, 0x35, 0xa0,

    /* U+5E08 "师" */
    0xb, 0xf, 0xfe, 0x5, 0xff, 0x10, 0x2f, 0x8f,
    0x84, 0x39, 0xf, 0xef, 0x47, 0x90, 0xf5, 0x98,
    0x7f, 0xf6, 0xf4, 0x3d, 0x8, 0x24, 0xd0, 0x58,
    0x22, 0xf, 0xf6, 0x1f, 0xc0,

    /* U+5E0C "希" */
    0xf, 0xe4, 0x3e, 0xa9, 0x28, 0x1f, 0x59, 0x6c,
    0x1e, 0x56, 0xaa, 0x79, 0xd, 0xf8, 0xda, 0x61,
    0x4a, 0xb5, 0x7a, 0x70, 0x5e, 0x8d, 0xfe, 0x9,
    0xe3, 0x7e, 0x82, 0xe8, 0x78, 0xb8, 0x35, 0xa1,
    0xff, 0x21, 0xfb, 0xf, 0xfe, 0x2, 0x61, 0xec,
    0x33, 0x20,

    /* U+5E15 "帕" */
    0xf, 0xfe, 0x13, 0x7, 0x61, 0xfe, 0x90, 0xfd,
    0x45, 0x50, 0xe7, 0x51, 0x41, 0x4, 0x85, 0xaa,
    0xf, 0xfe, 0x4a, 0xc1, 0xfa, 0xb0, 0x7e, 0xbe,
    0xc, 0xb0, 0x7d, 0x8c, 0x1c, 0x87, 0xeb, 0xd0,
    0x7e, 0xbe, 0x9, 0x81, 0xa1, 0x60,

    /* U+5E16 "帖" */
    0x6, 0x1b, 0xf, 0xfe, 0x62, 0x17, 0x8f, 0x5,
    0x7a, 0x33, 0xd, 0xf4, 0x1f, 0xfd, 0x1b, 0x3e,
    0xc, 0x82, 0xf8, 0x3b, 0x44, 0x3b, 0x5, 0x4,
    0x3f, 0xeb, 0xe0, 0xfd, 0xf8, 0x0,

    /* U+5E18 "帘" */
    0xd, 0x7, 0xfd, 0xe4, 0x3b, 0xf4, 0x5f, 0xa2,
    0xe7, 0x9f, 0x2, 0x55, 0x81, 0x5, 0xe, 0x8c,
    0x9e, 0x95, 0x68, 0x9f, 0x93, 0xf1, 0xf9, 0xa,
    0xf1, 0xf0, 0x7f, 0xf2, 0x9c, 0x41, 0xa1, 0x9f,
    0x4, 0x87, 0xf8,

    /* U+5E1C "帜" */
    0x6, 0x1f, 0xfc, 0x4f, 0xe0, 0xfe, 0xf8, 0x2f,
    0x1e, 0xf, 0xe8, 0xc3, 0xff, 0xa2, 0xb0, 0x7f,
    0x3f, 0x21, 0xd0, 0x2e, 0xe0, 0x20, 0xb1, 0xce,
    0x4, 0x86, 0xa1, 0x28, 0x3d, 0xa1, 0x58, 0x72,
    0xa0, 0x90, 0x0,

    /* U+5E1D "帝" */
    0xe, 0xc3, 0xff, 0x80, 0x87, 0x5f, 0x8b, 0xf1,
    0x73, 0xf4, 0x78, 0x25, 0x81, 0x40, 0xbe, 0x2f,
    0x17, 0x92, 0xf9, 0xfc, 0x91, 0xf3, 0xf5, 0xa8,
    0x14, 0x2a, 0x50, 0x4b, 0xb, 0x7, 0xfc, 0x87,
    0xf9, 0x90, 0x98, 0x33, 0xc0,

    /* U+5E26 "带" */
    0x9, 0x89, 0x30, 0xd5, 0x33, 0xc5, 0x13, 0xca,
    0xc1, 0x9e, 0x2, 0xbc, 0xad, 0x78, 0x25, 0x12,
    0x41, 0xbf, 0xfe, 0x81, 0xf9, 0xbe, 0x40, 0x9f,
    0x37, 0xaf, 0x10, 0x3c, 0x5c, 0x28, 0x3f, 0xfa,
    0xcf, 0x83, 0xb0, 0x23, 0x20,

    /* U+5E2E "帮" */
    0xd, 0x87, 0xf5, 0xe3, 0xca, 0xfa, 0x2f, 0x1e,
    0x47, 0x21, 0xf1, 0xe0, 0xa4, 0xf, 0x8f, 0x5,
    0x9, 0xf1, 0xf0, 0x54, 0x3c, 0xae, 0x80, 0xb4,
    0x13, 0xbe, 0x7, 0x43, 0x4a, 0x2a, 0x68, 0xe,
    0x7c, 0xaf, 0x83, 0xfe, 0x50, 0x7f, 0xf0, 0x38,
    0x26, 0xe, 0x64,

    /* U+5E38 "常" */
    0x2, 0xc, 0x24, 0x34, 0x86, 0xf0, 0x28, 0x50,
    0xb0, 0x51, 0xe9, 0xdd, 0x31, 0x1a, 0xf9, 0x8c,
    0x17, 0xe0, 0xb0, 0xaf, 0xc1, 0xef, 0x8b, 0xc1,
    0xbf, 0x17, 0xe0, 0xbe, 0x3e, 0x43, 0xff, 0x86,
    0x87, 0xb6, 0x4, 0x1e, 0xf2, 0x0,

    /* U+5E3D "帽" */
    0x6, 0x1f, 0xfc, 0x2b, 0xfa, 0xf, 0x35, 0x27,
    0x8f, 0x7, 0x20, 0x88, 0xd, 0x41, 0x21, 0x7f,
    0x58, 0x7b, 0xf4, 0x87, 0xd5, 0x7, 0xf5, 0x41,
    0xd4, 0x2, 0xc0, 0xc1, 0xa0, 0xf8, 0x3f, 0xaa,
    0xf, 0xcf, 0xc0,

    /* U+5E45 "幅" */
    0x18, 0x3f, 0xf8, 0x5f, 0xf8, 0x3b, 0xcb, 0xac,
    0xe7, 0x15, 0xe2, 0x9, 0x41, 0xff, 0xc3, 0x57,
    0x88, 0x3c, 0xeb, 0xa4, 0x3e, 0xa1, 0xa1, 0xff,
    0xc5, 0x44, 0xa1, 0xa0, 0xf3, 0x83, 0x8d, 0xf,
    0xdc, 0x68, 0x7e, 0xfc, 0x80,

    /* U+5E55 "幕" */
    0xd, 0x86, 0xc3, 0xaf, 0x1f, 0x8f, 0x81, 0xd0,
    0xac, 0x54, 0x5, 0x45, 0x62, 0x50, 0x79, 0x78,
    0x3f, 0xf9, 0x34, 0x4f, 0xa0, 0xd7, 0x41, 0xad,
    0xe0, 0x50, 0x12, 0x69, 0x60, 0xe4, 0x93, 0x4b,
    0x7, 0xcf, 0x3c, 0xf8, 0x3f, 0x9b, 0xf, 0x30,
    0x4e, 0x84,

    /* U+5E72 "干" */
    0x3f, 0xf9, 0x7, 0xe2, 0xf9, 0xf, 0xfe, 0x6d,
    0xf8, 0xbf, 0x35, 0xc3, 0x59, 0x17, 0x1a, 0xe0,
    0xff, 0xf8, 0x80,

    /* U+5E73 "平" */
    0x7, 0xff, 0x82, 0xbe, 0x6f, 0x58, 0x6c, 0x3d,
    0x6, 0x68, 0x1a, 0x43, 0x94, 0x12, 0xa0, 0xf4,
    0xc, 0xc3, 0x7d, 0x6a, 0xbf, 0x1f, 0xcd, 0xfc,
    0x1f, 0xfe, 0x80,

    /* U+5E74 "年" */
    0xf, 0xfe, 0x13, 0x7, 0xfa, 0x7f, 0xe4, 0x4f,
    0x8f, 0xc9, 0x40, 0xfe, 0x69, 0xf1, 0xf2, 0x28,
    0xbc, 0x7c, 0x87, 0xff, 0x5, 0xcb, 0xc7, 0xf3,
    0xfc, 0x7f, 0x7, 0xff, 0x60,

    /* U+5E76 "并" */
    0x2, 0x83, 0xa0, 0xf4, 0x85, 0x21, 0xcd, 0x0,
    0xac, 0x35, 0xc7, 0xa3, 0xc1, 0x5e, 0x3d, 0x1e,
    0xf, 0xfe, 0x83, 0xf1, 0xe8, 0xf8, 0x7d, 0x3e,
    0x8f, 0x83, 0x78, 0x3f, 0xd2, 0x83, 0xfb, 0x70,
    0xfe, 0x9c, 0x3f, 0xc0,

    /* U+5E78 "幸" */
    0xe, 0x70, 0xff, 0xe3, 0x3f, 0x47, 0xd0, 0x1f,
    0xa3, 0xe8, 0x7f, 0x47, 0xf3, 0xe2, 0xf8, 0xf8,
    0x2a, 0x1, 0xc, 0xfa, 0x3d, 0x1f, 0x3f, 0xa3,
    0xf8, 0xbe, 0x8f, 0xc9, 0x7d, 0x1f, 0x90, 0xff,
    0xe6, 0x0,

    /* U+5E7B "幻" */
    0xc, 0x87, 0xfc, 0xc3, 0xfc, 0x85, 0x41, 0xac,
    0x84, 0x8b, 0xf0, 0x4d, 0xc, 0x3f, 0x42, 0x28,
    0x3e, 0xca, 0x21, 0xfd, 0xaa, 0xe, 0x43, 0x28,
    0x3e, 0x40, 0xab, 0x43, 0xe6, 0x62, 0xf, 0xa0,
    0xa0, 0xc8, 0x5e, 0xa3, 0x17, 0x40,

    /* U+5E7C "幼" */
    0xd, 0x4, 0xe1, 0xf2, 0x1f, 0xf4, 0x87, 0xfc,
    0xc0, 0x40, 0xa0, 0xa4, 0xda, 0x14, 0xcd, 0x91,
    0xe3, 0x81, 0x9d, 0x2, 0x40, 0x83, 0x44, 0x18,
    0x7e, 0x50, 0x1c, 0x3c, 0xdc, 0x4, 0x35, 0x9a,
    0xa4, 0x1e, 0x2f, 0xc3, 0x22, 0x1e, 0x48, 0xb5,
    0x7, 0x3a, 0x7a, 0x0,

    /* U+5E7D "幽" */
    0xf, 0x61, 0xf9, 0x82, 0x60, 0xb3, 0xc1, 0x78,
    0xc2, 0x58, 0xb, 0x5, 0x36, 0x4d, 0x84, 0xee,
    0x3b, 0x5, 0x45, 0x1c, 0x86, 0x4c, 0x36, 0x19,
    0x38, 0x4e, 0xa, 0x14, 0x42, 0x82, 0xf9, 0x3e,
    0x42, 0xf9, 0x3e, 0x42, 0xff, 0xe0,

    /* U+5E7F "广" */
    0xf, 0xb0, 0xff, 0xe4, 0xae, 0x17, 0x82, 0xac,
    0x56, 0xc3, 0x7f, 0xe8, 0x3f, 0xfd, 0x4a, 0xf,
    0xfb, 0xc1, 0xfe, 0x58, 0x3f, 0xd4, 0xf, 0xfb,
    0x43, 0xfc,

    /* U+5E86 "庆" */
    0xf, 0x41, 0xff, 0xc1, 0xf0, 0x7e, 0xbe, 0x8f,
    0xc8, 0x4d, 0xf3, 0x7c, 0x86, 0x42, 0x50, 0x7f,
    0xf2, 0xaf, 0x8f, 0xd0, 0x6b, 0xd0, 0x3e, 0x83,
    0xed, 0xa0, 0x7f, 0x99, 0x41, 0xca, 0x6, 0x82,
    0xc3, 0x59, 0x90, 0x15, 0x81, 0x1d, 0xc3, 0x4e,
    0x39, 0xc1, 0xeb, 0x0,

    /* U+5E8A "床" */
    0xf, 0xb0, 0xff, 0xe5, 0x7f, 0x1f, 0xc1, 0xbf,
    0x37, 0xe0, 0xff, 0xe3, 0x5f, 0x37, 0xe0, 0xd7,
    0x82, 0x7e, 0xf, 0xcb, 0x7, 0xf4, 0x9b, 0x7,
    0xd3, 0x2, 0x60, 0x92, 0x70, 0xdb, 0x2, 0x4c,
    0x3d, 0x84, 0xd0, 0x3f, 0x40, 0x83, 0xa4, 0x38,

    /* U+5E8F "序" */
    0xf, 0xb0, 0xff, 0xe4, 0x7f, 0x1f, 0xa0, 0xbf,
    0xfa, 0xd, 0xff, 0x21, 0xdc, 0xf1, 0x21, 0xe7,
    0xd4, 0x43, 0xaf, 0x40, 0xbd, 0x5, 0x7c, 0xde,
    0x30, 0xff, 0x94, 0x28, 0x3f, 0x40, 0xb0, 0xff,
    0x94, 0x7, 0x50, 0x74, 0x13, 0xe0, 0xe0,

    /* U+5E93 "库" */
    0xf, 0x90, 0xff, 0xe0, 0xc8, 0x7d, 0xfc, 0x5f,
    0x83, 0x7c, 0x7f, 0x83, 0x5e, 0x3f, 0x90, 0xd6,
    0x5b, 0xf2, 0x1f, 0x2c, 0x1f, 0xc9, 0xc7, 0xc1,
    0xe7, 0xd1, 0xf0, 0x75, 0xf4, 0x7e, 0x2, 0xaf,
    0xc7, 0xe0, 0x58, 0x7f, 0xcb, 0x7, 0xfc,

    /* U+5E94 "应" */
    0xf, 0xa0, 0xff, 0xe1, 0x41, 0xfb, 0xf2, 0xbf,
    0x4, 0x9f, 0xfc, 0x12, 0x13, 0x4, 0x86, 0x48,
    0x58, 0x10, 0x73, 0xe2, 0xc3, 0xf9, 0x16, 0x10,
    0xfd, 0x40, 0xb4, 0x37, 0x84, 0x18, 0xc1, 0x94,
    0xc, 0xa, 0xd, 0x37, 0xf4, 0xf8, 0x1d, 0x3f,
    0xf8,

    /* U+5E95 "底" */
    0xf, 0xb0, 0xfc, 0xbc, 0x2f, 0x5, 0x5c, 0x57,
    0x6, 0xfd, 0x44, 0x70, 0xef, 0xd1, 0x40, 0xfb,
    0xd1, 0x21, 0xfb, 0xe3, 0xe4, 0x3d, 0x79, 0xbc,
    0x87, 0x90, 0x78, 0x3f, 0x95, 0x28, 0x8, 0x11,
    0x28, 0x5, 0x10, 0x28, 0xde, 0x8a, 0x21, 0x92,
    0xf9, 0x2a, 0x6, 0xf, 0xc8, 0xe8,

    /* U+5E97 "店" */
    0xf, 0xb0, 0xfc, 0xbc, 0x2f, 0x5, 0x5c, 0x57,
    0x6, 0xfc, 0xdf, 0x83, 0xff, 0x97, 0x7e, 0xf,
    0xeb, 0xf0, 0x7f, 0xf2, 0x3c, 0xdf, 0x7, 0xef,
    0xe0, 0xc8, 0x7f, 0xf0, 0x68, 0x17, 0xf0, 0x65,
    0x5, 0xfc, 0x10,

    /* U+5E99 "庙" */
    0xf, 0x41, 0xff, 0xc1, 0x83, 0xef, 0xca, 0xfd,
    0x5, 0xfa, 0xfd, 0x7, 0xd2, 0x1f, 0xbe, 0x2f,
    0x83, 0xde, 0x2f, 0x7, 0xff, 0x23, 0xc5, 0xe0,
    0xfb, 0xc5, 0xe0, 0x94, 0x1f, 0xf5, 0x83, 0xc5,
    0xe0, 0x22, 0xf, 0xf0, 0x1c, 0x18, 0x7b, 0x0,

    /* U+5E9C "府" */
    0xf, 0xb0, 0xff, 0xe5, 0x7f, 0x1f, 0xa0, 0xdf,
    0x3f, 0x3c, 0x1e, 0x83, 0x21, 0xf9, 0x5f, 0x1e,
    0xc, 0xe7, 0xe3, 0xc1, 0xa0, 0xb0, 0xfe, 0xb0,
    0x58, 0x7e, 0x42, 0x58, 0x39, 0xf, 0x48, 0x75,
    0x3, 0xff, 0x82, 0x87, 0x78, 0x3b, 0xb, 0x7,
    0xc1, 0x0,

    /* U+5E9E "庞" */
    0xf, 0x21, 0xff, 0xc1, 0xc3, 0xef, 0xd1, 0xfa,
    0xb, 0xeb, 0x6f, 0x41, 0xcc, 0x58, 0x79, 0xe3,
    0xcf, 0x90, 0x9e, 0x27, 0xb4, 0x3c, 0x81, 0x83,
    0xec, 0xd, 0x87, 0xcd, 0x98, 0x69, 0x3a, 0x28,
    0x2d, 0x5e, 0xb2, 0x7e, 0x9d, 0x9a, 0x3f, 0x90,

    /* U+5E9F "废" */
    0xf, 0xfe, 0x45, 0x87, 0xef, 0xc9, 0xfa, 0xd,
    0xdd, 0x37, 0xd0, 0x66, 0x30, 0x58, 0x7b, 0x27,
    0xa3, 0x21, 0xb8, 0x1f, 0xc8, 0x65, 0x65, 0x64,
    0x3e, 0x8b, 0x83, 0xf2, 0x73, 0x61, 0xa4, 0xb2,
    0x88, 0x73, 0xe4, 0xa8, 0xd0, 0x28, 0x7c, 0x6d,
    0xf0, 0xcc, 0xf0, 0x6b, 0x0,

    /* U+5EA6 "度" */
    0xf, 0xb0, 0xff, 0xe5, 0x7f, 0x1f, 0xc1, 0xbc,
    0x7c, 0x7c, 0x1b, 0xc7, 0xc7, 0xa0, 0xde, 0x3e,
    0x3d, 0x7, 0xdf, 0x7, 0xfb, 0xf8, 0x3e, 0x7f,
    0xe0, 0xf3, 0x97, 0x84, 0x32, 0x81, 0xd3, 0xa0,
    0x6b, 0x18, 0x2d, 0xf, 0x77, 0xaf, 0xe0, 0x6f,
    0x90, 0x9b, 0xc0,

    /* U+5EA7 "座" */
    0xf, 0xb0, 0xff, 0xe4, 0x7f, 0x1f, 0xa0, 0xbc,
    0xed, 0xbc, 0x1c, 0x86, 0x43, 0xc8, 0x64, 0x43,
    0xa3, 0x4, 0xc1, 0xb3, 0x54, 0x54, 0x15, 0x9,
    0x50, 0xc1, 0x37, 0x95, 0x78, 0x12, 0x7c, 0xdf,
    0x1, 0xbf, 0x37, 0xe2, 0x3f, 0xfc,

    /* U+5EAD "庭" */
    0xf, 0xb0, 0xfc, 0xbc, 0x2f, 0x5, 0x5c, 0x57,
    0x6, 0xad, 0xea, 0x30, 0x77, 0x7d, 0x72, 0x19,
    0xdb, 0xce, 0x1f, 0x4d, 0xe6, 0xf2, 0x13, 0x27,
    0x9b, 0xc8, 0x5e, 0x30, 0xfc, 0x92, 0xde, 0x6e,
    0x6, 0x85, 0x4f, 0xd0, 0x1f, 0x39, 0x7f, 0x24,
    0xd0, 0xbf, 0xc8,

    /* U+5EB7 "康" */
    0xf, 0xb0, 0xff, 0xe1, 0x21, 0xf7, 0xf1, 0x7e,
    0xd, 0xca, 0x16, 0xb0, 0xf7, 0x81, 0x90, 0x77,
    0x50, 0xc9, 0x86, 0xfc, 0xdc, 0x61, 0xdf, 0x37,
    0x7, 0x96, 0x9b, 0xca, 0xc, 0xde, 0x2f, 0x8,
    0x10, 0x32, 0xc0, 0xc2, 0xa7, 0xad, 0xf5, 0x30,
    0x9e, 0x75, 0xf, 0x3, 0xd, 0xe0, 0xc8,

    /* U+5EB8 "庸" */
    0xf, 0xb0, 0xfd, 0xfc, 0x7f, 0x6, 0xea, 0x55,
    0x58, 0x77, 0xca, 0xf4, 0x1d, 0xac, 0x5, 0x1a,
    0x17, 0x52, 0x50, 0xd0, 0xdf, 0x27, 0x90, 0xf2,
    0xc0, 0x58, 0x3e, 0xa2, 0xa8, 0x1f, 0xe5, 0x7,
    0x94, 0xa, 0x2, 0x81, 0xac, 0x1e, 0x57, 0x83,
    0x90, 0xde, 0x74, 0x0,

    /* U+5EC9 "廉" */
    0xf, 0xb0, 0xfd, 0xfc, 0x7f, 0x6, 0xf1, 0x78,
    0xbc, 0x1a, 0xcb, 0xc5, 0xc1, 0xba, 0x10, 0xd3,
    0xc, 0xd0, 0x86, 0x88, 0x66, 0x48, 0x61, 0xf,
    0xfe, 0x33, 0x24, 0x30, 0x87, 0x60, 0xc0, 0xe1,
    0x28, 0xe0, 0xa6, 0xa, 0x39, 0xd, 0xba, 0x36,
    0x87, 0xb9,

    /* U+5ECA "廊" */
    0xf, 0xb0, 0xfd, 0xfc, 0x7f, 0x6, 0xfa, 0xff,
    0x7, 0x98, 0x15, 0x83, 0xb8, 0xd4, 0x4, 0x3d,
    0xe4, 0x11, 0x7, 0xbc, 0x84, 0xa0, 0xf7, 0x90,
    0x22, 0x1e, 0xf2, 0x7, 0x83, 0xdb, 0x21, 0xe5,
    0x5, 0xc0, 0xb0, 0xae, 0x3c, 0xc5, 0xe0, 0x2b,
    0xba, 0x61, 0xc0,

    /* U+5ED3 "廓" */
    0xf, 0xb0, 0xfd, 0xfc, 0x7f, 0x21, 0x7c, 0x7f,
    0x90, 0xbe, 0x3f, 0xc1, 0xba, 0xe2, 0x88, 0x75,
    0x6c, 0x1c, 0x1e, 0x58, 0x3f, 0xc8, 0x58, 0x14,
    0x19, 0x7b, 0x7, 0x6, 0x7c, 0x98, 0x79, 0x5f,
    0x24, 0x5a, 0xb, 0xf1, 0xe2, 0xe0, 0x91, 0xd0,
    0xfd, 0x81, 0xe0, 0x68, 0x40,

    /* U+5ED6 "廖" */
    0xf, 0xb0, 0xfd, 0x5c, 0x57, 0x4, 0xfe, 0xbf,
    0x83, 0x75, 0xf9, 0xd, 0x42, 0x23, 0xf, 0xd6,
    0x34, 0xf, 0xaf, 0x1d, 0x87, 0xd1, 0x21, 0x61,
    0xdc, 0x2a, 0x6e, 0x2, 0x6a, 0x28, 0x53, 0x6,
    0x84, 0xf1, 0x28, 0xe, 0x6b, 0x5e, 0xc, 0xa2,
    0x5, 0xa1, 0x80,

    /* U+5EF6 "延" */
    0xf, 0xfe, 0x4a, 0xaf, 0x40, 0xfa, 0x3a, 0x37,
    0x3, 0xc6, 0x7c, 0x21, 0xcb, 0x10, 0x4b, 0x5,
    0x38, 0x85, 0xe0, 0xce, 0x1e, 0xa2, 0x14, 0x1f,
    0xfc, 0x18, 0x3f, 0xf8, 0x2e, 0xc7, 0x8f, 0x82,
    0x41, 0x7f, 0xc0, 0x9c, 0xff, 0xc0, 0xf1, 0x7f,
    0xe0,

    /* U+5EFA "建" */
    0xf, 0xd8, 0x7f, 0xf0, 0x90, 0xef, 0xa3, 0xc5,
    0xe0, 0xbc, 0x72, 0x85, 0x10, 0x4b, 0x7c, 0x78,
    0xc2, 0x9c, 0xa1, 0x41, 0x9, 0xc1, 0xe2, 0xf0,
    0x68, 0x2f, 0x17, 0x83, 0x40, 0x7c, 0x7c, 0x19,
    0x9f, 0x8f, 0xc1, 0x28, 0xf9, 0xfc, 0x9, 0xcf,
    0x9f, 0xc0, 0xf1, 0x7f, 0xe0,

    /* U+5F00 "开" */
    0x2f, 0xff, 0x25, 0xe6, 0xf4, 0xf9, 0xf, 0xfe,
    0x7f, 0xcd, 0xe9, 0xf4, 0x7c, 0x5e, 0x57, 0xa0,
    0xfd, 0x87, 0xf2, 0x1f, 0xe4, 0x3f, 0xf8, 0x14,
    0xf, 0xe7, 0x50, 0x7f, 0x54, 0x1f, 0xc0,

    /* U+5F02 "异" */
    0x7, 0xff, 0x7, 0x7f, 0xe0, 0xfb, 0xfe, 0xf,
    0xdf, 0xf3, 0x87, 0x7f, 0xd4, 0xd, 0xd7, 0x36,
    0x87, 0xb5, 0xe0, 0xdf, 0x4f, 0xc7, 0xc9, 0xf2,
    0xbd, 0x1f, 0x21, 0x9c, 0x8, 0x79, 0xb5, 0x7,
    0xf6, 0x70, 0x7f, 0x0,

    /* U+5F03 "弃" */
    0xf, 0x68, 0x7f, 0xf1, 0xff, 0x8b, 0xf4, 0x7e,
    0x57, 0xf4, 0x19, 0x50, 0xe1, 0xe6, 0x6a, 0x30,
    0xd4, 0xb, 0x95, 0x5, 0x6f, 0x20, 0xa0, 0x3e,
    0x6f, 0x4f, 0xc7, 0xc5, 0xe9, 0xf8, 0x24, 0x43,
    0xf9, 0xa0, 0x7f, 0x34, 0x43, 0xf9, 0xd0, 0xcc,
    0x10,

    /* U+5F04 "弄" */
    0x7, 0xff, 0x83, 0x7e, 0x57, 0xe0, 0xcf, 0xca,
    0xf9, 0xc, 0xfc, 0xaf, 0x90, 0xff, 0xe2, 0xbf,
    0x95, 0xfa, 0x3, 0xe8, 0xf4, 0xfa, 0x7, 0xd1,
    0xe9, 0xf8, 0x1f, 0x2b, 0xd3, 0xf0, 0x73, 0x87,
    0xf3, 0x72, 0x1f, 0xd1, 0xa1, 0xfc,

    /* U+5F0F "式" */
    0xf, 0xfe, 0x3d, 0x10, 0xff, 0xe0, 0x7a, 0xf,
    0xd9, 0x61, 0x7f, 0xa7, 0xcc, 0x7f, 0xa3, 0xe8,
    0x3e, 0x43, 0xef, 0xe4, 0x3e, 0xf1, 0xe5, 0x83,
    0xfe, 0xf0, 0x7e, 0x54, 0xa0, 0xe6, 0x28, 0x6,
    0x32, 0x85, 0xe8, 0x98, 0x17, 0x21, 0xdb, 0x0,

    /* U+5F13 "弓" */
    0xbf, 0xfa, 0xff, 0xa0, 0xff, 0xe0, 0x7f, 0xd0,
    0x9f, 0xf8, 0x43, 0xf6, 0xff, 0xe6, 0xff, 0x46,
    0x87, 0x90, 0xfe, 0x50, 0x6e, 0x5, 0x86, 0x8f,
    0x8,

    /* U+5F15 "引" */
    0xf, 0xf6, 0x7f, 0x83, 0xbf, 0x83, 0xff, 0x8a,
    0xfe, 0xf, 0x6f, 0xe0, 0xf6, 0x1f, 0xcd, 0xf9,
    0xe, 0xbe, 0xf, 0x68, 0x64, 0x3f, 0xf8, 0x8a,
    0x10, 0xf9, 0xba, 0x6,

    /* U+5F1F "弟" */
    0xf, 0xfe, 0x1e, 0x1a, 0x43, 0x9c, 0xb, 0x5,
    0xe4, 0xf4, 0x78, 0x1f, 0xa3, 0xe0, 0xff, 0xe1,
    0xbf, 0x47, 0xc1, 0x9f, 0x8f, 0xc0, 0xc5, 0x85,
    0xc0, 0x57, 0x43, 0xea, 0x17, 0x9, 0x53, 0x8d,
    0xd0, 0x8, 0x96, 0x68, 0x6d, 0x57, 0x7, 0x3c,
    0x0,

    /* U+5F20 "张" */
    0xfe, 0x30, 0xa0, 0x7d, 0x7, 0x41, 0xff, 0x64,
    0x17, 0xa4, 0x1d, 0x2, 0x57, 0xa4, 0xd0, 0xfe,
    0x8f, 0xd1, 0xbe, 0xb3, 0x3d, 0x17, 0xa0, 0xff,
    0xe2, 0xd0, 0x3d, 0xe0, 0x96, 0xe, 0x50, 0x3e,
    0xa0, 0x2d, 0x12, 0xcc, 0x2b, 0x87, 0x42, 0x80,

    /* U+5F26 "弦" */
    0xf, 0xd8, 0x6b, 0xe8, 0x3f, 0x5e, 0x8a, 0x8a,
    0x83, 0xde, 0x7, 0xc0, 0xf4, 0x28, 0x5c, 0x17,
    0xa1, 0x51, 0x87, 0xd4, 0xc9, 0xd, 0xf4, 0x4a,
    0x82, 0x78, 0x1b, 0x40, 0xd0, 0x10, 0x2d, 0x87,
    0xe5, 0x43, 0x6, 0xce, 0x3c, 0xa0, 0x5b, 0x57,
    0xe9, 0x2f, 0xa, 0xc, 0xa0,

    /* U+5F27 "弧" */
    0xf, 0xf9, 0x40, 0xfc, 0x2d, 0x70, 0x5f, 0x2,
    0xee, 0x10, 0xfd, 0xa, 0xc, 0xf8, 0x3f, 0xed,
    0xf0, 0x7f, 0xd8, 0x7f, 0xf0, 0x6f, 0x21, 0xfe,
    0xb0, 0xff, 0xa4, 0x24, 0xe, 0xa0, 0xf7, 0x83,
    0x78, 0x32, 0x26, 0x40, 0x42, 0xe8, 0xaf, 0xa6,
    0x40,

    /* U+5F2F "弯" */
    0xf, 0x30, 0x7d, 0x7e, 0x9f, 0xe0, 0x51, 0x8a,
    0x15, 0x82, 0xd4, 0x28, 0x10, 0x83, 0x39, 0x11,
    0xe8, 0xe, 0xc8, 0xd0, 0x78, 0x2c, 0x7c, 0xaf,
    0x8, 0x5d, 0x7c, 0x1e, 0x6f, 0xf2, 0x1f, 0x2f,
    0xd0, 0x6d, 0xff, 0x21, 0xd4, 0xf, 0xfe, 0x35,
    0xb0, 0x0,

    /* U+5F31 "弱" */
    0x2f, 0xd3, 0xfc, 0xb, 0xe8, 0x7e, 0x83, 0x7d,
    0x3, 0xe8, 0x3b, 0xe8, 0x1f, 0x80, 0x87, 0xff,
    0xf, 0xf2, 0x7e, 0x2, 0xbd, 0xa, 0xf8, 0x37,
    0x91, 0x3d, 0x7, 0x3f, 0x1, 0xc4, 0x26, 0xc2,
    0x7c, 0x1d, 0xf4, 0x67, 0xa1, 0x4, 0xda, 0xc3,
    0xd8, 0x6b, 0xc1, 0x3e, 0x40,

    /* U+5F39 "弹" */
    0xf, 0x41, 0x41, 0x7e, 0x4, 0x28, 0x2f, 0x81,
    0x25, 0x87, 0xce, 0x67, 0x81, 0x78, 0xe, 0x58,
    0x4f, 0xc3, 0x96, 0x1f, 0x9c, 0xf0, 0x6f, 0x87,
    0x3c, 0x17, 0xc3, 0xe2, 0xf0, 0x7a, 0xf1, 0x7c,
    0x1d, 0x78, 0xbe, 0x9, 0xe, 0x43, 0xba, 0x7,
    0xe0,

    /* U+5F3A "强" */
    0x7f, 0x1f, 0xd0, 0x1f, 0x82, 0xfa, 0x43, 0xf9,
    0x6c, 0x35, 0xe0, 0x3d, 0x90, 0x6b, 0xcb, 0xa,
    0x90, 0x22, 0xb7, 0x2c, 0x3b, 0xd0, 0x64, 0x3a,
    0xa0, 0x39, 0xe0, 0xc8, 0x5b, 0x9e, 0x50, 0x64,
    0x60, 0xb0, 0xf6, 0xaa, 0x18, 0xc0, 0x76, 0x7,
    0x7c, 0x0,

    /* U+5F52 "归" */
    0xe, 0xc3, 0xff, 0x83, 0xfe, 0xb, 0xb, 0xf8,
    0x3f, 0xfc, 0x7f, 0xc1, 0xe5, 0x7f, 0x7, 0xbc,
    0x1f, 0xc8, 0xa0, 0xfe, 0xb8, 0x3f, 0xda, 0xbf,
    0xc1, 0x6c, 0x7f, 0x82, 0xe0, 0xfd, 0x80,

    /* U+5F53 "当" */
    0xf, 0x61, 0xea, 0x7, 0xd8, 0x26, 0xe, 0xd0,
    0xb6, 0xb, 0x20, 0xde, 0xa, 0xc2, 0xfa, 0xce,
    0xf0, 0x3f, 0xf8, 0x3f, 0xf8, 0x6f, 0xfe, 0x9,
    0xff, 0xc1, 0xff, 0xc3, 0xff, 0xe0, 0xbf, 0xf8,
    0x0,

    /* U+5F55 "录" */
    0x3, 0xff, 0x21, 0xcf, 0xf9, 0xf, 0xaf, 0xe4,
    0x3e, 0xbf, 0x84, 0x37, 0xfe, 0x3e, 0x6, 0xde,
    0x9f, 0xac, 0x2e, 0x40, 0xa3, 0xc1, 0x9f, 0x39,
    0x6c, 0x1c, 0xa8, 0x70, 0xf3, 0xd3, 0xc0, 0xce,
    0xa, 0xd0, 0xeb, 0x9, 0x40, 0xec, 0x34, 0x0,

    /* U+5F57 "彗" */
    0xa, 0x43, 0x48, 0x6b, 0x6d, 0xb6, 0xd0, 0x59,
    0x6d, 0xab, 0x41, 0x65, 0x8e, 0xac, 0x2b, 0x2c,
    0x75, 0x61, 0x31, 0x6f, 0x95, 0xe0, 0x78, 0xb7,
    0xca, 0xf0, 0x27, 0x43, 0x50, 0x3d, 0xff, 0xc1,
    0xdf, 0xf8, 0x37, 0xff, 0x8d, 0x3f, 0xfc, 0x68,
    0x5f, 0xf8, 0x20,

    /* U+5F62 "形" */
    0xf, 0xf9, 0xa, 0xff, 0x20, 0x82, 0xb3, 0xc6,
    0x9c, 0x1f, 0xeb, 0x90, 0xff, 0x79, 0x10, 0xf2,
    0x4, 0x18, 0x5e, 0x38, 0xe3, 0x90, 0x78, 0xf1,
    0x9c, 0x87, 0xfb, 0xc9, 0x4, 0xa0, 0xc8, 0x20,
    0xd6, 0x1e, 0x88, 0x10, 0x86, 0x72, 0x9, 0xc3,
    0xaa, 0x8,

    /* U+5F69 "彩" */
    0xf, 0xfe, 0x22, 0xa9, 0xc1, 0x61, 0x7c, 0x78,
    0x2e, 0x9, 0xe5, 0xa, 0xe4, 0x2a, 0xa, 0xa1,
    0xac, 0x12, 0x16, 0xa1, 0x90, 0x6e, 0xd3, 0x29,
    0x85, 0xf1, 0x7a, 0x30, 0xf4, 0x50, 0xa0, 0x20,
    0xa4, 0x88, 0x2f, 0x3, 0x70, 0x42, 0x6a, 0x3,
    0x86, 0xbd, 0x40, 0xa0, 0xe4, 0xd0, 0x80,

    /* U+5F71 "影" */
    0xf, 0xfe, 0x27, 0xf8, 0x26, 0xf, 0xfa, 0xa0,
    0xd5, 0x87, 0x30, 0xcf, 0x4d, 0x5c, 0x60, 0x94,
    0x5, 0x60, 0xe0, 0x57, 0xd9, 0x28, 0x2a, 0xf3,
    0x90, 0x75, 0xe8, 0x68, 0x61, 0x37, 0xa0, 0x24,
    0x85, 0x92, 0x20, 0x98, 0x1d, 0x1, 0xeb, 0x30,
    0xbe, 0xb1, 0x68, 0x3d, 0x68, 0x38, 0x30,

    /* U+5F79 "役" */
    0xf, 0xfe, 0x2d, 0x7, 0xf0, 0x74, 0xc0, 0x7c,
    0x1d, 0x3a, 0x61, 0xfb, 0xcc, 0x38, 0x56, 0x89,
    0x4d, 0x40, 0xb9, 0x1c, 0x77, 0xea, 0x20, 0xa0,
    0x51, 0xe5, 0x5, 0xa1, 0x22, 0xd0, 0x7f, 0x75,
    0x7, 0xfa, 0x6, 0x1f, 0x36, 0x79, 0xe0, 0xfb,
    0x81, 0xc2,

    /* U+5F7B "彻" */
    0xf, 0xfe, 0x26, 0xc, 0x3f, 0x48, 0x6a, 0xc8,
    0xaa, 0x5, 0xa7, 0x1e, 0x9c, 0xf3, 0x20, 0x87,
    0xc7, 0x21, 0xd8, 0x7f, 0xda, 0x1f, 0xf5, 0x3,
    0x50, 0x8, 0x10, 0xf6, 0x81, 0xf, 0x75, 0x7,
    0xfb, 0x41, 0xe0, 0xf4, 0xce, 0xa0, 0xb0, 0x50,
    0x7c, 0x0,

    /* U+5F7C "彼" */
    0xd, 0x6, 0xc3, 0xef, 0x7, 0xfd, 0x9, 0xf1,
    0xf0, 0x27, 0x41, 0xc7, 0x82, 0xb2, 0x40, 0x81,
    0x41, 0xb5, 0x1, 0x3, 0x5, 0x10, 0x38, 0xf0,
    0x52, 0x1a, 0x7c, 0x1a, 0xc0, 0x8a, 0x24, 0x3f,
    0x23, 0xb0, 0x7d, 0x66, 0x21, 0xf2, 0x35, 0x1a,
    0x1e, 0xb3, 0x6a, 0x42, 0xd5, 0xc1, 0x3a,

    /* U+5F80 "往" */
    0xf, 0xfe, 0x2d, 0x1, 0x61, 0xf2, 0xa0, 0x4c,
    0x1e, 0xa1, 0xf2, 0xbe, 0x5, 0x1b, 0xe5, 0x7c,
    0x9, 0x83, 0xff, 0x80, 0xa8, 0x3f, 0xd4, 0x3,
    0xe5, 0x78, 0x36, 0x7, 0xca, 0xf0, 0x50, 0x7f,
    0xf4, 0x9f, 0x95, 0xf0, 0x73, 0xff, 0x80,

    /* U+5F81 "征" */
    0xf, 0xfe, 0x2d, 0x3, 0xfe, 0x55, 0xff, 0x80,
    0xd9, 0xf4, 0x7c, 0x16, 0x61, 0xfe, 0x4e, 0xf,
    0xf5, 0x89, 0x85, 0xe0, 0xd0, 0x7d, 0xe0, 0xa4,
    0x3f, 0xfd, 0xb6, 0x71, 0xf4,

    /* U+5F84 "径" */
    0xf, 0xfe, 0x2d, 0x3f, 0xe0, 0xca, 0xb2, 0xf2,
    0x1d, 0x51, 0x41, 0x58, 0x5c, 0x23, 0x76, 0x1b,
    0x6c, 0x64, 0x83, 0xb1, 0xf9, 0x8f, 0x3, 0x47,
    0x82, 0xb8, 0x14, 0x5, 0xe2, 0xf2, 0x4, 0x2b,
    0xc5, 0xe0, 0xff, 0xe4, 0x5f, 0x17, 0xc1, 0xd7,
    0xfe, 0x0,

    /* U+5F85 "待" */
    0xf, 0xfe, 0x36, 0x13, 0x7, 0xd2, 0x1f, 0xf4,
    0xc7, 0xa7, 0xc8, 0x27, 0x4f, 0x2b, 0xc8, 0x3c,
    0x41, 0x61, 0xe4, 0xdf, 0xa7, 0xe0, 0x39, 0x7f,
    0x3e, 0x5, 0x1, 0xfc, 0xf8, 0x1a, 0xa, 0xe2,
    0x81, 0xf5, 0xa8, 0x50, 0x79, 0xd8, 0x3f, 0xf8,
    0x1c, 0x1f, 0xfc, 0x1b, 0x42,

    /* U+5F88 "很" */
    0xc, 0x87, 0xff, 0x2, 0xcf, 0xf0, 0x69, 0x81,
    0xf8, 0x34, 0xea, 0x3f, 0x6, 0xb2, 0x5, 0x60,
    0xf7, 0x22, 0xe0, 0xce, 0x20, 0xfc, 0x1a, 0x43,
    0x73, 0xc8, 0x3c, 0x1c, 0xb4, 0x1f, 0xfc, 0xb,
    0x43, 0xf9, 0x42, 0x1f, 0x27, 0xab, 0x7, 0xbb,
    0x87, 0x0,

    /* U+5F8A "徊" */
    0x9, 0xf, 0xf4, 0x7f, 0xe1, 0x63, 0xfc, 0xa,
    0x83, 0xfa, 0xd, 0xf8, 0x26, 0x81, 0x78, 0x36,
    0x1f, 0xe8, 0x3c, 0x86, 0xb0, 0xeb, 0xf, 0xef,
    0xc1, 0xff, 0xc7, 0xff, 0x7, 0xbf, 0xc1, 0x66,
    0x1e, 0xc0,

    /* U+5F8B "律" */
    0xf, 0xfe, 0x2c, 0x85, 0x87, 0xe5, 0x1, 0xf,
    0xdc, 0x7a, 0x3d, 0x5, 0x9, 0xe8, 0xe4, 0x27,
    0x7e, 0x8e, 0x30, 0x6d, 0xf4, 0x73, 0x85, 0x42,
    0xe3, 0x82, 0x71, 0x3a, 0x14, 0xc0, 0xe0, 0x6a,
    0x3e, 0xf, 0x3e, 0x8a, 0x83, 0x9f, 0xa3, 0xe8,
    0x33, 0xf8, 0xfa, 0xf, 0xfe, 0x2e, 0x1d, 0x87,
    0x0,

    /* U+5F90 "徐" */
    0xd, 0x5, 0x7, 0xef, 0x4, 0xc1, 0xe8, 0x41,
    0xca, 0xd, 0x3c, 0x4a, 0xe4, 0x2b, 0x9d, 0x5e,
    0x28, 0x12, 0xa7, 0x95, 0x78, 0x14, 0x18, 0x4d,
    0x10, 0x70, 0x3e, 0x6f, 0x20, 0x50, 0x3e, 0x69,
    0xa1, 0xf7, 0x3, 0xc1, 0xf6, 0xc0, 0xa6, 0x1c,
    0xd0, 0x32, 0x83, 0x96, 0xd0, 0xa0, 0xd8, 0x1f,
    0x21, 0x80,

    /* U+5F97 "得" */
    0xc, 0x87, 0xff, 0x2, 0xcf, 0xf0, 0x65, 0x40,
    0xfc, 0x1a, 0x98, 0x5f, 0x83, 0x78, 0xc1, 0xf8,
    0x32, 0x70, 0x3f, 0x7, 0x42, 0x2f, 0xc0, 0xc3,
    0x7e, 0xe, 0xe1, 0xeb, 0x2a, 0x43, 0x3b, 0x79,
    0x5a, 0x1e, 0xe4, 0xc3, 0xf9, 0xc1, 0x87, 0xfc,
    0xec, 0x0,

    /* U+5FA1 "御" */
    0xa, 0x20, 0xfe, 0x80, 0x85, 0xf8, 0xc, 0x9f,
    0x14, 0x4, 0xae, 0x3c, 0x4, 0xf, 0x8, 0x7e,
    0xf0, 0xe7, 0x83, 0x95, 0x4c, 0xf0, 0x74, 0x32,
    0x28, 0x33, 0x7, 0x78, 0x8, 0xa0, 0xea, 0x14,
    0x43, 0xea, 0x17, 0x5, 0x10, 0x30, 0xfb, 0xf4,
    0x86,

    /* U+5FAA "循" */
    0x9, 0xf, 0x30, 0x68, 0xa7, 0xd0, 0x6e, 0x1e,
    0x8f, 0x3, 0x84, 0xe8, 0xfa, 0x36, 0x5, 0x45,
    0x40, 0x94, 0xf, 0x1e, 0x4, 0xc1, 0x3d, 0xa2,
    0x1f, 0x54, 0x6, 0xf, 0x7c, 0x1e, 0x42, 0xf8,
    0x3e, 0x41, 0xf0, 0x7a, 0xc1, 0xf0, 0x7c, 0x83,
    0xe0, 0xd9, 0x83, 0xb, 0x0,

    /* U+5FAE "微" */
    0xf, 0xfe, 0x2e, 0xc, 0x10, 0x7a, 0x88, 0x4a,
    0xe, 0x5a, 0x46, 0xe, 0x6d, 0xf, 0x7a, 0x1c,
    0x88, 0x81, 0x10, 0x5d, 0xd4, 0x81, 0xa, 0x7,
    0x52, 0x61, 0x21, 0x77, 0x73, 0x81, 0x80, 0xc4,
    0x22, 0x1f, 0x20, 0x50, 0x7e, 0xc8, 0xe2, 0xf,
    0x37, 0x87, 0x60, 0xdc, 0x20, 0x8c, 0x0,

    /* U+5FB7 "德" */
    0xf, 0xfe, 0x2c, 0x85, 0x87, 0xe4, 0xf8, 0xfc,
    0x17, 0x35, 0x15, 0x81, 0x23, 0x51, 0x56, 0xa,
    0x81, 0xb1, 0xc8, 0x50, 0x8a, 0xcb, 0xa, 0x40,
    0xe8, 0x82, 0xa, 0x17, 0xf4, 0x90, 0x1a, 0x8a,
    0xc8, 0x76, 0x4e, 0xd8, 0x74, 0xa2, 0x9e, 0x50,
    0x76, 0xf, 0x26, 0x1d, 0x3, 0xe8, 0x8,

    /* U+5FBD "徽" */
    0xf, 0xfe, 0x2c, 0xc, 0x2c, 0x3a, 0x30, 0xb0,
    0xf2, 0xa0, 0xe4, 0x3a, 0xc1, 0x99, 0x9e, 0x6,
    0x7a, 0x7c, 0xcc, 0x17, 0x15, 0x20, 0x50, 0x30,
    0x6c, 0x8e, 0x13, 0xe, 0xa9, 0xd0, 0x94, 0x4,
    0xbc, 0x88, 0x75, 0x8, 0x51, 0x87, 0x4c, 0x16,
    0x41, 0xd0, 0x92, 0xb6, 0xd, 0xc1, 0xb2, 0x42,
    0xd0, 0x66, 0x16, 0x0,

    /* U+5FC3 "心" */
    0xf, 0xfe, 0x33, 0xa1, 0xff, 0x34, 0x43, 0xfe,
    0x68, 0x1f, 0xed, 0x50, 0x7e, 0xc3, 0x23, 0x87,
    0xff, 0x1, 0x58, 0x52, 0x1f, 0x42, 0x6, 0xf,
    0x45, 0x6, 0xf, 0x91, 0x85, 0x7, 0xf9, 0xe,
    0xa7, 0xc8, 0x7e, 0x7f, 0x41, 0x80,

    /* U+5FC5 "必" */
    0xf, 0xfe, 0x3b, 0x86, 0x83, 0xe6, 0xc0, 0x87,
    0xce, 0xd9, 0x40, 0xe8, 0x27, 0x90, 0xf2, 0x19,
    0x5a, 0x1a, 0x43, 0x51, 0x83, 0x30, 0x5c, 0x96,
    0xa, 0x5, 0xa8, 0xb, 0x12, 0x65, 0x1, 0x92,
    0xb, 0x44, 0x3f, 0x47, 0x8f, 0xd0, 0x6a, 0x3,
    0xf9, 0x8,

    /* U+5FC6 "忆" */
    0x3, 0x87, 0xff, 0x47, 0xfe, 0x9, 0x3, 0xfc,
    0x41, 0x59, 0xa1, 0x72, 0x1b, 0x28, 0xd, 0x41,
    0x28, 0x3a, 0x60, 0xcc, 0x16, 0xa8, 0x3f, 0xeb,
    0xf, 0xfa, 0x81, 0xff, 0xc0, 0x50, 0x76, 0x1f,
    0x7f, 0x90, 0xf7, 0xfd, 0x0,

    /* U+5FCD "忍" */
    0x1f, 0xff, 0x4, 0xfc, 0xaf, 0xa0, 0xe7, 0x9c,
    0x32, 0x19, 0xd0, 0xff, 0xe0, 0x45, 0x85, 0xe0,
    0x9c, 0xd8, 0xf2, 0x82, 0xf4, 0x39, 0xf0, 0x69,
    0x5a, 0xa0, 0x48, 0x68, 0x29, 0x2e, 0x41, 0xa8,
    0x2c, 0x55, 0x1, 0x41, 0xfc, 0x8c, 0x4, 0x17,
    0xe8, 0x8,

    /* U+5FD7 "志" */
    0xf, 0x48, 0x7f, 0xf3, 0xf0, 0xfa, 0xfc, 0xaf,
    0xd0, 0x2f, 0xcd, 0xfa, 0xf, 0xfe, 0x2f, 0xe6,
    0xfa, 0xd, 0xf9, 0xfd, 0x6, 0x9d, 0xf0, 0x28,
    0x12, 0xc0, 0x61, 0x94, 0xa, 0x6, 0x48, 0xe0,
    0x48, 0xdf, 0x20, 0xc0, 0x82, 0xfd, 0x6,

    /* U+5FD8 "忘" */
    0xf, 0x50, 0x3f, 0xf9, 0x3f, 0xca, 0xfc, 0x83,
    0x8f, 0xfc, 0x86, 0x43, 0xff, 0x82, 0x87, 0xff,
    0x1, 0x3f, 0xe8, 0x3b, 0xe7, 0xf4, 0x19, 0x5b,
    0xe0, 0x48, 0x69, 0x3, 0xf, 0x20, 0xe0, 0xc9,
    0x14, 0x4, 0x8d, 0xf0, 0xa8, 0x8, 0x2f, 0xe0,
    0x20,

    /* U+5FD9 "忙" */
    0x3, 0x86, 0x70, 0xff, 0xe9, 0x40, 0x6f, 0x47,
    0xc2, 0xa, 0x2b, 0xf8, 0x33, 0x7, 0xca, 0x5,
    0x3, 0xe6, 0xf, 0xff, 0x66, 0xfe, 0x43, 0xcf,
    0xf2,

    /* U+5FE0 "忠" */
    0xf, 0xb0, 0xff, 0xe5, 0xfe, 0x3f, 0x7, 0xbe,
    0x3e, 0xf, 0xfe, 0x4f, 0xc7, 0xc1, 0xe7, 0xe3,
    0xe4, 0x3a, 0x2, 0x1a, 0xe, 0xdd, 0x11, 0xc3,
    0x4a, 0x5, 0x0, 0xe0, 0x98, 0x27, 0x68, 0xc5,
    0x85, 0xf5, 0xa, 0x7, 0x7f, 0x21, 0x0,

    /* U+5FE7 "忧" */
    0xb, 0xa, 0x43, 0xff, 0x85, 0x61, 0xff, 0xc0,
    0x9c, 0x26, 0x20, 0xeb, 0xb, 0x2, 0xb6, 0xfc,
    0x7, 0x1f, 0x31, 0xf0, 0x14, 0x50, 0x3f, 0xa0,
    0xe4, 0x3f, 0xf8, 0x48, 0x7f, 0xf3, 0x68, 0x19,
    0xf, 0x22, 0x4, 0x83, 0xd4, 0x3, 0x68, 0x6c,
    0xc2, 0xbd, 0x0,

    /* U+5FEB "快" */
    0xb, 0xd, 0x87, 0xff, 0x5e, 0x27, 0xc7, 0xc1,
    0x21, 0x7c, 0x78, 0x35, 0x90, 0x7f, 0x94, 0x7,
    0xc7, 0x8c, 0x10, 0x54, 0x41, 0x50, 0x79, 0x44,
    0x5, 0x7, 0xe5, 0x50, 0x3f, 0xb8, 0x48, 0x3e,
    0xd4, 0xd, 0x83, 0x95, 0x6, 0xd0, 0xdb, 0x7,
    0xb0,

    /* U+5FF1 "忱" */
    0xb, 0xd, 0x7, 0xff, 0x5, 0x41, 0xff, 0xc8,
    0x89, 0xf1, 0x7c, 0x5, 0xc, 0x67, 0xc1, 0x71,
    0x8, 0x72, 0x5, 0xf, 0x1, 0x44, 0xc, 0x3e,
    0xf0, 0x7f, 0x94, 0x1f, 0xfc, 0xb, 0xf, 0xf9,
    0x10, 0xa4, 0x3d, 0x61, 0x90, 0xf7, 0x81, 0xb8,
    0x80,

    /* U+5FF5 "念" */
    0xf, 0x48, 0x7f, 0xd3, 0x7, 0xfa, 0x77, 0xf,
    0xd3, 0x94, 0xe0, 0xd7, 0x8f, 0xa4, 0xe0, 0xb7,
    0xfa, 0x9e, 0x4, 0x7f, 0xd0, 0x86, 0xfe, 0x8c,
    0x3f, 0x9a, 0x90, 0xf9, 0x53, 0xa1, 0xed, 0xcc,
    0x36, 0x82, 0x50, 0x59, 0xbc, 0x14, 0x77, 0xc2,
    0x40,

    /* U+5FFD "忽" */
    0xc, 0x87, 0xfc, 0xc1, 0xfe, 0x63, 0xfc, 0x81,
    0xb8, 0xd5, 0x88, 0x3c, 0x58, 0xc1, 0xd3, 0xc6,
    0x88, 0x6e, 0x8e, 0x7a, 0x81, 0x5b, 0x1b, 0xe4,
    0x24, 0x13, 0x87, 0xe9, 0xe2, 0x4, 0x16, 0x1b,
    0xca, 0x22, 0x20, 0xcf, 0xa5, 0x58, 0x9f, 0x31,
    0xa0,

    /* U+6000 "怀" */
    0xb, 0xf, 0xfe, 0x13, 0xff, 0x83, 0x9f, 0xa7,
    0xe0, 0xa2, 0xa, 0xc3, 0x94, 0x28, 0x24, 0x3b,
    0x4a, 0x11, 0x21, 0x98, 0x65, 0x8b, 0xb, 0xd,
    0x40, 0x6e, 0x1e, 0xa2, 0x14, 0x87, 0xb4, 0x3a,
    0xf, 0xfe, 0xf8,

    /* U+6001 "态" */
    0xf, 0x21, 0xff, 0xc1, 0x83, 0xf7, 0xf1, 0xfd,
    0x3, 0xf4, 0x2b, 0xe8, 0x3d, 0x52, 0x1f, 0xd1,
    0x36, 0x1f, 0x4f, 0xa5, 0x61, 0xac, 0xc1, 0x14,
    0xe0, 0xb9, 0x5e, 0x3, 0xe0, 0x4f, 0x8d, 0x4,
    0xa0, 0xa8, 0x14, 0xe, 0x41, 0xc8, 0x49, 0x14,
    0x6, 0x9d, 0xf2, 0xd8,

    /* U+600E "怎" */
    0x9, 0x41, 0xff, 0xc0, 0xf0, 0x7f, 0xf0, 0x15,
    0xff, 0x82, 0xd8, 0xff, 0x81, 0x30, 0x3f, 0xa0,
    0xa8, 0x17, 0xf4, 0x1f, 0xbf, 0xa0, 0xfd, 0xfd,
    0x7, 0x3f, 0x41, 0x21, 0xbc, 0x9a, 0x87, 0x41,
    0x10, 0x5a, 0xba, 0x5, 0x83, 0xf5, 0x4, 0x10,
    0x3f, 0xc0, 0x80,

    /* U+6012 "怒" */
    0xc, 0x87, 0xff, 0x2, 0xc1, 0xfc, 0x15, 0xab,
    0xd1, 0xe0, 0xd4, 0x39, 0x40, 0x50, 0x6a, 0x16,
    0x35, 0x4, 0x94, 0x51, 0x28, 0x33, 0x8b, 0xb5,
    0x41, 0x5d, 0xc7, 0xac, 0xc1, 0x6a, 0x20, 0xd6,
    0x13, 0x66, 0xb5, 0x84, 0xd0, 0x2d, 0xab, 0x7,
    0x8e, 0xf9, 0x14, 0x8, 0xf, 0xe8, 0x10,

    /* U+6015 "怕" */
    0xf, 0xfe, 0x26, 0x1e, 0xc3, 0xfe, 0x50, 0x7f,
    0xd6, 0x1a, 0x23, 0xe2, 0xf0, 0x11, 0x47, 0xf0,
    0x14, 0x30, 0x7e, 0xa1, 0x62, 0x12, 0xc, 0x3a,
    0xfa, 0xf, 0xdf, 0xc1, 0xff, 0xd6, 0xfe, 0xf,
    0xdf, 0xc0,

    /* U+6020 "怠" */
    0xf, 0xfe, 0x3b, 0x7, 0xfc, 0xd0, 0x74, 0x3a,
    0xa6, 0x9b, 0x40, 0xd9, 0x7f, 0x48, 0x65, 0x57,
    0xd8, 0x7a, 0xfd, 0x7, 0xe4, 0x32, 0x1f, 0xbf,
    0xc1, 0xf7, 0xa5, 0x7c, 0x1c, 0xef, 0x28, 0xb0,
    0xbb, 0xb, 0x6e, 0xc1, 0x62, 0xbe, 0x5a, 0x2,
    0x17, 0xf0, 0x10,

    /* U+6025 "急" */
    0xf, 0xfe, 0x36, 0x1f, 0xfc, 0x4, 0xfe, 0xf,
    0xaf, 0xc2, 0x1e, 0xcf, 0xc3, 0xe0, 0x95, 0xff,
    0x41, 0x9b, 0xfe, 0x83, 0xdf, 0xf4, 0x1d, 0x7f,
    0xd0, 0x75, 0xdb, 0xfc, 0x1a, 0x63, 0xc0, 0x70,
    0xa5, 0x1, 0x8c, 0xb0, 0xb0, 0x7a, 0xc5, 0x40,
    0x81, 0xfe, 0x2, 0x0,

    /* U+6027 "性" */
    0xf, 0xfe, 0x2e, 0x19, 0x83, 0xfd, 0x7, 0xff,
    0x5, 0x41, 0xf3, 0x98, 0x28, 0xf9, 0x9, 0x1c,
    0xd5, 0xe4, 0x16, 0x44, 0x61, 0xe5, 0x1, 0x41,
    0xfa, 0xa, 0xf4, 0xf8, 0x3f, 0x7a, 0x7c, 0x1f,
    0xfd, 0x7f, 0xa7, 0xe4, 0x3b, 0xff, 0x20,

    /* U+6028 "怨" */
    0xd, 0x87, 0xff, 0x1, 0xd, 0xf8, 0x3a, 0x3c,
    0x9e, 0xe, 0x8f, 0x7, 0xf2, 0xd2, 0x23, 0x86,
    0x78, 0xa0, 0x1f, 0x41, 0x95, 0x21, 0xc8, 0x5f,
    0x20, 0x7e, 0x42, 0xc1, 0x9d, 0xd4, 0x12, 0x82,
    0xa0, 0xd0, 0x14, 0xc2, 0x68, 0xea, 0x3c, 0x17,
    0xca, 0x24, 0x42, 0xfe, 0x2, 0x0,

    /* U+602F "怯" */
    0xb, 0xc, 0xc1, 0xff, 0xd5, 0x41, 0x9e, 0x9f,
    0x20, 0xd1, 0xfa, 0x7c, 0x81, 0x44, 0x87, 0xf2,
    0x13, 0xe9, 0xf8, 0x10, 0x5f, 0x1f, 0x83, 0xf2,
    0x4, 0x3f, 0xd4, 0x28, 0x1f, 0xa1, 0x52, 0x83,
    0xda, 0x76, 0xc1, 0xef, 0xea, 0x20,

    /* U+603B "总" */
    0xc, 0x86, 0x43, 0xe8, 0x2c, 0x3f, 0x58, 0xb0,
    0x7b, 0x8e, 0x70, 0xfb, 0xf8, 0x3f, 0xfa, 0xdf,
    0xc1, 0xf6, 0xef, 0xc8, 0x69, 0x45, 0x83, 0xc0,
    0x94, 0x14, 0x79, 0x81, 0x8f, 0xac, 0x68, 0x40,
    0xbf, 0x82,

    /* U+6043 "恃" */
    0xb, 0xd, 0x40, 0xff, 0xe5, 0x2b, 0xca, 0xf2,
    0x7, 0x33, 0xca, 0xf2, 0xd, 0x3c, 0x1f, 0xce,
    0x2b, 0xca, 0xf8, 0xa, 0x7, 0xf3, 0x60, 0x82,
    0xfe, 0x6c, 0x3d, 0xd3, 0xc5, 0x87, 0xe8, 0x8,
    0x7f, 0x2a, 0xf, 0xfe, 0x5, 0x4, 0x3f, 0xf8,
    0x18, 0x80,

    /* U+604B "恋" */
    0xf, 0x50, 0x3f, 0xf9, 0x3f, 0xca, 0xfe, 0x7,
    0xe3, 0xc7, 0xe0, 0x9c, 0x39, 0xd0, 0xd4, 0xe,
    0x79, 0x7, 0x32, 0x1d, 0x40, 0x6b, 0x44, 0x81,
    0x83, 0x39, 0x70, 0x48, 0x6a, 0x3c, 0xa, 0x6,
    0xf1, 0xa8, 0x76, 0x6, 0xa0, 0xa2, 0x34, 0x14,
    0x37, 0xe1, 0x30,

    /* U+604D "恍" */
    0xb, 0xd, 0x40, 0xfe, 0xa0, 0x66, 0xe, 0x65,
    0x5, 0x61, 0x64, 0xd0, 0x8, 0x82, 0x4a, 0x30,
    0x3c, 0x13, 0xa, 0xe5, 0xbc, 0xc, 0x2b, 0x54,
    0xf8, 0x3f, 0xb0, 0xff, 0xe0, 0x21, 0xff, 0xc2,
    0x43, 0xfe, 0x90, 0xd2, 0x1c, 0xa8, 0x32, 0x83,
    0x5e, 0x2, 0xb0, 0xee, 0x81, 0xbe, 0x0,

    /* U+6050 "恐" */
    0xf, 0x3f, 0x83, 0x5f, 0x87, 0xc1, 0xd6, 0x58,
    0x7f, 0xf1, 0x34, 0x3f, 0x7e, 0xa0, 0x20, 0x58,
    0x17, 0x62, 0x81, 0x7c, 0xc1, 0x34, 0xf, 0x54,
    0xb, 0x42, 0xbf, 0xa, 0xb0, 0xa7, 0xa, 0x68,
    0xe1, 0x66, 0xfc, 0x92, 0x8, 0xf, 0xe8, 0x10,

    /* U+6052 "恒" */
    0xb, 0xf, 0xfe, 0x1d, 0xff, 0x7, 0xaf, 0xf8,
    0xc, 0x67, 0xf8, 0x2c, 0xa, 0x3f, 0x8, 0x18,
    0xf0, 0x7f, 0x40, 0x63, 0xf0, 0x64, 0x3b, 0xf0,
    0x7f, 0xf3, 0x3f, 0x8, 0x7d, 0xfe, 0xf, 0x3f,
    0xf9, 0xc, 0xff, 0xe4,

    /* U+6062 "恢" */
    0xb, 0xf, 0xfe, 0x1b, 0xff, 0x7, 0xef, 0x5f,
    0x2, 0x48, 0x41, 0x21, 0x90, 0x38, 0xa0, 0xa0,
    0x92, 0x4c, 0xa, 0x9, 0x3, 0xa, 0x5, 0x82,
    0xe, 0x82, 0x50, 0x7b, 0xca, 0x18, 0x3e, 0x41,
    0x30, 0x7f, 0x28, 0x9c, 0x3d, 0x34, 0xc9, 0xc3,
    0xb8, 0xc2, 0x90,

    /* U+6064 "恤" */
    0xf, 0xfe, 0x2e, 0x19, 0x83, 0xff, 0x81, 0x87,
    0xff, 0x1, 0x58, 0x73, 0x1b, 0xc5, 0xf0, 0x30,
    0xb3, 0x33, 0x9, 0xc5, 0x7, 0xf2, 0x8a, 0x7,
    0xf4, 0x1f, 0xfe, 0xea, 0x19, 0x99, 0x86, 0xbf,
    0xf8,

    /* U+6068 "恨" */
    0xb, 0xf, 0xfe, 0x27, 0xf8, 0x3f, 0xbf, 0x7,
    0x44, 0x1c, 0x86, 0x40, 0xa3, 0xe8, 0x35, 0x96,
    0x7e, 0xd, 0x23, 0x1f, 0x83, 0x21, 0xda, 0xbc,
    0x87, 0xf4, 0x9e, 0xf, 0xfb, 0x60, 0xff, 0x46,
    0x1f, 0x25, 0xea, 0x83, 0xd3, 0xe9, 0xd4, 0x16,
    0x72, 0x1b, 0x40,

    /* U+6069 "恩" */
    0xb, 0xff, 0x83, 0xdf, 0x3e, 0x83, 0xeb, 0xcf,
    0xc1, 0xf5, 0xa5, 0xe0, 0xf9, 0x9a, 0x61, 0xfb,
    0xe7, 0x83, 0xf3, 0x7d, 0x40, 0xf7, 0xca, 0xfc,
    0x1d, 0x34, 0x50, 0x20, 0xd8, 0x6c, 0xf, 0x81,
    0xb0, 0x81, 0x5a, 0xa3, 0x84, 0xfa, 0xca, 0x0,

    /* U+606D "恭" */
    0xc, 0xc0, 0x60, 0xff, 0xe4, 0x7a, 0x7d, 0x3e,
    0x42, 0xf4, 0xf9, 0x5e, 0x43, 0xff, 0x89, 0x7a,
    0x7c, 0xaf, 0x81, 0x71, 0xbe, 0x1f, 0x5, 0x50,
    0xa3, 0x60, 0xb7, 0x81, 0xb2, 0x69, 0xe4, 0x2e,
    0xdf, 0x20, 0x6c, 0x27, 0xa0, 0x6e, 0xd, 0x28,
    0x3a, 0x4c, 0x4c, 0xc0,

    /* U+606F "息" */
    0xf, 0xfe, 0x43, 0x7, 0xf5, 0x66, 0xa0, 0xf3,
    0xea, 0x79, 0xf, 0xab, 0xc1, 0xfb, 0xfa, 0xf,
    0xdf, 0xd0, 0x7e, 0xff, 0x7, 0xef, 0xf0, 0x7d,
    0xd1, 0xbe, 0xe, 0x68, 0x72, 0x58, 0x55, 0x1,
    0xde, 0x98, 0x58, 0xdf, 0x1, 0x81, 0x2, 0xfe,
    0x2, 0x0,

    /* U+6073 "恳" */
    0xb, 0xff, 0x7, 0xd5, 0xc8, 0x7e, 0xfe, 0xf,
    0xe5, 0xf0, 0x7e, 0xe2, 0xf2, 0x83, 0xe6, 0x8c,
    0x87, 0xcd, 0x19, 0xd0, 0xc9, 0x15, 0x1e, 0x82,
    0x76, 0xe7, 0xa6, 0x16, 0xa2, 0x42, 0x90, 0x4a,
    0xb, 0x21, 0x82, 0x87, 0xf0, 0xc0,

    /* U+6076 "恶" */
    0x2f, 0xff, 0x20, 0xa7, 0x8e, 0x3d, 0x21, 0x48,
    0x79, 0xc3, 0x70, 0x7a, 0x81, 0xca, 0xc, 0xa0,
    0xde, 0x63, 0x89, 0xe0, 0x57, 0x35, 0xe0, 0x27,
    0x26, 0xad, 0xd, 0x60, 0x90, 0x78, 0x28, 0x42,
    0xcb, 0xb0, 0xb1, 0xfc, 0xcc, 0x8, 0x17, 0xf0,
    0x10,

    /* U+607C "恼" */
    0xf, 0xfe, 0x1e, 0x85, 0x87, 0xff, 0x1, 0xc3,
    0xfe, 0x84, 0x32, 0x7, 0xe2, 0xf8, 0x88, 0xfd,
    0x4f, 0x4, 0xd1, 0xc9, 0x86, 0x39, 0x6c, 0x8,
    0xa0, 0x20, 0x88, 0x3f, 0xc9, 0x7, 0xf3, 0x6c,
    0x1f, 0xd1, 0x40, 0xfd, 0x4f, 0x83, 0xef, 0xf0,
    0x0,

    /* U+6084 "悄" */
    0xb, 0xe, 0xc3, 0xfe, 0xd1, 0xc3, 0xf6, 0xa1,
    0xb0, 0xb3, 0x54, 0x13, 0x2, 0x47, 0x7c, 0x7a,
    0x3, 0x10, 0x3f, 0x41, 0x61, 0x47, 0xe8, 0x3f,
    0xbf, 0x41, 0xff, 0xcb, 0xfd, 0x7, 0xf7, 0xe8,
    0x3f, 0xf9, 0xdc, 0x86, 0xc1, 0x85, 0xe8,

    /* U+6089 "悉" */
    0xf, 0xcd, 0xa1, 0x3f, 0xf1, 0x21, 0x31, 0x67,
    0x7, 0xcd, 0x2, 0x58, 0x37, 0xa3, 0x38, 0xf2,
    0xf, 0x94, 0x45, 0xe4, 0xd, 0xe8, 0x7a, 0x20,
    0x6f, 0x21, 0xbe, 0x47, 0x4, 0x90, 0x52, 0x14,
    0xa3, 0x47, 0xc0, 0x79, 0xb, 0x28, 0xe3, 0x23,
    0x7c, 0x94, 0x2, 0xb, 0xf4, 0x4,

    /* U+6094 "悔" */
    0xf, 0xfe, 0x23, 0x3, 0xf, 0xfe, 0x17, 0xf8,
    0x32, 0x2b, 0xfc, 0xf, 0x1c, 0xff, 0x21, 0x68,
    0x5a, 0xb0, 0xfb, 0x90, 0x61, 0x94, 0x16, 0x1f,
    0x98, 0x1a, 0xb6, 0xc8, 0x3b, 0x6c, 0xf1, 0x87,
    0x90, 0xff, 0xe1, 0x59, 0xe3, 0xf, 0x3f, 0xa7,
    0xf, 0x40, 0x7b, 0x0,

    /* U+609F "悟" */
    0xb, 0xf, 0xfe, 0x1f, 0xfe, 0xf, 0x7c, 0x7e,
    0x3, 0x9b, 0xe3, 0xe0, 0xb0, 0x5e, 0x57, 0x83,
    0x30, 0x85, 0x87, 0xa4, 0xe, 0xde, 0x38, 0x42,
    0xff, 0xd0, 0x7b, 0xfc, 0x87, 0xef, 0xc1, 0xff,
    0xc2, 0x43, 0xfb, 0xf2, 0x1f, 0xdf, 0x90, 0x0,

    /* U+60A0 "悠" */
    0x9, 0x9, 0x41, 0xf4, 0x83, 0xf, 0x93, 0x3,
    0x7c, 0x15, 0x12, 0x38, 0xc1, 0x85, 0x2a, 0xe0,
    0x28, 0x2b, 0x96, 0x3, 0x7, 0x41, 0xfd, 0xdb,
    0xdc, 0x12, 0x81, 0x63, 0x88, 0x22, 0xa4, 0xc,
    0x83, 0x92, 0x83, 0x41, 0xd8, 0xe, 0xf9, 0x9a,
    0xf, 0xd6, 0x78,

    /* U+60A3 "患" */
    0xf, 0x38, 0x7e, 0x7e, 0x8f, 0x90, 0xdb, 0xe8,
    0xf0, 0x7c, 0xfa, 0x3c, 0x1e, 0xac, 0x95, 0x21,
    0xba, 0x92, 0xb0, 0x77, 0xd1, 0xe8, 0x3d, 0xf4,
    0x7a, 0xe, 0xfc, 0x3f, 0x41, 0xc8, 0x48, 0x28,
    0x1a, 0xf1, 0xad, 0xb0, 0x26, 0xa, 0x67, 0x41,
    0xe1, 0xfc, 0x83, 0x0,

    /* U+60A6 "悦" */
    0xf, 0xfe, 0x2e, 0x30, 0x4c, 0x1f, 0x24, 0xb,
    0xf, 0xd2, 0x72, 0x15, 0xc, 0xcc, 0xa0, 0x48,
    0x51, 0xf4, 0x86, 0xc9, 0xf, 0xcb, 0xe, 0x1f,
    0x98, 0x3b, 0xe9, 0xf, 0xdb, 0x9c, 0x1f, 0xc8,
    0x7f, 0xf0, 0x24, 0x36, 0x1c, 0xec, 0xf, 0x7,
    0xb7, 0x7, 0xe0,

    /* U+60A8 "您" */
    0xc, 0x82, 0xf, 0xf4, 0x28, 0x3f, 0xb8, 0x8f,
    0xe0, 0xa0, 0x6f, 0x9d, 0x40, 0xc0, 0xd3, 0x98,
    0x81, 0xc0, 0x77, 0x22, 0xf, 0x6c, 0x14, 0x87,
    0xb9, 0xa0, 0x30, 0xd2, 0xd6, 0x87, 0xa8, 0x6b,
    0xe, 0x83, 0x71, 0x25, 0x7a, 0x4b, 0x13, 0xea,
    0x12, 0x21, 0x7f, 0x1, 0x0,

    /* U+60AC "悬" */
    0xa, 0xff, 0x21, 0xff, 0xc9, 0x5e, 0xf, 0xf7,
    0xe0, 0xf7, 0x95, 0x58, 0xbc, 0xf, 0x45, 0xe8,
    0x7c, 0x13, 0x17, 0xa1, 0x83, 0x33, 0x37, 0xac,
    0x35, 0x83, 0x81, 0xc1, 0x4c, 0x6, 0x39, 0xc1,
    0xe3, 0xbb, 0x4a, 0x0,

    /* U+60B2 "悲" */
    0xf, 0xfe, 0x46, 0x61, 0xff, 0xc8, 0x7f, 0x5,
    0xf4, 0x7, 0xe8, 0x2f, 0xa0, 0xaf, 0x48, 0x3e,
    0xd, 0x52, 0x17, 0xc1, 0x3f, 0x30, 0x3f, 0x1,
    0xc6, 0x83, 0xf8, 0x35, 0xa7, 0x7, 0xe4, 0xa0,
    0x8e, 0x1b, 0x2, 0x68, 0xac, 0x1a, 0x83, 0xaa,
    0x12, 0x81, 0x7c, 0xc6, 0x80,

    /* U+60C5 "情" */
    0x3, 0x6, 0xc3, 0xfd, 0xf1, 0xf2, 0x1e, 0xe8,
    0x53, 0x41, 0x6b, 0x50, 0xa8, 0x24, 0x13, 0xe2,
    0xe0, 0x26, 0x9f, 0x17, 0xc0, 0x81, 0xe5, 0xf6,
    0x28, 0x25, 0x7c, 0x21, 0xfd, 0x52, 0x1f, 0xcf,
    0xd0, 0x7f, 0x3f, 0x41, 0xfc, 0xfd, 0x7, 0xff,
    0x3, 0x90, 0x0,

    /* U+60CA "惊" */
    0xf, 0xfe, 0x2e, 0x13, 0x87, 0xf9, 0x43, 0xac,
    0x1c, 0xd4, 0x95, 0x23, 0x3, 0xff, 0x26, 0x8,
    0xff, 0x4, 0xe2, 0x8f, 0xc1, 0xc9, 0x21, 0xfd,
    0x87, 0x7e, 0xf, 0xee, 0xcf, 0x7, 0xe6, 0x3,
    0xa1, 0xea, 0x60, 0x78, 0x39, 0x31, 0xa, 0x43,
    0x31, 0xd0, 0xa,

    /* U+60D1 "惑" */
    0xf, 0x98, 0x43, 0xfe, 0x48, 0x37, 0xfa, 0x33,
    0xc0, 0xf5, 0x6c, 0xf3, 0x85, 0x5c, 0x5, 0x83,
    0x9f, 0x1, 0xe8, 0x1c, 0xf8, 0x12, 0xe0, 0x3a,
    0xc5, 0x5, 0x41, 0x67, 0xa4, 0xf9, 0x3, 0x1e,
    0x4, 0x5c, 0x7, 0xc0, 0x63, 0xe8, 0x2d, 0xde,
    0xc6, 0x9, 0x3, 0xfc, 0x8,

    /* U+60DC "惜" */
    0xb, 0xb, 0x6, 0x87, 0xff, 0x21, 0xb3, 0xc5,
    0x81, 0x88, 0xcb, 0x2c, 0x18, 0x24, 0x8, 0x79,
    0x84, 0xcf, 0x17, 0x10, 0x5f, 0xfa, 0x10, 0xdf,
    0xe0, 0xfe, 0xbe, 0xf, 0xf5, 0xf0, 0x7f, 0xaf,
    0x83, 0xfd, 0x7c, 0x1f, 0xeb, 0xe0, 0xf6, 0xd,
    0xb, 0x0,

    /* U+60E0 "惠" */
    0xf, 0x30, 0x7d, 0xfd, 0x3f, 0xc0, 0xf2, 0xe1,
    0x6f, 0x6, 0x40, 0x84, 0xa0, 0xf2, 0x80, 0xa0,
    0xfd, 0xe5, 0x78, 0x3f, 0x79, 0x5e, 0xf, 0xbe,
    0x55, 0x64, 0x1f, 0xca, 0xa8, 0x81, 0xea, 0x93,
    0xd5, 0x1, 0xf1, 0xd1, 0x8b, 0xb, 0x95, 0xd1,
    0x58, 0x48, 0x5f, 0xc0, 0x80,

    /* U+60E7 "惧" */
    0xb, 0xf, 0xfe, 0x1b, 0xfe, 0xf, 0xcf, 0xd0,
    0x67, 0x21, 0xfa, 0xf, 0x2b, 0x7f, 0x6, 0xa1,
    0xf, 0xe0, 0xd2, 0x3b, 0xf8, 0x32, 0x19, 0xfc,
    0x1f, 0xcf, 0xe0, 0xfb, 0x9f, 0xc6, 0x1d, 0xf3,
    0xab, 0xc1, 0xe7, 0x6, 0x68, 0x75, 0x61, 0xb8,
    0x35, 0x34, 0x3b, 0x0,

    /* U+60E8 "惨" */
    0xf, 0xfe, 0x26, 0x19, 0x83, 0xff, 0x81, 0x61,
    0xff, 0x2c, 0x61, 0xb2, 0xb3, 0xe3, 0xe, 0x9f,
    0x4f, 0xa0, 0x28, 0x4b, 0x9f, 0x50, 0x10, 0xf9,
    0x5a, 0xb8, 0x43, 0x4f, 0xa3, 0xe, 0x7d, 0x57,
    0xac, 0x33, 0x4e, 0xa0, 0x61, 0xca, 0x2c, 0x90,
    0xfd, 0xdf, 0x7, 0xe6, 0xf4, 0x1e, 0xc1, 0xe8,
    0x3c,

    /* U+60E9 "惩" */
    0xc, 0x87, 0xff, 0x3, 0x3f, 0xe4, 0x29, 0x5f,
    0x1f, 0x20, 0xcf, 0x10, 0x7e, 0xac, 0x20, 0xf8,
    0x36, 0x21, 0xbe, 0xb, 0x83, 0xff, 0x81, 0x27,
    0x8c, 0xfc, 0x1d, 0xff, 0xc1, 0x95, 0x98, 0x14,
    0x1b, 0xc1, 0x50, 0x12, 0x9, 0x41, 0x32, 0x70,
    0x28, 0x17, 0xd2, 0x60,

    /* U+60ED "惭" */
    0x6, 0x8, 0x39, 0x83, 0x90, 0xbf, 0x6, 0xcf,
    0x47, 0x26, 0x73, 0xe8, 0x3e, 0x6f, 0x5, 0x52,
    0x8c, 0x3d, 0xbb, 0x9, 0x1e, 0x11, 0xd, 0xe3,
    0x43, 0xf9, 0x30, 0xfe, 0xe3, 0xc1, 0xfb, 0xc0,
    0xd0, 0xff, 0x98, 0x3f, 0xd4, 0xc,

    /* U+60F0 "惰" */
    0xf, 0xfe, 0x2e, 0x16, 0x1f, 0xe7, 0xc7, 0xf0,
    0x73, 0x2a, 0xb8, 0xc, 0x4b, 0x56, 0xf, 0xb3,
    0x8f, 0x20, 0xb3, 0x7, 0x1f, 0x22, 0x8d, 0xaf,
    0x69, 0x2, 0xbf, 0x21, 0xf9, 0x70, 0x7f, 0xbf,
    0x7, 0xfa, 0xb0, 0x7f, 0xbf, 0x7, 0xff, 0x7,
    0x10, 0xd8, 0x30, 0xbc, 0x0,

    /* U+60F3 "想" */
    0xa, 0x43, 0xff, 0x89, 0xfc, 0x15, 0x1e, 0x4f,
    0x83, 0x61, 0xef, 0x83, 0x30, 0xe9, 0xf0, 0x76,
    0x32, 0x7c, 0x1b, 0x57, 0x3, 0xe0, 0xd4, 0xd6,
    0x3e, 0xc, 0x88, 0x3b, 0xf0, 0x79, 0x18, 0xc,
    0x1b, 0x66, 0x4, 0xa8, 0x1a, 0x82, 0xd4, 0x68,
    0x28, 0x53, 0xd4, 0x6, 0x0,

    /* U+60F6 "惶" */
    0xf, 0xfe, 0x2e, 0x1a, 0x81, 0xfc, 0xd1, 0x28,
    0x1f, 0x9e, 0xf2, 0x80, 0xe6, 0xa, 0xc1, 0xb4,
    0x1b, 0x58, 0x33, 0x12, 0xab, 0x6, 0x80, 0xf5,
    0xe4, 0x8, 0x5d, 0x7b, 0xf, 0x7c, 0xaf, 0x83,
    0xcf, 0x95, 0xe4, 0x3c, 0xf9, 0x5e, 0x43, 0xaf,
    0x95, 0xf2, 0x1a, 0xff, 0xc8,

    /* U+60F9 "惹" */
    0xd, 0x86, 0xc3, 0xff, 0x8f, 0x78, 0xfc, 0x7c,
    0xb, 0xc6, 0xd9, 0xf0, 0x2a, 0x66, 0x8d, 0x40,
    0xa8, 0x69, 0xf5, 0x2, 0x74, 0xae, 0xd, 0xd4,
    0xfe, 0xe, 0xf2, 0x3f, 0x83, 0xf3, 0xab, 0xe0,
    0xe7, 0xa9, 0x6b, 0xa, 0xac, 0x13, 0x47, 0x7,
    0x96, 0xec, 0x12, 0x0,

    /* U+6101 "愁" */
    0xc, 0xc8, 0x30, 0xeb, 0xd0, 0xa0, 0xfa, 0xe6,
    0x34, 0x12, 0xf, 0x4f, 0x28, 0xa, 0x6, 0x82,
    0xa0, 0x30, 0x65, 0x12, 0xa3, 0x42, 0xdd, 0xf2,
    0xb6, 0x9, 0x82, 0x68, 0x6c, 0x8, 0x70, 0x68,
    0x30, 0xfc, 0xc0, 0x54, 0x17, 0x46, 0x45, 0x48,
    0x36, 0xb, 0x23, 0x81, 0x42, 0x9f, 0x20, 0x80,

    /* U+610F "意" */
    0xf, 0x30, 0x7e, 0xae, 0x6b, 0x6, 0xb4, 0xa0,
    0xf8, 0x25, 0xa, 0x2, 0x80, 0x85, 0xe1, 0xf2,
    0x7c, 0x6, 0x17, 0xea, 0x6, 0x5f, 0x83, 0xfb,
    0xf0, 0x7f, 0x35, 0x90, 0xfb, 0xe0, 0x7c, 0x1c,
    0xf4, 0xc4, 0x74, 0x14, 0xc2, 0xdd, 0xa0, 0x59,
    0x3f, 0x23, 0x0,

    /* U+611F "感" */
    0xf, 0xd8, 0x87, 0xff, 0x1, 0x90, 0xdf, 0xe2,
    0x28, 0x1a, 0xb8, 0xba, 0x6, 0xfe, 0x76, 0xe,
    0xd7, 0x6f, 0x7, 0x9f, 0x8, 0xb0, 0x73, 0x40,
    0xe8, 0x1c, 0xd9, 0x6d, 0xa0, 0xda, 0xf, 0xa1,
    0x80, 0xf8, 0x7c, 0x63, 0x2, 0x8a, 0xf5, 0x8e,
    0x83, 0x4b, 0xf8, 0x18,

    /* U+6124 "愤" */
    0x6, 0x19, 0x83, 0xf3, 0xe9, 0xf8, 0x39, 0xa9,
    0x9c, 0x19, 0x3d, 0x9b, 0x7, 0x61, 0xf9, 0x46,
    0x57, 0xc0, 0x86, 0xef, 0xa8, 0x21, 0xde, 0xb4,
    0x3f, 0x9c, 0x3f, 0xf9, 0x91, 0x18, 0x7a, 0xe9,
    0xb8, 0x67, 0xd2, 0x38, 0x6d, 0xe4, 0x34, 0x0,

    /* U+613F "愿" */
    0x7, 0xff, 0xa0, 0xdf, 0x8f, 0xd0, 0x77, 0xc7,
    0xd0, 0x7c, 0xd6, 0x50, 0x7e, 0xfc, 0x1f, 0xcb,
    0xe0, 0xc8, 0x3a, 0x89, 0x82, 0xd5, 0xc8, 0x12,
    0x80, 0x7d, 0x74, 0x4b, 0xa, 0x6c, 0xc8, 0x28,
    0xd, 0x11, 0x51, 0x68, 0x32, 0xa, 0xe3, 0x81,
    0xc3, 0xf4, 0xc6, 0x0,

    /* U+614C "慌" */
    0xb, 0x3, 0x3, 0xf, 0xd6, 0xd0, 0xa0, 0x72,
    0x1f, 0xe6, 0x3a, 0x67, 0x50, 0x30, 0x3f, 0x34,
    0xf0, 0x1c, 0xa1, 0xfe, 0x2, 0x85, 0x1f, 0xc8,
    0x20, 0xdf, 0xe4, 0x3e, 0x88, 0x83, 0xf9, 0x11,
    0x41, 0xff, 0xc3, 0x43, 0xa4, 0x39, 0xc3, 0x24,
    0x13, 0x4c, 0x2d, 0x81, 0x97, 0x90,

    /* U+614E "慎" */
    0xb, 0xe, 0xc3, 0xfb, 0xf1, 0xf2, 0x1d, 0xf8,
    0xf9, 0x6, 0x67, 0xc7, 0x90, 0x21, 0x23, 0x50,
    0x6a, 0x16, 0x1f, 0xd2, 0x30, 0xd4, 0x19, 0xe,
    0xac, 0x1f, 0xd0, 0x69, 0xe, 0x7a, 0xf7, 0x6,
    0x7c, 0xda, 0xb8, 0x39, 0xd4, 0x6e, 0x1e, 0x9c,
    0xe, 0xa0, 0xb3, 0x83, 0xa4,

    /* U+6151 "慑" */
    0x3, 0x87, 0xff, 0xe, 0xff, 0x83, 0xd2, 0x1a,
    0xc0, 0xc6, 0x12, 0x83, 0xb4, 0x50, 0x7f, 0x39,
    0xe4, 0x51, 0x60, 0x80, 0xf7, 0xd7, 0x80, 0x83,
    0xa7, 0x77, 0x83, 0xbb, 0x23, 0x90, 0xf7, 0x92,
    0xb0, 0x7b, 0x9, 0x60, 0xf3, 0x63, 0xaa, 0xe,
    0xe2, 0xb6, 0x20, 0x79, 0x6, 0x82, 0x40,

    /* U+6162 "慢" */
    0x3, 0x7, 0xff, 0x13, 0xfc, 0x1f, 0xfc, 0x5b,
    0x60, 0x2c, 0x1c, 0x8b, 0x82, 0x60, 0x26, 0x51,
    0x7a, 0xc6, 0x2, 0x66, 0x70, 0x48, 0x6c, 0xce,
    0xf, 0xa5, 0xeb, 0xf, 0x97, 0xa0, 0xf9, 0x89,
    0x30, 0xff, 0x4c, 0x87, 0xbe, 0xbc, 0x79,

    /* U+6167 "慧" */
    0x9, 0xc3, 0xb0, 0xcf, 0x1e, 0x7c, 0x78, 0xf,
    0x1e, 0x7c, 0x78, 0x2a, 0x1a, 0x59, 0xa0, 0x84,
    0x74, 0x47, 0x4a, 0xf3, 0x5c, 0x82, 0xef, 0xeb,
    0x42, 0x97, 0xf0, 0x7b, 0xff, 0x7, 0x57, 0xf0,
    0x74, 0xd4, 0x5e, 0x42, 0x7c, 0x6e, 0x9d, 0x10,
    0x6b, 0x7e, 0x8d,

    /* U+6168 "慨" */
    0x6, 0x1f, 0xfc, 0x3f, 0xcf, 0xd0, 0x7a, 0xc0,
    0xaa, 0x2, 0x32, 0xc2, 0x50, 0x48, 0x56, 0x1f,
    0x20, 0x43, 0x60, 0x50, 0x22, 0x2c, 0x9, 0xe1,
    0x41, 0x7d, 0x42, 0x81, 0xf3, 0x18, 0x87, 0xc8,
    0xb0, 0x7c, 0x96, 0xca, 0x10, 0xeb, 0xb2, 0x6,
    0x84, 0xa0, 0x50, 0xe5, 0x3, 0xd, 0xa3, 0xe0,

    /* U+6177 "慷" */
    0xf, 0xfe, 0x24, 0x86, 0xd0, 0xfe, 0xf8, 0xbe,
    0xf, 0xbd, 0x7e, 0x4, 0xc9, 0x77, 0xc1, 0x20,
    0x8e, 0x18, 0x45, 0xa4, 0xf0, 0x30, 0x98, 0x10,
    0x11, 0x42, 0x1f, 0xb5, 0x72, 0x1f, 0x78, 0x4f,
    0x7, 0x23, 0x26, 0x41, 0xda, 0xa2, 0x50, 0x76,
    0x9e, 0x49, 0xc3, 0x2a, 0x9a, 0x8b, 0x0,

    /* U+61C2 "懂" */
    0x3, 0x81, 0x81, 0x87, 0xd7, 0x36, 0x79, 0x6,
    0x5a, 0xa8, 0x2c, 0x28, 0xe5, 0x73, 0xc0, 0xc2,
    0x43, 0x36, 0x8c, 0x72, 0x85, 0xa4, 0xc2, 0x82,
    0x44, 0x3f, 0x28, 0x8, 0x7f, 0x30, 0xc1, 0xfa,
    0x31, 0xd0, 0xf3, 0x28, 0xa, 0x83, 0x9f, 0x9b,
    0xe0, 0xef, 0xcd, 0xf8,

    /* U+61E6 "懦" */
    0x3, 0x87, 0xff, 0xe, 0xff, 0x83, 0xda, 0xc2,
    0xc0, 0x62, 0x81, 0xe5, 0x6, 0x40, 0x84, 0xa0,
    0x49, 0x41, 0xc0, 0xe9, 0x62, 0xbc, 0x3e, 0x40,
    0x81, 0xea, 0x69, 0xe0, 0xcf, 0xca, 0xfc, 0x1d,
    0x79, 0x5f, 0x7, 0xcc, 0xc6, 0x1f, 0xfc, 0xb7,
    0x6d, 0x9, 0xca, 0x8, 0xf0,

    /* U+6208 "戈" */
    0xf, 0xfe, 0x2d, 0x4, 0x3f, 0xb0, 0x79, 0xf,
    0xf5, 0x48, 0x7c, 0x81, 0x90, 0x3f, 0x47, 0xd7,
    0x87, 0xf1, 0xfa, 0xc3, 0xe4, 0x1e, 0xf, 0xa8,
    0x44, 0x1f, 0x26, 0xe1, 0xf9, 0x6, 0x1f, 0x3d,
    0x1c, 0x14, 0x2e, 0x9b, 0x3a, 0xb0, 0x79, 0xa,
    0xa1,

    /* U+6210 "成" */
    0xf, 0xb6, 0x43, 0xff, 0x81, 0xd8, 0x7f, 0xcf,
    0x6, 0xfe, 0x2f, 0x48, 0x6f, 0xcd, 0xf2, 0x19,
    0xb, 0xc3, 0x87, 0x5f, 0x9, 0xc1, 0xdf, 0x8,
    0xb0, 0x7c, 0xa0, 0x58, 0x7c, 0xe1, 0xfc, 0x83,
    0x3c, 0x89, 0x82, 0x85, 0xd5, 0xc8, 0x64, 0xe,
    0x82, 0xa0, 0x61, 0xf9, 0xd0,

    /* U+6211 "我" */
    0xe, 0x67, 0xf, 0x9e, 0xa, 0xc2, 0xbc, 0x50,
    0x13, 0x82, 0xe1, 0xd, 0x7, 0xc8, 0x76, 0xf,
    0x8b, 0x8f, 0x93, 0xe3, 0xe3, 0xd2, 0x1c, 0xa0,
    0x30, 0x66, 0x2c, 0x65, 0x3, 0xb3, 0x82, 0xc2,
    0xf2, 0x14, 0x89, 0x87, 0x39, 0xea, 0x20, 0xf0,
    0xf0, 0x27, 0x7, 0xc1, 0xce, 0x80,

    /* U+6212 "戒" */
    0xf, 0xd9, 0x7, 0xff, 0xb, 0x9, 0x7e, 0x1c,
    0x42, 0xff, 0x1e, 0x70, 0x33, 0x64, 0x50, 0x83,
    0xfc, 0x88, 0x64, 0x71, 0x5c, 0x86, 0x89, 0x56,
    0xac, 0x36, 0x73, 0xa0, 0x43, 0xfc, 0x88, 0x85,
    0x21, 0x32, 0x89, 0x26, 0x15, 0x53, 0x8, 0x30,
    0x9d, 0x21, 0x0,

    /* U+6216 "或" */
    0xf, 0x98, 0x3f, 0xf8, 0x56, 0x87, 0xfd, 0x50,
    0x5f, 0xe9, 0xe2, 0x7, 0xfc, 0x7d, 0x5, 0x7e,
    0xd, 0x87, 0x5e, 0xc, 0xa0, 0xff, 0x9b, 0xe,
    0xbc, 0x6, 0x10, 0xd7, 0xd3, 0x90, 0x84, 0xd3,
    0xb8, 0xc9, 0x28, 0x7c, 0xad, 0x84, 0xb9, 0x15,
    0x1b, 0x0,

    /* U+6218 "战" */
    0xf, 0xfe, 0xb, 0x85, 0x21, 0xfe, 0x4d, 0xf,
    0xc9, 0xc1, 0xdf, 0x5, 0x21, 0xb9, 0x57, 0xc1,
    0xcc, 0xaf, 0x8e, 0x3c, 0x60, 0x90, 0x5e, 0x2,
    0xe0, 0xff, 0x50, 0x3f, 0xf8, 0x77, 0x81, 0xa4,
    0x2a, 0xf5, 0xb6, 0xfa, 0x41, 0xd0, 0x11, 0x86,
    0x90, 0x9d,

    /* U+621A "戚" */
    0xf, 0xed, 0x41, 0xff, 0xc1, 0x90, 0xaf, 0xf1,
    0x10, 0x4b, 0xb, 0xb, 0x6, 0xa0, 0xa8, 0x83,
    0xfb, 0xc1, 0x38, 0x65, 0xa, 0x2, 0x1e, 0xb2,
    0xe7, 0x10, 0xde, 0x51, 0x6a, 0xf, 0x46, 0xa0,
    0x41, 0xd2, 0xb, 0x86, 0x2, 0x88, 0x25, 0x51,
    0x5, 0x5a, 0xba, 0x28, 0x2c, 0x1e, 0x24, 0x16,
    0x0,

    /* U+622A "截" */
    0xd, 0x20, 0x74, 0x33, 0xe6, 0xf0, 0x3c, 0x13,
    0xe5, 0x78, 0x12, 0x81, 0xf2, 0xbd, 0x1b, 0x3,
    0xc7, 0x3c, 0x7c, 0x12, 0x30, 0x85, 0x21, 0x46,
    0xc, 0x25, 0x3, 0x2, 0x2c, 0x41, 0xa5, 0x65,
    0x8a, 0x82, 0x47, 0x2c, 0xc4, 0x39, 0xcb, 0x20,
    0x61, 0x9c, 0xbc, 0xd8, 0x75, 0xfa, 0x8b, 0x5,
    0x21, 0x90, 0x50,

    /* U+6233 "戳" */
    0xf, 0xec, 0x3b, 0xeb, 0xe0, 0x50, 0x29, 0x42,
    0x82, 0x94, 0xf, 0x3, 0xe, 0x82, 0x61, 0xb3,
    0x3b, 0x6, 0xf4, 0xec, 0xb8, 0x26, 0xe7, 0x51,
    0x20, 0x8b, 0x2d, 0x2, 0x85, 0x14, 0x28, 0x70,
    0x4e, 0x28, 0x61, 0x20, 0xef, 0x18, 0x21, 0xc3,
    0x50, 0xa6, 0xa8, 0x3b, 0xfa, 0xe5, 0x0,

    /* U+6234 "戴" */
    0xc, 0xc1, 0x68, 0x67, 0xd3, 0xe8, 0xf0, 0x6a,
    0x2a, 0x99, 0xb0, 0x2a, 0x55, 0x44, 0x85, 0x87,
    0xa3, 0xa0, 0x69, 0x20, 0x9d, 0xd, 0x83, 0xc,
    0xa0, 0xca, 0x10, 0x38, 0x72, 0x28, 0x4d, 0x41,
    0xb0, 0x66, 0xa3, 0xb, 0x86, 0x2e, 0x6, 0xe,
    0x38, 0xa2, 0xa0, 0xbd, 0xd, 0x3a, 0x28, 0x1c,
    0x81, 0xe4, 0xa0,

    /* U+6237 "户" */
    0xf, 0x21, 0xff, 0xc0, 0xa0, 0x7e, 0x5a, 0x5e,
    0xd, 0x7c, 0xfd, 0x7, 0x57, 0xc1, 0xef, 0xf8,
    0x3d, 0xff, 0x7, 0xff, 0x7, 0xf, 0xfe, 0x22,
    0x83, 0xfe, 0xf0, 0x7f, 0x96, 0xf, 0xf7, 0x7,
    0xfd, 0x21, 0xfe,

    /* U+623F "房" */
    0x7, 0xff, 0xc1, 0x7f, 0xfc, 0x15, 0xff, 0xc8,
    0x6b, 0xfe, 0x43, 0xaf, 0xf9, 0xe, 0xbf, 0x1f,
    0x21, 0xbf, 0x8f, 0xc8, 0x5f, 0x2b, 0xf9, 0x2,
    0x19, 0xfc, 0x1c, 0x81, 0xfc, 0x1a, 0x47, 0x82,
    0x43, 0x37, 0x44, 0x7a, 0x5, 0x9e, 0x40, 0xf9,
    0x0,

    /* U+6240 "所" */
    0xf, 0xfa, 0x41, 0xfe, 0x55, 0xa8, 0x1f, 0xe2,
    0x3c, 0x1f, 0xe6, 0xf, 0x7e, 0x43, 0xfd, 0xe4,
    0xf, 0xe4, 0x3f, 0x39, 0xe4, 0x2f, 0x21, 0xff,
    0x7c, 0xe1, 0xff, 0xc2, 0xc3, 0xca, 0xc, 0xa0,
    0xf5, 0x84, 0x87, 0xe5, 0x5, 0x40, 0xfa, 0xd,
    0xa0, 0xc2,

    /* U+6241 "扁" */
    0x3f, 0xfe, 0x8f, 0xff, 0xa1, 0xff, 0xf0, 0x6f,
    0xfc, 0x1d, 0xff, 0x83, 0xa0, 0xfc, 0x85, 0xb1,
    0x42, 0xc, 0x81, 0x10, 0x28, 0x39, 0xce, 0x34,
    0x1e, 0x1c, 0xe3, 0x40, 0xa0, 0xff, 0x90, 0xd8,
    0xf9, 0x40,

    /* U+624B "手" */
    0xf, 0xfe, 0x12, 0xea, 0x7a, 0x7, 0x7a, 0x3e,
    0x81, 0xea, 0x22, 0x1d, 0x7c, 0xaf, 0x90, 0x5f,
    0x2b, 0xe4, 0x3f, 0xf8, 0x37, 0xe5, 0x7e, 0xaf,
    0x2a, 0xb8, 0x5c, 0x5, 0xc1, 0xff, 0xd0, 0xb7,
    0xe,

    /* U+624D "才" */
    0xf, 0xd8, 0x7f, 0xf4, 0xdf, 0xf1, 0xf8, 0x7f,
    0xc5, 0xf0, 0x7f, 0x48, 0x7f, 0xca, 0xf, 0xd6,
    0x41, 0xf3, 0xb8, 0x7c, 0xf4, 0xc3, 0xeb, 0xb4,
    0x3f, 0x51, 0xf, 0xfe, 0x1f, 0x83, 0x80,

    /* U+624E "扎" */
    0x9, 0x82, 0xc3, 0xff, 0xad, 0xe9, 0xf0, 0x7e,
    0xf4, 0xf8, 0x3f, 0xf9, 0xad, 0x87, 0xf5, 0x1,
    0x87, 0xec, 0x54, 0x1f, 0xdd, 0x87, 0xe8, 0x3f,
    0xf8, 0x28, 0x7f, 0x91, 0xd, 0xd8, 0x54, 0xe8,
    0x0,

    /* U+6251 "扑" */
    0xa, 0x42, 0xc3, 0xff, 0xad, 0xe6, 0xe0, 0x21,
    0xde, 0x6e, 0x5, 0x3, 0xfa, 0x6, 0x61, 0xeb,
    0xc1, 0x44, 0x14, 0xad, 0xd, 0xa0, 0xc7, 0xf,
    0xb0, 0x70, 0x7f, 0xf7, 0x75, 0x7, 0xfd, 0xe0,
    0xd8, 0x70,

    /* U+6253 "打" */
    0xb, 0x43, 0xff, 0x82, 0xff, 0xa0, 0xe6, 0xa2,
    0x99, 0xe2, 0xc5, 0xb, 0x1e, 0x2d, 0xf, 0xfe,
    0x62, 0x83, 0xf2, 0x5a, 0x1f, 0x71, 0x40, 0xfd,
    0xe0, 0xff, 0xec, 0xd8, 0x83, 0xc8, 0x6b, 0xc1,
    0x7a, 0x8,

    /* U+6254 "扔" */
    0xb, 0xf, 0xfe, 0x13, 0xfe, 0xf, 0x39, 0xe8,
    0x2f, 0x1e, 0x42, 0xd0, 0x78, 0xb4, 0x27, 0xe,
    0x43, 0xd4, 0xc, 0xc8, 0x5c, 0x14, 0x41, 0xfd,
    0x83, 0x84, 0x3d, 0xc1, 0x78, 0x2c, 0x3e, 0x50,
    0x6c, 0x33, 0x21, 0x94, 0xc, 0x28, 0x16, 0x85,
    0xe6, 0xa, 0xe0,

    /* U+6258 "托" */
    0xa, 0x43, 0x98, 0x3f, 0xcf, 0x7, 0xf7, 0xa7,
    0x82, 0xb6, 0xf8, 0x83, 0xad, 0xb0, 0xff, 0xe2,
    0xaa, 0x81, 0xd7, 0x42, 0xcc, 0xe, 0xaf, 0x8e,
    0x88, 0x53, 0x8a, 0xf, 0x94, 0x1f, 0xd0, 0x7f,
    0xf0, 0x14, 0x19, 0xc, 0xfa, 0x81, 0x62, 0x15,
    0xf2, 0x17, 0x83, 0xfc,

    /* U+625B "扛" */
    0xb, 0xf, 0xfe, 0x8b, 0xfe, 0x81, 0xe3, 0xbd,
    0x1e, 0x81, 0xe2, 0xc3, 0xff, 0x80, 0x87, 0xff,
    0x6, 0x88, 0x7e, 0xb1, 0xd0, 0xfd, 0xc6, 0x87,
    0xf2, 0x83, 0xff, 0xa2, 0xfd, 0x1f, 0x20, 0xc7,
    0xff, 0x20, 0xf0, 0x7f, 0x80,

    /* U+6263 "扣" */
    0xa, 0x43, 0xff, 0x87, 0x5c, 0x1f, 0x9f, 0x90,
    0x79, 0xb8, 0x58, 0x2f, 0x37, 0x83, 0xff, 0x80,
    0x87, 0xfb, 0xa0, 0x7c, 0xca, 0xf0, 0x7d, 0xe6,
    0x50, 0x7d, 0x21, 0xff, 0xc6, 0xf8, 0x3f, 0xdf,
    0x6, 0xd4, 0x1f, 0xef, 0x5, 0x85, 0x80,

    /* U+6269 "扩" */
    0xb, 0xd, 0x7, 0xff, 0x3, 0xc1, 0xfc, 0xa1,
    0x60, 0x78, 0xeb, 0x35, 0x1e, 0x3c, 0x7f, 0x41,
    0xff, 0xc5, 0xb0, 0xfc, 0xe7, 0x83, 0xf7, 0x8,
    0x7f, 0x48, 0x48, 0x7f, 0xd8, 0x7f, 0xf0, 0x18,
    0x3e, 0x75, 0x83, 0xf3, 0xcc, 0x1f, 0x0,

    /* U+626B "扫" */
    0xb, 0xf, 0xfe, 0x1d, 0x78, 0x3f, 0xf8, 0x8,
    0x3c, 0x7a, 0xb8, 0x2f, 0x1e, 0xf, 0xfe, 0x63,
    0x4f, 0xc1, 0x93, 0xd7, 0xe0, 0xbc, 0x48, 0x7e,
    0xe0, 0xff, 0xe1, 0xbf, 0xc1, 0xf3, 0x5c, 0x1b,
    0x9, 0x78, 0x0,

    /* U+626C "扬" */
    0x3, 0x87, 0xff, 0xa, 0xfe, 0x43, 0xd7, 0xc2,
    0x81, 0xc7, 0x3, 0x60, 0xb8, 0xe7, 0xa0, 0x7f,
    0x45, 0xf2, 0x1b, 0xb3, 0x24, 0xc, 0x50, 0x32,
    0x16, 0x89, 0x28, 0x8, 0x2c, 0xa, 0xa8, 0x8,
    0x66, 0xe1, 0xf, 0x9d, 0x58, 0x85, 0x44, 0x16,
    0x54, 0xb, 0x81, 0x82, 0xd0,

    /* U+626D "扭" */
    0xb, 0xf, 0xfe, 0x1b, 0xfe, 0x43, 0xcf, 0x1e,
    0x10, 0x78, 0xe0, 0x21, 0xef, 0x1c, 0x61, 0xff,
    0xcc, 0xf9, 0x5e, 0x30, 0x59, 0xf1, 0x78, 0xc1,
    0xe0, 0xff, 0xe0, 0x21, 0xe4, 0x43, 0xff, 0x93,
    0x78, 0xf4, 0x69, 0x6d, 0xff, 0x92, 0xe0, 0xff,
    0x0,

    /* U+626F "扯" */
    0xb, 0xe, 0xc3, 0xff, 0xab, 0xe3, 0xa0, 0x7e,
    0xf1, 0xc8, 0x7f, 0xf1, 0x7d, 0x7, 0x28, 0x37,
    0xa0, 0xa3, 0xf, 0xf6, 0x9, 0xf, 0xee, 0xf,
    0xfe, 0x8b, 0x9e, 0x3e, 0x3, 0xab, 0xff, 0x0,

    /* U+6270 "扰" */
    0xb, 0xd, 0x87, 0xff, 0xf, 0xf, 0xfe, 0xd,
    0x85, 0xe3, 0x83, 0x28, 0x2f, 0x19, 0xe3, 0xce,
    0x1e, 0xbc, 0x7e, 0xf, 0xf2, 0x83, 0x93, 0x84,
    0xc3, 0xb8, 0xe3, 0x43, 0xde, 0xc, 0xc1, 0xff,
    0x68, 0x64, 0x3d, 0x10, 0x6d, 0x1d, 0x46, 0xe,
    0xd4, 0x3c, 0xc1, 0x3f, 0x0,

    /* U+6279 "批" */
    0xb, 0xf, 0xfe, 0x26, 0xc, 0x3f, 0xf8, 0xf6,
    0x68, 0x79, 0x5, 0x9a, 0x71, 0x61, 0xfd, 0xc3,
    0x21, 0xd4, 0xd, 0xa1, 0x38, 0x30, 0xfe, 0x92,
    0x43, 0xfb, 0x83, 0xff, 0x97, 0x84, 0x86, 0xb0,
    0xf5, 0x15, 0xbe, 0x7c, 0x82, 0xe7, 0x92, 0xf4,
    0x0,

    /* U+627C "扼" */
    0xb, 0xf, 0xfe, 0x27, 0xfc, 0x1f, 0xbf, 0xc0,
    0xb3, 0x80, 0xb8, 0x2e, 0x2c, 0x15, 0x82, 0x50,
    0xa0, 0xbc, 0x1f, 0x28, 0x3f, 0x98, 0x83, 0xfd,
    0x83, 0xc, 0xe8, 0x54, 0x6, 0x81, 0xe0, 0xf9,
    0xc3, 0xb0, 0x91, 0x10, 0x7c, 0x82, 0x89, 0x3,
    0xf4, 0xb, 0x94, 0x1f, 0x80,

    /* U+627E "找" */
    0xf, 0xfe, 0x2c, 0x83, 0x50, 0x7f, 0xc9, 0x61,
    0xff, 0xc0, 0xd8, 0x2f, 0x36, 0xc, 0xa0, 0x5e,
    0x6d, 0x1f, 0x90, 0xf3, 0x2, 0xe4, 0x3d, 0xd0,
    0x48, 0x32, 0xa1, 0x3, 0xc1, 0x78, 0xa0, 0x18,
    0x42, 0xe4, 0x3d, 0x87, 0xf3, 0x82, 0x30, 0xf3,
    0x56, 0xa0, 0x9d, 0x6d, 0x7, 0x20,

    /* U+627F "承" */
    0x5, 0xff, 0x83, 0xaf, 0xd2, 0x41, 0xfd, 0x4e,
    0xe, 0xf9, 0x2, 0x8c, 0x41, 0xe2, 0xd5, 0xc6,
    0x1e, 0xf2, 0xbc, 0xb0, 0x48, 0xea, 0xd2, 0xd,
    0x2b, 0x56, 0xb0, 0x49, 0xf2, 0xbe, 0x80, 0xd1,
    0xf2, 0xbc, 0xd8, 0xc8, 0x7e, 0x70, 0x21, 0x6e,
    0x1e,

    /* U+6280 "技" */
    0xb, 0xd, 0x87, 0xff, 0x31, 0xa1, 0x52, 0xf,
    0x1f, 0x81, 0xe4, 0x1e, 0x39, 0x44, 0xa0, 0xff,
    0x90, 0xfc, 0xde, 0x2e, 0xd, 0x17, 0x3e, 0x30,
    0xb0, 0x6b, 0x8, 0x85, 0xc1, 0xae, 0xc3, 0xff,
    0x94, 0xf7, 0x72, 0xb, 0x4e, 0xc7, 0xe0,

    /* U+6284 "抄" */
    0xb, 0xc, 0xe1, 0xff, 0xcd, 0x43, 0xef, 0x1c,
    0x40, 0x70, 0xbc, 0x74, 0x40, 0xd8, 0x7a, 0x60,
    0x91, 0xd, 0x38, 0x66, 0x47, 0x6, 0x1d, 0x20,
    0xe2, 0x7, 0x52, 0x14, 0x86, 0xf0, 0xc1, 0xfe,
    0x68, 0x1c, 0x81, 0xba, 0x21, 0x9a, 0x39, 0x68,
    0x60,

    /* U+628A "把" */
    0xb, 0xf, 0xfe, 0x27, 0xf8, 0x3f, 0xb8, 0xc3,
    0x78, 0xe0, 0xfe, 0xf1, 0xc1, 0xff, 0xce, 0x93,
    0x8c, 0x35, 0x9a, 0x7f, 0x6, 0x84, 0x3f, 0xd2,
    0x1f, 0xc8, 0x7f, 0xf0, 0x60, 0x90, 0xfc, 0xa0,
    0x51, 0x3, 0xfa, 0xc0,

    /* U+6292 "抒" */
    0xb, 0xf, 0xfe, 0x27, 0xfc, 0x1f, 0x77, 0xa2,
    0x7, 0x8f, 0x3, 0xd4, 0x41, 0xe2, 0xc7, 0x58,
    0x3c, 0xdf, 0x2b, 0xc1, 0xd3, 0xf1, 0xe0, 0xac,
    0x18, 0x72, 0x81, 0xe2, 0xf, 0x30, 0x10, 0xff,
    0xef, 0x61, 0xbc, 0x87, 0xbc, 0x17, 0xa0, 0xc0,

    /* U+6293 "抓" */
    0xf, 0xfe, 0x2e, 0x1e, 0x78, 0x3e, 0xa7, 0xa2,
    0xf, 0x2b, 0x7c, 0x1b, 0xc7, 0x96, 0xf, 0x71,
    0xe0, 0xff, 0x21, 0xff, 0xc3, 0x70, 0xfe, 0x73,
    0xf, 0xf6, 0x96, 0x1f, 0xd4, 0x7, 0x83, 0xff,
    0x80, 0x87, 0x30, 0x48, 0x88, 0x69, 0x5, 0x12,
    0x6, 0x12, 0x80,

    /* U+6295 "投" */
    0xb, 0xf, 0xfe, 0x2f, 0xe0, 0xff, 0xbc, 0x1d,
    0xe3, 0x83, 0xd0, 0x3c, 0x76, 0x85, 0x21, 0xe5,
    0x40, 0xf8, 0x39, 0x1f, 0xe0, 0x98, 0xcc, 0xf1,
    0x85, 0xe2, 0x45, 0x84, 0x29, 0xd, 0x58, 0x3f,
    0xc8, 0x7f, 0xcd, 0x79, 0x5, 0xa5, 0xe5, 0x64,
    0xb, 0x8d, 0xd, 0x60,

    /* U+6296 "抖" */
    0xb, 0xf, 0x68, 0x7f, 0x21, 0xff, 0xc1, 0xa0,
    0x7b, 0xc7, 0x8d, 0x41, 0xde, 0x3c, 0xd, 0xf,
    0xf5, 0xa1, 0xfc, 0xf5, 0x7, 0xd1, 0xc3, 0x4,
    0x83, 0x5, 0xdd, 0x94, 0x7, 0x3, 0xd7, 0x8b,
    0xf, 0x2c, 0x1f, 0xfc, 0x97, 0x43, 0xfe, 0x78,
    0x3d, 0xa0,

    /* U+6298 "折" */
    0xf, 0xfe, 0x2e, 0x1f, 0x48, 0x7f, 0x36, 0x87,
    0xeb, 0x8b, 0x41, 0x42, 0x4b, 0x90, 0xde, 0x34,
    0x3f, 0x94, 0x20, 0xbf, 0x83, 0xa8, 0x5e, 0x3c,
    0x6, 0x4, 0x87, 0xef, 0x10, 0x7f, 0xa4, 0x32,
    0x1f, 0xf2, 0x1f, 0xfc, 0x1a, 0x7, 0xe7, 0x5c,
    0x1f, 0x9e, 0x60, 0xd8, 0x40,

    /* U+629A "抚" */
    0xb, 0xf, 0xfe, 0x1d, 0xfe, 0x42, 0x41, 0x78,
    0xf9, 0x7, 0x1c, 0x1f, 0xde, 0x38, 0x3f, 0xf8,
    0x3f, 0x1f, 0x83, 0x9f, 0x40, 0xf8, 0xc, 0x61,
    0x21, 0xe8, 0x10, 0x2c, 0x3d, 0xc1, 0xc8, 0x7f,
    0xdc, 0x1b, 0x9, 0x1d, 0x40, 0xf2, 0x6, 0x4a,
    0x3, 0xe8,

    /* U+629B "抛" */
    0x3, 0x3, 0x3, 0x87, 0x90, 0xff, 0xe1, 0x21,
    0xe4, 0x2e, 0x20, 0xa8, 0x50, 0x1c, 0x39, 0xd1,
    0x83, 0xd4, 0xe, 0xc3, 0xd0, 0xa3, 0xc6, 0x6,
    0xf, 0x21, 0xd2, 0x58, 0x11, 0x60, 0x78, 0x2c,
    0xd0, 0xfe, 0x50, 0x28, 0xc1, 0xc8, 0x59, 0x44,
    0x14, 0x68, 0x77, 0xc8, 0x2e, 0xd1, 0xfd, 0x0,

    /* U+62A1 "抡" */
    0xf, 0xfe, 0x2e, 0x19, 0x41, 0xff, 0xc0, 0xb0,
    0xff, 0x91, 0x41, 0xbc, 0x78, 0xac, 0x1b, 0xc7,
    0xcb, 0xb0, 0xfb, 0x60, 0x4e, 0x1c, 0xa0, 0xcd,
    0x81, 0x8e, 0x12, 0x81, 0xa0, 0x40, 0xbe, 0xd,
    0xc1, 0xad, 0x2, 0x1f, 0xfc, 0x18, 0x3e, 0xef,
    0xc8, 0x2d, 0x3, 0xfd, 0x2, 0xe0, 0xff, 0x0,

    /* U+62A2 "抢" */
    0xf, 0xfe, 0x23, 0x86, 0xc3, 0xff, 0x80, 0x88,
    0x7f, 0xd3, 0x7, 0x71, 0xd0, 0x9c, 0x37, 0x1e,
    0x72, 0x30, 0xf3, 0x21, 0x66, 0x1c, 0xcf, 0xea,
    0x7, 0x60, 0xf8, 0x50, 0x3c, 0x68, 0x7f, 0x70,
    0x75, 0x87, 0xff, 0x2, 0xf1, 0x7, 0xff, 0x1,
    0xa, 0xd0, 0xbf, 0x50,

    /* U+62A4 "护" */
    0xb, 0xd, 0x7, 0xff, 0x6, 0xf, 0xf3, 0xac,
    0xf, 0x1f, 0x5b, 0xc0, 0xf1, 0xe2, 0xb0, 0x7f,
    0xf1, 0xec, 0xbe, 0x9, 0x81, 0x9f, 0xa0, 0x59,
    0x7, 0x90, 0x68, 0x7f, 0xf4, 0x38, 0x3e, 0x71,
    0x60, 0xf9, 0xf3, 0x7, 0xc0,

    /* U+62A5 "报" */
    0xb, 0x43, 0xff, 0x89, 0xfc, 0x1f, 0xef, 0x83,
    0x78, 0xb4, 0xc, 0x85, 0xe2, 0xd0, 0x64, 0x1f,
    0xed, 0x58, 0x7b, 0xc8, 0xac, 0x35, 0x83, 0x49,
    0xf, 0x46, 0x1d, 0x21, 0x48, 0x79, 0x50, 0x7f,
    0xf3, 0x16, 0xd0, 0x38, 0x85, 0x5c, 0x7, 0xc1,
    0x79, 0x1c,

    /* U+62AB "披" */
    0xb, 0xe, 0xc3, 0xff, 0x99, 0xf1, 0xf0, 0x3c,
    0x71, 0xe3, 0x82, 0xf1, 0xc1, 0xda, 0x1f, 0xc8,
    0x38, 0x3c, 0x9c, 0x72, 0x12, 0x60, 0x9f, 0x8,
    0x38, 0xc0, 0xa1, 0xd, 0xe0, 0x92, 0xe8, 0x1f,
    0x78, 0x40, 0x87, 0x96, 0xb9, 0xd0, 0x5b, 0xd9,
    0xb5, 0x8b, 0xa3, 0xc1, 0x3c,

    /* U+62AC "抬" */
    0xf, 0xfe, 0x2e, 0x1b, 0xf, 0xfe, 0x72, 0x8,
    0x37, 0x8e, 0x28, 0x78, 0x2f, 0x1c, 0x82, 0xc8,
    0x3c, 0xc7, 0xd2, 0x1d, 0x7d, 0x2d, 0x81, 0x81,
    0x7f, 0x82, 0x81, 0x2, 0xf8, 0x37, 0x6, 0x43,
    0xff, 0x9f, 0xf8, 0x35, 0xa1, 0x5f, 0x6, 0xb8,
    0x1a, 0x16, 0x0,

    /* U+62B1 "抱" */
    0xf, 0xfe, 0x2e, 0x6, 0xf, 0xfe, 0x6, 0x1f,
    0xfc, 0x15, 0x7e, 0x41, 0xe3, 0xcf, 0xe0, 0xde,
    0x21, 0xf8, 0x3f, 0x3f, 0x82, 0x43, 0xa4, 0x3f,
    0xac, 0xdf, 0x83, 0xe8, 0x41, 0x52, 0x1a, 0x43,
    0x2a, 0xa4, 0x3f, 0xde, 0x60, 0xfd, 0xfc, 0x81,
    0xe0, 0x7f, 0xa0,

    /* U+62B5 "抵" */
    0xf, 0xfe, 0x2e, 0x1e, 0x68, 0x1f, 0x34, 0xe2,
    0xf, 0xa3, 0x38, 0x2f, 0x1a, 0x48, 0x7a, 0x84,
    0x1f, 0xe5, 0xa, 0x3c, 0x7c, 0x1c, 0xa3, 0xcd,
    0xe0, 0x39, 0x87, 0xfb, 0x49, 0xb, 0xc1, 0xa8,
    0x1f, 0x21, 0xfa, 0x3c, 0x12, 0x83, 0xbb, 0xcd,
    0x30, 0x5a, 0x77, 0xc8, 0xa2, 0xe2, 0xfc, 0x58,

    /* U+62BC "押" */
    0x4, 0x87, 0xff, 0x7, 0xfe, 0xf, 0x78, 0xf0,
    0xed, 0x87, 0xce, 0xd9, 0xe3, 0xc1, 0xf7, 0x8f,
    0x6, 0xb0, 0xf9, 0xd5, 0x9e, 0x3c, 0xd, 0xc1,
    0xe3, 0xc2, 0x1b, 0xe, 0xc3, 0xff, 0x9b, 0xa8,
    0x3f, 0xbc, 0x1d, 0x84,

    /* U+62BD "抽" */
    0xb, 0xe, 0xc3, 0xff, 0xa5, 0x67, 0x7c, 0x7c,
    0x59, 0xc7, 0x8e, 0xf, 0xfe, 0x35, 0x3, 0xf3,
    0x2, 0x3c, 0x70, 0x3c, 0x40, 0xf1, 0xc0, 0x90,
    0xff, 0xe9, 0x78, 0xe0, 0x3a, 0x17, 0xe8, 0xf,
    0x3, 0xc, 0xe0,

    /* U+62BF "抿" */
    0xb, 0xf, 0xfe, 0x1b, 0xfe, 0x43, 0xe7, 0xf0,
    0x6f, 0x1e, 0xf, 0xea, 0x10, 0xfe, 0x10, 0x28,
    0x77, 0xc7, 0x83, 0xce, 0x4, 0x3e, 0x8c, 0x78,
    0xf8, 0x1a, 0x5b, 0xe3, 0xe0, 0x78, 0x3e, 0x43,
    0xfe, 0x56, 0x41, 0xed, 0xf4, 0xb0, 0x2d, 0x37,
    0x8a, 0x20, 0xb8, 0x60, 0x9e, 0x0,

    /* U+62C2 "拂" */
    0xb, 0xb, 0x6, 0x1f, 0xfc, 0x54, 0x16, 0x78,
    0xe3, 0x8e, 0xca, 0x10, 0x38, 0xc2, 0x50, 0x72,
    0xb, 0x3c, 0x41, 0xd3, 0x9c, 0x70, 0x20, 0xe4,
    0x3b, 0x4, 0x65, 0xf, 0x1c, 0xb, 0x3c, 0x61,
    0xe6, 0x42, 0xc2, 0x41, 0x30, 0x5e, 0x28, 0xe6,
    0x1e,

    /* U+62C5 "担" */
    0xb, 0xf, 0xfe, 0x27, 0xf8, 0x3f, 0xbf, 0x6,
    0xf1, 0xc1, 0xfd, 0xe3, 0x83, 0xff, 0x87, 0xf8,
    0x3e, 0xe3, 0xf0, 0x66, 0x28, 0x1f, 0xd6, 0x21,
    0xfe, 0xd0, 0xdf, 0x83, 0xfb, 0xfc, 0x1f, 0x7f,
    0xe0, 0x5a, 0x7f, 0xe0,

    /* U+62C6 "拆" */
    0xf, 0xfe, 0x2e, 0x1f, 0x50, 0x3f, 0x2a, 0xdc,
    0x3e, 0xef, 0xc8, 0x28, 0x49, 0xc8, 0x77, 0x8d,
    0x10, 0xf9, 0x42, 0xb, 0xf8, 0x3a, 0x85, 0xc7,
    0x82, 0x81, 0x3, 0x83, 0xac, 0x80, 0xf1, 0x5,
    0x21, 0xf9, 0x41, 0xe8, 0x3b, 0x43, 0xcc, 0x1f,
    0x9d, 0x52, 0x1f, 0x0,

    /* U+62C9 "拉" */
    0xb, 0xc, 0xc1, 0xff, 0xce, 0xd0, 0xef, 0x1d,
    0xe4, 0xf8, 0x1e, 0x3a, 0xbe, 0x70, 0xfd, 0x1,
    0x41, 0xea, 0x22, 0x68, 0x4e, 0x8, 0x71, 0xc2,
    0xe2, 0x6, 0x12, 0x14, 0x87, 0x94, 0x1f, 0xe6,
    0x98, 0x7e, 0xfc, 0x5e, 0x4b, 0x4f, 0xfc, 0x80,

    /* U+62CD "拍" */
    0xf, 0xfe, 0x14, 0x86, 0xa0, 0x7f, 0x98, 0x3e,
    0x6c, 0xad, 0xb7, 0x96, 0x3, 0x6d, 0x8d, 0x60,
    0xff, 0xe2, 0x70, 0x72, 0x5, 0x80, 0xfd, 0x16,
    0x50, 0x7f, 0x14, 0x43, 0xff, 0x8e, 0x87, 0xcf,
    0xd0, 0x35, 0x1, 0xfc, 0xf, 0x2, 0x81, 0xb0,

    /* U+62D2 "拒" */
    0xb, 0xf, 0xfe, 0x27, 0xfc, 0x1f, 0xaf, 0xe0,
    0x78, 0xe0, 0xfe, 0xf1, 0xc5, 0xf8, 0x3f, 0xaf,
    0x83, 0xe5, 0x7, 0xfa, 0x30, 0x96, 0xd, 0x82,
    0x4a, 0xc1, 0xb8, 0x35, 0xf8, 0x3f, 0xf9, 0x77,
    0xf0, 0x2c, 0x35, 0xfc, 0xb, 0xc0, 0xd0, 0xf0,

    /* U+62D4 "拔" */
    0xf, 0xfe, 0x23, 0x85, 0x8a, 0xf, 0xfe, 0xd,
    0x3, 0xfe, 0x70, 0xdc, 0x76, 0x7c, 0xe0, 0xe3,
    0xa3, 0xfc, 0x1f, 0x61, 0x90, 0xf4, 0xb8, 0xb0,
    0xa8, 0x60, 0xb1, 0xc3, 0x43, 0x45, 0x42, 0x14,
    0x4, 0x45, 0x61, 0xf7, 0x12, 0x41, 0xf4, 0x6f,
    0x8d, 0x5, 0x12, 0x98, 0x2a, 0x5, 0xc6, 0x86,
    0x70,

    /* U+62D8 "拘" */
    0xf, 0xfe, 0x26, 0x16, 0x1f, 0xf2, 0x83, 0xe4,
    0x2d, 0xfc, 0x9c, 0x73, 0xf9, 0x7, 0x8d, 0x83,
    0xfc, 0xab, 0xe0, 0xe4, 0xb3, 0xc1, 0xd4, 0x34,
    0x39, 0x5, 0x3, 0x78, 0x3c, 0x86, 0xb0, 0xff,
    0x49, 0x1, 0xf, 0x20, 0x43, 0x5a, 0x1d, 0xe4,
    0x17, 0x7, 0x7a, 0x0,

    /* U+62DB "招" */
    0xb, 0xf, 0xfe, 0x1f, 0xfa, 0xf, 0x78, 0xf3,
    0x96, 0x70, 0x7e, 0xb3, 0x84, 0x3f, 0xc9, 0x56,
    0xa0, 0xdf, 0x4d, 0xe0, 0x59, 0xd5, 0xf8, 0x16,
    0x19, 0xf8, 0x3f, 0xfa, 0xef, 0xc1, 0x38, 0x67,
    0xe0, 0x9f, 0x1, 0x82, 0xc0,

    /* U+62DC "拜" */
    0xe, 0x83, 0xf9, 0xbc, 0x7f, 0xa0, 0x40, 0xa7,
    0xc7, 0xa0, 0x72, 0x19, 0xf, 0x2d, 0xab, 0x8f,
    0x7, 0xe7, 0xc7, 0x82, 0x5b, 0x6f, 0x1e, 0xe,
    0x6f, 0xc7, 0x80, 0xf8, 0x74, 0x3e, 0x7c, 0x6f,
    0xc7, 0xc1, 0x22, 0xbe, 0x3e, 0x3, 0x61, 0xfe,
    0x6c, 0x3f, 0xe7, 0xf, 0xb0, 0xc0,

    /* U+62DF "拟" */
    0x4, 0x87, 0xb0, 0xc8, 0x54, 0xf, 0xf7, 0x28,
    0x33, 0x94, 0x5, 0x3, 0x39, 0x40, 0x28, 0x3f,
    0xf8, 0x10, 0x7d, 0x40, 0xfe, 0x86, 0xc, 0x84,
    0x83, 0x9, 0xf0, 0x4c, 0x1b, 0xd2, 0x41, 0xf5,
    0x6d, 0x41, 0xd9, 0xc9, 0x66, 0x20, 0xf2, 0x6,
    0x3c, 0x14, 0x1e,

    /* U+62E5 "拥" */
    0xb, 0xf, 0xfe, 0x1f, 0xf8, 0x24, 0x37, 0x18,
    0x9c, 0x70, 0x10, 0xef, 0x1c, 0x78, 0xc3, 0xfb,
    0x8c, 0x3d, 0x21, 0xfa, 0xc3, 0x71, 0x86, 0x89,
    0x28, 0x41, 0x48, 0x64, 0x8, 0x7d, 0x21, 0xff,
    0x38, 0xa0, 0xd6, 0xb8, 0x14, 0x12, 0xe6, 0xd,
    0x60,

    /* U+62E7 "拧" */
    0xf, 0xfe, 0x2e, 0x13, 0x87, 0xff, 0x1, 0xa0,
    0x7f, 0xa9, 0x94, 0x41, 0xe3, 0x90, 0xe8, 0x1e,
    0x38, 0xad, 0x87, 0xec, 0x33, 0x87, 0xaf, 0xf8,
    0x28, 0xef, 0x8f, 0x81, 0x83, 0xf, 0xf7, 0x7,
    0xff, 0x71, 0xd0, 0xad, 0xe, 0x78, 0x2b, 0x83,
    0x0,

    /* U+62E9 "择" */
    0x3, 0x7, 0xff, 0xf, 0xfe, 0xf, 0xb6, 0xf1,
    0x5, 0xce, 0xd1, 0xd4, 0x16, 0xad, 0x18, 0x83,
    0xb0, 0x5b, 0x3c, 0x87, 0x3d, 0xd4, 0x61, 0x6f,
    0xac, 0xe6, 0x6, 0xaa, 0x78, 0xf8, 0x2e, 0x1f,
    0x8f, 0xa0, 0xe7, 0xe3, 0xe8, 0x3f, 0xf8, 0x94,
    0xc3, 0xfc,

    /* U+62EC "括" */
    0xf, 0xfe, 0x2e, 0x1e, 0x74, 0x3c, 0xfe, 0xa2,
    0x1e, 0x6e, 0x34, 0x2f, 0x1c, 0x88, 0x7b, 0xc6,
    0xfc, 0x7c, 0x1e, 0xfa, 0x3e, 0xe, 0x60, 0x21,
    0xf4, 0x40, 0x50, 0xa0, 0xb0, 0x77, 0x42, 0x81,
    0x70, 0x6b, 0xe0, 0xff, 0xe6, 0x5f, 0x6, 0x74,
    0x2b, 0xe0, 0xcf, 0x3, 0x42, 0xc0,

    /* U+62ED "拭" */
    0xb, 0xe, 0xa2, 0x1f, 0xfc, 0x19, 0xf, 0x97,
    0xe, 0xf, 0x1d, 0x61, 0x60, 0x78, 0xef, 0x95,
    0xe0, 0xf3, 0x52, 0x1f, 0xa3, 0x78, 0x39, 0xc0,
    0xa1, 0x10, 0xd2, 0x41, 0x90, 0xee, 0xe, 0x50,
    0x7f, 0xa2, 0x3, 0x21, 0xd9, 0xe6, 0x8a, 0x2c,
    0x1c, 0x12, 0x20, 0xbc, 0x1f, 0x70,

    /* U+62F1 "拱" */
    0xb, 0xb, 0x6, 0x1f, 0xfd, 0x4f, 0x1f, 0x1e,
    0x34, 0x1e, 0x3d, 0x1e, 0x24, 0x3e, 0x43, 0x21,
    0xee, 0xf, 0xe7, 0x28, 0x86, 0x42, 0xe1, 0xe3,
    0xc5, 0x82, 0x41, 0xe7, 0x9f, 0x7, 0xca, 0x13,
    0xf, 0x9b, 0x4, 0xe0, 0xb5, 0x58, 0x69, 0x5,
    0xce, 0x1e, 0x80,

    /* U+62FE "拾" */
    0xf, 0xfe, 0x2e, 0x1b, 0x83, 0xff, 0x82, 0x87,
    0xfd, 0xa4, 0x1b, 0xc7, 0x25, 0xb0, 0x54, 0x22,
    0x80, 0x98, 0xa, 0x2, 0x5e, 0x85, 0x7, 0x3f,
    0xf2, 0x59, 0xdf, 0xe0, 0xd1, 0x3, 0xe8, 0x34,
    0x87, 0xc8, 0x7f, 0xf0, 0x50, 0xff, 0x7d, 0x6,
    0xb4, 0x2f, 0xc1, 0x0,

    /* U+62FF "拿" */
    0xf, 0xfe, 0x45, 0x3, 0xfe, 0x95, 0x7, 0xe7,
    0x68, 0xe8, 0x67, 0xa3, 0xe6, 0x9a, 0xa, 0xcb,
    0xaa, 0xc1, 0xa0, 0xac, 0x8c, 0x19, 0x5f, 0x9d,
    0xd, 0xe5, 0xf0, 0x7a, 0x5c, 0x21, 0xfb, 0xe0,
    0x7c, 0x1b, 0xac, 0x95, 0xb0, 0x7f, 0x2b, 0xf8,
    0x3d, 0xb8, 0x7f, 0xde, 0x43, 0xc0,

    /* U+6301 "持" */
    0xb, 0xe, 0xc3, 0xff, 0x99, 0xf1, 0xe8, 0x1e,
    0x3b, 0xe3, 0xd0, 0x3c, 0x70, 0x7f, 0xf0, 0x6f,
    0x8f, 0x90, 0xd7, 0xf5, 0xe4, 0xb3, 0xfd, 0x79,
    0x3c, 0x35, 0xc3, 0x22, 0x1a, 0xd6, 0xd0, 0xfb,
    0x30, 0xff, 0xe0, 0x58, 0x7a, 0xd0, 0xce, 0xa0,
    0x0,

    /* U+6302 "挂" */
    0x3, 0x6, 0xc3, 0xff, 0x98, 0xf8, 0xf8, 0x2e,
    0x73, 0xc5, 0xe0, 0xb9, 0xd0, 0x90, 0xfe, 0xf8,
    0xfc, 0x19, 0xa7, 0x9f, 0xc0, 0xa1, 0xa0, 0x43,
    0xe5, 0xaf, 0x1f, 0x5, 0x60, 0xbc, 0x5e, 0xf,
    0xf9, 0xf, 0xcf, 0xc7, 0xe0, 0x53, 0x7f, 0xf0,

    /* U+6307 "指" */
    0xb, 0x1c, 0x3f, 0xf8, 0x96, 0x1f, 0xaf, 0x18,
    0x3c, 0x78, 0x17, 0x19, 0x42, 0xc9, 0x4, 0x8a,
    0x16, 0xfc, 0xc1, 0xeb, 0xf8, 0x24, 0xdf, 0xf0,
    0x38, 0xd3, 0xf0, 0x5e, 0xd, 0xf8, 0x3f, 0xbf,
    0x6, 0x43, 0x7e, 0xa, 0x88, 0x5f, 0x82, 0xb8,
    0x18, 0x6c,

    /* U+6309 "按" */
    0xb, 0xc, 0xc1, 0xff, 0xc0, 0xc3, 0xfd, 0x79,
    0x5f, 0x3, 0xc6, 0xdd, 0xf0, 0x5e, 0x38, 0x10,
    0x48, 0x79, 0x60, 0xd0, 0x73, 0xe8, 0xfc, 0x14,
    0x7c, 0x78, 0xb0, 0x60, 0x8a, 0x8, 0x85, 0xc1,
    0x33, 0x40, 0xfe, 0xd8, 0xc3, 0xf3, 0x36, 0x68,
    0x1d, 0x5f, 0x25, 0x30, 0x3c, 0xc8, 0x66, 0x0,

    /* U+6316 "挖" */
    0xf, 0xfe, 0x2e, 0x15, 0xa1, 0xfc, 0xac, 0xa2,
    0x83, 0xd7, 0x96, 0xe0, 0x78, 0xc8, 0xe2, 0xb,
    0xc7, 0x85, 0x5, 0x87, 0x9d, 0xb, 0xc1, 0xce,
    0xea, 0xa6, 0x14, 0x73, 0x5c, 0x16, 0x8, 0xf2,
    0x38, 0x5c, 0x13, 0x9c, 0x1f, 0xd5, 0x5, 0x21,
    0xd2, 0x83, 0x28, 0x74, 0x9f, 0xe4, 0xf, 0x3,
    0xfd, 0x0,

    /* U+631F "挟" */
    0xb, 0xd, 0x87, 0xff, 0x32, 0xf1, 0xf0, 0x5e,
    0x3d, 0x42, 0x88, 0x5c, 0x7c, 0x88, 0x86, 0x41,
    0x28, 0x14, 0xf, 0x6c, 0x14, 0x85, 0x65, 0x63,
    0xbc, 0x14, 0x3e, 0x81, 0xf0, 0x24, 0x35, 0x18,
    0x3f, 0xa1, 0x94, 0x19, 0x4, 0xe0, 0xa2, 0xa,
    0x2d, 0x84, 0xd0, 0x17, 0x38, 0x73, 0x80,

    /* U+6321 "挡" */
    0x3, 0x6, 0xc3, 0xf9, 0xe, 0x43, 0xe8, 0x34,
    0xe, 0x7c, 0x85, 0x20, 0xe7, 0x98, 0x54, 0x1f,
    0x78, 0x10, 0x73, 0x58, 0xa6, 0x6, 0x3b, 0xf8,
    0x2e, 0x55, 0xfc, 0x14, 0x15, 0xfc, 0x1f, 0xfc,
    0x8f, 0xf0, 0x54, 0xcf, 0xf0, 0x56, 0x87, 0xd8,

    /* U+6323 "挣" */
    0xf, 0xfe, 0x2e, 0x16, 0x1f, 0xfc, 0x4, 0x58,
    0x3f, 0xa2, 0xa0, 0xde, 0x38, 0xf2, 0x83, 0x78,
    0xd3, 0xca, 0xc3, 0xcf, 0xc7, 0x83, 0xeb, 0xe3,
    0xc6, 0x7, 0x3f, 0x1e, 0x30, 0x70, 0x2f, 0x1e,
    0xd, 0x20, 0xbc, 0x5e, 0xf, 0xf9, 0xf, 0xfe,
    0x3b, 0xa1, 0x61, 0xe0,

    /* U+6324 "挤" */
    0xf, 0xfe, 0x2e, 0x1b, 0xf, 0xfe, 0xb, 0x7,
    0xf3, 0xe5, 0x7a, 0x7, 0x8f, 0x45, 0xa, 0x3,
    0xc7, 0x2b, 0xca, 0xf, 0xe9, 0x50, 0x7d, 0xab,
    0x56, 0x85, 0x67, 0xcd, 0x5e, 0xa, 0x5, 0x10,
    0x53, 0x4, 0x87, 0xff, 0x15, 0x41, 0xff, 0x34,
    0xf, 0x9d, 0x5e, 0xf, 0x80,

    /* U+6325 "挥" */
    0x6, 0x1f, 0xfc, 0x3f, 0xf8, 0x32, 0x8e, 0x9e,
    0x3, 0x96, 0x92, 0x4, 0x73, 0x9c, 0xf8, 0x3e,
    0xcd, 0xf4, 0x1b, 0xa8, 0x43, 0xa2, 0x8d, 0x9e,
    0x81, 0x89, 0xf1, 0xe8, 0x8, 0x3f, 0x1f, 0x41,
    0xbf, 0x1f, 0x41, 0xff, 0xc2, 0xc3, 0xfe,

    /* U+6328 "挨" */
    0xf, 0xfe, 0x2e, 0x1a, 0x81, 0xff, 0xc0, 0x64,
    0x3f, 0xd4, 0x6, 0x17, 0x8e, 0xdb, 0x88, 0x1e,
    0x39, 0x5f, 0x83, 0xf6, 0xbd, 0x7, 0x6c, 0x56,
    0xa, 0xcf, 0x3c, 0xf8, 0x2e, 0x2, 0xb9, 0xf8,
    0xa, 0x7, 0xc0, 0x7c, 0x1f, 0xa3, 0x43, 0x90,
    0x3b, 0x96, 0x82, 0x8a, 0x9c, 0xd, 0x82, 0xe7,
    0x83, 0x30,

    /* U+632A "挪" */
    0xb, 0xf, 0xfe, 0x15, 0xf9, 0xf9, 0xd, 0x66,
    0x16, 0x27, 0x8c, 0x3c, 0x85, 0xc5, 0x98, 0x5a,
    0x12, 0x39, 0x84, 0xe1, 0x26, 0x87, 0x38, 0x28,
    0x50, 0xc2, 0x90, 0x50, 0x51, 0x87, 0xe4, 0x24,
    0x8, 0x7f, 0x30, 0x6c, 0x3c, 0xa1, 0xb, 0xc0,
    0x66, 0xb8, 0x3c, 0xd3, 0x2d, 0x30, 0x80,

    /* U+632F "振" */
    0xb, 0xf, 0xfe, 0x27, 0xfc, 0x1f, 0xbf, 0xc0,
    0xb3, 0x4b, 0xf2, 0xb, 0x34, 0xbf, 0x21, 0xfb,
    0xfc, 0x1d, 0x24, 0x2b, 0xc0, 0xb3, 0x40, 0xe0,
    0x82, 0x84, 0x32, 0xb0, 0xa4, 0xa, 0xc, 0xc1,
    0xef, 0x5, 0x21, 0x90, 0x28, 0x75, 0x60, 0x65,
    0x44, 0xe4, 0xa1, 0xe5, 0x1c, 0x14, 0x80,

    /* U+633A "挺" */
    0x6, 0x87, 0xff, 0xa, 0xa0, 0x36, 0x87, 0xca,
    0xe7, 0x47, 0x23, 0x1e, 0xc, 0xe5, 0x38, 0x3f,
    0xf8, 0xd, 0x38, 0xf0, 0x6b, 0x57, 0xa3, 0xc0,
    0xc6, 0xd0, 0xfd, 0x1d, 0x88, 0x7c, 0x9a, 0x81,
    0xc7, 0x6, 0xe0, 0xbf, 0x41, 0xd8, 0x30, 0xfb,
    0x27, 0xcf, 0xf0, 0x3e, 0x81, 0x7f, 0x0,

    /* U+633D "挽" */
    0xf, 0xfe, 0x2e, 0x15, 0x3, 0xff, 0x80, 0x87,
    0xff, 0x1, 0x1f, 0x41, 0x59, 0xb4, 0xf1, 0x5,
    0x43, 0x8b, 0xc7, 0x82, 0x40, 0x9e, 0x38, 0x3d,
    0x61, 0xfc, 0xe6, 0x9e, 0x38, 0x2e, 0x13, 0x88,
    0xf0, 0x24, 0x36, 0x87, 0xff, 0x1, 0xc3, 0x61,
    0xce, 0xa0, 0x94, 0x38, 0xd4, 0x27, 0x41, 0xf3,
    0xa1, 0x7c, 0x0,

    /* U+6346 "捆" */
    0x3, 0x87, 0xff, 0xb, 0xfe, 0x83, 0xde, 0x7c,
    0x83, 0x8c, 0x25, 0x6, 0xe3, 0x3c, 0x5a, 0x1f,
    0x78, 0xb4, 0x3b, 0x2, 0x41, 0xa8, 0x40, 0x87,
    0xb, 0x84, 0x81, 0x88, 0x10, 0xec, 0x1a, 0x1f,
    0x42, 0x1f, 0xef, 0x36, 0x82, 0xa0, 0x7f, 0x20,
    0xb4, 0xc3, 0xa8,

    /* U+6349 "捉" */
    0xb, 0xf, 0xfe, 0x27, 0xf8, 0x3f, 0xbf, 0x6,
    0xf1, 0xc1, 0xfd, 0x42, 0xc3, 0xf9, 0x42, 0x8f,
    0xc1, 0xf5, 0x3c, 0x5e, 0xd, 0x3, 0xc1, 0xfb,
    0x4, 0x85, 0x79, 0x7, 0x1, 0xa, 0xf2, 0x1e,
    0x8c, 0x3f, 0xc9, 0xc5, 0xf0, 0x2d, 0xe1, 0xfe,
    0x5, 0xd1, 0xf, 0xc0,

    /* U+634F "捏" */
    0xb, 0xf, 0xfe, 0x27, 0xf8, 0x3f, 0xaf, 0x83,
    0x78, 0xf1, 0x7c, 0x1b, 0xc7, 0x8b, 0xe0, 0xff,
    0x5f, 0x7, 0xd4, 0xe8, 0x50, 0x27, 0x6, 0x28,
    0x50, 0x68, 0x8f, 0x8f, 0x40, 0x50, 0x1f, 0x47,
    0xa0, 0xfe, 0x43, 0xfd, 0xf8, 0xf9, 0x6, 0xf,
    0xfc, 0x80,

    /* U+6355 "捕" */
    0xb, 0xd, 0xa8, 0x3f, 0xf8, 0x34, 0xf, 0xbe,
    0x21, 0xc1, 0xe3, 0xbc, 0x5f, 0x3, 0xc7, 0xe2,
    0xf0, 0x7e, 0xb2, 0xc3, 0xe5, 0x61, 0xf9, 0x8d,
    0x59, 0x61, 0xb0, 0x45, 0x96, 0x1a, 0xc2, 0xb2,
    0xc3, 0xfa, 0xcb, 0xf, 0xfe, 0x35, 0x41, 0xec,
    0x35, 0xa4, 0x9b, 0xe0, 0x0,

    /* U+635E "捞" */
    0x3, 0x85, 0x8e, 0x1f, 0xa8, 0x59, 0x40, 0x20,
    0x70, 0x60, 0xf0, 0x38, 0xd9, 0x54, 0x50, 0x28,
    0x53, 0x7d, 0x70, 0x79, 0xf3, 0xe9, 0xe, 0xa0,
    0x10, 0x30, 0x18, 0xfc, 0x7c, 0x82, 0x46, 0xd5,
    0xe0, 0xde, 0xc, 0xc1, 0xff, 0x48, 0x7f, 0xd3,
    0x1, 0x41, 0x34, 0x6, 0xe, 0xc0,

    /* U+635F "损" */
    0x3, 0x7, 0xff, 0xf, 0xfa, 0xf, 0xd7, 0xa0,
    0xb9, 0xc1, 0xd3, 0xb, 0x9c, 0xbf, 0x83, 0xcd,
    0x78, 0x2d, 0xc1, 0xeb, 0xb, 0x56, 0x13, 0x86,
    0xa0, 0x7f, 0xc8, 0x7b, 0xc1, 0xf9, 0xd4, 0x70,
    0x58, 0x1a, 0x9a, 0x24, 0xf4, 0x34, 0x70,

    /* U+6362 "换" */
    0xf, 0xfe, 0x26, 0x14, 0x87, 0xff, 0x1, 0xf,
    0xfe, 0x2, 0x5e, 0x82, 0x62, 0x67, 0xc4, 0x13,
    0x82, 0x1f, 0x1e, 0x9, 0x30, 0x71, 0xe0, 0xf7,
    0x4, 0x87, 0x30, 0x7f, 0xf0, 0x73, 0x8e, 0x7c,
    0x62, 0x87, 0xe1, 0x5f, 0x7, 0xd3, 0x28, 0x3e,
    0x76, 0x2a, 0x47, 0x5, 0x30, 0x39, 0x80,

    /* U+6367 "捧" */
    0xf, 0xfe, 0x2e, 0x1b, 0x43, 0xff, 0x97, 0x78,
    0xbc, 0x82, 0x85, 0x62, 0xa4, 0x16, 0x40, 0xcb,
    0xe, 0x41, 0xc8, 0x1b, 0xe, 0xe4, 0xa1, 0x60,
    0x72, 0x1b, 0x28, 0x83, 0x8e, 0x66, 0x8c, 0x92,
    0x5d, 0xab, 0xb4, 0x3b, 0xe5, 0x7c, 0x12, 0xf,
    0x9b, 0xe0, 0x51, 0xf, 0xfa, 0xe0, 0xd2, 0x18,

    /* U+636E "据" */
    0xb, 0xf, 0xfe, 0x1f, 0xfc, 0x84, 0x85, 0xfc,
    0x85, 0xc6, 0x7f, 0x21, 0x78, 0xcb, 0xc7, 0x90,
    0xf9, 0xf, 0xfa, 0x3e, 0x3e, 0x5, 0x99, 0xf1,
    0xf0, 0x3c, 0x23, 0xe3, 0xc8, 0x10, 0xf7, 0xc1,
    0xff, 0xc7, 0x49, 0x7, 0xc1, 0xb9, 0x20, 0x7c,
    0x1b, 0xd4, 0x1c, 0x2d, 0x0,

    /* U+6377 "捷" */
    0xf, 0xfe, 0x2e, 0x1b, 0xf, 0xfe, 0x67, 0xc7,
    0xd0, 0x2c, 0xac, 0x35, 0x2, 0x84, 0x85, 0x90,
    0x64, 0x1d, 0xa, 0x1a, 0x1b, 0xf1, 0xe3, 0x47,
    0x27, 0xc7, 0x83, 0x70, 0xb6, 0x7c, 0x14, 0x84,
    0x83, 0xe8, 0x3d, 0x9, 0xf4, 0x1c, 0xaf, 0x1f,
    0x92, 0xde, 0x2f, 0xe4, 0xba, 0x21, 0xf8,

    /* U+6380 "掀" */
    0xf, 0xfe, 0x2e, 0x15, 0xb8, 0x7e, 0xf1, 0x87,
    0xc8, 0x5c, 0x15, 0x1, 0xc6, 0x1b, 0x74, 0x1e,
    0x33, 0xe7, 0xf, 0xec, 0x4f, 0x41, 0x26, 0x15,
    0xba, 0xa, 0x18, 0x79, 0xb, 0x83, 0xf2, 0x12,
    0x83, 0xc9, 0x87, 0xfd, 0x28, 0x32, 0x48, 0xc5,
    0x30, 0x32, 0x44, 0xe2, 0x80, 0xf4, 0xb, 0xa,
    0x0,

    /* U+6388 "授" */
    0xf, 0xfe, 0x2e, 0x1c, 0xda, 0x1e, 0xfe, 0x14,
    0x1e, 0xdd, 0xe4, 0x2f, 0x1a, 0xde, 0x43, 0x71,
    0xb0, 0x82, 0xc, 0x83, 0xa6, 0xd3, 0xe, 0xcf,
    0xf0, 0x56, 0x7f, 0xd6, 0xe, 0xb, 0x3c, 0x61,
    0x28, 0x33, 0xca, 0xf, 0xe8, 0x60, 0xfc, 0xdd,
    0x39, 0x5, 0xb4, 0xf2, 0xb2, 0x0,

    /* U+6389 "掉" */
    0xb, 0xd, 0x87, 0xff, 0x43, 0xe4, 0xc, 0x41,
    0xbe, 0x43, 0xb7, 0xc7, 0xc1, 0x30, 0xa3, 0xf0,
    0x7c, 0xa3, 0xf0, 0x74, 0x60, 0xac, 0x1a, 0x4,
    0xc7, 0x10, 0x54, 0x1b, 0xc9, 0xe8, 0x39, 0xfa,
    0x3e, 0x9, 0x2, 0xc0, 0x58, 0xc, 0x87, 0xf8,

    /* U+638C "掌" */
    0x2, 0x6, 0x2, 0x1e, 0xc3, 0x58, 0x4f, 0x1c,
    0xea, 0xe0, 0x35, 0xf9, 0xd, 0xd7, 0xbc, 0x6,
    0x2, 0xe0, 0x30, 0x54, 0xf0, 0x11, 0xb, 0xd5,
    0x28, 0x3d, 0x2e, 0x10, 0xf3, 0xf0, 0x3e, 0xb,
    0xd5, 0x25, 0x6c, 0xfe, 0x8f, 0xe0, 0xee, 0x81,
    0xfe, 0xf2, 0x1e,

    /* U+638F "掏" */
    0xf, 0xfe, 0x26, 0x16, 0x1f, 0xf4, 0x87, 0xfc,
    0xaf, 0xd1, 0xe3, 0xc5, 0xf4, 0x9c, 0x20, 0x83,
    0xe4, 0xa0, 0x3d, 0x7, 0xb9, 0xce, 0x9, 0xc8,
    0x73, 0xd2, 0x8, 0x6a, 0x36, 0x2, 0x82, 0xd0,
    0x21, 0xf9, 0xcc, 0xc3, 0xe6, 0x8c, 0xe5, 0xa3,
    0x28, 0x84, 0xb8, 0x3a, 0xf0,

    /* U+6392 "排" */
    0xb, 0xb, 0x34, 0x3f, 0xf9, 0x4c, 0x17, 0x40,
    0x78, 0xf0, 0x7b, 0x7, 0x8e, 0x81, 0x72, 0x1e,
    0xa0, 0x54, 0x43, 0xbe, 0xa, 0xd0, 0x59, 0x28,
    0x32, 0x1a, 0x11, 0xf, 0xd2, 0x3e, 0xa, 0xf0,
    0x73, 0x88, 0x2f, 0x7, 0x95, 0x7, 0xd6, 0x96,
    0x1f, 0xae, 0x30, 0xb4, 0x20,

    /* U+6398 "掘" */
    0xb, 0xf, 0xfe, 0x1f, 0xfe, 0xf, 0xaf, 0xd0,
    0x5e, 0x32, 0xfd, 0x5, 0xe3, 0x2f, 0x3f, 0x7,
    0xec, 0x51, 0x87, 0x61, 0xfe, 0xb2, 0xb, 0x2c,
    0x34, 0x23, 0xe2, 0xf0, 0x24, 0x27, 0xd, 0x87,
    0xc8, 0x7f, 0xd2, 0xc, 0xb0, 0x9d, 0x50, 0x3f,
    0x4, 0xf6, 0xc, 0x36, 0x0,

    /* U+63A2 "探" */
    0xb, 0xf, 0xfe, 0x1f, 0xfe, 0xf, 0xbb, 0xf0,
    0x56, 0x50, 0x80, 0x90, 0x34, 0xd9, 0x6, 0x68,
    0xc3, 0x30, 0xad, 0x41, 0x9f, 0x2, 0xf8, 0x28,
    0xef, 0x8f, 0x81, 0x82, 0xf0, 0x8f, 0x81, 0xc1,
    0x24, 0x70, 0x7c, 0xd8, 0x16, 0xe, 0x6c, 0x37,
    0x41, 0xd5, 0x87, 0xb8,

    /* U+63A5 "接" */
    0xb, 0xd, 0x21, 0xff, 0xc1, 0xc3, 0xfa, 0xf2,
    0xbe, 0x5, 0x9e, 0x9f, 0x4e, 0xb, 0x35, 0x9,
    0x40, 0xfb, 0xcd, 0x9e, 0x43, 0x37, 0x8f, 0xc8,
    0x22, 0x2, 0x21, 0xda, 0x7d, 0x17, 0xc0, 0xf0,
    0x28, 0x78, 0xf0, 0x7d, 0x9e, 0x43, 0xfb, 0x44,
    0xd0, 0x3a, 0xbb, 0xd4, 0xe0, 0x3c, 0xf9, 0xd,
    0x80,

    /* U+63A7 "控" */
    0xb, 0xe, 0x83, 0xff, 0x80, 0xa0, 0xfe, 0xfa,
    0x3e, 0x7, 0x8c, 0xa7, 0xac, 0x2f, 0x18, 0x24,
    0x83, 0xf7, 0x94, 0x4, 0x3d, 0xc4, 0x8, 0x81,
    0x66, 0x3f, 0x53, 0xa, 0x5, 0xe8, 0xf4, 0x9,
    0xf, 0xfe, 0x7a, 0xf, 0xa3, 0xe4, 0xa2, 0x7f,
    0xe4,

    /* U+63A8 "推" */
    0xf, 0xfe, 0x2e, 0x14, 0x30, 0x7f, 0x20, 0xf0,
    0x7f, 0x42, 0x85, 0x3, 0xc7, 0xc, 0x54, 0xf,
    0x1a, 0x78, 0xf8, 0x3a, 0x4f, 0x1e, 0x43, 0xb8,
    0xb2, 0xd0, 0x92, 0x44, 0x8, 0x6f, 0x1a, 0x78,
    0xf2, 0xe, 0xd, 0xe3, 0xc8, 0x7f, 0xf2, 0xbc,
    0x7c, 0x96, 0x85, 0xfe, 0x4b, 0x81, 0x87, 0xc0,

    /* U+63A9 "掩" */
    0xf, 0xfe, 0x2e, 0x1b, 0xf, 0xf5, 0x45, 0x60,
    0xfc, 0xb8, 0x35, 0x9d, 0x9c, 0x50, 0x14, 0x3a,
    0x73, 0x68, 0x49, 0x26, 0x71, 0x21, 0xb8, 0xca,
    0x1a, 0x8, 0x81, 0x94, 0xd, 0xa6, 0x99, 0x40,
    0xde, 0xd, 0x14, 0xf, 0xf6, 0x56, 0x40, 0x85,
    0xaa, 0xa5, 0x14, 0x43, 0x5f, 0x80,

    /* U+63BA "掺" */
    0xf, 0xfe, 0x23, 0x4, 0xc1, 0xff, 0xc0, 0xa1,
    0x7, 0x68, 0x35, 0x4c, 0x16, 0x9a, 0xb, 0x83,
    0x73, 0xc2, 0x51, 0x83, 0xd4, 0x32, 0xe0, 0xce,
    0x57, 0x21, 0x50, 0xac, 0x37, 0x81, 0xca, 0xab,
    0xc5, 0x81, 0xb, 0xbb, 0x20, 0xfd, 0x1d, 0x41,
    0xf7, 0x19, 0x86, 0xa6, 0x77, 0xa0, 0xeb, 0x4b,
    0x43, 0xc0,

    /* U+63CD "揍" */
    0xf, 0xfe, 0x2e, 0x19, 0xc3, 0xfd, 0x51, 0x50,
    0x7d, 0xe5, 0x7c, 0xf, 0x1a, 0x4a, 0xa2, 0xf,
    0x1a, 0xb3, 0xe0, 0xfb, 0xe3, 0xf2, 0x1b, 0xa1,
    0xe4, 0xd2, 0xcb, 0x8f, 0x26, 0xe, 0xb, 0xd1,
    0xe6, 0x14, 0x3f, 0x47, 0x98, 0x39, 0xf0, 0xab,
    0xf, 0x37, 0x4e, 0xc1, 0x6a, 0x8d, 0x1d, 0x45,
    0xcf, 0x7, 0x48,

    /* U+63CF "描" */
    0xb, 0xa, 0x6, 0x1f, 0xfc, 0x97, 0xcf, 0x8f,
    0x2, 0xcb, 0xcf, 0x8f, 0x2, 0xcc, 0x18, 0x20,
    0xfe, 0xef, 0x58, 0x79, 0x46, 0x58, 0x74, 0x41,
    0xfe, 0xc1, 0xa6, 0x58, 0x6e, 0xd, 0x96, 0x1f,
    0xfc, 0xcc, 0xb0, 0xd6, 0x85, 0xf8, 0x35, 0xc0,
    0xc3, 0x60,

    /* U+63D0 "提" */
    0xb, 0xf, 0xfe, 0x1b, 0xfe, 0xf, 0xef, 0xa0,
    0xde, 0x3c, 0x7d, 0x6, 0xe3, 0xc7, 0xd0, 0x72,
    0x4, 0xfa, 0xf, 0x95, 0x5e, 0x9, 0x8f, 0x57,
    0xc0, 0xc1, 0x56, 0x5e, 0x81, 0x40, 0x38, 0x2f,
    0x7, 0xda, 0x8b, 0xc1, 0x91, 0x5e, 0x2f, 0x81,
    0x47, 0x8b, 0xf8, 0x17, 0x44, 0x3f, 0x0,

    /* U+63D2 "插" */
    0xf, 0xfe, 0x2e, 0x1c, 0xda, 0x1e, 0xfd, 0x12,
    0x1e, 0xf8, 0xe4, 0x2f, 0x1f, 0x8f, 0xc0, 0xf1,
    0xf4, 0x5f, 0x7, 0xd4, 0x3e, 0xf, 0x6a, 0xcf,
    0x6, 0x72, 0xf, 0xf7, 0x8, 0x30, 0x61, 0xa4,
    0x36, 0x38, 0x7f, 0xf0, 0x10, 0xff, 0xb2, 0xc3,
    0x5a, 0x17, 0xe0, 0xd7, 0xe, 0x1b, 0x0,

    /* U+63E1 "握" */
    0xb, 0xf, 0xfe, 0x1f, 0xfe, 0xf, 0xbf, 0xc1,
    0x59, 0x9f, 0xe0, 0xb8, 0x8a, 0xf6, 0x5, 0x9,
    0xd7, 0x61, 0xc9, 0x65, 0x1c, 0xc, 0x63, 0x96,
    0xe1, 0x64, 0x3e, 0x2f, 0x1, 0x41, 0x3e, 0x3d,
    0x7, 0x23, 0xe3, 0xd0, 0x76, 0xfc, 0x7c, 0x96,
    0x97, 0xfc, 0x80,

    /* U+63E9 "揩" */
    0xb, 0x6, 0xc, 0x3f, 0xf8, 0x6c, 0x1f, 0xbc,
    0x74, 0x7, 0x8d, 0x3c, 0x3a, 0xf, 0x1a, 0x31,
    0x10, 0x7a, 0x24, 0xf0, 0x7a, 0xf9, 0xab, 0x3,
    0x9b, 0xe6, 0xa0, 0xb8, 0x41, 0x7a, 0xd, 0x21,
    0xaf, 0x41, 0xfe, 0xfc, 0x1f, 0xef, 0xc1, 0xae,
    0xa, 0xf4, 0x10,

    /* U+63F4 "援" */
    0xf, 0xfe, 0x2e, 0x1c, 0xab, 0xf, 0x7f, 0x88,
    0x3c, 0xd9, 0xc6, 0xb, 0x3d, 0x16, 0x30, 0x2c,
    0xf1, 0xce, 0x21, 0xea, 0x15, 0x90, 0xef, 0x45,
    0x6c, 0xe, 0x58, 0xd6, 0xc1, 0xc2, 0x6, 0xb0,
    0x52, 0xe, 0x2c, 0x43, 0xd4, 0x7b, 0x60, 0xf4,
    0xac, 0x58, 0x2b, 0x57, 0xae, 0xf8, 0x17, 0x3c,
    0x85, 0x60,

    /* U+6401 "搁" */
    0x6, 0x8, 0x3f, 0xe5, 0x5f, 0xc1, 0xcc, 0x3f,
    0x1, 0xcd, 0x37, 0xe0, 0x39, 0x94, 0x72, 0xf,
    0xca, 0xd4, 0x1d, 0x64, 0x87, 0xa0, 0x66, 0x6c,
    0x1d, 0x4, 0xe1, 0xd0, 0x66, 0xc8, 0x3f, 0xac,
    0x3f, 0xdd, 0xe0, 0xd8, 0x65, 0x3, 0x40,

    /* U+6402 "搂" */
    0x3, 0x81, 0x28, 0x41, 0xfa, 0x80, 0x50, 0x7e,
    0x82, 0xe0, 0xb8, 0xe8, 0xba, 0xc1, 0xc7, 0x41,
    0x45, 0x87, 0xa9, 0x83, 0xb0, 0xee, 0xe2, 0x3c,
    0xa, 0x17, 0x95, 0xf8, 0x1c, 0x38, 0xf1, 0x60,
    0x43, 0x95, 0xa8, 0x3f, 0x74, 0x43, 0xfc, 0xc4,
    0x68, 0x28, 0xde, 0xb6, 0xa0, 0x5d, 0x39, 0x9,
    0xc0,

    /* U+641C "搜" */
    0xa, 0x9, 0xd0, 0xf9, 0x2f, 0x17, 0x90, 0xf3,
    0x42, 0xd0, 0xbc, 0x65, 0xf, 0x21, 0x78, 0xca,
    0x1e, 0x43, 0xff, 0x91, 0x16, 0x5a, 0x1a, 0x5,
    0x45, 0x48, 0x30, 0x5d, 0x1e, 0x81, 0x70, 0x28,
    0x50, 0x83, 0xf2, 0xbd, 0x21, 0xf9, 0x40, 0xd0,
    0xad, 0x5e, 0xbf, 0x81, 0x73, 0xc8, 0x1b, 0x0,

    /* U+641E "搞" */
    0xf, 0xfe, 0x1e, 0x13, 0x87, 0xf7, 0xa3, 0xf2,
    0x1a, 0xbf, 0x36, 0x6d, 0x79, 0x28, 0x60, 0xfa,
    0xc, 0x86, 0xfa, 0x43, 0x99, 0x78, 0x46, 0x34,
    0xfc, 0x66, 0x8, 0xeb, 0x60, 0xa0, 0x77, 0x83,
    0xfe, 0xf0, 0x7f, 0x3f, 0xc0, 0xb4, 0x3d, 0x39,
    0x71, 0x86, 0xb4,

    /* U+642C "搬" */
    0xf, 0xfe, 0x26, 0x16, 0x1f, 0xfc, 0x4, 0x2f,
    0x83, 0xdc, 0x60, 0xc2, 0x73, 0x1c, 0x39, 0x6c,
    0xc1, 0x90, 0x50, 0x7b, 0x41, 0x1e, 0x42, 0x8c,
    0xd, 0xe8, 0x70, 0x94, 0x6c, 0xe3, 0x10, 0xa0,
    0x79, 0x40, 0x43, 0xe5, 0x7, 0xef, 0x6, 0x43,
    0x91, 0x43, 0xaa, 0x6, 0x8, 0xda, 0xb4, 0x1e,
    0x51, 0xda, 0xc,

    /* U+6444 "摄" */
    0x3, 0x7, 0xff, 0xf, 0xfe, 0x83, 0xda, 0xe3,
    0x81, 0x47, 0x44, 0x3e, 0x92, 0x43, 0xfd, 0xaa,
    0x45, 0x1e, 0xc, 0xfa, 0xf8, 0xf0, 0x38, 0x14,
    0xf8, 0xe0, 0x73, 0x53, 0x39, 0x87, 0x34, 0xd5,
    0x8, 0x79, 0x21, 0x50, 0x79, 0x5b, 0xaa, 0x41,
    0x43, 0xc0, 0xba, 0x81, 0x74, 0x4, 0x81, 0xc0,

    /* U+6446 "摆" */
    0x6, 0x1f, 0xfc, 0x3f, 0xf8, 0x3e, 0xcc, 0xc0,
    0xe7, 0x8, 0x79, 0xcb, 0x23, 0x30, 0xe5, 0x7a,
    0x3e, 0xd, 0x47, 0x8f, 0x5, 0x2, 0x7c, 0x78,
    0x8, 0x2f, 0xc7, 0xc3, 0x3, 0xd1, 0xf8, 0x3e,
    0xa0, 0x30, 0xfb, 0x5, 0xc, 0x18, 0x4a, 0xfa,
    0x51, 0xe0, 0x54, 0xb4, 0x80,

    /* U+6447 "摇" */
    0x3, 0x7, 0x34, 0xf, 0x7e, 0x8c, 0x3d, 0x5b,
    0xa0, 0x39, 0xc8, 0x89, 0x7, 0x3a, 0x22, 0xa0,
    0xfd, 0x42, 0xe, 0x64, 0x14, 0xe0, 0x50, 0xe6,
    0x3a, 0x4, 0xb0, 0xe7, 0xd1, 0x60, 0xbc, 0x79,
    0x83, 0xb4, 0x32, 0x1f, 0x50, 0xa0, 0x5d, 0x94,
    0xef, 0x5, 0xe4, 0xb, 0xd8,

    /* U+644A "摊" */
    0xf, 0xfe, 0x26, 0x1c, 0xa0, 0xff, 0xe0, 0x66,
    0x1f, 0x5e, 0x15, 0x6, 0xce, 0xc4, 0xef, 0x3,
    0x38, 0x19, 0x9e, 0xf, 0x42, 0x22, 0x1d, 0x68,
    0x91, 0x20, 0x8d, 0x4, 0x66, 0x83, 0x10, 0x93,
    0x38, 0x8, 0x39, 0xcc, 0xe0, 0xd0, 0xd0, 0x3f,
    0xbc, 0x1b, 0x3c, 0xc, 0x43, 0xbf, 0x3, 0xc1,
    0xd8, 0x70,

    /* U+6454 "摔" */
    0xf, 0xfe, 0x2e, 0x1b, 0x43, 0xf9, 0x75, 0x14,
    0x1e, 0xf9, 0x7, 0x92, 0xcd, 0xa3, 0x50, 0x96,
    0x77, 0x27, 0x7, 0xce, 0x34, 0xe0, 0xed, 0xb0,
    0xb4, 0x16, 0x79, 0x92, 0xe4, 0xe0, 0x7d, 0x33,
    0xa2, 0x86, 0xf4, 0xdf, 0x6, 0x7e, 0x8f, 0xc0,
    0x43, 0xff, 0x80, 0xc8, 0x7f, 0xcf, 0x6, 0x70,
    0xc0,

    /* U+6458 "摘" */
    0xb, 0xd, 0x87, 0xff, 0x9, 0xf, 0xcf, 0xc5,
    0xf0, 0x28, 0x7a, 0x38, 0xf0, 0x28, 0x5c, 0x71,
    0xa1, 0xf7, 0x9f, 0x7, 0xd0, 0xbc, 0x1d, 0x5,
    0xc5, 0x3, 0x40, 0x8e, 0x2c, 0x35, 0x3, 0x53,
    0x83, 0xfe, 0xd0, 0xff, 0x37, 0x40, 0xce, 0x84,
    0xb6, 0x20, 0x78, 0xc3, 0x78, 0x0,

    /* U+6467 "摧" */
    0x3, 0x6, 0xc3, 0xf2, 0x61, 0xda, 0x1f, 0x49,
    0x21, 0xb8, 0xd3, 0x4d, 0x40, 0xe3, 0x9a, 0x34,
    0xf, 0x31, 0xe3, 0xd0, 0x59, 0xab, 0x8f, 0x40,
    0xc0, 0x8f, 0x1e, 0x41, 0xe3, 0x9e, 0x3c, 0x87,
    0xcf, 0x1e, 0x43, 0xe7, 0x8f, 0x21, 0x90, 0x3c,
    0x7c, 0x9d, 0x81, 0xff, 0x20,

    /* U+6469 "摩" */
    0xf, 0xb4, 0x3e, 0xfe, 0x2f, 0xc8, 0x5e, 0x3f,
    0x1e, 0x42, 0xf1, 0xeb, 0x3c, 0x1b, 0x86, 0xa2,
    0xc3, 0x31, 0xcc, 0x50, 0x3b, 0x56, 0x6d, 0x86,
    0xf3, 0xeb, 0x34, 0x34, 0xb8, 0x43, 0x90, 0x7c,
    0xf, 0x83, 0x3d, 0x49, 0x57, 0x17, 0xf4, 0x7e,
    0x85, 0x5, 0xd0, 0x38,

    /* U+6478 "摸" */
    0xf, 0xfe, 0x23, 0x85, 0x83, 0xf, 0xd4, 0x28,
    0x50, 0x3f, 0xf8, 0x9c, 0x7c, 0xf9, 0xe0, 0x71,
    0x93, 0x46, 0xf, 0xea, 0xc1, 0xf5, 0x95, 0x83,
    0x31, 0x81, 0x70, 0x6d, 0x1a, 0x60, 0xe0, 0xac,
    0x7a, 0x2a, 0x98, 0x73, 0xe8, 0x6f, 0x7, 0x9a,
    0x75, 0x20, 0x6b, 0x18, 0x32, 0x47, 0x6e, 0xd,
    0x68,

    /* U+6482 "撂" */
    0x3, 0x7, 0xff, 0xe, 0xff, 0x41, 0xf3, 0xc,
    0x85, 0xce, 0x1f, 0xed, 0x58, 0xc3, 0x21, 0xb0,
    0x49, 0x5c, 0x16, 0xea, 0x2b, 0x5, 0xad, 0x42,
    0x4c, 0x2e, 0x29, 0x92, 0xe0, 0xef, 0x2f, 0x5a,
    0x1b, 0x8f, 0xa2, 0x41, 0x86, 0xac, 0x1a, 0x70,
    0xbf, 0x4,

    /* U+6487 "撇" */
    0xf, 0xfe, 0x26, 0xa3, 0xb, 0xf, 0xa4, 0x12,
    0x1f, 0x9c, 0x58, 0x50, 0x32, 0xb, 0x92, 0x80,
    0xcd, 0x43, 0x46, 0x43, 0x24, 0x41, 0x78, 0x34,
    0x66, 0x48, 0x6c, 0x84, 0x44, 0x50, 0x21, 0x9,
    0xf, 0x90, 0x90, 0xca, 0xf, 0xa2, 0x2, 0x83,
    0xfe, 0x92, 0x6, 0x1b, 0xa1, 0x68, 0x3c, 0x60,
    0x98, 0x18,

    /* U+6491 "撑" */
    0x3, 0x1, 0x34, 0x43, 0x90, 0x48, 0x18, 0x3e,
    0x54, 0x72, 0x81, 0xc7, 0xa, 0x12, 0x5, 0xc,
    0xb, 0xb0, 0x90, 0xb1, 0xa0, 0x30, 0xec, 0xcf,
    0x18, 0x54, 0x3d, 0x2c, 0x4, 0x1c, 0x9, 0x42,
    0x83, 0x21, 0xff, 0xc4, 0x65, 0xb, 0x48, 0x67,
    0xe2, 0xf9, 0x2a, 0xb, 0x10, 0xeb, 0x42, 0xf0,
    0x70,

    /* U+6492 "撒" */
    0xf, 0xfe, 0x26, 0xc, 0xc1, 0x87, 0xff, 0x1,
    0xf, 0xd9, 0x9e, 0x42, 0x73, 0x8c, 0xd5, 0xe1,
    0x88, 0x8, 0x89, 0x1, 0x1d, 0xd8, 0x24, 0x34,
    0x19, 0x41, 0xd0, 0x6c, 0xf2, 0x12, 0x8, 0x64,
    0x44, 0xc, 0x13, 0xa1, 0x61, 0xf3, 0xa2, 0x41,
    0xf3, 0xbd, 0x18, 0x18, 0x69, 0x26, 0x0,

    /* U+6495 "撕" */
    0xf, 0xfe, 0x1e, 0xc, 0xc2, 0xa0, 0x7f, 0x78,
    0x83, 0x66, 0x67, 0xe, 0x69, 0x98, 0x67, 0x38,
    0xc2, 0xf8, 0x32, 0x61, 0x66, 0x16, 0xc, 0x3c,
    0xe6, 0x98, 0x79, 0xc7, 0x33, 0xf, 0x9d, 0xa8,
    0x3f, 0x92, 0xf, 0xed, 0x54, 0x43, 0x62, 0xa1,
    0x20, 0xde, 0x60, 0xb0, 0x60,

    /* U+64A4 "撤" */
    0xf, 0xfe, 0x26, 0x16, 0x16, 0x1f, 0x50, 0xa2,
    0x1f, 0x21, 0xe4, 0x27, 0x2c, 0x4b, 0x7c, 0x39,
    0xe5, 0xb6, 0x20, 0xee, 0x98, 0x64, 0x34, 0x53,
    0x1c, 0x34, 0x1a, 0x49, 0xd, 0x90, 0x7c, 0x84,
    0x86, 0x90, 0xb0, 0xfd, 0xc1, 0x41, 0xff, 0x51,
    0x81, 0xa1, 0x32, 0x30, 0x0,

    /* U+64A9 "撩" */
    0xf, 0xfe, 0x23, 0x86, 0xa0, 0x7f, 0x54, 0xaa,
    0x83, 0xf2, 0x28, 0x37, 0x18, 0x94, 0x2, 0xe,
    0x3c, 0xb, 0x18, 0x39, 0x8a, 0xc5, 0x3, 0x78,
    0xac, 0x70, 0xc1, 0xbf, 0x6, 0xd2, 0x7, 0xe0,
    0xd6, 0x16, 0xc5, 0x3, 0xe7, 0xc0, 0x7c, 0x1e,
    0xf2, 0x14, 0xa2, 0xa2, 0x39, 0x4, 0x80,

    /* U+64AD "播" */
    0xf, 0xfe, 0x23, 0x87, 0x36, 0x87, 0xaf, 0xe9,
    0x2, 0x6, 0x33, 0x20, 0xa8, 0x45, 0x1, 0xc1,
    0x71, 0xe9, 0x26, 0xc3, 0x9f, 0x2, 0x2c, 0x2c,
    0xa7, 0x95, 0xd0, 0x18, 0x20, 0x6f, 0x80, 0x9e,
    0x18, 0xdb, 0x24, 0x3e, 0xdb, 0xf, 0xf6, 0xd8,
    0x7f, 0xb6, 0xc3, 0x51, 0xb, 0xf0, 0x6b, 0x81,
    0x86, 0xc0,

    /* U+64C2 "擂" */
    0xb, 0xf, 0xfe, 0x27, 0xfa, 0xf, 0x35, 0x14,
    0xc1, 0x67, 0x4e, 0x3d, 0x25, 0xc, 0xa, 0x14,
    0x19, 0x7, 0x4c, 0x99, 0xd, 0x1f, 0x18, 0x67,
    0x31, 0x61, 0x58, 0x50, 0x83, 0x8e, 0x9, 0x41,
    0xb8, 0xe0, 0xfe, 0xf1, 0xc1, 0x90, 0xde, 0x38,
    0x34, 0x85, 0xfa, 0x0,

    /* U+64CD "操" */
    0x6, 0x1f, 0xfc, 0x4b, 0xf8, 0x3f, 0x9f, 0x83,
    0x39, 0xbb, 0xf0, 0x67, 0x33, 0x54, 0xa8, 0x3d,
    0x9b, 0x9a, 0x1d, 0x26, 0x1f, 0x90, 0x40, 0x73,
    0x40, 0x82, 0x8b, 0x4b, 0x85, 0x3, 0xc1, 0xbc,
    0x87, 0xa2, 0x56, 0x87, 0x39, 0x82, 0xb0, 0x31,
    0xe0, 0xcf, 0x0,

    /* U+64CE "擎" */
    0xf, 0xfe, 0x2e, 0x60, 0x60, 0xef, 0x19, 0xf0,
    0x7b, 0x2f, 0xca, 0xf8, 0x11, 0xd3, 0xc0, 0xcc,
    0x8, 0xa1, 0x5b, 0xc1, 0x62, 0x82, 0x93, 0xd,
    0xf0, 0x81, 0x46, 0x13, 0x44, 0x41, 0xd8, 0x65,
    0x83, 0x68, 0x77, 0xc9, 0xf0, 0x4f, 0x59, 0x2b,
    0x63, 0xfc, 0xaf, 0xe0, 0xf6, 0xe1, 0xe0,

    /* U+64D2 "擒" */
    0xf, 0xfe, 0x26, 0x1d, 0x87, 0xff, 0x3, 0x20,
    0xff, 0x46, 0xc1, 0x39, 0xdb, 0x73, 0xa3, 0xb,
    0x11, 0xc, 0x4, 0xb6, 0xa, 0x70, 0xd4, 0x22,
    0x20, 0xc8, 0x30, 0xa0, 0xeb, 0x26, 0xa2, 0x98,
    0x28, 0xe, 0xa2, 0x9a, 0x1e, 0xf1, 0x12, 0x1f,
    0x39, 0xb2, 0x16, 0x13, 0xea, 0x6,

    /* U+64E6 "擦" */
    0xb, 0xd, 0x21, 0xff, 0xc0, 0x70, 0xfe, 0xf8,
    0x7e, 0x3, 0x12, 0x78, 0xa0, 0x7b, 0xc7, 0x8e,
    0x40, 0xc3, 0x25, 0x12, 0xe, 0xd4, 0x78, 0x42,
    0xb2, 0x55, 0xe9, 0xc1, 0xc0, 0x55, 0x61, 0x2,
    0x86, 0xa5, 0xa8, 0x1e, 0x64, 0x1d, 0x3, 0x9a,
    0x4, 0xea, 0x1d, 0x5b, 0xb0, 0x34, 0x78, 0x2f,
    0x7, 0x0,

    /* U+6500 "攀" */
    0xb, 0x9, 0x46, 0x1c, 0x82, 0xe0, 0xfb, 0x8c,
    0x2b, 0x38, 0x1a, 0x24, 0xc8, 0xc0, 0xc1, 0x93,
    0xe3, 0x81, 0x60, 0x4b, 0x46, 0x5, 0x8, 0x14,
    0xce, 0x7, 0x91, 0x90, 0x3c, 0x7, 0x5a, 0x68,
    0xf0, 0x38, 0x42, 0xa1, 0xe0, 0xa0, 0xfd, 0xe0,
    0x5f, 0xa3, 0xf4, 0x1e, 0xa2, 0x1e,

    /* U+652F "支" */
    0xe, 0x70, 0xff, 0xea, 0x3f, 0xa3, 0xf8, 0x7f,
    0x47, 0xf0, 0x7f, 0xf0, 0xdf, 0xa3, 0xe4, 0x27,
    0x2f, 0x91, 0xe, 0xe0, 0x2b, 0xf, 0xae, 0x98,
    0x7f, 0x94, 0x1f, 0x5f, 0x8e, 0x41, 0x67, 0x2,
    0xf5, 0x97, 0x7, 0x9f, 0x0,

    /* U+6536 "收" */
    0xf, 0xfe, 0x2e, 0xc, 0x3c, 0x87, 0xff, 0x2,
    0xc, 0x87, 0xff, 0x3, 0x3f, 0x7, 0xcd, 0xe3,
    0xf, 0xd8, 0x7f, 0xa5, 0xa, 0xf, 0xd0, 0xd8,
    0x67, 0x22, 0x82, 0x8, 0xe0, 0x91, 0xa, 0xe4,
    0x28, 0x50, 0x7e, 0xce, 0x88, 0x7b, 0xa0, 0xf8,
    0x3b, 0xc8, 0x68,

    /* U+6539 "改" */
    0xf, 0xa0, 0xeb, 0xf2, 0x21, 0xd7, 0xc1, 0xff,
    0xc5, 0xfc, 0x1f, 0x27, 0x8c, 0x1f, 0x2, 0xf,
    0xde, 0x70, 0x94, 0x1e, 0x89, 0xa6, 0x1f, 0x4c,
    0x88, 0x79, 0x41, 0x21, 0xf7, 0x88, 0x50, 0x4f,
    0x9f, 0x3e, 0xa0, 0x2f, 0xa9, 0x83, 0x43, 0xda,
    0x1b, 0x0,

    /* U+653E "放" */
    0xf, 0xc8, 0x7f, 0x61, 0x48, 0x7f, 0xf0, 0x50,
    0xf9, 0xf, 0xfb, 0xd1, 0xe4, 0xfa, 0x7, 0x3f,
    0x3, 0x88, 0x3f, 0x61, 0x21, 0xcf, 0xa4, 0x18,
    0x76, 0xe9, 0x2d, 0x87, 0x60, 0xde, 0x10, 0xca,
    0xc, 0x88, 0x64, 0x25, 0x10, 0x86, 0xa2, 0x14,
    0xe6, 0x4, 0x6d, 0x9c, 0xdc, 0x73, 0xd4, 0xc2,
    0xb0,

    /* U+653F "政" */
    0xf, 0xfe, 0x54, 0x87, 0x7f, 0xa4, 0x3d, 0xf1,
    0x70, 0x87, 0xff, 0x7, 0xf0, 0x50, 0x7b, 0xc6,
    0x5, 0x2, 0xe0, 0x28, 0x3e, 0xa2, 0x38, 0x7f,
    0x9b, 0x60, 0xfc, 0xeb, 0x7, 0xef, 0x41, 0xfd,
    0x83, 0xe9, 0x40, 0x67, 0xd3, 0xcf, 0x41, 0xe0,
    0xd2, 0xc, 0x0,

    /* U+6545 "故" */
    0xf, 0xfe, 0x36, 0x14, 0x87, 0xff, 0x1, 0xf,
    0xfe, 0x1a, 0xc0, 0xf8, 0xf4, 0x55, 0x83, 0xe3,
    0xe3, 0xc4, 0x1f, 0xa0, 0xfe, 0x40, 0x81, 0x60,
    0xdc, 0x76, 0xfc, 0x1d, 0xe8, 0x12, 0xc1, 0xff,
    0xcc, 0x40, 0x87, 0x7a, 0x69, 0xd1, 0xd, 0xf9,
    0x86, 0x81, 0x61, 0x3a, 0x7, 0x0,

    /* U+6548 "效" */
    0xf, 0xfe, 0x2b, 0x85, 0x87, 0xff, 0x22, 0xa2,
    0x81, 0xfb, 0x18, 0xc1, 0xf8, 0xa, 0x94, 0x27,
    0x8c, 0x12, 0xe, 0xc0, 0x86, 0xe0, 0x51, 0x9,
    0x9, 0xb8, 0x13, 0x4c, 0x35, 0x1d, 0x52, 0x21,
    0xd9, 0x6, 0x43, 0xa7, 0x72, 0x58, 0x29, 0xcb,
    0xc5, 0xd0, 0x1e, 0xc, 0xc0, 0xc0,

    /* U+654F "敏" */
    0x9, 0xf, 0xfe, 0xc, 0x86, 0xa0, 0x74, 0x5f,
    0x26, 0x19, 0x5f, 0xca, 0xbc, 0x99, 0xfc, 0x92,
    0xc4, 0xd1, 0xcc, 0x4c, 0x3f, 0xf8, 0x8, 0x5b,
    0x47, 0x3, 0x8, 0x33, 0x68, 0xda, 0x1f, 0xfc,
    0x4, 0x43, 0xb6, 0x8a, 0x84, 0x33, 0xf3, 0x6f,
    0x61, 0x45, 0xa0, 0xc5, 0x80,

    /* U+6551 "救" */
    0xf, 0xfe, 0x36, 0xa0, 0x61, 0xfe, 0xa0, 0x7c,
    0xb0, 0x20, 0xfd, 0xf1, 0x62, 0x7c, 0x1a, 0x39,
    0xdc, 0x81, 0x28, 0x12, 0x82, 0x42, 0xb2, 0x71,
    0xf, 0x31, 0xf4, 0x48, 0x6b, 0x2f, 0x2d, 0x5,
    0xb9, 0xd0, 0xc3, 0xac, 0x26, 0x62, 0x9, 0xf,
    0x53, 0x50, 0x4e, 0x17, 0x27, 0x4, 0xf8, 0x12,
    0x16, 0x0,

    /* U+6559 "教" */
    0xa, 0x81, 0xa0, 0xf2, 0x4, 0xa, 0xe, 0x65,
    0x79, 0x10, 0xe7, 0x56, 0x3b, 0xf0, 0x3c, 0xa8,
    0x9b, 0x30, 0x7a, 0x3c, 0x12, 0x82, 0x78, 0xf0,
    0xe1, 0xd9, 0xe2, 0xa7, 0xc1, 0x39, 0x22, 0x5,
    0x5, 0x8b, 0x68, 0x87, 0x3e, 0x28, 0x28, 0x82,
    0x78, 0x26, 0x9b, 0x6, 0xc4, 0xf2, 0x61, 0xde,
    0x4, 0x1a, 0x0,

    /* U+6562 "敢" */
    0xf, 0xe4, 0x3d, 0xfc, 0x8, 0x3d, 0xe3, 0xc2,
    0x1e, 0xf8, 0xf8, 0x1f, 0x3, 0x3d, 0x1e, 0xb3,
    0xd, 0xe8, 0x8, 0x7e, 0xb8, 0x4c, 0x3f, 0xea,
    0x2c, 0x1d, 0x71, 0xa5, 0x87, 0x7a, 0xa, 0x10,
    0xea, 0x82, 0x88, 0x2c, 0x1a, 0xd, 0xd8, 0x1e,
    0x9c, 0x98, 0xd0, 0xf3, 0xd0, 0x2c,

    /* U+6563 "散" */
    0xf, 0xfe, 0x23, 0x1a, 0xc, 0x39, 0xd4, 0x61,
    0xfc, 0x98, 0xb8, 0x39, 0x98, 0x9d, 0xf4, 0xe,
    0x72, 0xdb, 0x20, 0x7f, 0x93, 0xf, 0x7f, 0x28,
    0x50, 0x75, 0x47, 0x3e, 0xe, 0xf8, 0x25, 0x83,
    0x96, 0xf, 0xfa, 0xa0, 0x95, 0x7, 0x2c, 0xe,
    0x8c, 0x1c, 0xe6, 0xa3, 0x42, 0xc7, 0xe8, 0x2c,

    /* U+6570 "数" */
    0xf, 0xfe, 0x36, 0x23, 0x7, 0x3a, 0x31, 0x87,
    0x94, 0xe, 0x6, 0x1d, 0xb0, 0xca, 0xbe, 0x6,
    0x43, 0x27, 0x88, 0x1c, 0x97, 0x8, 0x10, 0x6f,
    0x1b, 0x61, 0xf9, 0x19, 0x70, 0x5e, 0x3e, 0x41,
    0x61, 0x65, 0x98, 0x11, 0xd, 0x4d, 0x9, 0x20,
    0xf2, 0xed, 0xd8, 0x1f, 0x59, 0x51, 0x85, 0xc1,
    0x3a, 0x14, 0x0,

    /* U+6574 "整" */
    0xf, 0xfe, 0x36, 0x1b, 0xe, 0xf8, 0xf9, 0x41,
    0xdd, 0xa, 0x73, 0xf0, 0x1b, 0x3a, 0x16, 0x61,
    0x91, 0x15, 0x70, 0x4a, 0x9, 0xe0, 0x21, 0x4c,
    0x65, 0xce, 0x81, 0x98, 0xbc, 0xde, 0x3, 0x77,
    0xaf, 0xe0, 0x5b, 0xe5, 0x56, 0x43, 0x21, 0xfe,
    0x7c, 0x79, 0x55, 0xb1, 0xff, 0xfe, 0x0,

    /* U+6587 "文" */
    0xf, 0x68, 0x7f, 0xf5, 0xff, 0x8b, 0xf2, 0xf,
    0x47, 0xe3, 0xc8, 0x64, 0x32, 0x1f, 0xca, 0x7,
    0x7, 0xee, 0x16, 0xf, 0xca, 0xa8, 0x3f, 0xd2,
    0x21, 0xfc, 0xea, 0xd0, 0xf5, 0xdd, 0x6d, 0xb,
    0x2c, 0x27, 0xb8, 0x1c, 0x87, 0x9a, 0x0,

    /* U+658B "斋" */
    0xe, 0x50, 0x7f, 0xf0, 0x28, 0x1e, 0xfd, 0xf,
    0xf1, 0xf2, 0xb8, 0xbe, 0xd, 0x9c, 0x87, 0x7d,
    0x7f, 0xd1, 0x5, 0x7a, 0x41, 0xf, 0xca, 0xfe,
    0xa, 0xf2, 0xbf, 0x41, 0x34, 0x39, 0xd0, 0xf2,
    0x1f, 0xfc, 0xec, 0x6d, 0xc2, 0xd0, 0xef, 0x20,

    /* U+6597 "斗" */
    0xf, 0xec, 0x3f, 0x50, 0x3f, 0xf8, 0x11, 0x87,
    0xff, 0x2, 0x50, 0x7f, 0x40, 0x90, 0xff, 0x61,
    0xff, 0xc0, 0xa6, 0x1f, 0xfc, 0x5, 0x7, 0xff,
    0x7, 0x58, 0xa6, 0xf, 0xd4, 0xf0, 0x38, 0x1f,
    0xea, 0x12, 0x83, 0xff, 0xa2,

    /* U+6599 "料" */
    0x9, 0x83, 0xd8, 0x52, 0x16, 0xe1, 0xee, 0x2,
    0x2b, 0xe, 0x40, 0xd0, 0x84, 0x3a, 0x4, 0xa3,
    0x43, 0x74, 0x2f, 0x83, 0xde, 0x4b, 0xa6, 0x1f,
    0x25, 0x6, 0x4, 0x14, 0x38, 0xab, 0x30, 0x4c,
    0x6, 0xec, 0x42, 0xc2, 0xf4, 0x87, 0x41, 0xff,
    0xd1, 0x60, 0xf6, 0x0,

    /* U+65A4 "斤" */
    0xf, 0xf2, 0x83, 0xe6, 0x9c, 0x1d, 0xf8, 0xf9,
    0xe, 0xf5, 0x10, 0xff, 0xe4, 0xff, 0xe8, 0x37,
    0xe3, 0xe8, 0x3f, 0xfa, 0xa, 0xf, 0xfa, 0xc3,
    0xfd, 0x8, 0x7f, 0xd8, 0x7f, 0x80,

    /* U+65A7 "斧" */
    0xd, 0x4, 0x87, 0x9d, 0xb, 0xd0, 0x5c, 0x89,
    0x1b, 0x3, 0xc5, 0x36, 0x38, 0xa, 0x25, 0x1c,
    0xa0, 0x5f, 0x51, 0x1e, 0x7, 0x4f, 0x8b, 0xb0,
    0xef, 0xa4, 0x3f, 0x7f, 0xd0, 0x49, 0xf1, 0xf4,
    0x16, 0x87, 0xfa, 0x60, 0xfe, 0x4c, 0x3f, 0xcc,
    0x1d, 0x87, 0x0,

    /* U+65AD "断" */
    0xf, 0xfe, 0x2e, 0x1d, 0xa2, 0x1e, 0xbc, 0xa2,
    0x60, 0xa6, 0xe0, 0x96, 0x2c, 0x43, 0xd0, 0x34,
    0x96, 0x5, 0x45, 0x1, 0xd8, 0x28, 0xa, 0x14,
    0x20, 0xa4, 0xd0, 0xfb, 0x62, 0xc3, 0xe6, 0xa,
    0xf, 0xa0, 0x22, 0x1f, 0x7c, 0xf4, 0xe, 0x7f,
    0x94, 0x1c,

    /* U+65AF "斯" */
    0xf, 0xfe, 0x26, 0x83, 0xc, 0xc1, 0xfe, 0x69,
    0x83, 0x2f, 0x1e, 0xbc, 0x83, 0x2f, 0x19, 0x21,
    0xeb, 0xc1, 0x75, 0x6, 0xbc, 0x1b, 0x70, 0xd7,
    0x82, 0xd1, 0xd, 0x70, 0x7f, 0xf0, 0x50, 0xfe,
    0xcb, 0xc6, 0x1f, 0x79, 0xdb, 0x10, 0xf4, 0xa,
    0x21, 0xf6, 0x40, 0xf4, 0x1e, 0xe0, 0xd2, 0xc,
    0x0,

    /* U+65B0 "新" */
    0xf, 0xfe, 0x2b, 0x87, 0xb4, 0x3f, 0x9b, 0x10,
    0x7a, 0x3c, 0xdf, 0x5, 0x9e, 0x64, 0x43, 0xd4,
    0x14, 0x5, 0xc0, 0xe7, 0x38, 0xef, 0x3, 0xd3,
    0xe8, 0x8e, 0x5, 0xcf, 0x90, 0xfa, 0x80, 0x71,
    0xf, 0xa4, 0x6c, 0x3e, 0xdd, 0xd5, 0x87, 0xa8,
    0x14, 0x21, 0xe4, 0x3a, 0xf, 0x0,

    /* U+65B9 "方" */
    0xf, 0x50, 0x3f, 0xfa, 0xf7, 0xe5, 0x7f, 0x2,
    0xf8, 0xff, 0x83, 0xff, 0x93, 0xfc, 0x1f, 0x27,
    0xe0, 0xfd, 0xa1, 0xff, 0xc0, 0x60, 0xff, 0xa4,
    0x32, 0x1e, 0x98, 0x51, 0xa1, 0xb7, 0xa, 0xd8,
    0x37, 0x82, 0x7e, 0xc,

    /* U+65BD "施" */
    0xf, 0xfe, 0x2e, 0x16, 0x1f, 0xfc, 0x2a, 0xe0,
    0x28, 0x94, 0x1f, 0xa8, 0x35, 0x9a, 0x81, 0xb7,
    0x8, 0x7f, 0xd4, 0x42, 0x50, 0x6a, 0x25, 0xe,
    0xc2, 0x60, 0x46, 0x6e, 0x19, 0xc8, 0x40, 0xa0,
    0xef, 0x6, 0x90, 0x90, 0xfa, 0xad, 0x28, 0x28,
    0x24, 0x24, 0xe, 0x4, 0xfc, 0x83, 0x3c, 0xf,
    0xe8,

    /* U+65C1 "旁" */
    0xf, 0x61, 0xff, 0x21, 0xfb, 0xf4, 0x7e, 0x81,
    0xe5, 0x7c, 0x5c, 0x5, 0x6c, 0xc0, 0x50, 0xd4,
    0x32, 0x54, 0x2b, 0xf1, 0xf9, 0xb, 0xf1, 0xf8,
    0x2b, 0xca, 0xfe, 0x83, 0x95, 0xfc, 0x1f, 0x7e,
    0x83, 0x9e, 0x2, 0x1c, 0xfc, 0x83, 0xd4, 0x3,
    0xc1, 0xaf, 0x20,

    /* U+65CB "旋" */
    0xf, 0xfe, 0x2e, 0x16, 0x87, 0xff, 0x2d, 0x12,
    0xfc, 0xb, 0x3a, 0xbf, 0x81, 0x14, 0xcb, 0xf4,
    0x1c, 0xaf, 0x8d, 0xe, 0xa6, 0x41, 0xb0, 0xde,
    0x2, 0x6, 0x43, 0x90, 0xeb, 0x43, 0xc8, 0x6f,
    0x20, 0x50, 0x51, 0x7, 0xaf, 0x43, 0x83, 0xe4,
    0x9b, 0xd1, 0x7e, 0x40,

    /* U+65CF "族" */
    0xf, 0xfe, 0x2e, 0x16, 0x87, 0xff, 0x5, 0xf,
    0xf9, 0x3f, 0x81, 0xe3, 0xd3, 0x7e, 0x6, 0xdc,
    0xc, 0x3e, 0x42, 0x95, 0xf2, 0x1a, 0xf9, 0xcf,
    0x21, 0xb8, 0xf2, 0x2c, 0x1f, 0x74, 0x2a, 0xe,
    0xf5, 0xa8, 0xf0, 0x14, 0x1c, 0xcc, 0x15, 0x8a,
    0x38, 0x94, 0x20, 0xd5, 0xc8, 0x28, 0xad, 0xe7,
    0x42, 0x74,

    /* U+65D7 "旗" */
    0xf, 0xfe, 0x2e, 0xa, 0x7, 0xff, 0x1, 0x5f,
    0xc0, 0x50, 0xc3, 0xe9, 0xc1, 0x42, 0x58, 0xa,
    0xb, 0x38, 0x4f, 0x8c, 0x39, 0xf1, 0xe8, 0xc3,
    0x79, 0x7, 0xa0, 0xf6, 0x84, 0xb0, 0x7c, 0xa0,
    0x7c, 0x1f, 0xac, 0xa8, 0xc0, 0xa0, 0x5c, 0xed,
    0x83, 0xc, 0xd9, 0xd0, 0xf, 0x9a, 0x68, 0xe2,
    0x6f, 0x4c, 0x3a, 0x40,

    /* U+65E0 "无" */
    0x1f, 0xff, 0x4, 0xfe, 0x2f, 0xc1, 0xfc, 0x87,
    0xff, 0x27, 0xf8, 0xff, 0x3, 0xf4, 0x77, 0xe0,
    0xf5, 0x1c, 0x3f, 0x91, 0xf, 0xfa, 0x81, 0xec,
    0x36, 0xa0, 0xe4, 0x27, 0x60, 0x2b, 0xd4, 0xb,
    0x83, 0x7e, 0x40,

    /* U+65E2 "既" */
    0x7, 0xe7, 0xfa, 0xd, 0xe1, 0x28, 0x70, 0x7f,
    0xf1, 0xbc, 0x1c, 0x87, 0xbc, 0x45, 0x1f, 0x6,
    0xf1, 0x79, 0xbc, 0x1b, 0xe0, 0x9c, 0x3e, 0x90,
    0x22, 0x1f, 0x50, 0x14, 0xf, 0xac, 0xb5, 0x1,
    0x46, 0x7c, 0x90, 0x58, 0x3c, 0x8a, 0xc2, 0xd4,
    0x1c, 0xc1, 0x7c, 0x0,

    /* U+65E5 "日" */
    0xf, 0xdf, 0xf8, 0xff, 0x7, 0xf9, 0xc, 0x82,
    0xfd, 0x3, 0xfc, 0x1f, 0xfc, 0x6f, 0xf0, 0x3f,
    0xc2, 0x1e, 0x40,

    /* U+65E6 "旦" */
    0x7, 0xfe, 0xf, 0x5f, 0xa0, 0xff, 0xe0, 0x21,
    0xff, 0xc0, 0x43, 0xeb, 0xf4, 0x1f, 0x5f, 0xc1,
    0xff, 0xc8, 0xbf, 0x83, 0xeb, 0xf4, 0x1e, 0xd0,
    0xce, 0x17, 0xff, 0xf0, 0xf, 0xff, 0xe0, 0x0,

    /* U+65E7 "旧" */
    0x30, 0x7f, 0xc1, 0xef, 0xe0, 0xff, 0xef, 0xff,
    0x7, 0xdf, 0xc1, 0xff, 0xd3, 0x43, 0xfe, 0xbf,
    0x7, 0xdf, 0xc0,

    /* U+65E9 "早" */
    0x7, 0xfe, 0x43, 0xbf, 0xc8, 0x7b, 0xfc, 0x87,
    0xab, 0xc1, 0xf2, 0xfc, 0x1e, 0xff, 0x21, 0xdf,
    0x4f, 0xc8, 0x2f, 0xd3, 0xfc, 0x5f, 0x93, 0xf8,
    0x3d, 0xa1, 0xff, 0xd4,

    /* U+65EC "旬" */
    0x9, 0x41, 0xff, 0x41, 0xff, 0x25, 0xff, 0x5,
    0x3f, 0xf0, 0x50, 0xff, 0x6, 0x56, 0x5f, 0x7,
    0x38, 0x10, 0xff, 0xe0, 0x7e, 0xf, 0xef, 0xc1,
    0xfd, 0xf8, 0x3f, 0xaf, 0x80, 0x87, 0x68, 0x51,
    0xa1, 0xfd, 0xe6, 0x0,

    /* U+65F1 "旱" */
    0x1f, 0xfc, 0x87, 0x7f, 0x90, 0xf7, 0xf9, 0xf,
    0x7f, 0x90, 0xf7, 0xf9, 0xc, 0xff, 0xe4, 0x2b,
    0xff, 0x41, 0x5f, 0x4f, 0xd0, 0x3f, 0xa7, 0xf8,
    0xfe, 0x9f, 0xe0, 0xff, 0xe7, 0x80,

    /* U+65F6 "时" */
    0xf, 0xec, 0x3f, 0xf8, 0x55, 0x83, 0xf2, 0x6a,
    0xfc, 0x71, 0xa3, 0xf8, 0xa0, 0x72, 0x19, 0x5,
    0x85, 0x87, 0xac, 0xa, 0x83, 0xfd, 0x21, 0xff,
    0x61, 0xd6, 0x1f, 0xcf, 0x90, 0xfd, 0x2, 0xd,
    0x84,

    /* U+65F7 "旷" */
    0xf, 0x90, 0xff, 0xb8, 0x2f, 0xc1, 0x41, 0xde,
    0x7, 0xcf, 0xa0, 0xf7, 0xf4, 0x50, 0x3f, 0xde,
    0xf, 0xf2, 0x83, 0xff, 0x95, 0xe1, 0xf, 0xd6,
    0x68, 0x7a, 0x49, 0xc3, 0xc8, 0x16, 0xf, 0x0,

    /* U+6602 "昂" */
    0x3, 0xff, 0x83, 0xdf, 0xe0, 0xfb, 0xfc, 0x1f,
    0x7f, 0x83, 0xef, 0xf0, 0x73, 0xcd, 0xd4, 0x85,
    0xf9, 0xeb, 0x21, 0x72, 0xf, 0x90, 0xff, 0xe0,
    0x20, 0x4f, 0xa0, 0x58, 0x9b, 0x7a, 0x5, 0xe0,
    0x51, 0xf, 0xe0,

    /* U+6606 "昆" */
    0x3, 0xff, 0x83, 0xcf, 0xf8, 0x3e, 0x7f, 0xc1,
    0xf3, 0xfe, 0xf, 0x9f, 0xf0, 0x79, 0xff, 0xc1,
    0xda, 0x13, 0x81, 0x41, 0xaf, 0x81, 0x79, 0xd,
    0xf8, 0x1e, 0x83, 0xfe, 0x41, 0x86, 0x55, 0x86,
    0x42, 0xcb, 0xd2, 0x7a, 0x80, 0xfa, 0x51, 0xf9,
    0x0,

    /* U+660C "昌" */
    0x3f, 0xf0, 0x5f, 0xe0, 0xdf, 0xe0, 0xdf, 0xe0,
    0xdf, 0xe0, 0xbf, 0xf1, 0xff, 0xe3, 0xfe, 0x81,
    0xff, 0x40, 0xff, 0xc0, 0xff, 0xc0, 0xff, 0xc0,

    /* U+660E "明" */
    0xf, 0x7f, 0xf, 0xe0, 0x7c, 0x1b, 0xc1, 0xff,
    0xc3, 0xf8, 0x37, 0x82, 0xa8, 0x37, 0x82, 0x58,
    0x3f, 0xaa, 0xd, 0xe0, 0xbe, 0xd, 0xe4, 0xb,
    0x1, 0xc1, 0x44, 0x3f, 0x95, 0x7, 0xf5, 0x81,
    0xc3, 0xd8, 0x4f, 0x80,

    /* U+660F "昏" */
    0xf, 0xfe, 0x32, 0xad, 0x7, 0xf5, 0xf2, 0x17,
    0xd1, 0x21, 0xdf, 0x47, 0xe4, 0x1f, 0x93, 0xe1,
    0x2f, 0xa3, 0x55, 0xa5, 0xe3, 0x6b, 0x6d, 0xf9,
    0x34, 0x2f, 0xf0, 0x7b, 0xfc, 0x1e, 0xff, 0x7,
    0xbf, 0xc1, 0xef, 0xf0, 0x67, 0xf, 0x60,

    /* U+6613 "易" */
    0xb, 0xff, 0x7, 0x7f, 0x83, 0xdf, 0xe0, 0xf7,
    0xf8, 0x3d, 0xfe, 0xe, 0xd3, 0xf8, 0x34, 0x9f,
    0xe1, 0xcd, 0x59, 0x40, 0xaa, 0x64, 0x44, 0x4d,
    0xca, 0x1e, 0x3a, 0x6f, 0x1, 0x7, 0x95, 0x46,
    0xc4, 0x33, 0xa7, 0xc0,

    /* U+6614 "昔" */
    0xa, 0x42, 0xc3, 0xff, 0x8d, 0xe6, 0xf8, 0xf0,
    0x5e, 0x2f, 0x47, 0x83, 0xff, 0x87, 0xf1, 0x7a,
    0x3e, 0x3f, 0xff, 0x80, 0x15, 0xff, 0x7, 0xaf,
    0xd0, 0x7d, 0x7e, 0x83, 0xeb, 0xf8, 0x3e, 0xbf,
    0x83, 0xeb, 0xf8, 0x30,

    /* U+661F "星" */
    0x7, 0xfe, 0xf, 0x7f, 0x83, 0xef, 0xf0, 0x7d,
    0xfe, 0xf, 0xbf, 0xc1, 0xe6, 0xf3, 0xf0, 0x73,
    0x79, 0xfc, 0x16, 0xfa, 0x3f, 0x1, 0x47, 0xa3,
    0xe4, 0xd, 0x3e, 0x3e, 0x40, 0xff, 0x1f, 0xc3,
    0xff, 0xf0,

    /* U+6625 "春" */
    0xf, 0x30, 0x7e, 0x7e, 0x9f, 0xc1, 0x9e, 0x83,
    0x56, 0x1d, 0x50, 0xd4, 0x1e, 0xb5, 0x67, 0x83,
    0x3f, 0x2b, 0x3f, 0x1, 0xe2, 0xf8, 0x7c, 0x17,
    0x17, 0xc3, 0xa0, 0xe8, 0x7e, 0x9a, 0x26, 0xa3,
    0xf4, 0x3a, 0x1d, 0xfa, 0xf, 0xef, 0xd0, 0x7f,
    0x7e, 0x83, 0xf6, 0x19, 0x82,

    /* U+6628 "昨" */
    0xf, 0xfe, 0x3a, 0x83, 0xdf, 0x46, 0x1f, 0xb9,
    0x1b, 0xf4, 0x12, 0x20, 0xbe, 0x80, 0xa2, 0x82,
    0x1e, 0xe1, 0x47, 0xd0, 0x56, 0x40, 0xbd, 0x7,
    0xf2, 0x1e, 0xa0, 0x6f, 0xa0, 0xb0, 0xea, 0xc0,
    0x54, 0x84, 0xb0, 0x50, 0x20, 0xff, 0xe4, 0x80,

    /* U+662F "是" */
    0x5, 0xff, 0x7, 0xaf, 0xe0, 0xfa, 0xfe, 0xf,
    0xaf, 0xe0, 0xfa, 0xfe, 0xe, 0x7a, 0xf9, 0x43,
    0xfa, 0x9f, 0xc3, 0x1d, 0x1a, 0xe0, 0x9c, 0xf,
    0xd0, 0x48, 0x3c, 0xfd, 0x1, 0xac, 0xaf, 0xe4,
    0xd1, 0xff, 0x90,

    /* U+663C "昼" */
    0x3, 0xff, 0x90, 0xe7, 0xfc, 0x1f, 0x3f, 0xe0,
    0xf6, 0xfe, 0x2d, 0xe, 0xc3, 0x50, 0x3c, 0x9f,
    0xa3, 0x82, 0xd1, 0xac, 0x46, 0x6, 0x1a, 0xc3,
    0x60, 0x80, 0xfe, 0xf, 0xe7, 0xf0, 0x7e, 0x7f,
    0xc1, 0xdf, 0xff, 0xc0, 0x0,

    /* U+663E "显" */
    0xb, 0xfe, 0x83, 0xdf, 0xd0, 0x7d, 0xfd, 0x7,
    0xdf, 0xd0, 0x7d, 0xfd, 0x7, 0xbc, 0xfa, 0xe0,
    0x98, 0x8, 0xe0, 0xc0, 0x90, 0x7a, 0x81, 0x48,
    0x72, 0xc1, 0xa0, 0xf6, 0x17, 0xac, 0xe6, 0xf8,
    0xff, 0xfe, 0x0,

    /* U+664B "晋" */
    0x7f, 0xfc, 0xab, 0xc7, 0x8f, 0x28, 0xf0, 0x7a,
    0xa, 0x50, 0x65, 0x45, 0xc, 0xa1, 0xb5, 0x7d,
    0x7a, 0xfa, 0x1a, 0xfc, 0x86, 0xbf, 0x83, 0xd7,
    0xf0, 0x7a, 0xfe, 0xf, 0x5f, 0xc1, 0xeb, 0xf8,
    0x20,

    /* U+6653 "晓" */
    0xf, 0xfe, 0x3e, 0x1e, 0xf9, 0xa1, 0xf9, 0x6,
    0x9e, 0x1d, 0xd0, 0xe5, 0x4e, 0x1d, 0x20, 0x60,
    0x66, 0xc, 0x1e, 0xbf, 0x20, 0x56, 0x37, 0x90,
    0xf7, 0x8a, 0x1e, 0x81, 0xa1, 0x21, 0xf4, 0x9,
    0xe, 0xc9, 0xa3, 0x9, 0xe4, 0x41, 0x61, 0x7d,
    0x0,

    /* U+6655 "晕" */
    0x3, 0xff, 0x83, 0xcb, 0xe0, 0xff, 0xe3, 0x22,
    0xf8, 0x35, 0x17, 0xf4, 0x8f, 0x9f, 0xf1, 0x99,
    0x15, 0xee, 0x2, 0x34, 0x6a, 0x43, 0x27, 0x9f,
    0x82, 0xf2, 0xe1, 0x6f, 0x1f, 0xd1, 0xfc, 0x1f,
    0xfc, 0x10,

    /* U+665A "晚" */
    0xf, 0xfe, 0x3e, 0x87, 0x3f, 0x9, 0x79, 0xd,
    0x8d, 0xe8, 0x43, 0xd1, 0xe8, 0xe0, 0xb2, 0x35,
    0x72, 0x16, 0x1d, 0x87, 0xfb, 0x6e, 0xf, 0x32,
    0xa, 0x61, 0x60, 0x54, 0x28, 0x36, 0xd, 0x41,
    0x51, 0xcb, 0x61, 0xf3, 0x5, 0xe8, 0x17, 0xc0,

    /* U+6668 "晨" */
    0xb, 0xff, 0x7, 0xff, 0x25, 0x7c, 0x1f, 0x21,
    0xe4, 0x3b, 0x5f, 0xda, 0x1b, 0x97, 0xd2, 0x1d,
    0x87, 0xff, 0x3, 0x5f, 0xa8, 0x5, 0x65, 0x8e,
    0xd0, 0x16, 0x13, 0x3a, 0x80, 0x8a, 0x28, 0xe0,
    0x91, 0xce, 0xf0, 0x3f, 0x0,

    /* U+666E "普" */
    0xc, 0x86, 0x83, 0xf4, 0x81, 0x41, 0xd7, 0x8b,
    0xd1, 0xe8, 0x13, 0x65, 0x1d, 0x50, 0x54, 0xe,
    0x54, 0x15, 0x18, 0xa3, 0xb4, 0x7, 0xea, 0xdf,
    0x80, 0xaa, 0xfc, 0xa0, 0xef, 0xf0, 0x7e, 0xff,
    0x7, 0xef, 0xf0, 0x7e, 0xff, 0x7, 0xef, 0xf0,
    0x7d, 0x87, 0xb0, 0x80,

    /* U+666F "景" */
    0x3, 0xff, 0x90, 0xff, 0xe4, 0x57, 0x83, 0xca,
    0xf5, 0x3c, 0xa0, 0xad, 0x60, 0x2d, 0xe0, 0x5d,
    0x7e, 0xf0, 0x6a, 0xfc, 0x1f, 0x7f, 0x83, 0xf7,
    0xf8, 0x3e, 0x8e, 0x66, 0xd, 0x74, 0x9, 0xfa,
    0x7, 0xcf, 0x63, 0x78, 0x8, 0x5e, 0x43, 0x20,

    /* U+6674 "晴" */
    0xf, 0xb4, 0x35, 0x66, 0x85, 0x48, 0xe2, 0xbc,
    0x3e, 0x40, 0xe0, 0xe1, 0xb0, 0xf3, 0xc5, 0x34,
    0x1c, 0x7c, 0xfe, 0x7, 0x10, 0x7a, 0xf, 0x3f,
    0x90, 0x9c, 0x2a, 0xc1, 0xa4, 0x2f, 0xc1, 0xbd,
    0x3, 0xf0, 0x58, 0x10, 0x7e, 0xf, 0xfb, 0xc8,
    0x0,

    /* U+6676 "晶" */
    0x3, 0xff, 0x7, 0xbf, 0x41, 0xf7, 0xe8, 0x3e,
    0xfe, 0xf, 0xbf, 0x83, 0x9a, 0xba, 0x82, 0xf5,
    0x4d, 0x5e, 0x7, 0xc1, 0x7a, 0xb, 0xe0, 0xbd,
    0x5, 0xf0, 0x5e, 0x82, 0xf8, 0x2f, 0x41, 0x7c,
    0x17, 0xa0,

    /* U+667A "智" */
    0x4, 0x1f, 0xf2, 0x82, 0xfd, 0x11, 0x78, 0x1e,
    0x40, 0xd1, 0xc3, 0xf5, 0x1e, 0xf, 0x78, 0xc,
    0x79, 0x5, 0xde, 0xbf, 0x40, 0x6e, 0x7e, 0x41,
    0x6f, 0xf0, 0x79, 0xfe, 0xf, 0x3f, 0xc1, 0xe7,
    0xf8, 0x3c, 0xff, 0x7, 0x30, 0x76, 0x80,

    /* U+6682 "暂" */
    0xf, 0xfe, 0x23, 0x86, 0x55, 0xa0, 0xa1, 0xf1,
    0x7c, 0x83, 0x33, 0xc0, 0xc5, 0x3, 0x33, 0xc0,
    0xe9, 0x82, 0xf0, 0xb1, 0x34, 0x7, 0xa3, 0xd2,
    0x1e, 0xf4, 0xba, 0x34, 0x3b, 0x7c, 0xfa, 0xf,
    0x9a, 0xc8, 0x7f, 0xf0, 0x70, 0xfc, 0xd7, 0x7,
    0xeb, 0xf8, 0x30,

    /* U+6691 "暑" */
    0x3, 0xff, 0x90, 0xff, 0xe4, 0x2f, 0x83, 0xcd,
    0xe4, 0xf5, 0xa1, 0x35, 0xd, 0x35, 0x1, 0x2a,
    0x28, 0x32, 0xf, 0xd1, 0x6a, 0xf0, 0x2c, 0x42,
    0x5b, 0x81, 0xf0, 0xbc, 0x1d, 0xc8, 0x7f, 0xf0,
    0xd7, 0x83, 0xfa, 0xfc, 0x84,

    /* U+6696 "暖" */
    0xf, 0xcd, 0x3, 0x9f, 0xf4, 0xf, 0x8a, 0x64,
    0x41, 0x61, 0x40, 0x7c, 0x1f, 0xa7, 0x30, 0xb0,
    0x95, 0xf8, 0x2c, 0xe4, 0xae, 0xd, 0xe1, 0xae,
    0xe, 0x46, 0xac, 0x2c, 0x14, 0x3c, 0x41, 0x6c,
    0x37, 0xa0, 0xb2, 0x37, 0x6, 0x1e, 0xf5, 0xf1,
    0xe0, 0xef, 0x20, 0xbc, 0x0,

    /* U+6697 "暗" */
    0xf, 0x9c, 0x3f, 0xf8, 0xbf, 0x9f, 0x47, 0xa0,
    0x78, 0x67, 0xd5, 0x7, 0x95, 0x10, 0x6a, 0x1e,
    0x1c, 0xb0, 0xef, 0xfc, 0xa, 0x3, 0xfc, 0x1f,
    0xbf, 0x6, 0xa0, 0x5f, 0x83, 0xb0, 0xbf, 0x4,
    0xca, 0x7, 0xe0, 0xa0, 0x40, 0xfc, 0x10,

    /* U+66AE "暮" */
    0xd, 0x86, 0xc3, 0xbe, 0x3f, 0x1f, 0x3, 0xe3,
    0xf1, 0xf0, 0x6c, 0xfc, 0x61, 0xf2, 0xf8, 0x3f,
    0x2f, 0x83, 0x99, 0x40, 0x5d, 0x40, 0xb1, 0x56,
    0x2b, 0xc1, 0x48, 0xd1, 0x4, 0x17, 0x22, 0xfa,
    0x80, 0x9c, 0xfc, 0x7, 0xf, 0x56, 0x43, 0xf3,
    0xfa, 0xc,

    /* U+66B4 "暴" */
    0xb, 0xff, 0x21, 0xe5, 0xf0, 0x7f, 0xf2, 0x97,
    0xc1, 0xe5, 0x85, 0x87, 0xe, 0xc1, 0xe0, 0x78,
    0x26, 0x89, 0x44, 0xa6, 0x7, 0x4f, 0x3a, 0x58,
    0x1d, 0x5a, 0xf5, 0x85, 0xe9, 0x9, 0xb8, 0xd,
    0xd8, 0x1f, 0x83, 0x5d, 0x48, 0xf9, 0xf, 0x7a,
    0xf, 0x0,

    /* U+66F2 "曲" */
    0xb, 0x6, 0x1f, 0xfc, 0xbf, 0x8f, 0x1f, 0x1e,
    0x3c, 0x78, 0x3f, 0xf9, 0x5e, 0x3c, 0x78, 0x1e,
    0x3c, 0x78, 0x3f, 0xf8, 0x8, 0x79, 0x5, 0x9e,
    0x38, 0x1f, 0xf8, 0xc3, 0xf6,

    /* U+66F4 "更" */
    0x3f, 0xff, 0x80, 0xf, 0xe9, 0xfe, 0x9, 0xfa,
    0x7e, 0x43, 0x9f, 0x4f, 0x90, 0xf3, 0xe9, 0xf2,
    0x1e, 0x7c, 0xaf, 0x21, 0xe7, 0xca, 0xf2, 0x1c,
    0xaf, 0x17, 0xc8, 0x73, 0x81, 0xf, 0xed, 0xd0,
    0xff, 0x48, 0xf2, 0x1d, 0xe6, 0xf4, 0x7e, 0x7,
    0xc8, 0x1a, 0x7c, 0x0,

    /* U+66FF "替" */
    0xd, 0x86, 0xd0, 0xea, 0x12, 0x45, 0x3, 0x78,
    0xd3, 0x1c, 0x26, 0x85, 0xd0, 0x68, 0x6, 0x4a,
    0x90, 0x70, 0x65, 0x5a, 0xa2, 0xb, 0xad, 0xe9,
    0xcc, 0x1e, 0xba, 0x37, 0xac, 0x3a, 0xfd, 0x7,
    0xeb, 0xf4, 0x1f, 0xbf, 0xc1, 0xfb, 0xfc, 0x1f,
    0xaf, 0xe0, 0xfb, 0x43, 0xb0, 0x80,

    /* U+6700 "最" */
    0xb, 0xff, 0x7, 0xdf, 0xd0, 0x7e, 0xfe, 0x83,
    0xf2, 0xf8, 0x39, 0x60, 0xf2, 0x82, 0xe4, 0xa,
    0xb, 0x81, 0x8, 0x4b, 0xd0, 0x77, 0x89, 0xa0,
    0x79, 0xa0, 0x3a, 0x83, 0xae, 0x2, 0x4, 0x2c,
    0xa6, 0x8, 0x70, 0xbe, 0xa1, 0x1d, 0x41, 0xf7,
    0x40, 0x30,

    /* U+6708 "月" */
    0xb, 0xfe, 0xe, 0xfe, 0xf, 0xfe, 0x2f, 0xf0,
    0x7a, 0xfc, 0x1e, 0x43, 0xfc, 0xbc, 0x1e, 0xbe,
    0x83, 0x27, 0x56, 0x1a, 0x81, 0xfa, 0x10, 0xfa,
    0x70, 0xde, 0x5, 0x87, 0x7c, 0x0,

    /* U+6709 "有" */
    0xe, 0x83, 0xff, 0x82, 0x87, 0xf5, 0xf1, 0xff,
    0x2, 0xf1, 0x7f, 0xc1, 0x92, 0xbc, 0x87, 0x45,
    0xf9, 0xe, 0x80, 0xbe, 0xd, 0x39, 0xfc, 0x87,
    0x60, 0xfe, 0x43, 0x41, 0x7f, 0x21, 0xfb, 0xf9,
    0xf, 0xfe, 0x6b, 0xa8, 0x0,

    /* U+670B "朋" */
    0x7, 0xe4, 0xfc, 0x1a, 0xc3, 0x78, 0x39, 0xf,
    0xfe, 0x7, 0x83, 0x78, 0x3a, 0xc3, 0x78, 0x39,
    0xf, 0xfe, 0x7, 0x83, 0x78, 0x3a, 0xc3, 0x78,
    0x39, 0x9, 0xf, 0x21, 0xda, 0x1d, 0x2b, 0x36,
    0xf, 0x4f, 0x94, 0x58, 0x58, 0x6e, 0x2f, 0x0,

    /* U+670D "服" */
    0x7, 0xe3, 0xf9, 0xd, 0xe0, 0xbe, 0xf, 0xfe,
    0x2, 0x4, 0x37, 0x83, 0x7a, 0xe, 0xf0, 0x50,
    0xe1, 0xfe, 0x50, 0xa0, 0xde, 0xa, 0x61, 0xd,
    0x40, 0x96, 0xf, 0x28, 0x33, 0x40, 0x94, 0x1e,
    0xc3, 0xbc, 0x1e, 0x89, 0x2, 0xad, 0x5, 0x3a,
    0x3, 0x2e, 0x39, 0x1c,

    /* U+6717 "朗" */
    0xd, 0x87, 0xff, 0x13, 0xf0, 0x5e, 0x3c, 0xf,
    0x7, 0x7c, 0x1f, 0xef, 0x82, 0xf0, 0x75, 0x41,
    0x78, 0x39, 0x60, 0xff, 0x7c, 0x1f, 0xea, 0x30,
    0x3c, 0x1c, 0xb0, 0x5e, 0xf, 0x24, 0x87, 0xa3,
    0xa1, 0x40, 0xf5, 0xe6, 0x15, 0x85, 0x21, 0x38,
    0xf8,

    /* U+671B "望" */
    0x3, 0x7, 0xff, 0x9, 0xfc, 0xfa, 0x7b, 0x7c,
    0x8, 0xac, 0x3e, 0x14, 0x2c, 0x5, 0x83, 0x54,
    0x3f, 0x5, 0xd6, 0x51, 0x5, 0x58, 0x16, 0x20,
    0xfc, 0xf, 0x58, 0x55, 0x2a, 0xa0, 0x9f, 0x95,
    0xf2, 0x1f, 0xfc, 0x1f, 0xe5, 0x7f, 0x0,

    /* U+671D "朝" */
    0xb, 0xf, 0xfe, 0x2, 0x7, 0xf5, 0xe2, 0xf9,
    0xf1, 0x78, 0xbe, 0xe, 0xf1, 0x68, 0xd0, 0x2a,
    0x83, 0x61, 0xaa, 0x9, 0x50, 0x57, 0x83, 0x90,
    0xaf, 0x3, 0x78, 0x1e, 0x2d, 0x1f, 0x1f, 0x17,
    0x9c, 0x2f, 0x8f, 0x84, 0x3f, 0x94, 0x5a,

    /* U+671F "期" */
    0xf, 0xfe, 0x1c, 0x83, 0xf, 0xfe, 0x15, 0xf8,
    0xdb, 0xc6, 0x3c, 0xd, 0xbc, 0x61, 0xfa, 0xf0,
    0x4f, 0x6, 0xbc, 0x13, 0xc1, 0xaf, 0x7, 0xfa,
    0xf0, 0x4f, 0x3, 0x6f, 0x1a, 0xb8, 0x1e, 0x7b,
    0xce, 0x1c, 0xa3, 0xc2, 0x83, 0xac, 0x98, 0x3d,
    0xc1, 0x44, 0x74, 0x34, 0x34, 0x9e, 0x40,

    /* U+6728 "木" */
    0xe, 0x70, 0xff, 0xea, 0xfe, 0x8f, 0xd0, 0x3e,
    0x82, 0xfa, 0xe, 0x90, 0x21, 0xf2, 0x65, 0x3,
    0xea, 0x1, 0x20, 0xe9, 0x41, 0x6a, 0xa, 0x60,
    0xee, 0x82, 0x61, 0xf6, 0x8c, 0x1f, 0xd8, 0x7f,
    0xf0, 0x80,

    /* U+672A "未" */
    0xf, 0x61, 0xff, 0xc9, 0xfc, 0x7d, 0x6, 0xfa,
    0x3e, 0x83, 0xe4, 0x3f, 0x2f, 0xb, 0x82, 0xae,
    0x2b, 0x81, 0xf0, 0x8d, 0xe8, 0x34, 0xc5, 0x3,
    0xdb, 0x5, 0x68, 0x1d, 0xc3, 0x35, 0x2, 0x81,
    0xe7, 0x2, 0x83, 0xfa, 0xf, 0xb0, 0xf0,

    /* U+672B "末" */
    0xf, 0x38, 0x7f, 0xf2, 0xbf, 0x47, 0xe8, 0x2f,
    0xd1, 0xfa, 0xf, 0xfe, 0x2b, 0xf4, 0x7e, 0xc,
    0xf9, 0xb, 0xe0, 0xf9, 0x8a, 0x7, 0xee, 0x2,
    0xa0, 0xf7, 0x21, 0x6c, 0x15, 0xc8, 0x76, 0xe0,
    0xf2, 0x1f, 0x70, 0x10, 0xff, 0x20,

    /* U+672C "本" */
    0xf, 0x50, 0x3f, 0xfa, 0xf7, 0xe5, 0x7e, 0x41,
    0x7c, 0x28, 0xf9, 0xe, 0x90, 0x28, 0x3f, 0x30,
    0x28, 0x1f, 0x70, 0x6b, 0xc, 0xed, 0xab, 0x9d,
    0x5, 0x72, 0xab, 0x81, 0xa2, 0x80, 0xa1, 0xc3,
    0xff, 0xa2,

    /* U+672F "术" */
    0xf, 0x48, 0x7f, 0xf0, 0x9d, 0xf, 0xf9, 0xa0,
    0x7f, 0xf0, 0x18, 0x37, 0xf3, 0x7a, 0xf0, 0x3f,
    0xa, 0x3f, 0x7, 0x49, 0x88, 0x7e, 0x60, 0x50,
    0x3e, 0x90, 0x92, 0xe, 0x98, 0x36, 0xa0, 0xa7,
    0xf, 0x54, 0x16, 0x1f, 0x38, 0x50, 0x7f, 0xa0,

    /* U+6731 "朱" */
    0xf, 0x61, 0xf9, 0x83, 0xfe, 0xc0, 0x87, 0xf2,
    0xb8, 0xfa, 0xa, 0x7e, 0x3e, 0x83, 0x40, 0x43,
    0xf3, 0xf4, 0x7f, 0x3, 0xe4, 0x2f, 0xc1, 0x95,
    0x16, 0x1e, 0x68, 0x8a, 0xc3, 0x54, 0x85, 0x3a,
    0x4e, 0x87, 0x54, 0x58, 0x7e, 0x70,

    /* U+6735 "朵" */
    0xd, 0x7f, 0x7, 0xf5, 0xf0, 0x7f, 0xf2, 0xd4,
    0x19, 0xe, 0x78, 0x9, 0x4f, 0x1, 0xf2, 0x30,
    0xfc, 0x5, 0x7d, 0x1f, 0xc1, 0x7c, 0x1a, 0xf8,
    0x3a, 0x22, 0x88, 0x73, 0x98, 0x1a, 0x90, 0x56,
    0xc, 0xe4, 0x96, 0x87, 0xd6, 0x80,

    /* U+673A "机" */
    0xb, 0x43, 0xff, 0x89, 0xf8, 0x3f, 0xef, 0x7,
    0x78, 0xb4, 0x3f, 0x78, 0xb4, 0x3f, 0x92, 0xf,
    0xfa, 0x6, 0x1f, 0xc8, 0x21, 0xf, 0xd6, 0xd,
    0xf, 0xd8, 0x64, 0x39, 0xf, 0xa4, 0x36, 0x87,
    0x44, 0x16, 0xa0, 0xe6, 0xb, 0xe0, 0xdb, 0xa1,
    0xf0,

    /* U+673D "朽" */
    0xb, 0x43, 0xff, 0x83, 0x7f, 0xc1, 0xd7, 0x1f,
    0x8f, 0x16, 0x68, 0x77, 0x16, 0x38, 0x7e, 0x82,
    0xbe, 0xa, 0x6, 0x95, 0x4, 0xa2, 0x6, 0xb0,
    0x54, 0x6, 0x87, 0xd0, 0x7f, 0xf0, 0x10, 0xff,
    0xe3, 0xa4, 0x1f, 0xeb, 0x60,

    /* U+6740 "杀" */
    0xf, 0xfe, 0x1b, 0x7, 0x50, 0x33, 0xe9, 0x32,
    0xe, 0x7d, 0x6c, 0x1f, 0x33, 0x38, 0x77, 0xe8,
    0xee, 0x2, 0xad, 0xb4, 0x82, 0x9a, 0x95, 0x53,
    0x1f, 0x51, 0x54, 0xf4, 0x13, 0x21, 0x50, 0x35,
    0x30, 0x9c, 0xc1, 0x98, 0x7a, 0x63, 0x81, 0xb8,
    0x54,

    /* U+6742 "杂" */
    0xe, 0x43, 0xff, 0x83, 0xc1, 0xfa, 0xf9, 0x5e,
    0x83, 0xaf, 0x8b, 0x83, 0xf9, 0x10, 0xec, 0x35,
    0x30, 0x9b, 0xa, 0x9e, 0x28, 0xfa, 0xc0, 0xab,
    0xca, 0xf5, 0x40, 0xfa, 0x8a, 0xa7, 0xa0, 0xe8,
    0x35, 0x3, 0xae, 0x40, 0xe6, 0x83, 0x34, 0x3a,
    0xa0, 0x70, 0x37, 0x9, 0xc0,

    /* U+6743 "权" */
    0xb, 0xf, 0xfe, 0x1d, 0x7c, 0x1f, 0x69, 0xe1,
    0xb, 0xc6, 0x3a, 0xb4, 0x2e, 0x37, 0xc0, 0xf0,
    0x6c, 0xc5, 0x1, 0x41, 0x91, 0x86, 0x50, 0x69,
    0x20, 0x4d, 0x84, 0xac, 0x10, 0x64, 0x27, 0x43,
    0x21, 0xff, 0xc0, 0x6a, 0xc3, 0xf5, 0x4a, 0xb4,
    0x39, 0x5a, 0x6, 0x81, 0xb7, 0xe, 0x70,

    /* U+6746 "杆" */
    0xb, 0xf, 0xfe, 0x25, 0xfe, 0xf, 0xaf, 0x1f,
    0x3, 0xc7, 0x7, 0xf7, 0x1c, 0x1f, 0xec, 0x45,
    0x85, 0x82, 0x49, 0xa8, 0xa9, 0x10, 0x5f, 0x8f,
    0x92, 0x83, 0x7, 0xf4, 0x87, 0xff, 0x1, 0xf,
    0xfe, 0xe0,

    /* U+6749 "杉" */
    0xf, 0xfe, 0x2d, 0x3, 0xd0, 0x7f, 0xf0, 0x24,
    0x3f, 0xe9, 0xc2, 0xf2, 0xb8, 0xdc, 0x37, 0x95,
    0xca, 0xc9, 0xc, 0xa8, 0x61, 0x60, 0xa1, 0x60,
    0x53, 0xc, 0x82, 0x1d, 0xc4, 0x1a, 0x85, 0x76,
    0x30, 0x18, 0x34, 0x8d, 0x82, 0xf, 0xa9, 0x87,
    0xf5, 0x98, 0x7e, 0x73, 0x83, 0xea, 0x3c, 0x1e,

    /* U+674E "李" */
    0xf, 0x30, 0x7f, 0xf0, 0x30, 0xfd, 0x7e, 0x57,
    0xf0, 0x2f, 0x42, 0x8b, 0xe0, 0xcd, 0x33, 0xa0,
    0x67, 0xa3, 0x83, 0x38, 0x1d, 0x5a, 0xbc, 0x61,
    0x4a, 0xfc, 0x91, 0x7, 0xec, 0xc3, 0xaf, 0xe1,
    0xfc, 0xb, 0xf4, 0x7f, 0x7, 0xff, 0x1d, 0xe4,
    0x3c,

    /* U+674F "杏" */
    0xe, 0x70, 0xff, 0xe4, 0x7e, 0x8f, 0xd0, 0x3e,
    0x42, 0xbd, 0x6, 0x54, 0x50, 0x3d, 0x4c, 0xd,
    0xa0, 0x73, 0x14, 0x35, 0xd, 0xf9, 0xfc, 0x12,
    0x35, 0xc9, 0x7, 0x2f, 0x7, 0xff, 0x21, 0xfe,
    0xf, 0x9f, 0xe0, 0xc0,

    /* U+6750 "材" */
    0xd, 0x87, 0x61, 0xff, 0xd4, 0xbc, 0x7a, 0xf1,
    0xe0, 0x5c, 0x7a, 0xc1, 0x61, 0xb2, 0xe, 0x43,
    0x90, 0x42, 0x83, 0xd2, 0x49, 0x61, 0xca, 0x81,
    0xa2, 0x1d, 0x40, 0xd4, 0xf, 0x68, 0x5a, 0x83,
    0xfe, 0xa0, 0x7f, 0xf0, 0x12, 0xc3, 0x0,

    /* U+6751 "村" */
    0xa, 0x43, 0xb0, 0xf6, 0x1f, 0xfc, 0xaf, 0x2b,
    0xbe, 0x3c, 0x78, 0x7b, 0xe3, 0xc1, 0x90, 0x41,
    0xf2, 0xc, 0x50, 0x7a, 0x15, 0x50, 0x76, 0xa2,
    0x88, 0x72, 0x41, 0xd0, 0x67, 0xf, 0x21, 0xff,
    0xcd, 0xf2, 0x0,

    /* U+675C "杜" */
    0xb, 0xc, 0xe1, 0xff, 0xd5, 0xf1, 0xe4, 0x3f,
    0x78, 0xa2, 0x1f, 0xf6, 0x7a, 0x3e, 0xa, 0x1b,
    0xd1, 0xf0, 0x49, 0x8, 0x7e, 0xe1, 0xd0, 0xfc,
    0xa0, 0xff, 0xe0, 0x41, 0xff, 0xc5, 0xfa, 0x3e,
    0x43, 0xbf, 0xf2,

    /* U+675F "束" */
    0xe, 0x70, 0xff, 0xe4, 0x7e, 0x8f, 0xd0, 0x3f,
    0x47, 0xe8, 0x2f, 0xa3, 0xe8, 0x3b, 0xd1, 0xe4,
    0x3f, 0xf8, 0xfe, 0x8f, 0x21, 0xde, 0x10, 0x5c,
    0x1d, 0xb1, 0xd0, 0x26, 0xe8, 0x16, 0x70, 0x3c,
    0x87, 0x5e, 0x14, 0x1f, 0xc8,

    /* U+6760 "杠" */
    0xb, 0xf, 0xfe, 0x25, 0x79, 0xf, 0xf2, 0x1d,
    0xe3, 0xac, 0x51, 0x7, 0x1c, 0x1f, 0xec, 0x83,
    0xfe, 0x45, 0x7, 0xf4, 0x8, 0x3f, 0xcc, 0x28,
    0x3f, 0xb4, 0x3f, 0xf8, 0xe8, 0x7f, 0xaf, 0x47,
    0xc8, 0x75, 0xff, 0x20,

    /* U+6761 "条" */
    0xe, 0x83, 0xff, 0x81, 0x3f, 0xa0, 0xf2, 0xdf,
    0x18, 0x75, 0x4a, 0x35, 0x6, 0x4d, 0xed, 0x83,
    0x98, 0x71, 0x50, 0x73, 0x74, 0xf8, 0xf2, 0xc,
    0xb5, 0x45, 0x18, 0x17, 0x7a, 0x3d, 0x18, 0x4f,
    0x84, 0x57, 0x7, 0x5d, 0x8, 0xd0, 0xac, 0xd0,
    0xaf, 0x92, 0xe0, 0xfa, 0xd0,

    /* U+6765 "来" */
    0xf, 0x30, 0x7f, 0xf2, 0xbf, 0x4f, 0xe8, 0x2d,
    0xb9, 0xf3, 0xc1, 0xa8, 0x19, 0x41, 0xf4, 0x85,
    0xe0, 0xd7, 0xaa, 0x77, 0xe0, 0x5f, 0x21, 0x7e,
    0xe, 0x54, 0xd8, 0x7c, 0xd8, 0x15, 0x7, 0x54,
    0x1a, 0x30, 0xb3, 0x43, 0xa9, 0xa7, 0x7, 0xe7,
    0x40,

    /* U+6768 "杨" */
    0x3, 0x87, 0xff, 0xa, 0xfe, 0x83, 0xd7, 0xc9,
    0x3, 0x8d, 0x6, 0x61, 0x69, 0xab, 0xa0, 0x72,
    0x44, 0x5f, 0x42, 0x13, 0xb4, 0x60, 0x49, 0x81,
    0x5c, 0x4, 0xc5, 0x48, 0x84, 0xe1, 0x4d, 0x47,
    0x83, 0x2b, 0x58, 0x43, 0x9d, 0xb4, 0x8, 0x7a,
    0xcf, 0x21, 0x38, 0x30, 0x5c, 0x0,

    /* U+676F "杯" */
    0xa, 0x43, 0xff, 0x85, 0xff, 0x83, 0xdf, 0x2b,
    0xe0, 0x79, 0xb0, 0x38, 0x77, 0x8b, 0x9, 0xf,
    0xd0, 0x21, 0xc3, 0xa1, 0xe4, 0x6c, 0x32, 0x6a,
    0x80, 0xa8, 0x1c, 0x8c, 0x85, 0x20, 0x50, 0x34,
    0x3b, 0x4, 0x1f, 0xfd, 0xc0,

    /* U+6770 "杰" */
    0xf, 0x68, 0x7f, 0xf5, 0x2f, 0xc5, 0xf8, 0x17,
    0xa0, 0x9f, 0x83, 0x36, 0x46, 0x1d, 0x4c, 0x29,
    0xd0, 0x66, 0x1d, 0x74, 0x38, 0x28, 0x37, 0x2,
    0xb3, 0x43, 0x80, 0xaa, 0x26, 0x9a, 0xa, 0x7,
    0x91, 0x89, 0x6, 0xd, 0x28,

    /* U+677F "板" */
    0xb, 0xf, 0xfe, 0x25, 0xfe, 0xf, 0xd7, 0xf0,
    0x2c, 0xe0, 0xfe, 0xb3, 0x8b, 0xf2, 0x12, 0x40,
    0x8b, 0xe, 0x86, 0x3, 0x81, 0x4, 0x92, 0x8d,
    0x41, 0x2a, 0x1c, 0x51, 0x40, 0x38, 0x7c, 0x88,
    0x7d, 0x22, 0x88, 0x3c, 0xae, 0x9e, 0x60, 0xf4,
    0xc, 0x18, 0x76, 0xb4, 0x1a, 0x0,

    /* U+6781 "极" */
    0xb, 0xf, 0xfe, 0x1d, 0xfe, 0xf, 0xa8, 0xfc,
    0x1a, 0xce, 0xd, 0x21, 0x71, 0x62, 0x7, 0x9,
    0x9, 0xe, 0xa0, 0x59, 0x20, 0x4e, 0xc, 0x94,
    0xcc, 0x16, 0xe, 0x1c, 0x5c, 0x20, 0x50, 0x4d,
    0x70, 0x50, 0x52, 0x20, 0x43, 0xd3, 0x3c, 0xe8,
    0x7a, 0xad, 0xa9, 0xb, 0x9b, 0x9, 0xd0,

    /* U+6784 "构" */
    0xf, 0xfe, 0x26, 0x6, 0xf, 0xfb, 0xf, 0xfe,
    0x2, 0xbf, 0x8f, 0x1c, 0x7f, 0x3, 0x8c, 0x4c,
    0x3d, 0x91, 0x21, 0xf2, 0x39, 0xc1, 0xc8, 0x3c,
    0x2f, 0x2, 0x80, 0xa2, 0x70, 0x8a, 0x9, 0x58,
    0x30, 0x41, 0xbe, 0xa3, 0x87, 0xf2, 0x84, 0x3f,
    0xd8, 0x0,

    /* U+6790 "析" */
    0xf, 0xfe, 0x2e, 0x87, 0x3a, 0x1f, 0xaf, 0x51,
    0xf, 0xcd, 0xe4, 0x2b, 0x2d, 0x10, 0xf5, 0xa,
    0x7, 0xf9, 0x35, 0x1f, 0xc1, 0x43, 0x3, 0xc7,
    0x80, 0xa2, 0x50, 0x7e, 0xa0, 0x20, 0xfe, 0x90,
    0x3a, 0x1f, 0x21, 0x9c, 0x3f, 0xe8, 0x43, 0xfe,
    0x70, 0xff, 0x6e, 0x1b, 0x8,

    /* U+6795 "枕" */
    0xb, 0xd, 0x87, 0xff, 0x35, 0x42, 0xe0, 0x78,
    0xf5, 0x9e, 0xa0, 0x3c, 0x73, 0x14, 0xc3, 0x44,
    0xe0, 0x41, 0x4, 0x82, 0x41, 0x1, 0x4, 0x90,
    0x10, 0xf9, 0x81, 0x1a, 0x1e, 0xc3, 0x2a, 0x9,
    0x41, 0xe9, 0xd, 0x87, 0x39, 0xf, 0x94, 0x1c,
    0xe0, 0xbe, 0x0,

    /* U+6797 "林" */
    0x9, 0x83, 0x61, 0xf6, 0x1f, 0xfc, 0xdf, 0x2b,
    0xbc, 0x7a, 0x7, 0x87, 0xb0, 0xb8, 0x39, 0x83,
    0xfd, 0x8, 0xb0, 0x10, 0xca, 0x2f, 0x8a, 0x5,
    0xc1, 0x6a, 0x11, 0x16, 0xa, 0xc2, 0xa0, 0xc1,
    0xa0, 0xcc, 0x1f, 0x21, 0xc8, 0x7f, 0xf0, 0xc0,

    /* U+679A "枚" */
    0xf, 0xfe, 0x2c, 0x81, 0xc3, 0xff, 0x82, 0x87,
    0xff, 0x3, 0x16, 0xb, 0xcd, 0xad, 0x58, 0x1e,
    0x2c, 0x16, 0xd0, 0x3a, 0x23, 0x10, 0xe8, 0x1b,
    0x20, 0x43, 0x24, 0x69, 0x21, 0xb5, 0x1a, 0x2b,
    0xc, 0xc1, 0xf2, 0x1a, 0xe, 0x9b, 0xf, 0xed,
    0xd5, 0xa1, 0xed, 0xc1, 0x50, 0x69, 0xe0, 0xce,
    0x0,

    /* U+679C "果" */
    0xb, 0xff, 0x41, 0xef, 0x47, 0x90, 0xfb, 0xd1,
    0xe4, 0x3e, 0xf4, 0x79, 0xf, 0xfe, 0x4f, 0xa3,
    0xce, 0x1d, 0xf4, 0x7c, 0x84, 0xfe, 0x8f, 0xe0,
    0x3e, 0x84, 0x57, 0xc1, 0xa9, 0xe2, 0x34, 0x2b,
    0x30, 0xd7, 0xc9, 0x70, 0x7d, 0x68, 0x79, 0xc3,
    0xc0,

    /* U+679D "枝" */
    0xa, 0x43, 0x61, 0xff, 0xcc, 0xa8, 0xa8, 0x16,
    0xd8, 0x7f, 0x58, 0xf5, 0x15, 0x7, 0x21, 0xff,
    0x40, 0xdf, 0x1e, 0x42, 0x48, 0xd, 0xe1, 0x7,
    0x26, 0xd0, 0x90, 0xa4, 0x39, 0xd8, 0x24, 0x3f,
    0x21, 0xfc, 0xe6, 0x68, 0x79, 0xe8, 0x54, 0x80,

    /* U+67A2 "枢" */
    0x3, 0x7, 0xff, 0xd, 0xff, 0x41, 0xf3, 0x7c,
    0xc0, 0xe7, 0xc4, 0x81, 0xb, 0x4f, 0x1c, 0xd0,
    0x3d, 0x85, 0x45, 0x6, 0x5a, 0x2, 0x21, 0xa4,
    0xc2, 0x44, 0x25, 0x63, 0x2, 0x8c, 0x7, 0xe,
    0x95, 0x21, 0xfe, 0x80, 0x87, 0xe5, 0x7c, 0xe1,
    0xf3, 0xfe, 0x0,

    /* U+67A3 "枣" */
    0xf, 0x48, 0x7d, 0x5c, 0xd7, 0x81, 0xfc, 0x3f,
    0xc0, 0x4a, 0x86, 0xa5, 0x5, 0xbc, 0xb, 0xf,
    0xe8, 0x18, 0x7d, 0x9a, 0xa2, 0x43, 0xca, 0xb2,
    0x14, 0x7, 0xd4, 0xf0, 0x2e, 0xc7, 0x93, 0xd4,
    0x7, 0x83, 0xaf, 0x50, 0x3f, 0xaf, 0x58, 0x7f,
    0xcf, 0x7, 0x0,

    /* U+67AA "枪" */
    0xf, 0xfe, 0x2e, 0x1a, 0x43, 0xff, 0x80, 0xe1,
    0xff, 0x22, 0x83, 0x78, 0xf1, 0x58, 0x37, 0x8f,
    0x42, 0xd8, 0x64, 0xe7, 0x4, 0xe1, 0x40, 0x4f,
    0xe4, 0xa, 0x24, 0xbc, 0x8, 0x14, 0x18, 0x39,
    0xb, 0xf, 0x50, 0x3f, 0xc9, 0x78, 0x83, 0xf5,
    0xdf, 0x7, 0xd7, 0xf2, 0x0,

    /* U+67AB "枫" */
    0x4, 0x87, 0xff, 0xa, 0xfe, 0xf, 0xd7, 0xc1,
    0xb6, 0xcd, 0x30, 0xd9, 0x67, 0x28, 0x3d, 0x4,
    0xd8, 0x64, 0x10, 0x31, 0xd, 0x12, 0x82, 0x42,
    0x44, 0xc1, 0x30, 0x83, 0xd, 0x90, 0x64, 0x3b,
    0xc6, 0xf0, 0x69, 0x41, 0x48, 0x73, 0x7, 0x38,
    0x27, 0xf, 0x48,

    /* U+67AF "枯" */
    0xb, 0xd, 0x40, 0xff, 0xea, 0xd9, 0xf9, 0x5f,
    0x2, 0xcf, 0xca, 0xf8, 0x24, 0x83, 0xfe, 0xc6,
    0xf, 0xe5, 0x13, 0x6a, 0xf0, 0x54, 0x1c, 0xbe,
    0xd, 0x21, 0xff, 0xc0, 0x43, 0xf2, 0x1f, 0xeb,
    0xd0, 0x7f, 0xaf, 0x82,

    /* U+67B6 "架" */
    0xa, 0x81, 0xff, 0xc4, 0x7f, 0x5, 0x6a, 0xf0,
    0xf8, 0x35, 0x96, 0x1f, 0xfc, 0x5, 0x7, 0xfb,
    0x40, 0x8f, 0x83, 0x65, 0xc6, 0xf8, 0x35, 0x9e,
    0x4, 0xc, 0x2b, 0xf2, 0xbf, 0x20, 0xfa, 0x14,
    0x5e, 0x42, 0x7b, 0x3d, 0x68, 0x5d, 0x30, 0xdd,
    0x30, 0x79, 0xf, 0x3e, 0x0,

    /* U+67C4 "柄" */
    0xb, 0xf, 0xfe, 0x1f, 0xfe, 0x43, 0xbe, 0x2f,
    0x92, 0xcd, 0xf, 0xed, 0x2f, 0x8b, 0xe0, 0x38,
    0xee, 0x7a, 0xd, 0x1e, 0xa, 0xe, 0x40, 0xa1,
    0x18, 0x35, 0x9, 0x29, 0xb8, 0x52, 0xd, 0x62,
    0x42, 0x43, 0x30, 0x18, 0x3f, 0xf9, 0xdd, 0x3,
    0x63, 0x5, 0xe4,

    /* U+67D1 "柑" */
    0xb, 0xb, 0xb, 0xf, 0xfe, 0x9f, 0x8f, 0x8f,
    0x8d, 0x3c, 0x7c, 0x7c, 0x68, 0x12, 0xf, 0xfb,
    0x1c, 0x3f, 0xc9, 0xa0, 0xf8, 0x36, 0x82, 0x7,
    0xc1, 0x98, 0x3f, 0xf8, 0x10, 0x7f, 0xf2, 0x3e,
    0xf, 0xfb, 0xe0, 0x80,

    /* U+67D2 "柒" */
    0xa, 0x9, 0x83, 0xfb, 0xf, 0x28, 0x17, 0x45,
    0x6f, 0xc1, 0x4e, 0xf2, 0xbd, 0x21, 0x5d, 0xe8,
    0x36, 0x81, 0xc4, 0xf, 0xca, 0x1f, 0x45, 0xfd,
    0x3, 0x7e, 0x57, 0xf0, 0x2f, 0x83, 0x7e, 0xe,
    0xd7, 0x61, 0xe7, 0x60, 0x4f, 0x5, 0xf4, 0x1a,
    0xcc, 0x1c, 0x1f, 0xac,

    /* U+67D3 "染" */
    0x9, 0xd, 0x87, 0xcd, 0x3, 0xff, 0x81, 0x97,
    0x8f, 0x41, 0xab, 0x71, 0xc1, 0xde, 0x81, 0xa6,
    0x21, 0xb4, 0x98, 0x1c, 0x7, 0x2d, 0x82, 0x83,
    0x51, 0xa8, 0x17, 0x82, 0xbd, 0x43, 0xf8, 0xf,
    0xa1, 0x3, 0xf0, 0x6a, 0xb3, 0x74, 0x2b, 0x34,
    0x2e, 0x98, 0x2e, 0xf, 0x3e, 0x0,

    /* U+67D4 "柔" */
    0xb, 0xff, 0x41, 0xde, 0x86, 0x18, 0x27, 0xe8,
    0x61, 0xe0, 0x3f, 0x22, 0x79, 0xf, 0x4f, 0x83,
    0x60, 0x7c, 0x5c, 0x82, 0x40, 0xdc, 0xc4, 0x1e,
    0xa7, 0xd1, 0xfc, 0xb, 0xd0, 0x81, 0xf8, 0x35,
    0x59, 0xba, 0x15, 0x9a, 0x17, 0x4c, 0x17, 0x7,
    0x9f, 0x0,

    /* U+67DC "柜" */
    0xb, 0xf, 0xfe, 0x1b, 0xff, 0x7, 0x95, 0x7f,
    0x3, 0xc7, 0x7, 0xf7, 0x1c, 0x5f, 0x83, 0x64,
    0xb, 0xe0, 0xe4, 0x50, 0x7f, 0x20, 0xb0, 0xfe,
    0xa0, 0xc5, 0xf0, 0x69, 0xd, 0x7e, 0x9, 0xf,
    0xfe, 0x2c, 0xdf, 0xc1, 0xeb, 0xfe, 0x0,

    /* U+67E5 "查" */
    0xf, 0x30, 0x7f, 0xf2, 0x6f, 0xd3, 0xfc, 0xb,
    0xe1, 0x6b, 0xe0, 0xed, 0xcb, 0xc1, 0xce, 0xcc,
    0x53, 0x41, 0x41, 0xfe, 0xb8, 0x1e, 0x2f, 0xe0,
    0x60, 0x41, 0x7f, 0x7, 0xe6, 0xb8, 0x3e, 0xb0,
    0xe8, 0x37, 0xab, 0xf7, 0x81, 0xff, 0xfc, 0x0,

    /* U+67F1 "柱" */
    0xf, 0xfe, 0x2d, 0x1, 0x61, 0xff, 0xc0, 0x98,
    0x3f, 0xf8, 0x12, 0x1d, 0x6a, 0xfc, 0x7c, 0xb,
    0x57, 0xe3, 0xe0, 0xca, 0xf, 0xf9, 0x6, 0x1f,
    0xe8, 0x69, 0xe3, 0xc8, 0x25, 0xd, 0xe3, 0xc8,
    0x50, 0x7f, 0xf0, 0x20, 0xff, 0xe2, 0xbf, 0x1f,
    0x41, 0xcf, 0xfd, 0x0,

    /* U+67F3 "柳" */
    0xb, 0xd, 0x7, 0xfd, 0x63, 0xf0, 0x7c, 0xf2,
    0x61, 0x78, 0xd0, 0x61, 0xee, 0x34, 0x3f, 0xd9,
    0x7, 0xfc, 0x8c, 0x1f, 0xc8, 0x20, 0xff, 0x50,
    0x51, 0x87, 0xd2, 0xb, 0x83, 0xe4, 0x24, 0xa0,
    0x24, 0x3e, 0xd4, 0xa, 0x7, 0xaa, 0xf, 0xec,
    0x90, 0xb0, 0x80,

    /* U+67F4 "柴" */
    0xd, 0x20, 0xc3, 0xff, 0x89, 0x6, 0xc1, 0x68,
    0xe8, 0x7d, 0x69, 0x4c, 0x3f, 0xed, 0x50, 0x73,
    0xd0, 0x2c, 0x2c, 0xc2, 0xdf, 0x30, 0x29, 0xe8,
    0xef, 0x82, 0xa7, 0xca, 0xfc, 0x83, 0xe8, 0x9,
    0x79, 0xd, 0x4d, 0x3a, 0x6, 0xfc, 0x1b, 0xf0,
    0x3c, 0x87, 0x9f, 0x0,

    /* U+67FF "柿" */
    0xb, 0xe, 0xc3, 0xff, 0x96, 0xfc, 0x7c, 0x9e,
    0x3f, 0x47, 0xc9, 0xe3, 0x80, 0x87, 0xc9, 0x1f,
    0x1f, 0x5, 0xa, 0x3c, 0x70, 0x48, 0x2c, 0x3f,
    0xa8, 0x30, 0x7f, 0x48, 0x7c, 0xc8, 0x10, 0xd0,
    0x4f, 0x7, 0xc8, 0x7f, 0xf2, 0x40,

    /* U+6807 "标" */
    0x3, 0x7, 0xff, 0xf, 0xfc, 0x1f, 0x7f, 0x81,
    0xce, 0x87, 0xed, 0x5a, 0x1f, 0xe5, 0x5f, 0xe4,
    0x9, 0x4f, 0x17, 0x92, 0x19, 0xd0, 0x60, 0x54,
    0x20, 0x41, 0x60, 0x82, 0xa0, 0x48, 0xb0, 0x28,
    0x86, 0xb0, 0xd2, 0x1c, 0xc1, 0xf6, 0x21, 0xcc,
    0x17, 0x83, 0x0,

    /* U+6808 "栈" */
    0xf, 0xfe, 0x2e, 0x1a, 0x60, 0xff, 0x2f, 0x7,
    0xff, 0x2, 0xc2, 0xf1, 0xa1, 0x3a, 0x81, 0xc6,
    0x71, 0xf2, 0x16, 0x4f, 0x1e, 0xb0, 0x28, 0x57,
    0x18, 0x30, 0x50, 0x8b, 0x28, 0x81, 0x61, 0x60,
    0x3c, 0x6, 0xf, 0x34, 0x43, 0xfa, 0x42, 0x43,
    0xd6, 0x7a, 0xa0, 0xf7, 0xa0, 0x61, 0x0,

    /* U+680B "栋" */
    0xf, 0xfe, 0x23, 0x6, 0xc3, 0xff, 0x80, 0xa0,
    0xff, 0x5c, 0xfd, 0x3, 0x9e, 0x87, 0xe8, 0x1a,
    0x66, 0x98, 0x79, 0x21, 0x83, 0xe4, 0x54, 0x78,
    0xf4, 0x9, 0x3b, 0xe3, 0xd0, 0x98, 0x6c, 0x14,
    0x3, 0x86, 0x90, 0x4a, 0xf, 0x4c, 0x17, 0x7,
    0xd8, 0x74, 0x1e, 0x87, 0x40, 0x84, 0xc1, 0x3c,
    0x18,

    /* U+680F "栏" */
    0xb, 0x4, 0x19, 0xf, 0xd0, 0x2c, 0xa, 0x15,
    0x20, 0x60, 0x71, 0x82, 0x24, 0x2a, 0x17, 0xad,
    0x5e, 0x4, 0x77, 0xfc, 0x20, 0x90, 0xfd, 0x41,
    0x5f, 0xe4, 0x50, 0x5f, 0xe4, 0x83, 0xff, 0xa3,
    0xff, 0x83, 0xbf, 0xf0,

    /* U+6811 "树" */
    0x6, 0x87, 0xd8, 0x79, 0x60, 0xfe, 0x6a, 0xe,
    0x72, 0xf8, 0xbc, 0x6e, 0x51, 0x5, 0xe3, 0xb,
    0x28, 0xa0, 0xe4, 0x68, 0xe4, 0x1a, 0x25, 0x1a,
    0xc0, 0x90, 0x60, 0x49, 0x7, 0x5, 0x45, 0x82,
    0x42, 0x5a, 0xf, 0xdd, 0x0, 0x87, 0xdc, 0x85,
    0x68,

    /* U+6817 "栗" */
    0x3f, 0xfe, 0x7, 0xcd, 0x9f, 0x81, 0x79, 0xb3,
    0xe0, 0xce, 0xd9, 0xe0, 0xf9, 0x9, 0xe, 0xdc,
    0xb2, 0xc3, 0x3f, 0x47, 0xe0, 0x3f, 0xa3, 0xf8,
    0x7e, 0x10, 0x3f, 0x5, 0x76, 0x66, 0x82, 0xcd,
    0xa, 0xad, 0xb8, 0x3c, 0xf9,

    /* U+6821 "校" */
    0xa, 0x43, 0x61, 0xff, 0xcc, 0xf8, 0xf8, 0x16,
    0xdf, 0x3b, 0x60, 0xb2, 0xcc, 0x1c, 0x87, 0x66,
    0x43, 0x40, 0xa1, 0xe5, 0x11, 0x4, 0xa8, 0x14,
    0x16, 0x7, 0x3, 0x41, 0x21, 0xa4, 0x3a, 0x70,
    0xc8, 0x7a, 0x20, 0xfe, 0x7b, 0x74, 0x3c, 0xd1,
    0x2a, 0x42, 0x95, 0xa1, 0x3a,

    /* U+682A "株" */
    0xb, 0xc, 0xe1, 0xfe, 0x60, 0xff, 0xe0, 0x6e,
    0x50, 0x2f, 0x1c, 0xa0, 0xfb, 0x8c, 0x16, 0x50,
    0x36, 0xa, 0x7, 0xf2, 0x74, 0xe3, 0xe0, 0x40,
    0x8e, 0xb, 0xc2, 0xa1, 0x89, 0xe, 0x64, 0x28,
    0xcb, 0x9, 0xa, 0x70, 0x24, 0x1e, 0x70, 0xda,
    0x83, 0xb0, 0xf6, 0x80,

    /* U+6837 "样" */
    0xb, 0x2, 0x82, 0x83, 0xf3, 0x2, 0xe, 0x43,
    0x51, 0x50, 0x5c, 0x6f, 0x31, 0xe0, 0x71, 0xbe,
    0x8f, 0x82, 0xc8, 0x3f, 0xe4, 0x57, 0xa3, 0xd0,
    0x24, 0xbe, 0x8f, 0x42, 0xa1, 0x5e, 0x8f, 0x87,
    0xb, 0xe8, 0xf8, 0x3f, 0xfb, 0xe0,

    /* U+6838 "核" */
    0xb, 0xc, 0xe1, 0xff, 0xcb, 0xbd, 0x1f, 0x27,
    0x8c, 0xe3, 0xf2, 0x71, 0xc5, 0xd, 0xd, 0x8a,
    0xc5, 0x8, 0x64, 0x8d, 0xed, 0x40, 0x81, 0x43,
    0x22, 0x9, 0x87, 0xa9, 0xd4, 0x5, 0x2, 0x37,
    0x20, 0xa0, 0xa8, 0xe0, 0x83, 0xe7, 0xa7, 0x8c,
    0x3d, 0xda, 0x9, 0x0,

    /* U+6839 "根" */
    0xa, 0x81, 0xff, 0xc3, 0xbf, 0x83, 0xfa, 0xf8,
    0x33, 0x2a, 0x30, 0xf9, 0xc7, 0x1f, 0x83, 0x90,
    0x25, 0xf0, 0x72, 0x39, 0x7c, 0x1d, 0x8, 0xd9,
    0xe8, 0x12, 0x8d, 0xa, 0xc2, 0xe0, 0xf2, 0xa8,
    0x4, 0x3e, 0xc3, 0xfe, 0xbe, 0xa0, 0x79, 0x2e,
    0x31,

    /* U+683C "格" */
    0xf, 0xfe, 0x2e, 0x13, 0x7, 0xff, 0x3, 0x6a,
    0xf, 0xe4, 0xa, 0xb, 0xc7, 0x40, 0x44, 0x17,
    0x88, 0x73, 0x50, 0x64, 0xbc, 0x16, 0x1d, 0x94,
    0x76, 0xa0, 0xc8, 0x95, 0x39, 0xa6, 0x83, 0xa7,
    0xce, 0x82, 0xe, 0xf8, 0x36, 0x1f, 0xfc, 0x8f,
    0x83, 0xfe, 0xf8, 0x20,

    /* U+6842 "桂" */
    0xb, 0x43, 0x61, 0xff, 0xcc, 0xbc, 0x79, 0x7,
    0x8b, 0xd4, 0x28, 0x83, 0xc5, 0xac, 0x28, 0x32,
    0x53, 0xe3, 0xe0, 0xa0, 0xbd, 0x3f, 0x2, 0x49,
    0x2, 0x83, 0x98, 0x1f, 0x8f, 0x20, 0xc3, 0x7a,
    0x3c, 0x87, 0xf2, 0x1f, 0xeb, 0xe3, 0xe4, 0x3a,
    0xff, 0x90,

    /* U+6843 "桃" */
    0xb, 0xa, 0x74, 0x3f, 0xf9, 0x50, 0x79, 0x7,
    0x8d, 0x83, 0x58, 0x3c, 0x5a, 0x81, 0xb0, 0x74,
    0x41, 0x78, 0x34, 0x9, 0x41, 0xf9, 0x22, 0x51,
    0x40, 0xa4, 0x8, 0x68, 0xc0, 0xc3, 0x40, 0xd6,
    0xc, 0x25, 0x83, 0x61, 0xf5, 0x3, 0xfc, 0xf0,
    0x29, 0xc1, 0xb7, 0x40, 0xf9, 0x0,

    /* U+6845 "桅" */
    0xf, 0xfe, 0x2e, 0x14, 0x87, 0xff, 0x1, 0xbc,
    0x1f, 0xc9, 0x40, 0xef, 0x1e, 0x93, 0x14, 0xf,
    0x18, 0x58, 0xf8, 0x24, 0xf1, 0x8a, 0x20, 0xa1,
    0x80, 0xd1, 0x9, 0x4, 0x19, 0x41, 0xa8, 0x8,
    0x43, 0xe5, 0x7, 0x9d, 0xa, 0xa, 0x9, 0xe8,
    0x86, 0x54, 0xf, 0x94, 0x1c, 0xa3, 0xf8,

    /* U+6846 "框" */
    0xb, 0xf, 0xfe, 0x1b, 0xff, 0x7, 0xcf, 0xf8,
    0x1e, 0x38, 0xfe, 0x41, 0xe3, 0x8f, 0x16, 0x84,
    0x98, 0x64, 0x3d, 0x2, 0x1d, 0xb0, 0x90, 0x40,
    0x76, 0xc2, 0xa0, 0xc1, 0xfd, 0x21, 0x3e, 0x6e,
    0x2, 0x19, 0xfe, 0x83, 0xe7, 0xfc, 0x1f, 0x3f,
    0xe0,

    /* U+6848 "案" */
    0xe, 0x60, 0xfb, 0xf4, 0xfe, 0x44, 0xa8, 0xac,
    0xe3, 0x28, 0xb, 0xa8, 0x37, 0xa3, 0xfc, 0x3c,
    0xa, 0x2b, 0xe0, 0xd1, 0x6a, 0x90, 0xbb, 0xbf,
    0xa4, 0x40, 0xdd, 0xe8, 0xc7, 0xd0, 0x67, 0xd0,
    0x54, 0x63, 0x74, 0x16, 0x70, 0x5d, 0x36, 0xe0,
    0xf3, 0xe4,

    /* U+684C "桌" */
    0xf, 0x61, 0xff, 0xc2, 0x5e, 0xf, 0xef, 0xe0,
    0xea, 0x83, 0xa0, 0xe7, 0xd7, 0xca, 0xf, 0x57,
    0x83, 0xf5, 0x78, 0x3e, 0x7d, 0x4f, 0x28, 0x27,
    0x58, 0xb, 0x70, 0x1f, 0x42, 0x7, 0xd0, 0x6a,
    0xb7, 0x60, 0xd6, 0x68, 0x5f, 0x93, 0xd0, 0x79,
    0xf2,

    /* U+6851 "桑" */
    0xb, 0xff, 0x7, 0xb0, 0xc9, 0x7, 0x38, 0x4e,
    0xc8, 0x4c, 0x12, 0x49, 0x20, 0x5a, 0x6, 0x28,
    0x43, 0x31, 0x2f, 0x4, 0x8c, 0xdb, 0x66, 0xd,
    0x52, 0x81, 0x68, 0x57, 0xa0, 0xcf, 0xc1, 0x99,
    0x99, 0x83, 0x5d, 0x40, 0x73, 0xc0, 0xf9, 0xe,
    0xb8,

    /* U+6854 "桔" */
    0xb, 0xe, 0xc3, 0xff, 0x94, 0xdf, 0x1f, 0x3,
    0xc5, 0xf8, 0xf8, 0x1e, 0x34, 0x3f, 0xd1, 0x17,
    0x8f, 0x21, 0x22, 0xaf, 0xe4, 0x8, 0x18, 0x5e,
    0xa, 0x85, 0xb5, 0xc1, 0x48, 0x77, 0xc1, 0x90,
    0xff, 0xe4, 0x7c, 0x1f, 0xf7, 0xc1, 0x0,

    /* U+6865 "桥" */
    0xf, 0xfe, 0x2e, 0x1c, 0xd8, 0x7d, 0x7d, 0x18,
    0x64, 0x17, 0x9a, 0x6, 0xa1, 0xa0, 0x43, 0xd4,
    0x3b, 0xc5, 0xf0, 0x59, 0xf1, 0x43, 0xc1, 0x23,
    0x62, 0xd8, 0x52, 0x6a, 0x9, 0xb4, 0x61, 0xe0,
    0xce, 0x98, 0x7f, 0xf1, 0xa4, 0x3f, 0xe5, 0x41,
    0xff, 0x58, 0x7f, 0xb3, 0xd, 0x84,

    /* U+6868 "桨" */
    0xf, 0xfe, 0x36, 0x6, 0xf, 0x50, 0x34, 0xfc,
    0x14, 0x81, 0xdf, 0x41, 0xd2, 0x71, 0x92, 0x19,
    0x89, 0x9d, 0x82, 0xb8, 0x6d, 0x50, 0x76, 0xa1,
    0x5c, 0x1d, 0x2, 0x43, 0xfb, 0xf8, 0x7f, 0x40,
    0xf9, 0x14, 0x5e, 0x83, 0x6e, 0x7a, 0x81, 0xad,
    0xc3, 0x67, 0x3, 0xd0, 0x7a, 0xf0, 0x10, 0xd2,
    0x19, 0x0,

    /* U+6885 "梅" */
    0xf, 0xfe, 0x2e, 0x16, 0x1f, 0xfc, 0x4, 0x3f,
    0xf8, 0x39, 0xfc, 0xb, 0x39, 0xff, 0x2, 0x84,
    0x9f, 0xc1, 0xef, 0x1c, 0xe1, 0xd0, 0x20, 0xfe,
    0x51, 0x27, 0x39, 0xa5, 0x1, 0x9b, 0x66, 0x98,
    0x64, 0x50, 0x7f, 0x2b, 0x3c, 0x61, 0xf5, 0xf2,
    0xb0, 0xf2, 0x8f, 0x30, 0x76, 0x1b, 0xe0, 0x80,

    /* U+6897 "梗" */
    0xb, 0xf, 0xfe, 0x1d, 0xff, 0x7, 0xaf, 0x8f,
    0x81, 0xe3, 0xbe, 0x3c, 0x16, 0x9c, 0x59, 0x87,
    0x24, 0xb, 0x30, 0xf9, 0x45, 0x98, 0x69, 0x20,
    0x59, 0x86, 0x71, 0x45, 0xf, 0x5, 0x20, 0xcb,
    0x43, 0x90, 0xbc, 0x38, 0x7f, 0x30, 0xda, 0x83,
    0xa9, 0xeb, 0xbc, 0x0,

    /* U+68A6 "梦" */
    0x9, 0x83, 0x61, 0xff, 0xc7, 0xf4, 0xf7, 0x8f,
    0x81, 0xc0, 0xa8, 0x2f, 0x5, 0x2b, 0x68, 0x78,
    0x2e, 0xcb, 0x90, 0x78, 0x1a, 0x70, 0x88, 0x30,
    0xc8, 0xaf, 0x38, 0x7a, 0xaf, 0x84, 0x3b, 0x7d,
    0x1b, 0x7, 0x78, 0x9d, 0x83, 0xf3, 0x94, 0xf,
    0xbd, 0x4d, 0xf, 0xdf, 0x21, 0xf8,

    /* U+68A8 "梨" */
    0xf, 0x41, 0xb0, 0xd4, 0xf0, 0x48, 0x7b, 0xc5,
    0x7, 0xe, 0xa8, 0xbc, 0x1f, 0x58, 0x56, 0x1f,
    0xa1, 0x54, 0xf, 0xa7, 0x3e, 0x74, 0x37, 0x8c,
    0x80, 0xf0, 0x57, 0xa8, 0xde, 0x68, 0xf, 0xa0,
    0x25, 0xe8, 0x35, 0x4f, 0xa8, 0x1a, 0xcd, 0xb,
    0x38, 0x1e, 0x83, 0xd7, 0x80,

    /* U+68AF "梯" */
    0xf, 0xfe, 0x2e, 0xb, 0x4, 0x87, 0xe8, 0x85,
    0x7, 0xce, 0x39, 0x85, 0xe3, 0xd5, 0x10, 0x83,
    0xc7, 0x2c, 0x21, 0xc8, 0x9f, 0x18, 0x74, 0x49,
    0xe3, 0xc8, 0x10, 0x30, 0x10, 0xf5, 0x9, 0x38,
    0xf8, 0x12, 0xb, 0x13, 0x42, 0x42, 0x76, 0x25,
    0x7, 0x56, 0x5, 0xc1, 0xd6, 0x87, 0xfb, 0xe,
    0xc3, 0x0,

    /* U+68C0 "检" */
    0xf, 0xfe, 0x2e, 0x1a, 0x43, 0xff, 0x80, 0xe1,
    0xff, 0x4b, 0x6, 0xf1, 0xca, 0xa8, 0x35, 0xb,
    0xa0, 0xac, 0x24, 0xc, 0x5e, 0x56, 0x14, 0x7d,
    0x7c, 0x60, 0x40, 0xd0, 0xc5, 0x5, 0x42, 0x86,
    0xae, 0x9, 0x41, 0x4c, 0x28, 0x28, 0x3a, 0x38,
    0x3e, 0x7d, 0x6d, 0xe0, 0xe7, 0xff, 0x0,

    /* U+68C9 "棉" */
    0xf, 0xfe, 0x24, 0x86, 0x90, 0xff, 0x28, 0x3f,
    0x9e, 0x2c, 0xc, 0xd0, 0x6a, 0x9, 0xc7, 0x1a,
    0x83, 0x20, 0x41, 0x50, 0x68, 0x19, 0x71, 0x4,
    0xae, 0xa4, 0xa8, 0xe0, 0x25, 0xa, 0x2, 0x43,
    0x28, 0x42, 0x43, 0xff, 0x8a, 0x85, 0x4c, 0x3d,
    0x5, 0x68, 0x52, 0x1b, 0x8,

    /* U+68CD "棍" */
    0xb, 0xf, 0xfe, 0x1b, 0xfe, 0xf, 0xef, 0xc1,
    0xbc, 0x78, 0xfc, 0x1b, 0x8f, 0x1f, 0x83, 0xb2,
    0x7, 0xe0, 0xe4, 0x4f, 0xf0, 0x50, 0x2a, 0x6,
    0x4, 0xc, 0x33, 0xe2, 0xc2, 0x90, 0x9f, 0x3,
    0x40, 0x87, 0xe8, 0xc3, 0xf3, 0x81, 0x41, 0xe9,
    0xe7, 0xb0,

    /* U+68DA "棚" */
    0xb, 0xf, 0xfe, 0x1f, 0xcf, 0xc1, 0xf6, 0x7,
    0x5, 0x9a, 0x1f, 0xa8, 0x60, 0xc0, 0xe1, 0xd2,
    0x60, 0x70, 0xa1, 0x83, 0xf2, 0x8, 0x18, 0x1c,
    0x14, 0x1d, 0xc0, 0xe0, 0x90, 0xf6, 0x19, 0xb,
    0xc1, 0x61, 0xf2, 0x80, 0xa0, 0xf5, 0x1c, 0x56,
    0x1b, 0x95, 0xe9, 0xf0,

    /* U+68EE "森" */
    0xf, 0x48, 0x7f, 0xf0, 0x10, 0xfe, 0xfc, 0x5f,
    0x41, 0xbc, 0xb4, 0x5c, 0x13, 0x4e, 0x6, 0x70,
    0x4d, 0x83, 0x4b, 0x83, 0x3e, 0x5c, 0x28, 0x2a,
    0x2a, 0x68, 0x51, 0x5, 0x0, 0xac, 0x2d, 0xa,
    0x12, 0x89, 0x61, 0x6a, 0x21, 0x85, 0x42, 0xa0,
    0xd8, 0x50, 0x18, 0x34, 0x1d, 0x0,

    /* U+68F5 "棵" */
    0xb, 0xf, 0xfe, 0x27, 0xf8, 0x3f, 0xb2, 0xc3,
    0x78, 0xd3, 0x2c, 0x37, 0x8d, 0x33, 0xc1, 0xc9,
    0x83, 0x3c, 0x1d, 0x2, 0xf1, 0x78, 0x24, 0x13,
    0xe2, 0xf8, 0x14, 0x1f, 0x4, 0xf8, 0x12, 0x14,
    0x5, 0x6, 0x42, 0x9c, 0x9d, 0xe, 0x9c, 0x2a,
    0x90, 0xd6, 0x1c, 0xe8, 0x58, 0x6c, 0x38,

    /* U+6905 "椅" */
    0xf, 0xfe, 0x23, 0x6, 0x90, 0xff, 0x2d, 0xac,
    0x1f, 0x78, 0x7e, 0x7, 0x3b, 0x60, 0xe8, 0xd,
    0x59, 0x4f, 0x58, 0x65, 0xb5, 0x51, 0x20, 0xcd,
    0xdf, 0x3, 0x4, 0x89, 0x53, 0x8, 0xac, 0x93,
    0xf, 0xa0, 0xe4, 0x3c, 0xa0, 0xe8, 0x3f, 0xf8,
    0x1f, 0x8, 0x7f, 0xf0, 0x39, 0x0,

    /* U+6912 "椒" */
    0xf, 0xfe, 0x2e, 0xd, 0xf, 0xfe, 0x1f, 0xe0,
    0xfd, 0x4f, 0x82, 0xf1, 0xc5, 0x30, 0xee, 0x38,
    0x25, 0x7, 0x67, 0x8b, 0x35, 0x4, 0x82, 0x57,
    0x9f, 0x2, 0x3, 0x2b, 0x45, 0x1, 0x88, 0x50,
    0x14, 0x14, 0x88, 0x54, 0x50, 0x48, 0x50, 0x11,
    0x60, 0xe5, 0x1, 0x55, 0x7, 0xb6, 0xf0, 0x20,
    0xd9, 0xe2, 0x9, 0x0,

    /* U+693F "椿" */
    0xf, 0xfe, 0x2e, 0x1b, 0xf, 0xf3, 0x43, 0xa8,
    0x24, 0x2f, 0x17, 0xa0, 0x71, 0xea, 0x15, 0x5,
    0xc7, 0x6a, 0x1c, 0x36, 0x5e, 0x50, 0xf9, 0x2,
    0x6, 0x3c, 0x3a, 0x40, 0x88, 0xf0, 0xc0, 0x61,
    0x45, 0xf0, 0xc4, 0x8e, 0xdf, 0x1c, 0x21, 0xd7,
    0xc1, 0xfe, 0xbe, 0xf, 0xf5, 0xf0, 0x40,

    /* U+695A "楚" */
    0xd, 0x86, 0xc3, 0xff, 0x84, 0x86, 0xbc, 0x7a,
    0xcb, 0x81, 0x68, 0xf4, 0x5, 0x0, 0xe0, 0xea,
    0x28, 0x85, 0xc3, 0x79, 0x5a, 0x7, 0xc7, 0xad,
    0xf2, 0x17, 0xe5, 0x7c, 0x21, 0xb0, 0x61, 0x90,
    0xfe, 0x7e, 0x83, 0x44, 0x7, 0xe0, 0xd3, 0xf4,
    0xff, 0x5, 0x8f, 0xfe, 0x0,

    /* U+695E "楞" */
    0xb, 0xf, 0xfe, 0x27, 0xfc, 0x1f, 0xa3, 0x30,
    0xac, 0xe0, 0xe4, 0x2e, 0x2c, 0x8c, 0x82, 0x70,
    0x3f, 0x1f, 0x4, 0x94, 0xf8, 0xf9, 0x20, 0x5e,
    0x3f, 0x91, 0x85, 0x3, 0xf2, 0x9, 0xe, 0xf9,
    0x9, 0xc, 0xa0, 0xff, 0xe0, 0x50, 0x25, 0x7,
    0xbc, 0x3e, 0x40,

    /* U+699C "榜" */
    0xb, 0xe, 0xc3, 0xfe, 0x43, 0xfd, 0xe8, 0xf4,
    0x50, 0xdd, 0x5b, 0x42, 0x86, 0xea, 0xdb, 0x2,
    0x69, 0xfc, 0x16, 0xe, 0x6, 0x8, 0x9, 0x17,
    0x8f, 0x47, 0xd, 0xcf, 0xe2, 0x43, 0x6f, 0xc0,
    0x43, 0x9f, 0x83, 0xf4, 0x87, 0xfb, 0xd1, 0xe8,

    /* U+69D0 "槐" */
    0xf, 0xfe, 0x2e, 0x1a, 0x43, 0xfe, 0x50, 0x7f,
    0x9e, 0x2f, 0x5, 0x42, 0xcd, 0xb0, 0xd8, 0x3c,
    0x6d, 0x86, 0x70, 0xdb, 0x61, 0xd1, 0x3, 0x6c,
    0x32, 0x4, 0xc8, 0xe0, 0xa8, 0x48, 0x67, 0x40,
    0xa0, 0xe4, 0xd8, 0x10, 0x69, 0x7, 0xa0, 0xf2,
    0xa0, 0x24, 0x1e, 0xb0, 0xbc, 0x80,

    /* U+69FD "槽" */
    0xb, 0xd, 0x98, 0x7e, 0xf8, 0xcf, 0x21, 0xdd,
    0x8, 0xa2, 0x78, 0xda, 0x11, 0x40, 0x50, 0x81,
    0x11, 0x4, 0x81, 0x4, 0x44, 0x1b, 0x30, 0x22,
    0x21, 0x91, 0x2e, 0xee, 0x6, 0x93, 0xd7, 0x4,
    0xc1, 0xcb, 0x6, 0x83, 0x9f, 0x83, 0xfc, 0xd4,
    0x1f, 0xe7, 0xe5, 0x0,

    /* U+6A21 "模" */
    0x3, 0x81, 0xc1, 0x87, 0xeb, 0x28, 0x48, 0x7f,
    0xf0, 0x70, 0x71, 0xf5, 0xe7, 0x81, 0xc6, 0x56,
    0x60, 0xd8, 0x6f, 0xa0, 0xe4, 0x81, 0xf4, 0x1a,
    0x3, 0x8b, 0x83, 0x28, 0xe9, 0xa7, 0x4, 0xe0,
    0xe8, 0x35, 0x2, 0xb, 0xca, 0x2e, 0xf, 0x39,
    0x74, 0xf, 0x35, 0x3, 0x30,

    /* U+6A2A "横" */
    0xb, 0xa, 0x4c, 0x3f, 0xf9, 0x7b, 0x67, 0x2,
    0xc9, 0x95, 0x16, 0xa, 0x17, 0x81, 0x3e, 0x41,
    0x94, 0x58, 0x54, 0x81, 0x14, 0x50, 0xc3, 0x20,
    0x81, 0x43, 0xd, 0x41, 0x45, 0xc, 0x34, 0x86,
    0xa1, 0x86, 0x43, 0x6d, 0xb8, 0x7c, 0xe2, 0x5a,
    0x1e, 0xf4, 0x17, 0x80,

    /* U+6A31 "樱" */
    0xb, 0xf, 0xfe, 0x1f, 0xeb, 0xe0, 0xfa, 0x80,
    0x60, 0xac, 0xcf, 0x5, 0x85, 0x26, 0x1f, 0xfc,
    0x1e, 0x36, 0x2, 0x12, 0x58, 0x16, 0xd0, 0x48,
    0x90, 0xf9, 0xd6, 0x89, 0xe5, 0x7c, 0x38, 0x2c,
    0x78, 0xf2, 0x1e, 0x57, 0x21, 0xfd, 0x81, 0x5a,
    0x1c, 0xfa, 0xee, 0x81, 0xb7, 0x90, 0x9c,

    /* U+6A47 "橇" */
    0xf, 0xfe, 0x2e, 0x19, 0xb4, 0x3e, 0x7d, 0x72,
    0x1f, 0x28, 0x15, 0x5, 0xe3, 0xb8, 0x90, 0xdc,
    0x45, 0xf, 0xa0, 0xea, 0x78, 0x68, 0x85, 0xc,
    0xed, 0x4, 0x3b, 0x6b, 0xe0, 0x48, 0xc5, 0x12,
    0x80, 0x61, 0xcf, 0x8b, 0x6, 0x1d, 0xf1, 0x61,
    0xec, 0xcc, 0xf2, 0x19, 0x46, 0xb7, 0x20,

    /* U+6A59 "橙" */
    0xf, 0xfe, 0x2e, 0x1d, 0x87, 0xf7, 0xc8, 0xe1,
    0xf5, 0x8d, 0x48, 0x3c, 0x66, 0x89, 0x60, 0xe3,
    0x47, 0xc0, 0xc2, 0xcb, 0xbf, 0xa0, 0x91, 0xa7,
    0xeb, 0x4, 0x8, 0x1f, 0x48, 0x15, 0xa, 0x3e,
    0x82, 0x64, 0x2a, 0xce, 0x12, 0x1d, 0x2c, 0x1f,
    0xca, 0xa0, 0x7f, 0x79, 0x63, 0xc0,

    /* U+6A61 "橡" */
    0xf, 0xfe, 0x2e, 0x15, 0x3, 0xff, 0x80, 0xaf,
    0x41, 0xfb, 0x68, 0x61, 0x78, 0xf0, 0xd0, 0xb0,
    0x71, 0xc7, 0x8f, 0x6, 0xc9, 0x3c, 0x78, 0x32,
    0x2a, 0x4c, 0xe0, 0x20, 0xab, 0x26, 0x80, 0xa0,
    0xf4, 0x56, 0xe0, 0x90, 0x7a, 0xc, 0x81, 0xa,
    0x2d, 0x28, 0x1e, 0xbc, 0xa1, 0x60, 0xed, 0xb5,
    0x12,

    /* U+6B20 "欠" */
    0xf, 0xfe, 0x35, 0x3, 0xff, 0x80, 0x87, 0xff,
    0x9, 0xff, 0x7, 0x47, 0x8f, 0x83, 0xcc, 0x21,
    0x48, 0x6d, 0x41, 0xe8, 0x37, 0x3, 0xa, 0xf,
    0xe4, 0x83, 0xfd, 0x1a, 0x1f, 0xd3, 0x96, 0x1e,
    0x77, 0x3, 0x70, 0x5d, 0x30, 0xce, 0x60, 0xf2,
    0x1f, 0x58,

    /* U+6B21 "次" */
    0xf, 0x28, 0x3e, 0xa0, 0x5e, 0xf, 0xa3, 0x2,
    0xbf, 0x41, 0x41, 0xab, 0x18, 0x6c, 0xe5, 0xc2,
    0x1c, 0x89, 0x81, 0xe, 0x9c, 0x3a, 0xe, 0x42,
    0x43, 0xf2, 0x82, 0x88, 0x3d, 0x60, 0x4d, 0xe,
    0x44, 0x6c, 0xb4, 0x2a, 0x14, 0xc0, 0xd4, 0xd,
    0x3c, 0x19, 0xf0,

    /* U+6B22 "欢" */
    0xf, 0xc8, 0x7f, 0xf0, 0x1c, 0x3c, 0xbc, 0x1f,
    0xdf, 0xa3, 0x7e, 0x81, 0x56, 0x8f, 0xce, 0xa,
    0x19, 0x26, 0x28, 0x11, 0x3b, 0x5, 0x86, 0x91,
    0x83, 0xff, 0x81, 0x21, 0xfd, 0x3a, 0x8, 0x83,
    0x4c, 0x32, 0xb5, 0x1, 0x30, 0x45, 0x9c, 0x8c,
    0x16, 0x61, 0x70, 0x7b, 0x83, 0xb0,

    /* U+6B23 "欣" */
    0xf, 0x44, 0x1f, 0x53, 0xe1, 0xf, 0x9f, 0x90,
    0x54, 0x86, 0x42, 0x43, 0x61, 0xbf, 0x4f, 0x18,
    0x6a, 0x11, 0x41, 0x41, 0x94, 0x30, 0x58, 0x7f,
    0x21, 0xff, 0xc2, 0x48, 0x3f, 0xe9, 0x41, 0x94,
    0x19, 0x22, 0xa, 0xc2, 0x68, 0x6c, 0x12, 0x15,
    0x10, 0x68, 0x30, 0xbc, 0x86, 0xc0,

    /* U+6B27 "欧" */
    0xf, 0xa0, 0xef, 0xf0, 0x87, 0xaf, 0xc1, 0xfa,
    0x46, 0x4f, 0x90, 0x51, 0xba, 0xb0, 0xea, 0x4,
    0xc2, 0x82, 0x44, 0xc2, 0x83, 0x42, 0x1f, 0xdb,
    0xd0, 0x28, 0x3a, 0x14, 0x51, 0xd, 0xa0, 0x96,
    0xb0, 0xaf, 0xd6, 0x24, 0x5f, 0x9c, 0x2f, 0x0,

    /* U+6B3A "欺" */
    0xf, 0xfe, 0x24, 0x83, 0x14, 0x1e, 0x43, 0xff,
    0x81, 0x97, 0x8e, 0xc3, 0xb6, 0xf1, 0x8f, 0x90,
    0xd7, 0x84, 0xb0, 0xf5, 0xe3, 0x65, 0x83, 0x5e,
    0x38, 0x10, 0x75, 0xe1, 0xf, 0xb6, 0xf1, 0xa4,
    0x1b, 0xd6, 0xde, 0x43, 0xcc, 0x72, 0xa9, 0x85,
    0x4c, 0x68, 0x8a, 0x81, 0xe0, 0x9a, 0x2, 0xc0,

    /* U+6B3E "款" */
    0xf, 0xfe, 0x36, 0x12, 0x83, 0xe4, 0x36, 0x1e,
    0xb8, 0xf4, 0x1f, 0x54, 0x54, 0xde, 0x80, 0xd0,
    0xa2, 0x79, 0xc0, 0xbe, 0xd9, 0x60, 0xbf, 0xd2,
    0x61, 0x75, 0xd8, 0x7d, 0xf1, 0x70, 0x30, 0xe9,
    0x6, 0x22, 0x1a, 0x50, 0xb5, 0x18, 0x36, 0x15,
    0x8c, 0xc0, 0x9d, 0x3, 0x83, 0x42, 0x78, 0x18,
    0x6c,

    /* U+6B49 "歉" */
    0xf, 0xe4, 0x3e, 0xb7, 0x4, 0x1e, 0xd5, 0x61,
    0xfa, 0x2, 0x79, 0x3e, 0x7, 0x9, 0x4d, 0xf0,
    0x68, 0x4a, 0x76, 0xa0, 0x68, 0x88, 0x67, 0x7,
    0x83, 0xf9, 0xa, 0x11, 0x10, 0xf3, 0x10, 0xe2,
    0x21, 0xa0, 0xd9, 0x50, 0x5c, 0x14, 0xeb, 0x40,
    0xd0, 0xdb, 0x10, 0x80,

    /* U+6B4C "歌" */
    0xf, 0xe4, 0x3b, 0xfe, 0x60, 0xed, 0x4, 0x69,
    0x50, 0x4c, 0x84, 0x84, 0x87, 0xf5, 0x60, 0xcc,
    0xe2, 0x3a, 0x81, 0xb, 0x1e, 0x3, 0x3, 0xf4,
    0x12, 0x1c, 0xd4, 0xc, 0x3f, 0xb4, 0x34, 0x41,
    0xda, 0x12, 0x68, 0x76, 0xa0, 0x50, 0xb0, 0xb3,
    0xc7, 0x22, 0xc1, 0x9f, 0x48, 0x52,

    /* U+6B63 "正" */
    0x3f, 0xfc, 0x9f, 0xa3, 0xf2, 0x1c, 0x87, 0xff,
    0x23, 0xf, 0xfe, 0x27, 0xd0, 0x7e, 0xfa, 0xf,
    0xfe, 0xcd, 0x9f, 0x1f, 0xd7, 0xff, 0xc0,

    /* U+6B65 "步" */
    0xf, 0xb0, 0xff, 0xe5, 0xc8, 0x5f, 0x90, 0xfe,
    0xfc, 0x87, 0x62, 0x1f, 0xad, 0x5c, 0x7f, 0x2,
    0xfe, 0x3e, 0xb0, 0xed, 0xc, 0xc1, 0x9e, 0x43,
    0x50, 0x2a, 0x69, 0x83, 0x50, 0x56, 0x14, 0xf4,
    0xc, 0xab, 0xd7, 0x90, 0xeb, 0x2f, 0x21, 0xe0,

    /* U+6B66 "武" */
    0xf, 0xd8, 0x7f, 0xf0, 0x9c, 0x3b, 0xf8, 0x27,
    0xd, 0xfc, 0x15, 0x2, 0xff, 0x8b, 0xa0, 0x3f,
    0x5e, 0x6f, 0x41, 0x20, 0x81, 0xe0, 0xf4, 0x17,
    0x84, 0x3f, 0xde, 0x43, 0xff, 0x84, 0xa0, 0xfe,
    0x6f, 0x46, 0x4, 0xf1, 0xf2, 0xa0, 0xb6, 0xf4,
    0x82, 0x50,

    /* U+6B67 "歧" */
    0xf, 0xcc, 0x1f, 0xb0, 0xff, 0xe2, 0xe8, 0x7f,
    0xbc, 0x9f, 0x5, 0x81, 0xf4, 0xfc, 0x1e, 0xd0,
    0xff, 0xe0, 0x5e, 0x9f, 0x7, 0xe8, 0xf4, 0x87,
    0xf2, 0x8b, 0xf, 0x95, 0x4d, 0x41, 0xd9, 0xa1,
    0xfb, 0x6e, 0x77, 0x74, 0x1c, 0x94, 0xe3, 0xa0,
    0x7a, 0xc3, 0x38,

    /* U+6B6A "歪" */
    0x2f, 0xff, 0x25, 0xf8, 0x1f, 0x90, 0xd6, 0x5e,
    0x82, 0x7c, 0x69, 0xe3, 0x47, 0xd0, 0x75, 0xa3,
    0xf9, 0xbf, 0x1, 0xfc, 0xaf, 0xc1, 0xa0, 0x61,
    0xfc, 0x84, 0xfc, 0x1f, 0xcf, 0xc1, 0x78, 0xf4,
    0xff, 0x1f, 0xff, 0xc0,

    /* U+6B7B "死" */
    0x2f, 0xff, 0x81, 0x71, 0xf3, 0x7c, 0x1b, 0x43,
    0xff, 0x80, 0xaf, 0x21, 0xb0, 0xea, 0x6, 0x78,
    0x2e, 0x50, 0x95, 0x20, 0x89, 0x41, 0x3a, 0x15,
    0xea, 0x81, 0x87, 0xe4, 0x43, 0xfc, 0xa8, 0x3d,
    0x20, 0x68, 0x87, 0x90, 0x76, 0x85, 0xde, 0x51,
    0xe0, 0xe7, 0xe8,

    /* U+6B83 "殃" */
    0xf, 0xd8, 0x7b, 0xf8, 0x3f, 0xb6, 0xf0, 0x7f,
    0xf0, 0xbc, 0x7c, 0x19, 0xb8, 0xca, 0x7, 0xb7,
    0x9, 0x41, 0xa4, 0x43, 0xfc, 0xa8, 0x8c, 0xf1,
    0x83, 0xca, 0xf2, 0x8b, 0xc1, 0xd0, 0x19, 0xc3,
    0xa4, 0x1c, 0x4a, 0xa, 0x67, 0x90, 0x74, 0xb,
    0x6, 0x86, 0xf0,

    /* U+6B8A "殊" */
    0xf, 0xec, 0x3b, 0xf8, 0x83, 0xed, 0x5e, 0x14,
    0x1f, 0xb0, 0x24, 0x78, 0x3b, 0x55, 0x33, 0xc1,
    0x92, 0xd4, 0x1f, 0x24, 0x8f, 0x8f, 0x81, 0x2d,
    0x70, 0x5e, 0x5, 0x41, 0x50, 0x60, 0x90, 0x44,
    0xa2, 0x43, 0x23, 0x90, 0x56, 0x6, 0xca, 0x6,
    0x60, 0x58, 0x10, 0xf2, 0xc, 0x3e, 0xc3, 0x0,

    /* U+6B8B "残" */
    0xf, 0xfe, 0x4b, 0x9a, 0x17, 0xf4, 0x83, 0xc1,
    0x78, 0xf4, 0xb, 0x43, 0xf7, 0x8f, 0x83, 0x27,
    0xe0, 0x58, 0x6e, 0xc7, 0x2f, 0x6, 0x42, 0x65,
    0xd0, 0x3a, 0x68, 0x4f, 0x60, 0x9c, 0xf4, 0xd,
    0xc0, 0x88, 0xfa, 0x66, 0xd, 0x61, 0xce, 0x81,
    0xe0, 0xac, 0x6d, 0x28, 0x81, 0x3a, 0xa, 0x34,
    0x26, 0xa, 0xc0,

    /* U+6BB5 "段" */
    0xe, 0x50, 0x7f, 0x9e, 0x3f, 0x41, 0xbd, 0x69,
    0x68, 0x7b, 0x10, 0xf2, 0x1b, 0xe4, 0x40, 0xc8,
    0x55, 0x90, 0x53, 0x42, 0x5a, 0x7f, 0x7, 0x54,
    0xb4, 0x87, 0xbe, 0x25, 0x18, 0x75, 0x3c, 0x32,
    0x82, 0xc1, 0x78, 0xd4, 0x1b, 0x20, 0x35, 0x32,
    0x1f, 0x5e, 0x7e, 0x0,

    /* U+6BC1 "毁" */
    0x9, 0xf, 0xfe, 0x5, 0x5c, 0x7e, 0xa, 0x3a,
    0x20, 0xe0, 0xff, 0xe3, 0xbb, 0x8, 0x69, 0x3,
    0xb9, 0xc2, 0x84, 0xf, 0xc0, 0xe8, 0x40, 0xbf,
    0x51, 0xe4, 0x2b, 0xf4, 0x5a, 0x82, 0xb8, 0xf0,
    0xaa, 0x7, 0xe5, 0x7, 0xcd, 0xf, 0xd4, 0xe0,
    0x65, 0xe8, 0xd5, 0x80,

    /* U+6BC5 "毅" */
    0x9, 0xc3, 0xff, 0x8b, 0xf2, 0x15, 0xc7, 0x93,
    0xe, 0x95, 0x9a, 0x19, 0x2, 0x30, 0xc8, 0x38,
    0x18, 0xb6, 0x45, 0xe0, 0x62, 0xac, 0xf5, 0x85,
    0xe9, 0xec, 0xd0, 0xd7, 0x3, 0x40, 0xe1, 0x66,
    0xc, 0xb1, 0xa, 0x34, 0x60, 0x21, 0x37, 0x64,
    0x51, 0x91, 0xde, 0x89, 0xb9, 0x86, 0xb5, 0x41,
    0x50,

    /* U+6BCD "母" */
    0x5, 0xff, 0x41, 0x99, 0x2f, 0x21, 0xe6, 0xa4,
    0x18, 0x7c, 0xf8, 0x3b, 0xc7, 0xe7, 0x6c, 0xe3,
    0x2f, 0x8b, 0x9, 0x28, 0x84, 0x85, 0x81, 0xe4,
    0x3f, 0xe8, 0x43, 0x95, 0xf5, 0x46, 0x82, 0xff,
    0x4e, 0x81, 0xd, 0x76, 0x10,

    /* U+6BCF "每" */
    0xf, 0xfe, 0x36, 0x1f, 0xfc, 0x8, 0xff, 0xa0,
    0xcf, 0xfe, 0x82, 0xd0, 0xff, 0xa4, 0xff, 0xa0,
    0xb8, 0xa0, 0x2e, 0xc, 0x88, 0xf6, 0x61, 0xbc,
    0x5e, 0x9d, 0x58, 0x3c, 0x69, 0x78, 0xb0, 0x90,
    0x5e, 0x80, 0x87, 0xbe, 0x56, 0x68, 0x6b, 0xfa,
    0x34, 0x25, 0x5, 0xea, 0x4,

    /* U+6BD2 "毒" */
    0xf, 0x50, 0x3e, 0x7f, 0x2b, 0xf2, 0x7, 0xf2,
    0xbf, 0x21, 0x3f, 0x2b, 0xe4, 0x24, 0xa8, 0x6a,
    0x10, 0xdf, 0x27, 0xc1, 0x97, 0xfc, 0x21, 0xde,
    0x57, 0x84, 0x2f, 0x1e, 0x57, 0x8f, 0x3, 0x9f,
    0x17, 0x8f, 0x5, 0xbe, 0x2f, 0x1a, 0x1a, 0xfa,
    0xd3, 0x42, 0x90, 0xad, 0x83, 0xfd, 0xf2, 0x10,

    /* U+6BD4 "比" */
    0x18, 0x36, 0x1f, 0x21, 0xff, 0xd6, 0x83, 0x7c,
    0x81, 0xc3, 0xaa, 0x4e, 0xa0, 0xcb, 0x2, 0xd0,
    0xff, 0x21, 0xff, 0xd0, 0x90, 0x9b, 0x43, 0x25,
    0xf, 0x49, 0xf0, 0xde, 0x94, 0x7f, 0x0,

    /* U+6BD5 "毕" */
    0x6, 0x1b, 0xf, 0xfe, 0x1d, 0x86, 0xf8, 0x1e,
    0x30, 0xdf, 0x2, 0xe0, 0xf3, 0x22, 0x6, 0xb,
    0xb5, 0x75, 0x60, 0xbc, 0xde, 0xa6, 0x81, 0x9,
    0xf, 0xbf, 0x8b, 0xf8, 0xfe, 0x2f, 0xe0, 0xff,
    0xed, 0x80,

    /* U+6BDB "毛" */
    0xf, 0xe4, 0x3e, 0x55, 0xf2, 0xb, 0xea, 0x77,
    0x20, 0xbf, 0xa, 0xf, 0xe4, 0xa7, 0x90, 0xbf,
    0x1f, 0x90, 0xbe, 0x85, 0x7, 0xf2, 0x55, 0xe8,
    0xbe, 0x81, 0xfa, 0x2f, 0xc4, 0xa0, 0x61, 0xff,
    0xc8, 0xfe, 0x83, 0xdf, 0xe4,

    /* U+6BEB "毫" */
    0xe, 0x90, 0xf7, 0xf3, 0x7e, 0x8f, 0xff, 0xa0,
    0xbf, 0xf0, 0x79, 0xac, 0x87, 0x93, 0xf0, 0x85,
    0xe5, 0xfd, 0xe0, 0x7a, 0xa4, 0x1e, 0x6, 0x5e,
    0xba, 0x26, 0x8, 0x51, 0x7c, 0x1b, 0xd2, 0x2e,
    0x91, 0xfc, 0x7e, 0xa0, 0xd4, 0xab, 0xf4, 0x0,

    /* U+6BEF "毯" */
    0xc, 0xc1, 0x61, 0xcd, 0xd9, 0x85, 0xa1, 0x66,
    0xcb, 0x84, 0xa, 0x3, 0x53, 0xe0, 0x98, 0xe7,
    0x7e, 0x42, 0xcf, 0xa9, 0xb2, 0x5, 0x1, 0xa0,
    0x50, 0x4c, 0x76, 0x22, 0x1b, 0xc7, 0xaf, 0x1e,
    0xa, 0x42, 0x67, 0x34, 0x3e, 0xcc, 0x99, 0x9,
    0xf0, 0xfc, 0x88, 0x57, 0xff, 0x0,

    /* U+6C0F "氏" */
    0xf, 0xe5, 0x7, 0x95, 0x4e, 0xc2, 0x7f, 0x27,
    0xa0, 0xee, 0x86, 0x1f, 0xf2, 0x1f, 0xdf, 0x37,
    0xd0, 0x6f, 0xa3, 0xe8, 0x3e, 0x43, 0xff, 0x9c,
    0xa0, 0xfe, 0x9a, 0x3, 0x6, 0x78, 0x2b, 0x40,
    0x97, 0xa4, 0x55, 0x0,

    /* U+6C11 "民" */
    0x7, 0xff, 0x83, 0xbf, 0xe8, 0x3f, 0xf9, 0x1f,
    0xf4, 0x1e, 0xf8, 0xbf, 0x7, 0x20, 0x70, 0xfe,
    0xbc, 0xaf, 0xd0, 0x6f, 0xc7, 0xe8, 0x3f, 0x30,
    0x7f, 0xf0, 0x26, 0x6, 0x1a, 0x9e, 0x37, 0x42,
    0xc2, 0xb0, 0x6c, 0x83, 0xd4, 0x43, 0x5c, 0x0,

    /* U+6C14 "气" */
    0x9, 0xf, 0xfe, 0xc, 0x87, 0xfc, 0x97, 0xfe,
    0xb, 0x7f, 0xf8, 0x27, 0xff, 0x41, 0x4a, 0xff,
    0xa0, 0x9b, 0xff, 0x6, 0xcf, 0xf8, 0x3f, 0xfb,
    0xcb, 0x41, 0xfe, 0xa7, 0x83, 0xfe, 0x58,

    /* U+6C1B "氛" */
    0xc, 0x87, 0xff, 0x2, 0xbf, 0x90, 0x95, 0x7f,
    0xc1, 0x35, 0xfe, 0x41, 0xba, 0xfd, 0x85, 0x7c,
    0x17, 0x94, 0x19, 0xf2, 0xc2, 0x1e, 0x8b, 0xd4,
    0xf, 0x43, 0xf4, 0x61, 0xd4, 0xd5, 0xce, 0x88,
    0x73, 0x18, 0x3e, 0x42, 0xd4, 0xc, 0x5c, 0x5d,
    0x3c, 0xa0, 0x28, 0x16, 0x97, 0x82, 0xa0,

    /* U+6C22 "氢" */
    0x9, 0x41, 0xff, 0xc0, 0xef, 0xfa, 0xc, 0xff,
    0xe8, 0x2d, 0xbf, 0xc8, 0x50, 0x4b, 0xf0, 0x68,
    0x3b, 0xc8, 0x6a, 0x2e, 0x14, 0x1e, 0xf4, 0xc,
    0x3e, 0x6f, 0xaf, 0x21, 0xda, 0x3c, 0xb0, 0x75,
    0xe8, 0xf4, 0x32, 0xb, 0xd1, 0xf1, 0xb0, 0x2f,
    0xf8, 0x58,

    /* U+6C26 "氦" */
    0xf, 0xfe, 0x2c, 0x87, 0xff, 0x1, 0xbf, 0xf0,
    0x53, 0xff, 0xc0, 0x9f, 0xfe, 0x9, 0x5a, 0xfd,
    0x5, 0xde, 0x7f, 0x7, 0x7a, 0x85, 0x60, 0xef,
    0x45, 0xbe, 0xf, 0x50, 0xb0, 0xfe, 0x90, 0x36,
    0x98, 0x56, 0xaf, 0x95, 0xb2, 0x5c, 0x72, 0xa4,
    0x41, 0x71, 0xeb, 0x24, 0x4b, 0xd0, 0x6a, 0xb0,

    /* U+6C2F "氯" */
    0x9, 0xf, 0xfe, 0xc, 0xbf, 0xc1, 0x67, 0xfe,
    0xa, 0x17, 0xf8, 0x32, 0x83, 0xe9, 0x5, 0x41,
    0x9d, 0xf, 0x4d, 0x3, 0xfc, 0x9e, 0x20, 0xf7,
    0x97, 0x1e, 0x43, 0x43, 0x2a, 0x47, 0x9, 0xf4,
    0xf, 0xc6, 0x6, 0x88, 0x1a, 0x8, 0x4d, 0x8f,
    0xd2, 0xc1, 0xd6, 0x86, 0xa0,

    /* U+6C34 "水" */
    0xf, 0x38, 0x7f, 0xf8, 0x60, 0xdf, 0x80, 0x92,
    0x1b, 0xe0, 0xa8, 0xe1, 0xe9, 0xd, 0x87, 0xce,
    0x9, 0xf, 0xa5, 0x1, 0x58, 0x74, 0xc1, 0xa7,
    0x41, 0x98, 0x7a, 0xa4, 0xe0, 0xfc, 0xe8, 0x77,
    0x21, 0xe0,

    /* U+6C38 "永" */
    0xe, 0x43, 0xff, 0x83, 0xe8, 0x3f, 0xeb, 0x20,
    0xfd, 0xf9, 0x83, 0xf7, 0xe0, 0xda, 0x7, 0xf4,
    0x17, 0x20, 0x7e, 0x33, 0xd2, 0x1e, 0x94, 0x2c,
    0x1e, 0x54, 0x9, 0x41, 0xcd, 0x86, 0xe4, 0x26,
    0x81, 0xee, 0x80, 0xf2, 0x4, 0x36, 0x14, 0x17,
    0x21, 0xa0,

    /* U+6C41 "汁" */
    0x4, 0x19, 0x83, 0xec, 0x3f, 0xe9, 0x83, 0xf2,
    0x8a, 0x7, 0xe6, 0x87, 0xd3, 0xf4, 0x69, 0xf4,
    0xfd, 0x3, 0xf, 0xfe, 0xc, 0x87, 0xfc, 0xa0,
    0xff, 0x48, 0x7f, 0x95, 0x7, 0xf3, 0x40, 0xff,
    0x3a, 0x1f, 0xe0,

    /* U+6C42 "求" */
    0xf, 0x4b, 0x7, 0xff, 0x2, 0xc3, 0xf2, 0x3a,
    0x81, 0xfc, 0x5e, 0x64, 0xef, 0x9b, 0xe9, 0x7,
    0x90, 0xef, 0x5, 0x72, 0x4f, 0x40, 0xed, 0x7,
    0x90, 0xe7, 0x49, 0x83, 0x3d, 0x10, 0x6c, 0x15,
    0x34, 0x36, 0x69, 0xa1, 0x21, 0x5a, 0x1a, 0xc4,
    0x38,

    /* U+6C47 "汇" */
    0xf, 0xfe, 0x15, 0x83, 0xfe, 0x5, 0x30, 0x5f,
    0xc1, 0x38, 0x7f, 0x3c, 0x1f, 0xe7, 0x10, 0xff,
    0xa4, 0x3f, 0xf8, 0x10, 0x7f, 0xf0, 0x10, 0xff,
    0xa4, 0x3f, 0xca, 0x83, 0xfd, 0x40, 0xaf, 0xe8,
    0x90, 0x7f, 0xd0,

    /* U+6C49 "汉" */
    0xf, 0xfe, 0x1b, 0xc5, 0x7c, 0x13, 0x8e, 0xd5,
    0xa1, 0x44, 0xa0, 0xe4, 0x37, 0x1, 0x40, 0xf0,
    0x57, 0x81, 0xe0, 0x28, 0x39, 0x2, 0x89, 0xf,
    0x48, 0x19, 0x83, 0xca, 0x4, 0xa0, 0xf2, 0x1a,
    0x14, 0x1d, 0x40, 0x4f, 0x44, 0x2d, 0x6c, 0xc7,
    0xb0, 0x70, 0xd0, 0x37, 0x0,

    /* U+6C57 "汗" */
    0xf, 0xfe, 0x1b, 0xa7, 0xfc, 0x81, 0xa3, 0xf1,
    0xf2, 0x13, 0xa1, 0xfe, 0xe0, 0xff, 0xe0, 0x6c,
    0x1c, 0x87, 0xbd, 0x7c, 0x5f, 0x7, 0x5f, 0x1f,
    0x83, 0x41, 0xff, 0xc0, 0x50, 0x7f, 0xf0, 0x28,
    0x1f, 0xf4, 0x87, 0xff, 0x6, 0xf, 0xf8,

    /* U+6C5B "汛" */
    0x2, 0x1f, 0xfc, 0x1f, 0x3f, 0xf0, 0x6a, 0xbc,
    0xfa, 0xd, 0xe, 0x5, 0x7, 0xda, 0x1f, 0xf5,
    0x41, 0xff, 0xc0, 0x73, 0xc5, 0xc8, 0x7a, 0xf1,
    0x70, 0x7a, 0xf, 0x90, 0xe6, 0xf, 0xfa, 0x43,
    0xc8, 0xc4, 0xc1, 0xfa, 0xcb, 0xf, 0xd0, 0x80,

    /* U+6C5F "江" */
    0xf, 0xfe, 0x27, 0x7, 0xff, 0x3, 0x2f, 0xf9,
    0xd, 0x4f, 0x8b, 0xc8, 0x24, 0x3c, 0x87, 0x72,
    0x1f, 0xf3, 0xe0, 0xff, 0xe0, 0xc1, 0xff, 0xc1,
    0x60, 0xff, 0xe0, 0x58, 0x7f, 0xc8, 0x86, 0x43,
    0x9b, 0x7e, 0x2f, 0x81, 0xc3, 0xff, 0x80,

    /* U+6C60 "池" */
    0x18, 0x3b, 0xf, 0x2a, 0xf, 0xfe, 0x6, 0xa0,
    0xff, 0xe0, 0x4e, 0x1c, 0x85, 0xa8, 0xa, 0x3d,
    0x5, 0xcc, 0x59, 0xe0, 0xed, 0xce, 0xf, 0xed,
    0xf, 0xfe, 0x33, 0x87, 0x48, 0x73, 0xe4, 0x26,
    0xd, 0x85, 0x3, 0x42, 0x43, 0x21, 0x30, 0x29,
    0xfa, 0x80,

    /* U+6C61 "污" */
    0xf, 0xfe, 0x1b, 0xc7, 0xfc, 0x13, 0x8f, 0xfc,
    0x1d, 0x21, 0xfe, 0xe2, 0xff, 0xc0, 0xce, 0xcb,
    0xf8, 0x2a, 0x4, 0x87, 0xf9, 0x7, 0xf0, 0x76,
    0xf, 0xd0, 0x79, 0x41, 0xe4, 0x37, 0x7, 0xb0,
    0xd0, 0x84, 0x81, 0xc3, 0x61, 0xbe, 0x50, 0x0,

    /* U+6C64 "汤" */
    0xf, 0xfe, 0x13, 0x3, 0xfc, 0x13, 0xe3, 0xe8,
    0x83, 0x38, 0x55, 0x21, 0x70, 0x59, 0xa1, 0xb1,
    0x21, 0xfd, 0x2, 0x4a, 0x39, 0xa1, 0xa0, 0x78,
    0x36, 0x5, 0x1, 0x52, 0x1d, 0xc7, 0xc, 0x28,
    0xa, 0xe7, 0x83, 0xb8, 0xcd, 0x42, 0x12, 0x81,
    0xd0, 0xe8, 0x0,

    /* U+6C72 "汲" */
    0x2, 0x1f, 0xfc, 0x1a, 0x3f, 0xe0, 0xed, 0xf1,
    0xe8, 0x39, 0x38, 0x39, 0xd, 0x61, 0xef, 0x6,
    0xd8, 0x28, 0x6c, 0x35, 0x2, 0x4b, 0xf, 0x61,
    0x97, 0x7, 0xca, 0xa1, 0x61, 0x94, 0x5a, 0xb5,
    0x6, 0xb0, 0x21, 0xfa, 0x1e, 0x37, 0x34, 0x2d,
    0x1e, 0xca, 0x81, 0xe, 0x68, 0x4e, 0x0,

    /* U+6C79 "汹" */
    0xf, 0xfe, 0x1f, 0x2, 0xb, 0xd, 0xb4, 0x20,
    0xd0, 0x5e, 0x65, 0xc2, 0x58, 0x83, 0xa6, 0x14,
    0xc1, 0x91, 0xd, 0x40, 0xc8, 0x7d, 0x40, 0x23,
    0x7, 0x38, 0x2a, 0x50, 0x48, 0x9c, 0x8e, 0x15,
    0x1, 0xa0, 0xb0, 0x6a, 0x7, 0xf4, 0xa, 0x3,
    0xfd, 0x0,

    /* U+6C7D "汽" */
    0xf, 0x21, 0xf3, 0x82, 0xc3, 0xe6, 0xc5, 0x7f,
    0x20, 0x74, 0xff, 0x2b, 0x4a, 0x7f, 0x43, 0xcc,
    0xff, 0x41, 0x6f, 0xfc, 0x19, 0x57, 0xe9, 0xd,
    0x87, 0xbc, 0x19, 0x41, 0xfe, 0x90, 0xf2, 0x4b,
    0x41, 0xe7, 0x51, 0x7, 0xd2, 0x80,

    /* U+6C83 "沃" */
    0xf, 0xf9, 0xd, 0xc0, 0x5a, 0xe0, 0xd9, 0x57,
    0x1e, 0xe, 0xbb, 0x88, 0x3b, 0xc2, 0x1f, 0xed,
    0xdf, 0x8f, 0xc1, 0x5b, 0xe8, 0x17, 0x83, 0xa0,
    0x6a, 0xf, 0xa0, 0x9f, 0x41, 0xe6, 0x25, 0x84,
    0x36, 0x8a, 0x81, 0x40, 0xa2, 0xac, 0x25, 0x60,
    0xb0, 0x61, 0xd2, 0x0,

    /* U+6C89 "沉" */
    0xf, 0xfe, 0x27, 0x1f, 0xf2, 0x16, 0xc7, 0xf4,
    0x1d, 0xc1, 0xfe, 0xe0, 0x61, 0xca, 0x2, 0xa0,
    0x30, 0x30, 0xd4, 0x43, 0xff, 0x80, 0xe1, 0xff,
    0xc1, 0x90, 0xff, 0xe0, 0x28, 0xc3, 0xf9, 0x40,
    0x60, 0xd0, 0x54, 0x24, 0x39, 0x5, 0xc, 0x83,
    0x68, 0x24, 0xe0, 0xde, 0x80,

    /* U+6C9B "沛" */
    0x2, 0x1d, 0x87, 0x9a, 0x7, 0xfc, 0xef, 0xe3,
    0xf0, 0x6f, 0xe3, 0xf0, 0x38, 0x3f, 0xf8, 0x1b,
    0x1f, 0x1f, 0x6, 0xe0, 0x78, 0xf0, 0x7a, 0xf,
    0xfe, 0xa, 0x1f, 0xfc, 0x5, 0x7, 0xff, 0x2,
    0x81, 0xec, 0x34, 0x83, 0xd, 0xe0, 0xb8, 0x3f,
    0xe0,

    /* U+6C9F "沟" */
    0x2, 0x80, 0xa0, 0xfd, 0x27, 0x83, 0xe7, 0x85,
    0x57, 0x12, 0x60, 0xbe, 0x12, 0xa2, 0x45, 0xb0,
    0xb2, 0x6d, 0xf, 0xa9, 0x8a, 0xf, 0x94, 0x20,
    0xc0, 0x85, 0x2, 0x61, 0xf, 0x20, 0x47, 0xc1,
    0x70, 0x3d, 0x4c, 0x28, 0x43, 0xc9, 0x9e, 0xf,
    0x5a, 0x84, 0x3e, 0xbc, 0x0,

    /* U+6CA1 "没" */
    0xf, 0xfe, 0x1d, 0x2, 0xfc, 0x86, 0x88, 0x2f,
    0x7, 0xd4, 0xf, 0xfb, 0x41, 0x21, 0x74, 0x7,
    0x33, 0x3, 0xe8, 0x2d, 0x9f, 0xd2, 0x1d, 0x91,
    0x70, 0x79, 0x40, 0xa1, 0x40, 0xea, 0x1, 0x5a,
    0x83, 0x48, 0x4a, 0x14, 0x12, 0xa2, 0xfd, 0x4e,
    0x1c, 0x1e, 0x80, 0xf6, 0x0,

    /* U+6CA6 "沦" */
    0x2, 0x1d, 0x7, 0xd6, 0x19, 0x41, 0xed, 0x40,
    0xd8, 0x39, 0x24, 0x8a, 0x61, 0xbc, 0x93, 0x8d,
    0xa0, 0xa6, 0x90, 0x4f, 0x4, 0xcd, 0x2, 0xdc,
    0x32, 0x1a, 0xd4, 0x1d, 0x5, 0x9c, 0x1c, 0x86,
    0xe0, 0x90, 0xa8, 0x1f, 0xa0, 0x4a, 0xb, 0xf9,
    0x5, 0x2, 0xff, 0x40,

    /* U+6CAA "沪" */
    0xf, 0xfe, 0x13, 0x87, 0x68, 0x66, 0xd1, 0x6d,
    0x41, 0x32, 0x51, 0x54, 0x4, 0xa0, 0xbf, 0x5,
    0x70, 0x5f, 0x83, 0x58, 0x5f, 0x83, 0x90, 0xfb,
    0xd, 0xa1, 0xfe, 0x45, 0x83, 0xf5, 0xf, 0x7,
    0xd0, 0x8a, 0xf, 0xd9, 0x40, 0xfd, 0x2, 0x43,
    0xe0,

    /* U+6CB3 "河" */
    0xf, 0xfe, 0x27, 0x1f, 0xfa, 0x6, 0x5f, 0xe3,
    0x82, 0xb0, 0xff, 0x58, 0xaf, 0xc1, 0xd3, 0x81,
    0xe0, 0xfa, 0xc3, 0xff, 0x82, 0xa0, 0xff, 0xe0,
    0x40, 0x68, 0x1f, 0xc8, 0x34, 0x3e, 0xe1, 0x9a,
    0x7, 0x42, 0x4, 0x8, 0x77, 0x83, 0xde, 0x8,

    /* U+6CB8 "沸" */
    0x28, 0x1b, 0x30, 0xd3, 0x7, 0xfd, 0xb7, 0x8c,
    0xf2, 0x47, 0x78, 0xcc, 0x26, 0xf, 0xfb, 0x47,
    0xc6, 0x61, 0xb3, 0x73, 0x3c, 0x84, 0x81, 0x11,
    0x41, 0x3a, 0xa2, 0x2a, 0x5, 0xf4, 0x66, 0x86,
    0x41, 0x40, 0x6e, 0x70, 0xea, 0x7, 0x92, 0x6e,
    0x81, 0xf2, 0x51, 0xb, 0x8,

    /* U+6CB9 "油" */
    0xf, 0xd8, 0x7a, 0xc3, 0xfe, 0xa6, 0x1f, 0xf3,
    0x86, 0x43, 0x70, 0x3e, 0x2f, 0x26, 0x60, 0xf1,
    0xe0, 0xd6, 0x1f, 0xfc, 0x5, 0x1e, 0x3c, 0x1d,
    0x3, 0xc7, 0x83, 0xc8, 0x7f, 0xa8, 0x1f, 0xe5,
    0x81, 0xe3, 0xc1, 0x78, 0x2f, 0xe0, 0xa0, 0xb0,
    0xed,

    /* U+6CBB "治" */
    0xf, 0xc8, 0x7d, 0xc1, 0xa0, 0xfb, 0x30, 0x48,
    0x87, 0xa8, 0x6, 0x28, 0x14, 0x89, 0x40, 0x6c,
    0xa, 0x8d, 0xbe, 0x10, 0xb0, 0x7f, 0xd0, 0x6a,
    0x3f, 0xe4, 0x32, 0x81, 0xf8, 0x3d, 0x40, 0xff,
    0xa1, 0xf, 0xf2, 0xb0, 0xbf, 0x6, 0xf0, 0x6f,
    0xc1, 0x0,

    /* U+6CBF "沿" */
    0xf, 0xfe, 0x13, 0xa0, 0xc1, 0x86, 0x68, 0x86,
    0x50, 0x67, 0x58, 0x1c, 0x7, 0x41, 0x60, 0x44,
    0x79, 0x94, 0x15, 0x2, 0xc6, 0xc, 0xa8, 0x37,
    0xfd, 0x40, 0x38, 0x3f, 0x7, 0x58, 0x7f, 0x91,
    0x2, 0x1f, 0x50, 0x2b, 0xe0, 0xca, 0xb, 0xf0,
    0x40,

    /* U+6CC9 "泉" */
    0xf, 0x90, 0xff, 0xe0, 0x50, 0x3f, 0xbe, 0x4f,
    0x83, 0xef, 0xf0, 0x7e, 0xff, 0x7, 0xef, 0xf0,
    0x7e, 0xff, 0x7, 0x9a, 0xc7, 0xa4, 0x27, 0xd4,
    0x2, 0x41, 0x9a, 0xa, 0x2e, 0x43, 0x3b, 0x3,
    0x64, 0x2e, 0xa1, 0x5, 0x3c, 0xf, 0x27, 0x20,
    0x6c,

    /* U+6CCA "泊" */
    0xf, 0xc8, 0x7a, 0x81, 0xa0, 0xf4, 0x60, 0x83,
    0xc9, 0x4f, 0x27, 0xc0, 0xb1, 0x3f, 0x82, 0xdc,
    0x3f, 0xeb, 0x2, 0x1f, 0xd0, 0x2f, 0xc1, 0xc8,
    0x3f, 0x83, 0x28, 0x3f, 0xea, 0x1, 0xf, 0xb8,
    0x2b, 0xf0, 0x52, 0x17, 0xf0, 0x0,

    /* U+6CD5 "法" */
    0xf, 0xd8, 0x7d, 0xc1, 0xff, 0xc0, 0xc8, 0x32,
    0x1f, 0x5d, 0xe2, 0xf0, 0x52, 0x37, 0x8f, 0x82,
    0xbc, 0x1f, 0xfc, 0xa, 0x3f, 0x1f, 0x83, 0x2b,
    0xca, 0xfc, 0x19, 0x80, 0xc1, 0xfa, 0xc4, 0x2d,
    0xd, 0x9, 0x2e, 0x90, 0x2b, 0x30, 0x7d, 0x40,
    0x30, 0x3d, 0x52, 0xa0,

    /* U+6CDB "泛" */
    0xf, 0xf9, 0x9, 0x82, 0x55, 0xe9, 0x3, 0xeb,
    0xe6, 0xf2, 0x13, 0x4e, 0x82, 0x1d, 0xc8, 0x72,
    0x1d, 0x91, 0xf1, 0x78, 0x35, 0x9f, 0xca, 0xe,
    0xc3, 0x95, 0x7, 0x24, 0x6, 0xc3, 0xa4, 0x4a,
    0x61, 0xe6, 0x86, 0x61, 0xe9, 0x6d, 0x5f, 0xc9,
    0xc4, 0x5f, 0xe4,

    /* U+6CDE "泞" */
    0xf, 0xfe, 0x1e, 0x85, 0x68, 0x75, 0x10, 0x54,
    0x1c, 0xdf, 0xa3, 0xe3, 0x98, 0xff, 0x3, 0x61,
    0xf, 0x20, 0xf0, 0xff, 0x83, 0x27, 0xe3, 0xd0,
    0x52, 0x1f, 0xf2, 0x83, 0xfd, 0x21, 0xfe, 0x98,
    0x3f, 0xde, 0xd, 0x68, 0x40,

    /* U+6CE1 "泡" */
    0xf, 0x28, 0x3f, 0x3a, 0x61, 0xfc, 0xd0, 0x6f,
    0xc8, 0x11, 0xc1, 0xf8, 0x37, 0x92, 0x43, 0xf5,
    0x4b, 0x7c, 0x1e, 0x7d, 0x7c, 0x12, 0x19, 0x97,
    0x7, 0xed, 0x2f, 0x21, 0xf2, 0x81, 0x4f, 0x7,
    0x21, 0xe7, 0xd2, 0xb, 0xf, 0xc8, 0x14, 0x1b,
    0xf9, 0x43, 0x5, 0xfe, 0x80,

    /* U+6CE2 "波" */
    0xf, 0xd8, 0x7d, 0xc1, 0xff, 0xc0, 0xdb, 0xe3,
    0xe8, 0x37, 0x1e, 0x3c, 0x85, 0xc1, 0xf9, 0x81,
    0xb0, 0x7d, 0x86, 0xf0, 0x3c, 0x7c, 0x1d, 0x82,
    0x7c, 0xa0, 0xe4, 0xa, 0x3, 0x6, 0x58, 0x17,
    0xa0, 0xeb, 0xc8, 0x81, 0xc, 0x8a, 0xde, 0x9c,
    0x15, 0xe7, 0xa2, 0xb3, 0x6, 0x74, 0xd0, 0xac,

    /* U+6CE5 "泥" */
    0xf, 0xfe, 0x13, 0xc7, 0xfc, 0x7, 0x41, 0xfc,
    0x14, 0x60, 0xeb, 0x6, 0xc2, 0xbf, 0x40, 0x94,
    0x5, 0x4b, 0x5, 0x21, 0xf4, 0x1b, 0xe, 0x70,
    0xc8, 0x7b, 0xa0, 0x54, 0x43, 0x49, 0x10, 0xd0,
    0x39, 0x43, 0xa2, 0x17, 0xa8, 0x63, 0x5, 0xf9,

    /* U+6CE8 "注" */
    0x2, 0x13, 0x7, 0xef, 0x1, 0x30, 0xfa, 0x60,
    0x48, 0x7a, 0x2f, 0xcf, 0xd0, 0x3c, 0xaf, 0x8f,
    0xa0, 0x34, 0xf, 0xfe, 0x3, 0x87, 0xff, 0x6,
    0x7e, 0x3e, 0xe, 0x57, 0xc7, 0xc1, 0x90, 0xff,
    0xe0, 0xd0, 0x3f, 0xe9, 0x57, 0xc7, 0xe0, 0x71,
    0x7f, 0xe0,

    /* U+6CEA "泪" */
    0xf, 0xfe, 0x1d, 0x83, 0xfe, 0x5, 0x30, 0x7f,
    0x6, 0x70, 0xfe, 0xb0, 0xdf, 0xc0, 0xa6, 0x17,
    0xe8, 0x26, 0xf, 0x90, 0xd8, 0x5f, 0xc1, 0x90,
    0xaf, 0xa0, 0x90, 0xc8, 0x48, 0x54, 0xf, 0xf4,
    0x21, 0x7f, 0x5, 0x86, 0xfe, 0x0,

    /* U+6CF0 "泰" */
    0xf, 0x21, 0xfc, 0xba, 0x5c, 0x1d, 0x58, 0xae,
    0xd, 0x2c, 0x2e, 0x83, 0x3e, 0x50, 0xf8, 0x37,
    0xa8, 0x28, 0xa6, 0x83, 0xc9, 0xdc, 0x79, 0x3,
    0xb1, 0xad, 0xa0, 0x67, 0xd1, 0xcd, 0x31, 0xe2,
    0xd, 0xbe, 0x9, 0xb5, 0xf, 0x90, 0x9f, 0xcf,
    0xd4, 0x9, 0x93, 0x42, 0x70, 0x0,

    /* U+6CFD "泽" */
    0xf, 0xfe, 0x1d, 0x8f, 0xf9, 0xa, 0x9b, 0x9e,
    0x44, 0x33, 0x82, 0xe7, 0xd, 0xc1, 0xca, 0xe,
    0xd5, 0x74, 0xcf, 0x41, 0x6d, 0xe2, 0x9d, 0x86,
    0x9f, 0x4f, 0xa4, 0x24, 0x7d, 0x3f, 0x6, 0xfe,
    0x9f, 0xa0, 0x95, 0xf4, 0xfd, 0x3, 0x83, 0xff,
    0x80, 0xa0, 0xff, 0x80,

    /* U+6D01 "洁" */
    0x2, 0x1c, 0xc1, 0xea, 0x7, 0xff, 0x3, 0x65,
    0xb1, 0x60, 0xd9, 0x52, 0xaa, 0x4a, 0x17, 0xd3,
    0xf2, 0x5e, 0x7, 0xa7, 0xd0, 0x4e, 0xf, 0xf4,
    0x1f, 0xfc, 0x69, 0x3f, 0xc8, 0x65, 0x3, 0xf0,
    0x74, 0x87, 0xfc, 0xa8, 0x2f, 0xc1, 0xbc, 0x1b,
    0xf0, 0x40,

    /* U+6D0B "洋" */
    0xf, 0xf2, 0x19, 0x80, 0xe1, 0x48, 0x4f, 0x85,
    0x46, 0xa0, 0xcc, 0xea, 0xc7, 0x41, 0xad, 0xf1,
    0xf2, 0xe, 0x4b, 0xc7, 0xc1, 0xb4, 0xbc, 0x7c,
    0x1d, 0x7, 0xff, 0x1, 0x3f, 0x1f, 0x82, 0xff,
    0x1f, 0x82, 0x50, 0x7f, 0xdc, 0x1f, 0xfc, 0x9,
    0xf, 0xf8,

    /* U+6D12 "洒" */
    0xf, 0xfe, 0x1b, 0xbf, 0xfc, 0x8f, 0x7a, 0x33,
    0xe4, 0x8c, 0x3f, 0xf8, 0x19, 0x71, 0x9e, 0x41,
    0x28, 0xa3, 0x98, 0x74, 0x87, 0xff, 0x7, 0x7,
    0x83, 0xf2, 0xd, 0x40, 0xc3, 0xb8, 0x60, 0x78,
    0x39, 0x44, 0x87, 0xe9, 0x5, 0xfc, 0x1d, 0x2,
    0xfe, 0x8,

    /* U+6D1B "洛" */
    0xf, 0x21, 0xf4, 0x13, 0x7, 0xde, 0x48, 0xfc,
    0x13, 0xa8, 0x1e, 0x60, 0x50, 0x6c, 0xa2, 0x81,
    0x11, 0x9a, 0xb0, 0xd6, 0x8e, 0xad, 0xe, 0xba,
    0xf7, 0x2, 0xa2, 0xf4, 0x70, 0xa1, 0x3e, 0x83,
    0x58, 0x7f, 0x91, 0xb, 0xe8, 0x36, 0x1b, 0xe8,
    0x20,

    /* U+6D25 "津" */
    0x4, 0x1d, 0x87, 0xcc, 0x12, 0x1f, 0xb5, 0x7a,
    0x3e, 0xa, 0x3c, 0xb0, 0xa2, 0x4f, 0x1f, 0x8f,
    0x1a, 0x34, 0x6a, 0x28, 0x21, 0x31, 0xe8, 0xf8,
    0x3b, 0x7d, 0x1f, 0x21, 0x23, 0xe8, 0xf9, 0xb,
    0x7e, 0x8f, 0xc8, 0x1b, 0xe8, 0xfc, 0x9a, 0x19,
    0xf, 0xa8, 0x1f, 0xf0,

    /* U+6D2A "洪" */
    0x4, 0x13, 0xe, 0x1d, 0xe0, 0xff, 0xe0, 0x34,
    0xf, 0xf2, 0x37, 0x3c, 0x68, 0x5a, 0x73, 0xc6,
    0x81, 0xa0, 0x7f, 0xf0, 0x1c, 0x3f, 0xf8, 0x3d,
    0xcf, 0x1e, 0xe, 0xbf, 0x5f, 0x5, 0x20, 0xa1,
    0xe0, 0xe6, 0x26, 0x27, 0xb, 0x8d, 0xc2, 0x9c,
    0x1a, 0x58, 0x75, 0x0,

    /* U+6D32 "洲" */
    0x10, 0xb4, 0x36, 0x78, 0x3b, 0xd, 0x28, 0x3f,
    0x24, 0x87, 0xf6, 0x31, 0x26, 0x8d, 0x30, 0x30,
    0xe0, 0x66, 0x30, 0x68, 0x56, 0x16, 0x38, 0x48,
    0x48, 0x79, 0x41, 0xfe, 0xa1, 0x21, 0xe8, 0x13,
    0x7, 0xd8, 0xe1, 0x61, 0x40, 0xc3, 0xec,

    /* U+6D3B "活" */
    0xf, 0xfe, 0x24, 0x19, 0x57, 0x83, 0x79, 0xf5,
    0xf, 0x6, 0x77, 0xe2, 0xe, 0xd3, 0xf1, 0xf8,
    0x14, 0x3f, 0x17, 0xc0, 0x64, 0x39, 0xf, 0x21,
    0xff, 0xc2, 0x8f, 0x8f, 0x83, 0x28, 0x1f, 0xc1,
    0xd4, 0xf, 0xfb, 0x42, 0xfe, 0xd, 0x40, 0xaf,
    0xc1, 0x90, 0xb4, 0x36, 0x0,

    /* U+6D41 "流" */
    0xf, 0xd8, 0x79, 0xd0, 0xff, 0x9a, 0xbe, 0x3f,
    0x4, 0xf7, 0x8f, 0x5e, 0x7, 0x5, 0x20, 0xe0,
    0xb5, 0x1a, 0xbc, 0xb0, 0x58, 0x3f, 0xd0, 0x7c,
    0xc6, 0x42, 0x1a, 0x2, 0x1f, 0xfc, 0x14, 0x3f,
    0xa4, 0xc3, 0xca, 0x15, 0x2b, 0xe, 0xc1, 0xcd,
    0x10, 0xb9, 0x44, 0xad, 0x6, 0x3e, 0x0,

    /* U+6D45 "浅" */
    0xf, 0xfe, 0x1b, 0x6, 0xce, 0xc, 0x98, 0x76,
    0x1e, 0xa0, 0x6a, 0x38, 0x48, 0xaf, 0x3, 0xb0,
    0xbc, 0x3e, 0x4f, 0x82, 0xa8, 0xb5, 0x1e, 0xc,
    0xc7, 0x95, 0xf8, 0x32, 0xbc, 0xaf, 0x38, 0x4c,
    0x76, 0x5a, 0x1b, 0x96, 0x6, 0x61, 0x2c, 0x14,
    0x8, 0x41, 0x41, 0xfd, 0x6c, 0x5, 0x2, 0xd1,
    0xa0, 0x0,

    /* U+6D46 "浆" */
    0xf, 0xfe, 0x36, 0x5, 0x7, 0xa8, 0x1a, 0x9f,
    0x5, 0x21, 0x6f, 0xa0, 0xe5, 0x12, 0x44, 0x86,
    0xe2, 0xa3, 0x60, 0xaa, 0x15, 0xaa, 0xd, 0xe5,
    0x14, 0xe0, 0xe4, 0x12, 0xb0, 0x48, 0x5f, 0xa1,
    0x56, 0x85, 0xe8, 0x81, 0x8, 0x75, 0x30, 0x3b,
    0x6, 0xcc, 0x3b, 0xf0, 0x38, 0x1b, 0x81, 0xf0,

    /* U+6D4B "测" */
    0x20, 0xfe, 0xc1, 0xe3, 0xf0, 0x79, 0xa1, 0xe0,
    0x21, 0xcc, 0x28, 0x10, 0x6d, 0xb, 0xf, 0xb8,
    0x3f, 0xf8, 0x18, 0x7f, 0xf0, 0x60, 0xff, 0x90,
    0x78, 0x3f, 0x7c, 0x8, 0x3e, 0x50, 0x91, 0x86,
    0xe3, 0x9b, 0xe, 0x55, 0x11, 0x6c, 0x28, 0x90,
    0xa7, 0xc0,

    /* U+6D4F "浏" */
    0xe, 0x43, 0xb0, 0x58, 0x38, 0x3e, 0x98, 0x90,
    0xfd, 0x59, 0x9c, 0x32, 0x8f, 0x90, 0xfa, 0x4d,
    0x10, 0xe7, 0x12, 0xf, 0xfa, 0x50, 0x7e, 0x83,
    0xfe, 0x92, 0x50, 0x7c, 0xca, 0x9b, 0xd, 0x25,
    0x94, 0xe, 0xe2, 0xe, 0xc0,

    /* U+6D51 "浑" */
    0xf, 0xfe, 0x15, 0x97, 0xfc, 0x94, 0xc7, 0x6f,
    0x21, 0x3f, 0xa, 0x6, 0xe, 0x5, 0x9f, 0x49,
    0xb3, 0x9d, 0xf0, 0x5c, 0x28, 0x83, 0xe8, 0xdc,
    0xf8, 0x32, 0x5e, 0x3e, 0xa, 0x7f, 0x1f, 0x40,
    0x6f, 0xc7, 0xd1, 0x21, 0xff, 0xc0, 0x83, 0xfc,

    /* U+6D53 "浓" */
    0x10, 0xe9, 0xf, 0x79, 0x9, 0xf, 0xa8, 0x7c,
    0x5f, 0x6, 0x51, 0xe3, 0xe0, 0x9e, 0x11, 0xc,
    0x81, 0xc1, 0x18, 0x87, 0xd0, 0x4d, 0x1f, 0x6,
    0x93, 0x12, 0xd0, 0xca, 0x82, 0x83, 0xc9, 0x10,
    0x15, 0x6, 0xac, 0x13, 0xb0, 0x11, 0xd, 0xe7,
    0x61, 0xc2, 0x6e, 0x7, 0x0,

    /* U+6D59 "浙" */
    0x20, 0xb4, 0x26, 0x80, 0xf0, 0x77, 0xae, 0x3,
    0x21, 0xde, 0x40, 0xc9, 0x94, 0xf, 0x24, 0xe5,
    0xf, 0xc0, 0x90, 0xf6, 0x58, 0x58, 0x56, 0x1f,
    0xaa, 0x1c, 0x3f, 0xf8, 0x18, 0x7f, 0x34, 0xf,
    0xf2, 0x1d, 0x21, 0xea, 0x6, 0x60, 0xf2, 0x8c,
    0xd0, 0xf0,

    /* U+6D66 "浦" */
    0xf, 0xda, 0x83, 0x3a, 0x1e, 0xa0, 0x4f, 0x7e,
    0x21, 0xc0, 0x9f, 0xc7, 0xe0, 0xb0, 0x7c, 0x7c,
    0x13, 0x40, 0x78, 0xf0, 0x73, 0x3, 0xc7, 0x83,
    0xd8, 0x3c, 0x78, 0x3f, 0xf8, 0x8, 0x7a, 0x41,
    0xe2, 0xc3, 0x9c, 0x1e, 0x3c, 0x1a, 0x10, 0xff,
    0xe0, 0x41, 0xd9, 0x86, 0x90, 0x61, 0xbc, 0x0,

    /* U+6D69 "浩" */
    0x2, 0x1d, 0xa1, 0xeb, 0x6, 0x1f, 0xd9, 0x22,
    0x5, 0x4, 0x9e, 0x8c, 0xbc, 0x15, 0xd, 0xe2,
    0xa0, 0xb5, 0x79, 0x46, 0xb0, 0x5b, 0xf9, 0x3e,
    0xd, 0xda, 0xf1, 0x7, 0xb6, 0xa4, 0x3a, 0x42,
    0x5b, 0xc, 0xa8, 0x3f, 0xea, 0x4, 0xfd, 0x6,
    0xd0, 0xaf, 0xa0, 0x80,

    /* U+6D6A "浪" */
    0x2, 0x1d, 0x87, 0xd4, 0xf, 0xfe, 0x6, 0xdf,
    0x1f, 0x4, 0x9c, 0x7f, 0x6, 0xf0, 0x5f, 0xc1,
    0xa7, 0x7, 0xf0, 0x75, 0x81, 0xf, 0xf2, 0xb,
    0xf0, 0x7a, 0x4f, 0x1e, 0x50, 0x48, 0x86, 0xb1,
    0xa, 0x81, 0xb5, 0x41, 0x42, 0xa, 0x79, 0x83,
    0x66, 0xf, 0x1f, 0x2, 0x7, 0xa4, 0x27, 0x0,

    /* U+6D6E "浮" */
    0xf, 0xf3, 0x85, 0x6f, 0xfc, 0x85, 0x59, 0xe9,
    0xc8, 0x67, 0x5d, 0x14, 0xb, 0x81, 0x64, 0x4,
    0x2c, 0x89, 0xed, 0x83, 0x50, 0xfc, 0x90, 0x74,
    0x1b, 0x30, 0xe5, 0x5f, 0xf, 0xc1, 0x74, 0xf8,
    0xfc, 0x12, 0x83, 0xfe, 0xe0, 0xff, 0xe0, 0x48,
    0x5e, 0xf, 0x0,

    /* U+6D74 "浴" */
    0xf, 0xfe, 0x22, 0x1b, 0x4, 0x1d, 0xe4, 0x83,
    0x61, 0xa9, 0xce, 0xa9, 0xc1, 0x2a, 0x32, 0x84,
    0x82, 0xa2, 0x20, 0x44, 0x16, 0x14, 0xf9, 0x41,
    0xd1, 0xb8, 0x2a, 0xd, 0xa8, 0xfa, 0x10, 0xe6,
    0x3e, 0x8c, 0x29, 0xf, 0x21, 0xcc, 0x1e, 0x43,
    0x68, 0x6f, 0xa0, 0xd4, 0xd, 0xf8, 0x20,

    /* U+6D77 "海" */
    0xf, 0x21, 0xfd, 0x85, 0x21, 0xfa, 0xc8, 0xbf,
    0x82, 0x65, 0x7f, 0xc0, 0xd5, 0x1f, 0xe4, 0x1c,
    0xed, 0xb6, 0x86, 0xd1, 0x2, 0x4, 0x39, 0xcb,
    0x2c, 0x90, 0x5e, 0x3c, 0x78, 0xd0, 0x3a, 0x1f,
    0xe4, 0x41, 0xe3, 0xc6, 0x9, 0x5, 0xfa, 0x70,
    0x50, 0x50, 0x1e, 0xc0,

    /* U+6D78 "浸" */
    0xf, 0xfe, 0x1d, 0x7, 0xfe, 0xa, 0x37, 0xfc,
    0x1d, 0x67, 0xf8, 0x34, 0x17, 0xf4, 0x1b, 0xc0,
    0xfe, 0x90, 0x9c, 0x97, 0xc2, 0x12, 0xdf, 0xe3,
    0xb, 0x1a, 0xf1, 0x84, 0xab, 0x2e, 0x24, 0x8,
    0x6e, 0xec, 0x35, 0x0, 0xc2, 0x48, 0x53, 0x7e,
    0xbf, 0x0,

    /* U+6D82 "涂" */
    0xf, 0xc8, 0x7d, 0xa1, 0xa4, 0x3d, 0xc1, 0x6c,
    0x1f, 0x60, 0x99, 0xc3, 0x70, 0x32, 0x27, 0x41,
    0xab, 0x9f, 0x9a, 0x20, 0xdd, 0xf1, 0x6e, 0x85,
    0x4f, 0x8b, 0xe0, 0xcd, 0xd0, 0xa7, 0x82, 0x90,
    0x41, 0x58, 0x66, 0x79, 0x6, 0xe0, 0xd2, 0x88,
    0x12, 0x51, 0x43, 0x6c, 0x34, 0x88, 0x6b, 0xc1,
    0xc0,

    /* U+6D85 "涅" */
    0xf, 0xfe, 0x27, 0x17, 0xf8, 0x36, 0xa2, 0xfc,
    0x1a, 0x34, 0xbf, 0x7, 0x41, 0x5f, 0x83, 0x4a,
    0xf, 0xfe, 0x6, 0x82, 0xfc, 0x1e, 0x9b, 0xc5,
    0xe0, 0xe5, 0x7c, 0x5e, 0xd, 0x27, 0xc5, 0xe0,
    0x95, 0x7, 0xfd, 0x43, 0xf1, 0x7c, 0x9a, 0x7f,
    0xf2,

    /* U+6D88 "消" */
    0x2, 0x1d, 0x87, 0xa8, 0xe1, 0xda, 0xd, 0x2c,
    0x29, 0x41, 0x6a, 0x83, 0x40, 0xe0, 0x76, 0x6e,
    0xd, 0x81, 0xfc, 0x1b, 0xc0, 0x43, 0xff, 0x81,
    0x7e, 0xe, 0x81, 0xfc, 0x19, 0xb, 0xf8, 0x37,
    0x3, 0xf8, 0x25, 0x83, 0xfd, 0xe0, 0xf7, 0x90,

    /* U+6D89 "涉" */
    0x2, 0x1d, 0x40, 0xf5, 0x3, 0xff, 0x81, 0xad,
    0x81, 0xf2, 0x1b, 0x43, 0x3e, 0x41, 0xc1, 0xff,
    0xc0, 0xd5, 0xc6, 0xaf, 0x82, 0xdf, 0x5a, 0xbe,
    0xc, 0x82, 0xd, 0x87, 0x44, 0x85, 0x7, 0x24,
    0xca, 0x1c, 0x35, 0x58, 0xb6, 0x1a, 0x50, 0xd9,
    0x87, 0x73, 0xfa, 0xf, 0x23, 0xc8, 0x7c,

    /* U+6D8C "涌" */
    0xf, 0xfe, 0x13, 0xb7, 0xfc, 0x7, 0xbe, 0x24,
    0x83, 0x68, 0x28, 0x68, 0x38, 0xbd, 0xf, 0x93,
    0x50, 0xf8, 0xf2, 0x16, 0x8f, 0x8f, 0x21, 0xb1,
    0xf1, 0xe0, 0xc8, 0x7f, 0xf0, 0x28, 0x3e, 0x3c,
    0x12, 0x23, 0xe3, 0xc8, 0x24, 0x3f, 0x20, 0x60,
    0xe8, 0xc4, 0x81, 0x40, 0x27, 0x80,

    /* U+6D9B "涛" */
    0xf, 0xc8, 0x79, 0xd0, 0x98, 0x3c, 0xf3, 0xe8,
    0xfa, 0xd, 0xbe, 0x57, 0xd0, 0x38, 0x1e, 0x57,
    0xc1, 0x62, 0x78, 0xbe, 0xd, 0x3f, 0x17, 0xe0,
    0xd7, 0x8b, 0xcd, 0x84, 0xab, 0x2f, 0x36, 0x17,
    0x62, 0xbc, 0xd8, 0x49, 0x53, 0x7, 0xa5, 0x49,
    0xc1, 0xee, 0x10, 0xda, 0x80,

    /* U+6D9D "涝" */
    0x10, 0xd8, 0x30, 0xed, 0xa1, 0x42, 0x88, 0xe7,
    0x8f, 0x1e, 0x44, 0x5f, 0xe0, 0x78, 0xf3, 0xe7,
    0xc0, 0xa2, 0x7a, 0x9e, 0x10, 0x2a, 0x6, 0x14,
    0x84, 0x9e, 0x6f, 0x41, 0x3b, 0xe3, 0xd2, 0x17,
    0x80, 0x87, 0xe5, 0x2, 0xc1, 0xe0, 0x68, 0xf0,
    0x8a, 0x3, 0x14, 0x4f, 0x21, 0x40, 0xd0, 0x5c,
    0x0,

    /* U+6DA1 "涡" */
    0xf, 0xfe, 0x1f, 0x3, 0xfc, 0x16, 0xa0, 0x7e,
    0xe, 0xd0, 0xfe, 0xb0, 0xd5, 0x82, 0x98, 0x16,
    0xfa, 0xa, 0x87, 0x42, 0xac, 0x28, 0x1e, 0x3e,
    0xc, 0x84, 0x98, 0x74, 0x85, 0xce, 0x19, 0x81,
    0x2a, 0x50, 0x24, 0x2f, 0x2, 0x42, 0x82, 0x42,
    0x74, 0x82, 0xc3, 0x3c,

    /* U+6DA6 "润" */
    0x10, 0x21, 0xfd, 0x40, 0x67, 0xf0, 0x35, 0xef,
    0xc1, 0xb7, 0x90, 0xf3, 0xa0, 0xbf, 0x20, 0x7c,
    0xb, 0x2d, 0xd, 0x1, 0xcb, 0xe, 0x91, 0xcb,
    0xe, 0x43, 0xfe, 0x58, 0xb2, 0xe0, 0xac, 0x17,
    0xe8, 0x12, 0x83, 0xfd, 0xc1, 0xf5, 0xa0,

    /* U+6DA8 "涨" */
    0x10, 0xf6, 0x1e, 0xf3, 0xf0, 0x64, 0x29, 0xf8,
    0x3a, 0xd, 0x40, 0xe7, 0x82, 0xd3, 0xc1, 0x51,
    0xb, 0x93, 0xc0, 0x90, 0xed, 0xb, 0x2f, 0x41,
    0x93, 0xe3, 0x38, 0x28, 0xf0, 0x7f, 0x94, 0x1e,
    0x50, 0x48, 0x7e, 0xe0, 0xa8, 0x4, 0x2c, 0x60,
    0x28, 0xe8, 0x3b, 0x20, 0x81, 0xe4, 0x82, 0xc0,

    /* U+6DA9 "涩" */
    0xf, 0xfe, 0x13, 0xcf, 0xfc, 0x8e, 0x37, 0x8f,
    0x21, 0xa2, 0x14, 0x4, 0x1c, 0x20, 0xa0, 0x49,
    0xb3, 0x68, 0xa0, 0xdd, 0x7b, 0xd0, 0x66, 0x88,
    0xd1, 0x9, 0xc8, 0x2f, 0x82, 0xb0, 0xef, 0x80,
    0x88, 0x7f, 0xa9, 0xe3, 0xc7, 0xe3, 0x7f, 0xfc,

    /* U+6DAF "涯" */
    0xf, 0xfe, 0x27, 0x1f, 0xf9, 0x6, 0x47, 0xc7,
    0xc9, 0x14, 0x7, 0x8f, 0x20, 0xf0, 0x6f, 0x16,
    0x81, 0xa0, 0x79, 0xe, 0x60, 0x5e, 0x3e, 0xd,
    0x82, 0xf1, 0xf0, 0x48, 0x87, 0x21, 0xdd, 0xab,
    0xc5, 0xc1, 0x2d, 0xbe, 0x3d, 0x2, 0x50, 0xfc,
    0x7c, 0x9c, 0xc7, 0xfc, 0x80,

    /* U+6DB2 "液" */
    0xf, 0xd8, 0x7a, 0xc3, 0xff, 0x81, 0x3f, 0xc7,
    0xe0, 0xaf, 0x8d, 0xbe, 0x7, 0x1, 0x43, 0x78,
    0x2c, 0x4a, 0x3, 0xc1, 0xd3, 0x2, 0x74, 0x3d,
    0x20, 0x57, 0x21, 0xaf, 0x14, 0x13, 0xc, 0xa0,
    0x4d, 0x4, 0x3f, 0xf8, 0x8, 0x6e, 0xd, 0x4c,
    0xd0, 0x48, 0x51, 0x95, 0x0,

    /* U+6DB5 "涵" */
    0xf, 0xfe, 0x13, 0x9f, 0xfa, 0x1b, 0xe9, 0xfd,
    0xa, 0xe3, 0x70, 0x28, 0xe1, 0x46, 0xf, 0x88,
    0x40, 0x82, 0x30, 0xa4, 0x14, 0x3c, 0x1d, 0x1,
    0x44, 0x86, 0x41, 0xe8, 0xe8, 0x17, 0x8e, 0xb,
    0xc, 0xa0, 0xb4, 0x10, 0x34, 0x14, 0x57, 0xa0,
    0x30, 0x2f, 0xe8,

    /* U+6DC4 "淄" */
    0xf, 0x40, 0x85, 0x3, 0x85, 0x10, 0x20, 0xb6,
    0x9a, 0xa8, 0xa1, 0x3c, 0xc, 0x3e, 0xc6, 0xe6,
    0x8a, 0x1b, 0x14, 0x40, 0x82, 0x73, 0x7c, 0xf0,
    0x69, 0x3c, 0x79, 0xc, 0xa3, 0xc7, 0x90, 0x90,
    0xbc, 0x58, 0x6a, 0x7, 0x22, 0x4, 0x41, 0xe3,
    0xc8, 0x18, 0x2f, 0xe4,

    /* U+6DCB "淋" */
    0x2, 0xa, 0x5, 0x86, 0x68, 0x1f, 0xf3, 0x87,
    0xff, 0x1, 0x3c, 0xae, 0xcf, 0x2, 0x8e, 0xae,
    0x87, 0x81, 0x84, 0xb1, 0x88, 0x68, 0x46, 0x13,
    0xd, 0x30, 0x18, 0x8, 0x67, 0x12, 0x50, 0xc1,
    0x9c, 0x13, 0x12, 0x85, 0x61, 0x70, 0x52, 0x58,
    0x64, 0x32, 0x9, 0x6, 0x1f, 0x80,

    /* U+6DD8 "淘" */
    0xf, 0x21, 0xf3, 0xa5, 0x87, 0xcf, 0x2d, 0xfd,
    0x11, 0xe0, 0x7e, 0x41, 0xe9, 0x8f, 0xa0, 0x9b,
    0xd4, 0x2e, 0xc, 0xb0, 0x5a, 0x8c, 0xf, 0x9c,
    0x1e, 0x42, 0xd9, 0x88, 0xd0, 0x9c, 0x8, 0x98,
    0x48, 0x83, 0x74, 0x35, 0x1, 0x59, 0xd4, 0x48,
    0x10, 0x99, 0x0,

    /* U+6DE1 "淡" */
    0x2, 0x1d, 0x7, 0xd4, 0x6, 0x20, 0x83, 0x6a,
    0x90, 0x94, 0x14, 0x63, 0x23, 0xe0, 0xd8, 0xec,
    0xca, 0xa, 0x5a, 0xa3, 0xa2, 0x14, 0x83, 0x50,
    0xd8, 0x69, 0xe0, 0xd4, 0xc, 0x96, 0x82, 0x43,
    0x2f, 0x47, 0xa0, 0xd4, 0x68, 0x66, 0x1a, 0x4b,
    0x33, 0x74, 0x1d, 0xa, 0x5, 0xd8,

    /* U+6DF1 "深" */
    0xf, 0xfe, 0x1f, 0x17, 0xfc, 0x83, 0x22, 0xed,
    0xd0, 0xd4, 0x5, 0x88, 0x76, 0x90, 0xc1, 0x78,
    0x14, 0x55, 0x8a, 0xec, 0xe, 0xac, 0x14, 0xf2,
    0x1d, 0xf8, 0xfa, 0xa, 0x7c, 0xa1, 0xb8, 0x25,
    0x1, 0x8a, 0x6, 0x40, 0xf0, 0x56, 0x15, 0x1a,
    0x21, 0x36, 0x5, 0xb4, 0x39, 0xc0,

    /* U+6DF7 "混" */
    0xf, 0xfe, 0x27, 0x1f, 0xf0, 0x6c, 0x8f, 0xe0,
    0xf5, 0xf, 0xe0, 0xd6, 0x17, 0xf0, 0x6a, 0x81,
    0xfc, 0x1c, 0xc7, 0xfc, 0x1d, 0x18, 0x58, 0x20,
    0xc8, 0x3c, 0x9f, 0x5, 0x20, 0xf2, 0x5a, 0x13,
    0x87, 0x92, 0x44, 0x40, 0xd0, 0x24, 0x14, 0x32,
    0x27, 0xc2, 0x69, 0xf4, 0x5f, 0x0,

    /* U+6DF9 "淹" */
    0xf, 0xc8, 0x79, 0xc3, 0x58, 0x79, 0xbf, 0x2b,
    0xf0, 0x4d, 0xe5, 0x4a, 0xf0, 0x39, 0x32, 0xa2,
    0xb, 0x6c, 0x73, 0x56, 0x83, 0xb9, 0xcd, 0xb4,
    0x2c, 0xe, 0x68, 0x7f, 0x39, 0xa1, 0xd2, 0x7,
    0x34, 0x39, 0x80, 0xe7, 0x9c, 0x8, 0x4c, 0x1f,
    0xac, 0x39, 0xfa, 0x0,

    /* U+6DFB "添" */
    0x2, 0x1e, 0x54, 0x1b, 0xc7, 0xfc, 0x1a, 0x57,
    0xa6, 0x88, 0x51, 0x7d, 0x3f, 0x81, 0xe2, 0xe3,
    0x6f, 0x1, 0x50, 0x28, 0x50, 0x3a, 0x86, 0x91,
    0x68, 0x6b, 0x60, 0x9a, 0x20, 0x57, 0xc0, 0xdb,
    0x41, 0xa7, 0x1, 0xd8, 0x27, 0x58, 0x1b, 0x20,
    0x84, 0xcc, 0x62, 0x7, 0x84, 0x9c, 0x44,

    /* U+6E05 "清" */
    0xf, 0xd8, 0x7d, 0xab, 0xe3, 0xe4, 0x2e, 0x7e,
    0x3e, 0x43, 0x65, 0xe3, 0xc8, 0x5c, 0x3c, 0x94,
    0x10, 0x62, 0x17, 0x7, 0xd2, 0xab, 0xe4, 0x36,
    0xb, 0xe8, 0x39, 0x40, 0xbe, 0x83, 0xac, 0x1f,
    0xa0, 0xc8, 0x83, 0xf4, 0x1a, 0x81, 0x7f, 0x6,
    0x50, 0x7a, 0xd0, 0x0,

    /* U+6E0A "渊" */
    0xe, 0xc3, 0xb0, 0x50, 0x3b, 0xe, 0x8c, 0x3f,
    0xeb, 0x4, 0x83, 0xa, 0x42, 0xb1, 0x41, 0x74,
    0xb, 0x6, 0x13, 0xe0, 0x50, 0xa0, 0x72, 0x8,
    0x16, 0x1d, 0x87, 0x48, 0x65, 0x2, 0x85, 0x86,
    0xb4, 0x50, 0xe1, 0x23, 0x4c, 0x24, 0x2b, 0x58,
    0x3f, 0x63, 0x5, 0x83, 0x0,

    /* U+6E10 "渐" */
    0x10, 0xa0, 0xfe, 0xc0, 0x85, 0xf2, 0x33, 0x9e,
    0x8f, 0x20, 0x54, 0xfa, 0xe, 0xe3, 0xe0, 0x96,
    0x35, 0xc1, 0xbb, 0x6, 0x99, 0xc4, 0x41, 0x5e,
    0x3c, 0x1f, 0x21, 0x78, 0x3d, 0x56, 0x78, 0x39,
    0x6f, 0x4, 0x86, 0xa0, 0x85, 0x61, 0x94, 0x19,
    0x60, 0xd0, 0x6d, 0x81, 0x80,

    /* U+6E17 "渗" */
    0xf, 0x90, 0xf9, 0xc3, 0x41, 0xf3, 0x60, 0x92,
    0xc3, 0x9c, 0xd5, 0xa4, 0x17, 0xd, 0x6, 0x82,
    0xc, 0x6a, 0x1a, 0x38, 0x53, 0xc4, 0xa3, 0x82,
    0x55, 0x62, 0x9c, 0x16, 0x6d, 0x3c, 0xe1, 0x94,
    0xb, 0xb8, 0x80, 0x84, 0xdd, 0x87, 0x50, 0x6b,
    0xc1, 0x94, 0x77, 0x68, 0x74, 0xf, 0x48, 0x78,

    /* U+6E20 "渠" */
    0xf, 0xfe, 0x23, 0xc7, 0xfa, 0x2, 0x78, 0x3c,
    0xc1, 0x51, 0x7, 0xd2, 0x13, 0xe9, 0x3e, 0x83,
    0xda, 0x8f, 0xe0, 0xd3, 0x83, 0xfc, 0x1b, 0x3,
    0x7f, 0x1, 0x5f, 0x37, 0xf0, 0x1f, 0x83, 0x5f,
    0x6, 0x7a, 0x3d, 0xa1, 0x5f, 0x21, 0x74, 0xd3,
    0xd0, 0x79, 0xf2,

    /* U+6E23 "渣" */
    0x10, 0xe7, 0xf, 0x58, 0x7f, 0xf0, 0x32, 0xfa,
    0x3e, 0x80, 0xf7, 0x94, 0xb, 0x81, 0x41, 0xcc,
    0xe8, 0x16, 0x33, 0x8a, 0x8c, 0x29, 0xda, 0x34,
    0xf0, 0x4c, 0xb, 0xe4, 0x3b, 0xa, 0xf9, 0xe,
    0x60, 0x35, 0x7, 0x48, 0x7f, 0xf0, 0x1a, 0x63,
    0x51, 0x60, 0xcb, 0xff, 0x80,

    /* U+6E29 "温" */
    0xf, 0xfe, 0x1b, 0xa7, 0xf9, 0x9, 0xe4, 0xfc,
    0x87, 0xa4, 0xfc, 0x84, 0xf2, 0xf, 0xc8, 0x4e,
    0xa0, 0xff, 0xe0, 0x48, 0x3f, 0x21, 0xca, 0x2b,
    0xc1, 0xd7, 0xab, 0xb8, 0x33, 0x9a, 0xa2, 0xf,
    0x21, 0xff, 0x68, 0x7f, 0xc9, 0x66, 0xa8, 0xcc,
    0x73, 0xff, 0xc0,

    /* U+6E2F "港" */
    0x2, 0x16, 0x6, 0xc, 0xd0, 0x24, 0x3e, 0x75,
    0x65, 0xce, 0x1d, 0xb9, 0xe9, 0xc2, 0xe3, 0xc7,
    0xa7, 0x81, 0xab, 0x8b, 0x8e, 0xb, 0x4c, 0x44,
    0x83, 0x99, 0x3e, 0x18, 0x26, 0x3f, 0x8c, 0x36,
    0xcf, 0xe0, 0x41, 0x30, 0x1f, 0xc8, 0x48, 0x7f,
    0x68, 0x28, 0x13, 0xf9, 0x40, 0xd0, 0x3f, 0xe0,
    0x0,

    /* U+6E34 "渴" */
    0xf, 0xfe, 0x1f, 0x1f, 0xf0, 0x5b, 0x17, 0xe0,
    0xef, 0x17, 0xe0, 0xb8, 0x4b, 0xf0, 0x5b, 0x2,
    0xfc, 0x1b, 0x8c, 0xbf, 0x6, 0x88, 0xbf, 0x41,
    0x3b, 0xe3, 0xd0, 0x53, 0xc, 0x68, 0x66, 0x48,
    0xfe, 0x24, 0x33, 0xe5, 0x5, 0x3, 0xf2, 0x4,

    /* U+6E38 "游" */
    0xf, 0xe4, 0x3a, 0x41, 0x40, 0x41, 0xd7, 0x6,
    0x4a, 0x82, 0xbc, 0xae, 0x9f, 0x3, 0xcc, 0xe8,
    0x7d, 0xb0, 0x54, 0xf5, 0x85, 0x41, 0xf3, 0x2,
    0x9, 0x43, 0x84, 0xe1, 0xb3, 0xc0, 0xf1, 0xe4,
    0xb, 0x5, 0xe3, 0xc8, 0x72, 0xc1, 0xf4, 0xc9,
    0x87, 0xe6, 0x6d, 0x9c, 0x3b, 0x33, 0xc3, 0xe0,
    0x80,

    /* U+6E56 "湖" */
    0xe, 0xc3, 0xee, 0xe, 0xfc, 0x6a, 0xe, 0xb0,
    0xbb, 0x38, 0x35, 0x9c, 0x71, 0x65, 0x31, 0xd,
    0x60, 0x76, 0x24, 0x3d, 0x64, 0x15, 0x84, 0xe2,
    0x15, 0x0, 0xa0, 0xf2, 0x81, 0x63, 0xb8, 0x64,
    0x47, 0xca, 0xb, 0x86, 0x12, 0x9b, 0x21, 0x9c,
    0xb8,

    /* U+6E7E "湾" */
    0xf, 0xda, 0x1c, 0xf3, 0xf1, 0x7c, 0x7, 0x1a,
    0x1b, 0x4c, 0x34, 0xc1, 0xb9, 0x7, 0x14, 0xd1,
    0xf4, 0x99, 0x69, 0x2c, 0x68, 0x2a, 0xde, 0x7c,
    0x1c, 0xd7, 0x90, 0xf4, 0x41, 0xb8, 0x32, 0x15,
    0x7c, 0x15, 0x7, 0xf9, 0xa, 0x12, 0xf, 0x60,
    0xf0, 0x7a, 0xd4, 0x0,

    /* U+6E7F "湿" */
    0xf, 0xfe, 0x27, 0x17, 0xf8, 0x36, 0x25, 0xf8,
    0x32, 0x49, 0x7e, 0xd, 0xe0, 0x9f, 0xc1, 0xaa,
    0x3, 0xf8, 0x39, 0x8b, 0x7a, 0x61, 0xd4, 0x44,
    0xc1, 0x84, 0xaa, 0x7, 0x28, 0x2a, 0x1, 0xd,
    0x40, 0x22, 0x41, 0xb4, 0x2a, 0x15, 0x1a, 0xd8,
    0x34, 0xbf, 0xf0,

    /* U+6E83 "溃" */
    0xf, 0xd8, 0x75, 0xa2, 0xc2, 0x82, 0xa8, 0xa8,
    0xa8, 0x27, 0x7, 0x1c, 0x17, 0x5, 0xc7, 0x5,
    0x8e, 0x1e, 0x60, 0x4e, 0x1e, 0x60, 0xa0, 0x79,
    0xe0, 0xe4, 0x25, 0x7, 0xa8, 0x16, 0x87, 0x2c,
    0x2d, 0xf8, 0x14, 0x26, 0xdc, 0x93, 0x4f, 0x82,
    0xb0,

    /* U+6E90 "源" */
    0xf, 0xfe, 0x15, 0x9f, 0xfa, 0x26, 0x3e, 0x3e,
    0x81, 0x40, 0x78, 0xf8, 0x1a, 0x1b, 0xe8, 0x2e,
    0xd, 0xf4, 0x1b, 0xd, 0xf8, 0x34, 0x85, 0xf8,
    0x32, 0x17, 0x13, 0x6, 0x41, 0x5, 0xc0, 0x94,
    0x4a, 0x2, 0xa1, 0xa8, 0xc3, 0x40, 0x80, 0xc6,
    0x20, 0x84, 0xc2, 0xf0, 0x60,

    /* U+6EA2 "溢" */
    0xe, 0x83, 0x30, 0x4e, 0x9e, 0x41, 0x61, 0x3c,
    0x3e, 0x16, 0x9, 0x3b, 0xcf, 0x3e, 0x7, 0x8b,
    0xd6, 0xde, 0x4, 0x20, 0xf1, 0xc8, 0x6d, 0x5b,
    0xd, 0x41, 0xad, 0xd6, 0x20, 0xd1, 0x35, 0xf0,
    0x4c, 0xc, 0xcc, 0x32, 0x1f, 0xfc, 0x1b, 0x33,
    0x33, 0x30, 0x60, 0xff, 0xe0,

    /* U+6EBA "溺" */
    0xf, 0xfe, 0x26, 0xfe, 0x3f, 0x5, 0xd3, 0xc0,
    0xf8, 0x28, 0xcb, 0x5, 0x30, 0xd9, 0x94, 0x1e,
    0xc1, 0x33, 0xa8, 0xa, 0xd, 0x42, 0xf4, 0x7c,
    0x13, 0x6c, 0x59, 0x6, 0xdc, 0x4f, 0x48, 0x65,
    0x5c, 0x5e, 0x83, 0xae, 0x87, 0x88, 0x2a, 0x8c,
    0x1d, 0x3, 0x9a, 0x79, 0x47, 0xa0, 0x41, 0x7a,
    0x1f, 0x20,

    /* U+6ECB "滋" */
    0xf, 0x21, 0x21, 0x9c, 0x29, 0x4, 0x19, 0xb0,
    0x50, 0xd0, 0xe6, 0xf4, 0x63, 0xe0, 0x6a, 0xf3,
    0xf3, 0x60, 0xe4, 0xb5, 0xa, 0x82, 0xd7, 0x44,
    0xb0, 0x6e, 0x5b, 0x6a, 0x9, 0x53, 0x53, 0x88,
    0x5e, 0x58, 0x11, 0x86, 0x50, 0xf1, 0x32, 0x9,
    0x59, 0x32, 0xd0, 0x53, 0x7a, 0x3e, 0xa, 0x2,
    0x6, 0xb, 0x0,

    /* U+6ED1 "滑" */
    0xf, 0xfe, 0x26, 0x9f, 0xf0, 0x6e, 0x5, 0xd4,
    0x1e, 0xc3, 0x5e, 0xd, 0x43, 0x2c, 0x51, 0x82,
    0x22, 0xbe, 0x10, 0x55, 0xd7, 0xc8, 0x4a, 0x2f,
    0xa1, 0xd, 0x2, 0xfa, 0xe, 0x50, 0x2f, 0xa0,
    0xeb, 0x5, 0xf4, 0x1a, 0x10, 0x5f, 0x41, 0xbc,
    0x1e, 0xe8, 0x12, 0x14, 0x83, 0xc8, 0x0,

    /* U+6ED3 "滓" */
    0x2, 0x1d, 0x87, 0x9a, 0x7, 0x21, 0xce, 0xfe,
    0x2f, 0x80, 0x9a, 0xbc, 0x7c, 0x1b, 0x27, 0xc7,
    0xc1, 0x34, 0x35, 0x78, 0xf0, 0x4c, 0x9, 0x24,
    0x3d, 0x7c, 0x6a, 0xf2, 0x4, 0xfc, 0x5f, 0x20,
    0xf1, 0xf1, 0x7a, 0x9, 0x47, 0xc5, 0xe8, 0x12,
    0x1f, 0xfc, 0xe, 0xf, 0xf8,

    /* U+6ED4 "滔" */
    0xf, 0xf3, 0x21, 0x69, 0xfd, 0x8, 0x54, 0x3,
    0x3e, 0x43, 0x32, 0x4a, 0x5, 0x83, 0x9d, 0x2,
    0x85, 0x3, 0x57, 0x14, 0x41, 0x5, 0xd, 0x8f,
    0xc1, 0x9c, 0x79, 0xf0, 0x79, 0x7, 0x8f, 0x7,
    0x21, 0x78, 0xf0, 0x75, 0x3, 0xfe, 0x84, 0x1f,
    0xc1, 0xbc, 0x17, 0xf0, 0x40,

    /* U+6EDE "滞" */
    0xf, 0x98, 0x3d, 0x40, 0x61, 0xb4, 0x28, 0xf1,
    0xce, 0x58, 0x57, 0x8e, 0x72, 0xc1, 0x4, 0xf3,
    0x88, 0x5e, 0x74, 0x3b, 0x80, 0xa0, 0x7a, 0x9e,
    0x90, 0xa3, 0xa, 0x3, 0x85, 0x67, 0xa3, 0xe0,
    0xcc, 0xe, 0x78, 0x32, 0x1f, 0xfc, 0x1a, 0x7,
    0x99, 0x9, 0x40, 0xc2, 0x78, 0x0,

    /* U+6EE1 "满" */
    0x14, 0x14, 0x92, 0x13, 0x56, 0xdb, 0x78, 0x1e,
    0xb5, 0x6d, 0xe2, 0x10, 0x50, 0x90, 0x9c, 0xff,
    0xe3, 0x7, 0xc6, 0x5e, 0x6, 0x5e, 0x32, 0xe0,
    0x92, 0x86, 0x68, 0x4e, 0xc, 0xc4, 0x37, 0x80,
    0xe3, 0x21, 0x28, 0x94, 0x5a, 0xe, 0x5, 0x1c,
    0x39, 0x41, 0xf6, 0xe4, 0x9, 0xd, 0xe4,

    /* U+6EE4 "滤" */
    0x10, 0xed, 0xe, 0xf0, 0x75, 0xf8, 0x94, 0x1a,
    0xfc, 0x9, 0xf8, 0xbe, 0x4, 0x17, 0x9f, 0x83,
    0x60, 0x77, 0xca, 0x5, 0x81, 0xcb, 0xf, 0xf5,
    0x5c, 0x16, 0x85, 0x24, 0x1f, 0x50, 0x81, 0x82,
    0x75, 0x60, 0xba, 0x28, 0x79, 0x3c, 0xad, 0xed,
    0x47, 0xd0, 0x80,

    /* U+6EE5 "滥" */
    0xf, 0xfe, 0x3b, 0x18, 0x67, 0x58, 0x3f, 0x3f,
    0x80, 0x9e, 0x88, 0x83, 0x6f, 0xa3, 0xc8, 0x67,
    0xc8, 0x1d, 0xd, 0xbc, 0x1d, 0x43, 0xb, 0xc,
    0xdd, 0x3f, 0x4, 0xe2, 0xd1, 0x6, 0xb3, 0xc2,
    0x21, 0x22, 0x1f, 0xea, 0x9a, 0x39, 0x99, 0x37,
    0xff, 0x0,

    /* U+6EE8 "滨" */
    0xf, 0xa0, 0xf5, 0x86, 0xf0, 0x75, 0x3b, 0xd1,
    0xf2, 0x7, 0x2f, 0xa8, 0x83, 0x41, 0xf5, 0x98,
    0x39, 0xb7, 0xa2, 0xc0, 0xd0, 0x3f, 0x90, 0xd0,
    0x1e, 0x74, 0x25, 0x7, 0x21, 0xdd, 0xcf, 0x1e,
    0x85, 0xbc, 0xf9, 0xb8, 0xa0, 0xe1, 0x5e, 0x2,
    0xa9, 0xc1, 0x4c, 0x45, 0x87, 0xa8,

    /* U+6EE9 "滩" */
    0xf, 0xc8, 0x76, 0x87, 0x4e, 0x17, 0x4f, 0x80,
    0xc8, 0x5d, 0xe1, 0x3a, 0x8d, 0x5a, 0xa3, 0x38,
    0xe5, 0x48, 0x33, 0x41, 0x91, 0x43, 0x34, 0xb,
    0x10, 0x7e, 0xca, 0x5, 0x9c, 0x7, 0x15, 0x99,
    0xc4, 0x39, 0x66, 0x70, 0xd8, 0x75, 0x62, 0x43,
    0xcb, 0x0,

    /* U+6EF4 "滴" */
    0xf, 0xd8, 0x79, 0xdf, 0xc7, 0xe4, 0x7a, 0x63,
    0xc5, 0xa1, 0x69, 0xa6, 0xa0, 0xbc, 0x3e, 0x35,
    0x70, 0x37, 0x1f, 0x3e, 0x83, 0x58, 0x3c, 0xfc,
    0x1d, 0x83, 0xc7, 0xc1, 0x90, 0x9c, 0xe0, 0xed,
    0x9, 0xe4, 0x39, 0x82, 0x78, 0x39, 0xc, 0xd6,
    0xd, 0xc1, 0x96, 0xec,

    /* U+6F02 "漂" */
    0xf, 0xfe, 0x1d, 0xf, 0xfe, 0x4, 0x7d, 0x19,
    0xf0, 0x55, 0x71, 0x9e, 0x47, 0x50, 0xc6, 0x68,
    0x1e, 0x3, 0x19, 0xa1, 0xb2, 0x8b, 0xd2, 0x15,
    0x3, 0xff, 0x80, 0x9c, 0xbd, 0x61, 0xaf, 0x50,
    0x9b, 0x4, 0x82, 0x80, 0x49, 0x15, 0x39, 0xa0,
    0xa9, 0x50, 0xf3, 0xa0, 0x74,

    /* U+6F06 "漆" */
    0xf, 0xd8, 0x7a, 0xc3, 0xff, 0x81, 0x3f, 0xc7,
    0xd0, 0x57, 0xc8, 0x15, 0x40, 0x78, 0x73, 0x3d,
    0x40, 0x6d, 0x6c, 0x9f, 0x5, 0x4f, 0x99, 0xe4,
    0x2a, 0x6a, 0xac, 0xe8, 0x5e, 0x98, 0xab, 0x40,
    0xa1, 0xc2, 0x90, 0x90, 0x5e, 0xa, 0xe0, 0x50,
    0xee, 0x2f, 0x4, 0xa1, 0x46, 0x1a, 0x0,

    /* U+6F0F "漏" */
    0xf, 0xfe, 0x1d, 0xf, 0xfd, 0x2, 0x23, 0xfd,
    0x4, 0xd9, 0xfe, 0x82, 0xa2, 0x57, 0xd8, 0x34,
    0x18, 0x2c, 0x3d, 0x85, 0x41, 0xa6, 0x14, 0x85,
    0x2, 0x88, 0x4a, 0x3, 0xd, 0x3, 0xfa, 0x4,
    0x84, 0xb0, 0x50, 0x20, 0xd7, 0x43, 0x8f, 0x8,
    0x10, 0x20, 0x67, 0x70, 0x4e, 0x48, 0x9e, 0x40,

    /* U+6F13 "漓" */
    0x10, 0xf6, 0x1f, 0x65, 0xf1, 0xf8, 0xd, 0xca,
    0x25, 0xa0, 0x2b, 0x1d, 0x9d, 0x40, 0xe0, 0xca,
    0x30, 0xd0, 0x68, 0x44, 0x3a, 0x5, 0x45, 0x41,
    0x9e, 0xb1, 0x58, 0x2d, 0x1d, 0x5e, 0x90, 0x9c,
    0xc7, 0x60, 0xc8, 0x82, 0x28, 0x86, 0xa0, 0x5d,
    0xeb, 0x9, 0x41, 0x28, 0x13, 0x2, 0x4, 0x86,
    0xf2, 0x0,

    /* U+6F14 "演" */
    0xf, 0xd8, 0x7b, 0x83, 0x21, 0xf6, 0xaf, 0xa3,
    0xf0, 0x5a, 0x57, 0xc1, 0x40, 0xc1, 0xc0, 0x70,
    0x58, 0x28, 0x94, 0xc3, 0x61, 0x78, 0xf0, 0x79,
    0x7, 0x8f, 0x7, 0x38, 0x3c, 0x78, 0x3b, 0xc0,
    0xf1, 0xe0, 0xe5, 0x1c, 0xea, 0xc2, 0xe0, 0x53,
    0x23, 0x81, 0x27, 0xc8, 0x2c, 0x0,

    /* U+6F2B "漫" */
    0xf, 0xfe, 0x1b, 0x83, 0xfe, 0x9, 0xb0, 0xff,
    0x95, 0x81, 0x78, 0x35, 0x0, 0x87, 0x21, 0x69,
    0xaf, 0xd0, 0x58, 0x38, 0xce, 0x42, 0x51, 0x64,
    0x58, 0x6c, 0x40, 0x88, 0x20, 0x95, 0xaf, 0x84,
    0x8, 0x1c, 0x74, 0x82, 0xa0, 0x53, 0xb0, 0x65,
    0x7e, 0xbb, 0xe4, 0x8f, 0xa4, 0x6f, 0x20,

    /* U+6F3E "漾" */
    0xf, 0x21, 0x21, 0xda, 0xf, 0xc, 0x1d, 0x56,
    0x9c, 0x70, 0x4f, 0x58, 0x6a, 0x7, 0x7, 0xb0,
    0xed, 0x5d, 0x45, 0x58, 0x5b, 0xf0, 0x1f, 0x83,
    0x40, 0xc3, 0x21, 0x90, 0x2c, 0x6, 0xd, 0xe6,
    0x50, 0xd8, 0x65, 0xa3, 0x22, 0xa, 0x6f, 0x82,
    0xcd, 0x5, 0x38, 0xc4, 0xb4,

    /* U+6F5C "潜" */
    0x14, 0x16, 0x7, 0xe, 0x9a, 0x13, 0x94, 0x3,
    0xbe, 0x34, 0x1e, 0x4, 0xa, 0x12, 0x8a, 0x3,
    0xce, 0x92, 0x26, 0x7, 0x15, 0x44, 0x94, 0x19,
    0xa3, 0x4c, 0xa0, 0x6b, 0xe8, 0xf5, 0x84, 0x85,
    0x7d, 0x7, 0x50, 0x17, 0xd0, 0x64, 0x35, 0xf4,
    0x1a, 0x81, 0x5f, 0x41, 0xa4, 0x2b, 0xe8, 0x20,

    /* U+6F6E "潮" */
    0xe, 0x70, 0xfa, 0x81, 0xeb, 0xe2, 0x7d, 0x1c,
    0x58, 0x5d, 0x12, 0xc3, 0xb9, 0xbb, 0xc5, 0x83,
    0x51, 0x44, 0x16, 0x16, 0x9e, 0x43, 0xe9, 0x3c,
    0x82, 0xc3, 0xb8, 0xe6, 0x81, 0x3e, 0x8f, 0x1,
    0xd, 0x71, 0xe1, 0x9, 0x40, 0x40, 0xa0, 0xd4,
    0xe, 0xb7, 0x4c, 0x36, 0x6a, 0xe0,

    /* U+6F84 "澄" */
    0xf, 0xe4, 0x39, 0xcf, 0xcf, 0x61, 0x37, 0x78,
    0x5b, 0x42, 0x6b, 0x20, 0xbc, 0xd, 0x5a, 0xb1,
    0x98, 0x14, 0x42, 0xb4, 0x39, 0xf9, 0x7c, 0x61,
    0xd8, 0x3e, 0x7c, 0x12, 0x80, 0xd4, 0x1e, 0xe2,
    0x2a, 0x10, 0xca, 0x3, 0xba, 0x1b, 0x4f, 0x2b,
    0x57, 0x81, 0x43, 0xff, 0x80,

    /* U+6F88 "澈" */
    0xe, 0x60, 0xb0, 0xd6, 0xad, 0x60, 0xf4, 0xda,
    0x79, 0xf, 0x5c, 0x6c, 0xf, 0x3, 0x56, 0x65,
    0xb0, 0x5c, 0x5, 0x4a, 0x2, 0x14, 0x8a, 0x80,
    0xe1, 0xc8, 0xa1, 0xc7, 0xb, 0x7, 0x9c, 0x24,
    0x25, 0x14, 0x40, 0x86, 0x42, 0xf2, 0x4, 0x41,
    0xc1, 0xde, 0xb8, 0x24, 0x29, 0x14, 0x28, 0x81,
    0x97, 0x40, 0x48,

    /* U+6F8E "澎" */
    0xf, 0x48, 0x68, 0xe, 0x12, 0x1a, 0x9, 0xbe,
    0x2e, 0x54, 0x13, 0x78, 0xbd, 0x40, 0xb9, 0xb2,
    0xc9, 0x93, 0x1d, 0x7f, 0x81, 0x39, 0xe4, 0xa6,
    0x1a, 0x1a, 0x9, 0xa8, 0xa, 0x9d, 0x98, 0x82,
    0xe0, 0x2c, 0x9, 0x40, 0x50, 0x23, 0xe2, 0x7,
    0x1a, 0xa4, 0x60, 0xb4, 0xf4, 0x9c, 0x10,

    /* U+6FA1 "澡" */
    0xf, 0xfe, 0x1b, 0xa7, 0xf9, 0x9, 0xe4, 0xbe,
    0xe, 0x4d, 0x57, 0xc2, 0x15, 0x92, 0x8, 0x1a,
    0xd, 0x9f, 0x1, 0xdc, 0x2a, 0x14, 0x3, 0x21,
    0xa5, 0x1, 0xd1, 0xc2, 0x65, 0xfd, 0x6, 0xf9,
    0xa, 0xf0, 0x10, 0xa6, 0x28, 0x85, 0x56, 0x60,
    0x7b, 0x45, 0x5c, 0x1d, 0xe4,

    /* U+7011 "瀑" */
    0xf, 0xfe, 0x1b, 0x8f, 0xfc, 0x13, 0x60, 0x5e,
    0xe, 0x70, 0xff, 0xb8, 0x25, 0xe0, 0xda, 0x84,
    0x50, 0xa0, 0xda, 0x60, 0xc1, 0x86, 0xac, 0x30,
    0xd8, 0x4d, 0xa6, 0x45, 0x86, 0x71, 0x89, 0xb4,
    0x51, 0x61, 0x25, 0x12, 0x8d, 0xc, 0xbe, 0x2,
    0xf, 0x51, 0x1a, 0x0,

    /* U+701A "瀚" */
    0xf, 0xfe, 0x1a, 0x16, 0x13, 0x86, 0xa0, 0x86,
    0xc3, 0xb7, 0x8e, 0x13, 0x9, 0xf2, 0x53, 0x76,
    0x6, 0xc5, 0x33, 0x46, 0x2c, 0x62, 0xa0, 0xa0,
    0x43, 0x8e, 0x28, 0x34, 0x39, 0x2, 0x43, 0x34,
    0x3a, 0x16, 0x1d, 0xc7, 0x65, 0x2, 0xa7, 0x1b,
    0x1c, 0x12, 0x84, 0x1a, 0x28, 0x28, 0x3d, 0x8e,
    0x81, 0xb, 0x7, 0x9e, 0x0,

    /* U+706B "火" */
    0xf, 0x61, 0xff, 0xca, 0x90, 0xec, 0x39, 0x41,
    0xfe, 0x43, 0xd2, 0x1a, 0x81, 0x23, 0x6, 0xd1,
    0x23, 0xf, 0xda, 0x21, 0xf9, 0x55, 0x7, 0xcd,
    0x5, 0x61, 0xd5, 0x20, 0x9d, 0x6, 0xe8, 0x6a,
    0x93, 0xc1, 0xf3, 0xa0,

    /* U+706D "灭" */
    0x1f, 0xff, 0x80, 0xff, 0x5f, 0xc1, 0xfa, 0xf,
    0xe6, 0xf, 0x41, 0xde, 0xf, 0x21, 0xca, 0x10,
    0xa4, 0x34, 0x86, 0x46, 0xd, 0x40, 0x54, 0x61,
    0xfa, 0x15, 0x7, 0xe9, 0xc8, 0x83, 0x5f, 0x82,
    0x8e, 0x7, 0x68, 0x75, 0x80,

    /* U+706F "灯" */
    0xb, 0xf, 0xfe, 0x1d, 0xff, 0x7, 0xaf, 0x8f,
    0x80, 0xc3, 0x7, 0xff, 0x2, 0x81, 0xfd, 0xe2,
    0xf, 0xf9, 0x10, 0xff, 0x41, 0xff, 0xc4, 0x43,
    0xfe, 0x49, 0xf, 0xf6, 0xf0, 0x7f, 0x98, 0xc3,
    0xfb, 0x43, 0x79, 0xe, 0xe0, 0xde, 0x83, 0x0,

    /* U+7070 "灰" */
    0x5, 0xff, 0xe0, 0xd7, 0xff, 0x7, 0xf6, 0x1f,
    0xe8, 0x3a, 0xf, 0x90, 0xe4, 0x32, 0x48, 0x81,
    0xf, 0xd0, 0x13, 0x83, 0x98, 0x1a, 0x48, 0x7e,
    0x5b, 0xe, 0x90, 0x35, 0x3a, 0x13, 0x3d, 0x12,
    0x68, 0x8, 0x16, 0x85, 0x78,

    /* U+7075 "灵" */
    0x5, 0xff, 0x83, 0xaf, 0xf8, 0x3e, 0xff, 0x83,
    0xef, 0xf8, 0x3d, 0x7f, 0xc1, 0xeb, 0xe9, 0xf8,
    0x3d, 0x40, 0xe7, 0xe, 0x62, 0x41, 0x40, 0xd4,
    0x21, 0xd6, 0xd, 0x33, 0xcd, 0x86, 0x6c, 0xc1,
    0x56, 0x85, 0xe8, 0x33, 0xc0,

    /* U+7076 "灶" */
    0xb, 0x42, 0x70, 0xff, 0xeb, 0x67, 0x83, 0xf9,
    0x43, 0x7, 0xf7, 0x8b, 0xe8, 0xf8, 0x1a, 0xb,
    0xd1, 0xf0, 0x10, 0xff, 0xe2, 0x61, 0xff, 0x20,
    0xc3, 0xfd, 0x32, 0x1f, 0xd1, 0xf, 0xa3, 0xe8,
    0x18, 0x3f, 0xf4,

    /* U+7078 "灸" */
    0xe, 0x43, 0xff, 0x80, 0xc1, 0xff, 0x50, 0xfc,
    0x1e, 0xcf, 0xa2, 0xf, 0x70, 0xd0, 0xc3, 0xcd,
    0xc7, 0x8e, 0xa, 0xcb, 0xb2, 0x86, 0xa, 0xc1,
    0xd9, 0x86, 0xd1, 0x2, 0xa0, 0xe6, 0x31, 0x20,
    0xf4, 0x4d, 0x34, 0x3c, 0xee, 0xee, 0x85, 0x7a,
    0xc2, 0xef, 0x25, 0xc8, 0x73, 0x68,

    /* U+707C "灼" */
    0xa, 0x42, 0x83, 0xfe, 0x50, 0x7f, 0xda, 0x1e,
    0x41, 0x45, 0x7e, 0x1c, 0x90, 0x7e, 0x6, 0x14,
    0xc1, 0xe6, 0x26, 0xe0, 0xec, 0x40, 0xc4, 0x1f,
    0x61, 0x4a, 0xf, 0xb0, 0xb5, 0x5, 0x33, 0x87,
    0x22, 0xa2, 0x81, 0xb0, 0x50, 0x24, 0x1e, 0x63,
    0x43, 0xdf, 0x0,

    /* U+707E "灾" */
    0xe, 0x83, 0xff, 0x81, 0xe0, 0xfb, 0xf4, 0x7f,
    0x5, 0x7d, 0x7e, 0x9, 0x41, 0x41, 0x90, 0x46,
    0x1e, 0xe0, 0xff, 0xe2, 0x48, 0x91, 0x21, 0xb8,
    0xd4, 0x70, 0x64, 0x55, 0x34, 0x3c, 0xd8, 0xad,
    0xa, 0xec, 0x2a, 0xc1, 0x58, 0x73, 0x80,

    /* U+7089 "炉" */
    0xb, 0xf, 0xfe, 0x13, 0xff, 0x7, 0xbf, 0xe1,
    0x45, 0x7e, 0x4c, 0xe, 0xf, 0x8c, 0x41, 0x83,
    0x58, 0x32, 0x1f, 0xf6, 0x4, 0x17, 0xce, 0x4,
    0xe2, 0xfc, 0x83, 0x61, 0x41, 0xf3, 0x18, 0x7e,
    0xe0, 0x50, 0x3e, 0x90, 0x48, 0x78,

    /* U+708A "炊" */
    0xf, 0xfe, 0x2c, 0x85, 0x7, 0xff, 0x1, 0xf,
    0xfe, 0xe, 0x1f, 0x90, 0x51, 0x5f, 0x40, 0x72,
    0xb, 0xb8, 0x2f, 0xc, 0xc4, 0x50, 0xa, 0x32,
    0x42, 0xc2, 0xc3, 0x22, 0x1f, 0x9c, 0x2c, 0x43,
    0xf6, 0x5, 0x41, 0xd1, 0x59, 0x84, 0x25, 0x62,
    0x31, 0xc8, 0x28, 0xc, 0xc2, 0xa0, 0x34, 0x1c,
    0x19, 0xc0,

    /* U+708E "炎" */
    0xf, 0x90, 0xff, 0x43, 0x82, 0x43, 0xa0, 0x60,
    0x58, 0x32, 0xa1, 0x1e, 0xe, 0x72, 0x4, 0x87,
    0x9b, 0x6f, 0x53, 0x40, 0xe5, 0x90, 0xea, 0x3,
    0x70, 0x10, 0x78, 0x3a, 0x86, 0x90, 0x87, 0x48,
    0x8f, 0x83, 0xc9, 0xbd, 0x87, 0x9b, 0xa1, 0xbc,
    0x82, 0x86, 0x85, 0xc4, 0xb, 0x83, 0xcd, 0x80,

    /* U+7092 "炒" */
    0xb, 0xe, 0xc3, 0xff, 0x9b, 0x4, 0x84, 0xc3,
    0xa8, 0xc, 0x87, 0x4e, 0x81, 0xe0, 0x58, 0xcc,
    0x19, 0x85, 0x15, 0x6, 0xb8, 0x82, 0x91, 0x2,
    0x83, 0xa0, 0x54, 0xa0, 0xc8, 0x36, 0xca, 0x6,
    0xad, 0x94, 0xc3, 0x22, 0x26, 0x61, 0xd4, 0x1c,
    0xe0, 0xf6, 0x8f, 0x7, 0xc0,

    /* U+70AC "炬" */
    0xb, 0xf, 0xfe, 0x1f, 0xfa, 0xf, 0xbf, 0xa2,
    0x46, 0xf, 0xc8, 0x28, 0x7f, 0x4, 0x98, 0x3f,
    0x1, 0x83, 0xfe, 0x50, 0x7f, 0xf0, 0x52, 0x7,
    0xe0, 0xda, 0xa3, 0xf4, 0x13, 0xe0, 0xf2, 0xc,
    0x48, 0xff, 0x3, 0xd, 0xfe, 0x30, 0xd8, 0x78,

    /* U+70AD "炭" */
    0xf, 0x68, 0x7e, 0xc3, 0xf6, 0x1f, 0xfc, 0x7f,
    0x8b, 0xe0, 0xef, 0xff, 0x6, 0xff, 0xf4, 0x1b,
    0xf3, 0xf5, 0x3, 0x9c, 0x50, 0x20, 0xf5, 0x3,
    0x70, 0x79, 0x62, 0x24, 0x29, 0x26, 0x86, 0x86,
    0x66, 0xa7, 0x79, 0x4, 0x5e, 0x41, 0x66, 0x0,

    /* U+70AE "炮" */
    0xf, 0xfe, 0x2e, 0x16, 0x1f, 0xfc, 0xc5, 0x47,
    0xe4, 0xc, 0x79, 0xbe, 0x43, 0xc8, 0x4a, 0x10,
    0xac, 0x92, 0xa0, 0x20, 0x90, 0x47, 0x83, 0xc8,
    0x14, 0x78, 0x43, 0xe4, 0x17, 0x7, 0xa6, 0x44,
    0xe9, 0x84, 0xde, 0xa, 0xd0, 0xa4, 0x13, 0xfc,
    0x85, 0x5, 0x7f, 0x40,

    /* U+70AF "炯" */
    0xb, 0xf, 0xfe, 0x1f, 0xfc, 0x1f, 0x7f, 0x4,
    0x8e, 0x1f, 0x9c, 0x91, 0xf9, 0x7, 0x8a, 0x1,
    0xc3, 0x91, 0xf, 0xe8, 0x3f, 0xf8, 0x68, 0x64,
    0x39, 0x24, 0xc, 0x1d, 0xb4, 0x1f, 0x90, 0x2a,
    0x60, 0xe4, 0x14, 0x2, 0x1a, 0xa3, 0x42, 0xc2,
    0xb4,

    /* U+70B8 "炸" */
    0xf, 0xfe, 0x2e, 0x83, 0xf, 0xfe, 0x87, 0xf0,
    0x58, 0x38, 0x15, 0x80, 0xa2, 0x54, 0x2e, 0x7,
    0x84, 0x50, 0xb0, 0x4a, 0x2e, 0x7, 0xc8, 0x30,
    0x90, 0xaa, 0x43, 0x90, 0xff, 0x92, 0x81, 0x7d,
    0x5, 0x39, 0x3, 0xe8, 0x9, 0x16, 0x1f, 0xac,
    0x24, 0x3f, 0x61, 0xec, 0x38,

    /* U+70B9 "点" */
    0xf, 0x61, 0xff, 0xd0, 0xfe, 0xf, 0xef, 0xe0,
    0xef, 0x8f, 0xc1, 0xf7, 0xf8, 0x3f, 0xfb, 0x1f,
    0xe0, 0xfa, 0xff, 0x41, 0xd4, 0x31, 0xc1, 0x84,
    0xac, 0x65, 0x4a, 0xc1, 0x40, 0x40, 0xb2, 0x41,
    0xa1, 0x40, 0x41, 0x0,

    /* U+70BC "炼" */
    0xf, 0xfe, 0x2e, 0x1a, 0xf, 0xfe, 0xa, 0x1f,
    0xef, 0x8f, 0xc1, 0x42, 0xb2, 0xfc, 0x4, 0x17,
    0x8b, 0xe, 0xc1, 0xad, 0x87, 0xd8, 0x4c, 0x1f,
    0x48, 0x6f, 0x1f, 0x4, 0x9b, 0xf1, 0x78, 0x2d,
    0xe3, 0x41, 0x86, 0x73, 0xca, 0x1b, 0x4, 0xa3,
    0xa0, 0x4a, 0xa, 0x6, 0xad, 0x4, 0x0,

    /* U+70C1 "烁" */
    0x3, 0x7, 0xc8, 0x7e, 0x69, 0xf0, 0x7e, 0xce,
    0xe0, 0x9c, 0xa, 0x90, 0xf4, 0xc, 0x34, 0x1e,
    0xd9, 0xf, 0xca, 0x16, 0x3c, 0x7c, 0x30, 0x4f,
    0xc7, 0xc1, 0x6c, 0xc, 0xc, 0x19, 0x95, 0x20,
    0x58, 0x8, 0xf9, 0x82, 0xe0, 0x50, 0x2c, 0x3b,
    0x16, 0x4, 0x79, 0xc, 0xc1, 0xde, 0x83, 0x0,

    /* U+70C2 "烂" */
    0xb, 0x2, 0x19, 0xf, 0xdc, 0x14, 0x1f, 0x32,
    0x89, 0x9, 0x45, 0x8, 0x28, 0x2c, 0xd, 0xd3,
    0x78, 0x8, 0x37, 0xfd, 0x4, 0x87, 0xff, 0x3,
    0xf, 0xfe, 0x26, 0x7f, 0x90, 0x92, 0xff, 0x90,
    0xa8, 0xc1, 0xfd, 0xa8, 0xbf, 0xe4, 0xa0, 0x3f,
    0xf2,

    /* U+70C8 "烈" */
    0xf, 0xfb, 0xa, 0xff, 0x7, 0xd7, 0x3f, 0x50,
    0x3e, 0x9a, 0x21, 0xfa, 0x6d, 0xf, 0xd1, 0x88,
    0x87, 0xd4, 0x68, 0x87, 0xf9, 0x4, 0x50, 0x3b,
    0xd5, 0x5, 0xe0, 0xd5, 0x28, 0x57, 0x40, 0x9c,
    0x10, 0xc3, 0x5, 0x89, 0x41, 0x8b, 0x5, 0x0,
    0xc5, 0x6, 0x0,

    /* U+70D9 "烙" */
    0xf, 0xfe, 0x2e, 0x85, 0x87, 0xff, 0x1, 0xf,
    0xfe, 0xe, 0x7c, 0x13, 0x3, 0x9b, 0x50, 0x7a,
    0x15, 0x46, 0xb, 0xc3, 0xd1, 0x50, 0x72, 0x60,
    0xda, 0x82, 0x82, 0xe7, 0x67, 0x43, 0x7c, 0xfa,
    0x34, 0x8, 0xc0, 0xf8, 0x3a, 0x9a, 0x83, 0xf4,
    0x26, 0x9f, 0x6, 0x70, 0xef, 0x83, 0x61, 0xd8,
    0x58, 0x0,

    /* U+70DF "烟" */
    0xb, 0x43, 0xff, 0x85, 0xff, 0x7, 0xde, 0x7c,
    0x6, 0x6, 0x12, 0x1f, 0x49, 0x67, 0x2, 0xc6,
    0x28, 0x70, 0x24, 0x83, 0xf9, 0xf, 0x62, 0x1e,
    0x82, 0x68, 0x84, 0x8c, 0x6a, 0xa0, 0x54, 0xd1,
    0x85, 0x1, 0x13, 0x1f, 0x90, 0x58, 0x6f, 0xe0,
    0x61, 0xb0, 0xec,

    /* U+70E4 "烤" */
    0xf, 0xfe, 0x23, 0x84, 0xe1, 0xff, 0xc4, 0x60,
    0xf3, 0xc7, 0xa8, 0x8, 0x17, 0xa3, 0x60, 0x9c,
    0x57, 0x1b, 0x61, 0x67, 0xd0, 0xfc, 0x4, 0x35,
    0x8, 0x3a, 0x15, 0xa0, 0xfa, 0xc, 0x96, 0x7e,
    0x82, 0x89, 0x7, 0xe0, 0xed, 0xcf, 0xc1, 0xa4,
    0xa0, 0x11, 0x9, 0x50, 0x10, 0x7a, 0x80, 0x70,
    0xf5, 0xe4, 0x0,

    /* U+70E6 "烦" */
    0xf, 0xfe, 0x2e, 0x1f, 0xfc, 0x3f, 0xfa, 0xf,
    0x7c, 0xde, 0x81, 0x26, 0xf9, 0xbc, 0x12, 0x9,
    0x3b, 0xc1, 0xc8, 0x85, 0xa1, 0xc8, 0x7f, 0xf0,
    0x60, 0xff, 0xe1, 0x26, 0x87, 0xfa, 0x9c, 0x88,
    0x20, 0x91, 0x3b, 0x4f, 0x5, 0x40, 0x5b, 0x39,
    0x2, 0x41, 0xe8, 0x2a, 0x0,

    /* U+70EB "烫" */
    0xf, 0xfe, 0x1d, 0x9f, 0xe0, 0x9a, 0x1e, 0x87,
    0xb, 0xc8, 0xf0, 0xf8, 0x14, 0x3, 0x11, 0x7,
    0x43, 0x4d, 0x41, 0xaf, 0x54, 0x68, 0x52, 0xbd,
    0x31, 0x40, 0x51, 0x43, 0x8b, 0x6, 0x91, 0x85,
    0x6, 0x92, 0x57, 0xa0, 0xd9, 0x94, 0x56, 0x83,
    0x8e, 0x5, 0x94, 0x3d, 0x7, 0xae,

    /* U+70ED "热" */
    0xf, 0xfe, 0x2c, 0x81, 0x83, 0xf3, 0x84, 0x87,
    0xbc, 0x3d, 0xf, 0x21, 0x79, 0xba, 0x18, 0x7e,
    0xf2, 0x22, 0x19, 0x93, 0x24, 0x3d, 0xe3, 0x10,
    0x46, 0x82, 0x42, 0xdf, 0x4c, 0x16, 0x33, 0x8,
    0xa0, 0xac, 0xa0, 0x4d, 0x2, 0x95, 0x8e, 0x38,
    0x52, 0xe9, 0x51, 0x61, 0x40, 0xa1, 0x62, 0x80,

    /* U+7126 "焦" */
    0xc, 0x84, 0x87, 0xe8, 0x2b, 0xf, 0x95, 0x79,
    0x5f, 0x41, 0x47, 0xc7, 0xe8, 0x1a, 0x7c, 0x7e,
    0xb, 0x8f, 0x8f, 0xc1, 0xef, 0x8f, 0xc1, 0xef,
    0x8f, 0xc1, 0xef, 0x8f, 0xe0, 0xef, 0xd7, 0xac,
    0x24, 0x1a, 0x49, 0xc0, 0x68, 0x50, 0xa1, 0x28,
    0x12, 0x30, 0xc0, 0x90,

    /* U+7136 "然" */
    0xf, 0xfe, 0x36, 0x1b, 0xf, 0x90, 0xf5, 0x87,
    0x67, 0xa0, 0x42, 0x19, 0xb3, 0x41, 0x21, 0x6e,
    0xa, 0x1d, 0x81, 0x57, 0x8d, 0x7, 0x80, 0xf8,
    0x18, 0xc2, 0x19, 0x54, 0x35, 0x50, 0x32, 0xa3,
    0x61, 0x50, 0x1b, 0x4a, 0x5, 0x88, 0xa8, 0x81,
    0xa6, 0x20, 0x62, 0xca, 0x12, 0x8e, 0xb, 0x14,
    0x8, 0x1a, 0x5, 0x2, 0x2, 0x80,

    /* U+714C "煌" */
    0xf, 0xfe, 0x2e, 0x86, 0xc3, 0xff, 0x81, 0x7,
    0xfd, 0xe4, 0xf2, 0x12, 0x8, 0xfc, 0x84, 0xe4,
    0xf, 0xc8, 0x56, 0x31, 0x58, 0x34, 0x90, 0xfe,
    0x50, 0x10, 0x97, 0xe8, 0x3a, 0x68, 0x95, 0x5,
    0x25, 0x49, 0x44, 0x27, 0x8f, 0x4f, 0x90, 0x6a,
    0x1f, 0x4f, 0xc8, 0xc0, 0xff, 0xc8,

    /* U+7164 "煤" */
    0xf, 0xfe, 0x2e, 0xd, 0x5, 0x3, 0xff, 0x93,
    0x97, 0x95, 0x84, 0x82, 0x2f, 0x2b, 0x3, 0x9e,
    0x2f, 0x21, 0xac, 0xa1, 0x79, 0xc, 0xa1, 0x5,
    0xe4, 0x34, 0x1a, 0x8a, 0xa0, 0x79, 0xe8, 0xab,
    0xc1, 0x25, 0x30, 0xde, 0xa, 0x9f, 0x2a, 0x70,
    0xa1, 0x6a, 0x2, 0x9a, 0xc, 0x74, 0x33, 0xa0,

    /* U+7167 "照" */
    0x7, 0xe7, 0xf9, 0xd, 0xe1, 0xdb, 0x43, 0xf9,
    0x42, 0xc1, 0xbc, 0x53, 0x38, 0x3b, 0xc4, 0x73,
    0x7, 0xfb, 0xe0, 0xf7, 0x83, 0xfe, 0x68, 0x83,
    0xe0, 0xe8, 0x73, 0x7c, 0x86, 0xb3, 0x41, 0xa,
    0x4, 0xc5, 0x9, 0x38, 0x1e, 0xb, 0x6, 0x8,

    /* U+718F "熏" */
    0xf, 0xca, 0xa0, 0x4f, 0xff, 0x41, 0x97, 0x6,
    0xe4, 0x3f, 0xf8, 0x8b, 0xc0, 0x58, 0x43, 0x46,
    0xa8, 0x83, 0xd1, 0xaa, 0x20, 0xe5, 0xc0, 0x58,
    0x3f, 0xf8, 0xda, 0xe0, 0x2e, 0xc1, 0xb4, 0x79,
    0xe3, 0x4, 0xb8, 0x5d, 0x61, 0x60, 0x81, 0xa3,
    0x0,

    /* U+719F "熟" */
    0xd, 0x86, 0xc3, 0xbe, 0x3e, 0xf, 0xba, 0xec,
    0x3f, 0x5f, 0x53, 0x3c, 0x1f, 0xd6, 0x61, 0xc8,
    0x4b, 0x7, 0x97, 0xec, 0x3c, 0xf8, 0x13, 0x98,
    0x6f, 0x87, 0xa7, 0x89, 0x3c, 0xb, 0x30, 0x94,
    0xa, 0x79, 0xf0, 0x58, 0x25, 0xa, 0x18, 0xa0,
    0x58, 0x34, 0xb1, 0x0,

    /* U+71AC "熬" */
    0xf, 0xfe, 0x36, 0x13, 0x7, 0x3e, 0x3c, 0x1f,
    0x9a, 0x14, 0x27, 0xd0, 0x3a, 0x14, 0xca, 0x30,
    0x3d, 0x1e, 0x6, 0x1d, 0xe8, 0xf3, 0xb4, 0xb,
    0xc2, 0xd0, 0x7e, 0x4f, 0x24, 0x8, 0x2a, 0x7a,
    0x63, 0xc6, 0xe, 0x7a, 0xb2, 0xf0, 0x18, 0x10,
    0x22, 0x88, 0x21, 0x44, 0x31, 0x40, 0xb0, 0x71,
    0x41, 0x80,

    /* U+71C3 "燃" */
    0xf, 0xfe, 0x2e, 0x5, 0xc, 0x1f, 0xd8, 0x4e,
    0x1f, 0x9b, 0x16, 0x9, 0x1c, 0xc2, 0xc2, 0x72,
    0x18, 0x9b, 0x6, 0x4, 0x96, 0x28, 0x6, 0x29,
    0x93, 0x61, 0x61, 0x24, 0xb8, 0x3e, 0xe2, 0x85,
    0x2, 0x4e, 0x49, 0x6, 0x15, 0x79, 0x9f, 0x1,
    0x14, 0x4a, 0xb9, 0x7, 0x12, 0x63, 0x8a, 0x24,
    0xa0, 0xa1, 0x24,

    /* U+71CE "燎" */
    0xf, 0xfe, 0x23, 0x86, 0xc3, 0xff, 0x80, 0x87,
    0xfd, 0xe8, 0xfa, 0x4, 0x8, 0x4e, 0x1c, 0x8,
    0x52, 0x70, 0xa0, 0xf4, 0x5e, 0x4d, 0x21, 0xb2,
    0xf2, 0xb4, 0x43, 0xaf, 0x21, 0xda, 0x15, 0xe7,
    0xc, 0xad, 0xd7, 0x7, 0xaf, 0xc0, 0xa2, 0xd,
    0x3, 0x21, 0x70, 0x50, 0x37, 0x70, 0x60, 0xc3,
    0xbc, 0x86,

    /* U+71E5 "燥" */
    0x3, 0x87, 0xff, 0x13, 0xfa, 0xf, 0xef, 0x90,
    0xd8, 0x28, 0x7c, 0xe1, 0xf9, 0x52, 0x48, 0x74,
    0xc6, 0xc8, 0x50, 0x64, 0x2c, 0x32, 0x23, 0x9a,
    0x1e, 0xd9, 0x69, 0x68, 0x32, 0xbc, 0x13, 0xe0,
    0x99, 0x5a, 0xa6, 0xb, 0x81, 0x30, 0x37, 0x5c,
    0x5c, 0x1b, 0x95, 0x7, 0xa4, 0x8,

    /* U+722A "爪" */
    0xf, 0xfe, 0x53, 0x68, 0x77, 0xf9, 0x90, 0xf7,
    0x8a, 0x7, 0xff, 0x9, 0xf, 0xfe, 0x86, 0x1f,
    0xfc, 0xc, 0x3f, 0xf8, 0x2a, 0xe, 0x43, 0xff,
    0x83, 0xa1, 0xe6, 0x9, 0x50, 0x7a, 0x42, 0xa0,
    0x7e, 0xb0, 0x68, 0x5a, 0x13, 0x80,

    /* U+722C "爬" */
    0xf, 0xfe, 0x2b, 0x7a, 0x5c, 0x1b, 0x94, 0x57,
    0x83, 0x64, 0x14, 0x41, 0xff, 0xcd, 0x88, 0x3f,
    0xef, 0xa0, 0xff, 0xe0, 0xc8, 0x7c, 0x86, 0x50,
    0x86, 0xb7, 0xe0, 0xc8, 0x4a, 0xfe, 0x5, 0x86,
    0xee, 0xe, 0x43, 0xb8, 0xf2, 0x60, 0xc3, 0x37,
    0x90,

    /* U+7231 "爱" */
    0xf, 0xca, 0x90, 0x3f, 0xeb, 0xc8, 0x18, 0xe3,
    0xc1, 0xe5, 0xc2, 0x28, 0x2f, 0x36, 0x59, 0xe0,
    0xbe, 0x8f, 0xc2, 0x53, 0xd1, 0xfa, 0x46, 0xd3,
    0xf9, 0xc, 0xa3, 0xf4, 0x19, 0xa1, 0x78, 0x82,
    0xa6, 0xf4, 0xf0, 0x76, 0x30, 0x92, 0x14, 0x7f,
    0xd7, 0x5, 0xc8, 0x4f, 0xa0,

    /* U+7236 "父" */
    0xc, 0x87, 0xf9, 0x81, 0xe0, 0xf5, 0x1, 0xb8,
    0x6e, 0x42, 0x9c, 0x7b, 0x42, 0xe1, 0x5b, 0xc0,
    0x51, 0xa1, 0x22, 0x50, 0x3e, 0xa9, 0xf, 0xc8,
    0xc1, 0xfa, 0x4, 0x1f, 0x6f, 0x8d, 0xa, 0xdc,
    0x15, 0x68, 0x38, 0x33, 0xc0,

    /* U+7237 "爷" */
    0xf, 0xfe, 0x35, 0x0, 0xe8, 0x7a, 0x60, 0x35,
    0x4, 0xe7, 0x92, 0xf3, 0x1, 0xe3, 0xb2, 0x38,
    0x33, 0x62, 0xa0, 0xef, 0x45, 0xd0, 0xf4, 0xe,
    0x1b, 0xd2, 0x58, 0x4f, 0xc7, 0xc2, 0x83, 0xff,
    0x96, 0xa0, 0xff, 0xe0, 0x54, 0x1f, 0xf7, 0x90,
    0x80,

    /* U+7239 "爹" */
    0xc, 0xa0, 0x28, 0x3e, 0xa6, 0x15, 0xa1, 0x3f,
    0x35, 0xb9, 0x3, 0xaf, 0x5, 0xa0, 0xfc, 0xe,
    0xfc, 0xf, 0x42, 0x73, 0x78, 0x2e, 0x1e, 0x14,
    0x1d, 0xf3, 0xc1, 0xf3, 0xe9, 0x40, 0x7d, 0x1,
    0xe5, 0xaf, 0x44, 0x1b, 0x3d, 0x3d, 0x87, 0x51,
    0x8a, 0x61, 0xaf, 0xf9, 0xe, 0xbe, 0x90, 0xf8,

    /* U+7247 "片" */
    0xf, 0x9c, 0x3e, 0xc3, 0xff, 0xb7, 0xf4, 0x7d,
    0x6, 0xff, 0xd0, 0x7f, 0xf1, 0x7f, 0xc1, 0xf7,
    0xf0, 0x87, 0xff, 0x16, 0x43, 0xfc, 0xa8, 0x3f,
    0xd6, 0x1f, 0xf6, 0x1f, 0x68, 0x0,

    /* U+7248 "版" */
    0xd, 0x87, 0xfd, 0x86, 0xff, 0x7, 0xf7, 0xf0,
    0x7f, 0xf1, 0xb3, 0x4f, 0xe0, 0xdf, 0x24, 0x70,
    0x7f, 0x90, 0x90, 0xde, 0x10, 0xd6, 0x1b, 0x9,
    0x18, 0x40, 0x86, 0xf1, 0x30, 0x5a, 0x5, 0x88,
    0x82, 0x70, 0x49, 0xbb, 0x84, 0x93, 0x6e, 0x4c,
    0x60, 0x63, 0x82, 0xa0,

    /* U+724C "牌" */
    0xf, 0xfe, 0x2e, 0x13, 0x7, 0x61, 0xd8, 0x7f,
    0xbc, 0xaf, 0x21, 0xf5, 0x98, 0x76, 0x65, 0x98,
    0x77, 0xc7, 0x8c, 0x3f, 0xbc, 0x61, 0xde, 0x36,
    0xad, 0xb, 0x9, 0x46, 0x12, 0x15, 0x9c, 0xf8,
    0x8, 0x2f, 0xa7, 0xc5, 0x87, 0xff, 0x1, 0xf,
    0xfb, 0x6, 0x19, 0x80,

    /* U+7259 "牙" */
    0x3, 0xff, 0xc8, 0x77, 0xe9, 0xf2, 0x1f, 0xfd,
    0x55, 0xda, 0xe0, 0x50, 0xac, 0x95, 0x2, 0xfc,
    0x73, 0xf0, 0x7a, 0x43, 0xfe, 0x54, 0x1f, 0xea,
    0x61, 0xfd, 0x66, 0x1f, 0xf7, 0x1, 0xe0, 0xe0,

    /* U+725B "牛" */
    0xe, 0x70, 0xfc, 0xc1, 0xff, 0x61, 0xff, 0xc0,
    0x57, 0x1f, 0x41, 0x27, 0xa3, 0xe8, 0x2a, 0x7,
    0xfd, 0x21, 0xfe, 0xef, 0xa3, 0xf8, 0xfe, 0x8f,
    0xe0, 0xff, 0xf4, 0x80,

    /* U+7262 "牢" */
    0xf, 0x50, 0x3f, 0xf9, 0x37, 0xe5, 0x7e, 0x82,
    0x7f, 0x5f, 0x21, 0x79, 0x87, 0xb, 0xc0, 0x54,
    0xf3, 0xf4, 0x85, 0x3e, 0x9f, 0xc1, 0xd0, 0x7f,
    0xdb, 0xf4, 0xff, 0x2, 0xb9, 0x2b, 0x80, 0xbd,
    0xaf, 0x83, 0xff, 0xa2,

    /* U+7267 "牧" */
    0xf, 0xfe, 0x36, 0x16, 0x1f, 0xfc, 0x4, 0x3f,
    0x61, 0xb4, 0x3c, 0x88, 0x8a, 0xfc, 0x1a, 0x28,
    0x3a, 0x60, 0xa6, 0x61, 0xc8, 0x4a, 0xd, 0xa0,
    0xc2, 0x84, 0xf0, 0x16, 0xa, 0xe3, 0x4a, 0x7,
    0x7c, 0x19, 0x20, 0xc8, 0x7b, 0x60, 0xfe, 0xba,
    0xb4, 0x3c, 0x9a, 0x34, 0x43, 0x6c, 0x19, 0xd0,

    /* U+7269 "物" */
    0xf, 0xfe, 0x25, 0x1, 0x87, 0xff, 0x23, 0x9,
    0x2b, 0x83, 0xd8, 0x88, 0x88, 0xad, 0xc8, 0xc1,
    0xaf, 0x7, 0x23, 0x5, 0x45, 0x82, 0xc0, 0x81,
    0xbc, 0x1a, 0x4e, 0x45, 0x78, 0x85, 0xd, 0x10,
    0xd4, 0x5, 0x6, 0x14, 0x1d, 0xba, 0x1f, 0xe5,
    0x5e, 0x80,

    /* U+7275 "牵" */
    0xf, 0xfe, 0x3e, 0x1f, 0x7f, 0x1f, 0x90, 0x56,
    0x3, 0x52, 0x7, 0xac, 0xda, 0x7, 0x41, 0x40,
    0x3c, 0x6f, 0x7a, 0xfa, 0x4a, 0x30, 0xc1, 0x38,
    0x18, 0xe3, 0xe0, 0x9a, 0x7a, 0x3e, 0xa, 0x2f,
    0x47, 0xf1, 0xfd, 0x1f, 0xc1, 0xff, 0xcf,

    /* U+7279 "特" */
    0xd, 0x86, 0xc3, 0xff, 0x91, 0xa0, 0x7c, 0x7a,
    0xd, 0x1b, 0xe3, 0xd0, 0x12, 0x20, 0xfe, 0xa2,
    0x3f, 0x1f, 0x2, 0x40, 0xfe, 0x9c, 0x9, 0x12,
    0xed, 0x40, 0x74, 0xeb, 0x24, 0x8f, 0x81, 0x97,
    0x3a, 0x1f, 0x70, 0x7f, 0xf0, 0x70, 0xff, 0xe1,
    0x76, 0x0,

    /* U+72AF "犯" */
    0xf, 0xfe, 0xb, 0xab, 0x7f, 0x80, 0xf4, 0xc1,
    0xf0, 0x7f, 0xf1, 0x1e, 0xf, 0xf3, 0xac, 0x1f,
    0xe5, 0x61, 0xfe, 0x90, 0xd6, 0x13, 0xd8, 0x6b,
    0xc1, 0x68, 0x87, 0xb1, 0x9, 0xf, 0xe4, 0xc4,
    0xfc, 0x82, 0xd8, 0xfe, 0x80,

    /* U+72B6 "状" */
    0xb, 0xd, 0x87, 0xff, 0x9, 0xc2, 0x60, 0xf9,
    0x50, 0x14, 0x1f, 0xa0, 0xcc, 0x3f, 0x1e, 0x50,
    0x2c, 0x6a, 0x5, 0x10, 0x90, 0x28, 0x45, 0x6,
    0xc3, 0x78, 0x39, 0xe0, 0xcb, 0x41, 0x32, 0x12,
    0x9, 0xc, 0x86, 0xa0, 0x18, 0x3c, 0xea, 0x4,
    0xa0, 0xf3, 0x6, 0xb0, 0xdb, 0x7, 0x30,

    /* U+72B9 "犹" */
    0xf, 0xb4, 0x3d, 0xc6, 0x19, 0xc3, 0x6e, 0x1c,
    0xa8, 0x34, 0x41, 0xd6, 0x1a, 0x3e, 0x2f, 0x58,
    0x36, 0x7c, 0x4f, 0xc0, 0xec, 0x39, 0xf, 0x28,
    0x32, 0x1e, 0x68, 0x1f, 0xf5, 0x10, 0x21, 0xfb,
    0x42, 0x90, 0xfe, 0x54, 0x41, 0xb0, 0x3d, 0xb8,
    0x1f, 0x0,

    /* U+72C2 "狂" */
    0xf, 0xfe, 0x1f, 0x8a, 0x7f, 0x90, 0x6e, 0xde,
    0x57, 0x90, 0xb1, 0xb, 0xf, 0x51, 0x41, 0xfe,
    0xf4, 0x1f, 0xf2, 0x40, 0xf4, 0xf8, 0x32, 0x81,
    0xe5, 0x78, 0x2a, 0x61, 0xb0, 0xfb, 0x2, 0x1f,
    0xd0, 0x7f, 0xf0, 0x90, 0x5e, 0x9f, 0x82, 0xb7,
    0xff, 0x0,

    /* U+72D0 "狐" */
    0xf, 0xfe, 0x1c, 0x8a, 0x2, 0xbc, 0x83, 0xa8,
    0xf5, 0xac, 0x6, 0x58, 0xcb, 0xc, 0xc6, 0x1f,
    0xf5, 0x30, 0xff, 0x28, 0x3f, 0xf8, 0x2c, 0x87,
    0xf9, 0x90, 0xf2, 0x82, 0xf4, 0x28, 0xc, 0x1a,
    0x13, 0xc1, 0x22, 0x1e, 0x4c, 0x86, 0xb, 0x85,
    0x7d, 0x41, 0x7, 0xd0, 0x64, 0xd0,

    /* U+72D7 "狗" */
    0xe, 0x49, 0xf, 0x39, 0x62, 0x1f, 0x36, 0xc0,
    0xbf, 0x7, 0x25, 0x3f, 0x5, 0x45, 0xe0, 0xfb,
    0xd1, 0x4f, 0xc1, 0x91, 0x34, 0xe0, 0xfa, 0x10,
    0xff, 0x68, 0x7f, 0xdd, 0x3, 0x70, 0x76, 0x81,
    0x1f, 0x48, 0x64, 0x34, 0x7, 0x42, 0xf2, 0x19,
    0xdc,

    /* U+72E0 "狠" */
    0xf, 0xfe, 0x1e, 0x94, 0xff, 0x5, 0xdb, 0x9f,
    0x83, 0xa2, 0x43, 0x21, 0x98, 0x37, 0xd0, 0x77,
    0x60, 0xfc, 0x19, 0x34, 0x1f, 0x83, 0x94, 0x16,
    0xae, 0x80, 0xa8, 0x36, 0xd3, 0xb, 0x43, 0x23,
    0xa0, 0x84, 0x3a, 0xe, 0x4d, 0x45, 0x96, 0x83,
    0xcf, 0x1e, 0x55, 0x12, 0xf3, 0xe4, 0x27, 0x40,

    /* U+72E1 "狡" */
    0xf, 0xfe, 0x1d, 0x9, 0x3, 0x87, 0x46, 0xde,
    0x8f, 0x83, 0xaf, 0x36, 0xd8, 0x31, 0xc0, 0x85,
    0x5, 0x4c, 0x75, 0x13, 0x81, 0x37, 0x94, 0x5a,
    0x12, 0x8a, 0x18, 0xa8, 0x15, 0x3, 0xcc, 0x86,
    0xf2, 0x19, 0x50, 0x64, 0x42, 0x51, 0x87, 0xc9,
    0x56, 0xe8, 0x5c, 0x7c, 0x95, 0x20, 0xf5, 0xa1,
    0x9d,

    /* U+72EC "独" */
    0xf, 0xec, 0x3b, 0x88, 0x3f, 0xd9, 0xe0, 0xff,
    0xb0, 0xbe, 0x3c, 0x13, 0x38, 0x3c, 0x61, 0xbb,
    0x43, 0xfd, 0x30, 0x7f, 0xf0, 0x20, 0xca, 0xf,
    0x4e, 0x6, 0x86, 0x1d, 0x85, 0x78, 0xd0, 0xa1,
    0xf, 0x2c, 0x1b, 0x4a, 0x66, 0xc0, 0x76, 0x7,
    0xd4, 0x40,

    /* U+72ED "狭" */
    0xf, 0xd8, 0x7b, 0x4c, 0x3f, 0xd5, 0x1, 0x42,
    0xc1, 0x33, 0x58, 0xac, 0x14, 0x7, 0xc7, 0x98,
    0x76, 0xec, 0xf, 0x80, 0xd0, 0xc, 0x14, 0x84,
    0xa9, 0xec, 0xa7, 0x81, 0x51, 0xe9, 0x57, 0x80,
    0xe2, 0xb, 0xe0, 0xd8, 0x69, 0x78, 0x3b, 0x15,
    0x2, 0x81, 0x3b, 0xd8, 0x4d, 0x81, 0xf3, 0x87,
    0x38,

    /* U+72EE "狮" */
    0xf, 0x61, 0xfb, 0x24, 0x17, 0xf0, 0x2d, 0x40,
    0xbc, 0x78, 0x8, 0xa8, 0x3f, 0xa0, 0xe7, 0xc7,
    0x82, 0xd0, 0xec, 0x82, 0x90, 0xff, 0xe0, 0xc1,
    0xff, 0x3c, 0x1f, 0xf3, 0xa3, 0x87, 0x68, 0x7e,
    0x42, 0xa0, 0x48, 0x28, 0x61, 0xee, 0x80, 0x43,
    0xf7, 0x93, 0xd, 0x84,

    /* U+72F8 "狸" */
    0xf, 0xfe, 0x1f, 0x1b, 0xfe, 0xb, 0x71, 0x3c,
    0x61, 0xd1, 0x4, 0x87, 0x98, 0x37, 0x18, 0x77,
    0x60, 0xf1, 0x86, 0x4d, 0x7, 0x8c, 0x39, 0x40,
    0xf4, 0x78, 0x26, 0x81, 0xff, 0x79, 0x1f, 0x47,
    0x90, 0x41, 0x3f, 0x1e, 0x43, 0x27, 0xe3, 0xe0,
    0xba, 0x7f, 0xe0,

    /* U+72FC "狼" */
    0xf, 0xce, 0x1d, 0xa6, 0x87, 0xf5, 0x43, 0xe8,
    0xf0, 0x4b, 0x60, 0xfc, 0x1a, 0x44, 0x1f, 0x83,
    0x79, 0xc1, 0xf8, 0x32, 0x21, 0xff, 0xc0, 0x84,
    0x1f, 0x83, 0x4c, 0x17, 0x8e, 0x81, 0x61, 0xf5,
    0x30, 0x41, 0xf4, 0xc8, 0x72, 0x6, 0xd9, 0x3,
    0xde, 0x23, 0xa9, 0x1f, 0x3f, 0x48, 0xe8,

    /* U+730E "猎" */
    0x10, 0x93, 0x6, 0x1a, 0xcb, 0xf, 0xed, 0xd3,
    0x3c, 0x70, 0x59, 0x4c, 0xf1, 0xc0, 0xa3, 0x87,
    0xfd, 0xe7, 0xc7, 0x8f, 0x2, 0xb, 0xff, 0x4,
    0xc0, 0xff, 0x5, 0x50, 0x5f, 0x83, 0xb4, 0x2f,
    0xc1, 0xa0, 0xef, 0xc1, 0xe4, 0x2f, 0xc1, 0xdd,
    0x1, 0xf8, 0x3b, 0xc9, 0x86, 0xc0,

    /* U+731B "猛" */
    0xf, 0xfe, 0x1e, 0x9b, 0xfe, 0xb, 0xa0, 0xfd,
    0x10, 0x65, 0x61, 0x34, 0x42, 0x50, 0xfd, 0x17,
    0x82, 0xd3, 0xf1, 0xf0, 0x10, 0x60, 0x64, 0x3c,
    0xa0, 0x20, 0xd4, 0x13, 0x45, 0x51, 0xa9, 0xb,
    0x10, 0x64, 0x86, 0x43, 0xff, 0x87, 0xb1, 0x92,
    0x48, 0x37, 0xff, 0x90,

    /* U+731C "猜" */
    0xf, 0xce, 0x1d, 0xc7, 0x58, 0xa2, 0xd, 0xdf,
    0x93, 0xc1, 0xa2, 0x68, 0x94, 0x40, 0xc2, 0xa8,
    0x94, 0x42, 0xdf, 0xc3, 0xf0, 0x11, 0x25, 0xf4,
    0x14, 0x1b, 0x9c, 0x34, 0xc1, 0xff, 0x78, 0x41,
    0xce, 0x19, 0x2, 0xf, 0xc1, 0xec, 0x3f, 0xf8,
    0x1b, 0x7, 0x68, 0x6f, 0x3, 0xb, 0x80,

    /* U+732A "猪" */
    0xf, 0xd8, 0x77, 0x18, 0x79, 0x6, 0xe9, 0xe3,
    0xd0, 0x51, 0x9e, 0x31, 0x3, 0x18, 0xa2, 0x30,
    0x74, 0x2a, 0x12, 0x84, 0xcd, 0xa7, 0xd0, 0x20,
    0x3a, 0x7c, 0xd, 0xc9, 0x3e, 0xa, 0xc1, 0xc7,
    0xc1, 0x22, 0x1b, 0xe0, 0x93, 0x42, 0xf8, 0x36,
    0xc1, 0x7c, 0x0,

    /* U+732B "猫" */
    0x10, 0x20, 0x92, 0x81, 0x78, 0x83, 0xfd, 0x3b,
    0x6d, 0xab, 0x43, 0x53, 0x2d, 0x5a, 0x62, 0x81,
    0x25, 0x2, 0xef, 0x1d, 0xfc, 0x1b, 0x41, 0xe3,
    0x83, 0x28, 0x3e, 0x42, 0xa8, 0x2f, 0x1e, 0xd,
    0xa1, 0x78, 0xf0, 0x50, 0x7f, 0x21, 0xc8, 0x5e,
    0x38, 0x37, 0x40, 0x7f, 0x6, 0xf2, 0x61, 0xd8,

    /* U+7334 "猴" */
    0xf, 0x21, 0xfb, 0x24, 0x9f, 0xa0, 0xad, 0x7b,
    0xd0, 0x64, 0x4c, 0xfa, 0x70, 0x61, 0x36, 0xfe,
    0x3, 0xb0, 0x14, 0x1e, 0x80, 0x83, 0x3e, 0x42,
    0xcc, 0x56, 0x79, 0x6, 0x85, 0x99, 0xf0, 0x28,
    0x15, 0xc0, 0xf0, 0x10, 0xf5, 0x58, 0x64, 0x34,
    0x28, 0x81, 0x50, 0x13, 0x6, 0x0,

    /* U+7387 "率" */
    0xe, 0xa0, 0x7f, 0xf1, 0x5f, 0xca, 0xfc, 0x8f,
    0xc6, 0xf8, 0x9, 0xbb, 0xf, 0x25, 0x19, 0x53,
    0xa0, 0x65, 0x1e, 0xb8, 0xbc, 0x66, 0xc, 0xa8,
    0x75, 0x71, 0x4f, 0xe5, 0x7f, 0xf9, 0x5f, 0xc1,
    0xff, 0xcc,

    /* U+7389 "玉" */
    0x1f, 0xfe, 0x3, 0x52, 0x56, 0x9, 0x6d, 0x78,
    0x3f, 0xf9, 0xff, 0x4f, 0xc8, 0x5f, 0x4f, 0xc8,
    0x7f, 0x70, 0x7f, 0xb5, 0x7, 0xfa, 0x41, 0xfa,
    0x7d, 0x78,

    /* U+738B "王" */
    0x7f, 0xfc, 0x3f, 0x8b, 0xf0, 0x7f, 0xf6, 0xaf,
    0x8b, 0xe0, 0xaf, 0x8b, 0xe0, 0xff, 0xed, 0x7f,
    0x17, 0xe4,

    /* U+7396 "玖" */
    0xf, 0xfe, 0x4b, 0x7, 0xbf, 0x8c, 0x3e, 0xf1,
    0x62, 0xbc, 0x87, 0x90, 0xbc, 0x21, 0x59, 0xe9,
    0xf, 0xac, 0xa3, 0xa, 0xf, 0x95, 0x82, 0x81,
    0xf3, 0x24, 0x1e, 0x62, 0xd6, 0x20, 0xdf, 0x9a,
    0x79, 0x41, 0x49, 0x66, 0xe, 0x81, 0xee, 0xd,
    0x80,

    /* U+739B "玛" */
    0x17, 0x1f, 0xd0, 0x3a, 0xdf, 0x9c, 0x16, 0x73,
    0x7, 0xc8, 0x7c, 0xa0, 0x50, 0x9f, 0x7, 0xac,
    0x92, 0xf1, 0xc1, 0xcd, 0xfa, 0x9, 0x3c, 0x1f,
    0xb9, 0xef, 0xf0, 0x2e, 0x7, 0xf1, 0x88, 0x7f,
    0x28, 0x3f, 0xbc, 0x80,

    /* U+73A9 "玩" */
    0xf, 0x7f, 0xa0, 0x7e, 0x7f, 0xd0, 0x3c, 0x68,
    0x7f, 0xf0, 0x97, 0xe0, 0x59, 0xdd, 0xeb, 0xc0,
    0xb3, 0xa1, 0xc5, 0x3, 0xff, 0x90, 0x81, 0xf,
    0x93, 0xc1, 0xfd, 0xd3, 0xa2, 0x19, 0x8f, 0x24,
    0xc1, 0xac, 0x36, 0xe1, 0x38, 0x86, 0xf0, 0x6b,
    0xc0,

    /* U+73AF "环" */
    0xe, 0xbf, 0xd0, 0x3f, 0x5e, 0x3e, 0x81, 0xab,
    0xf, 0xfe, 0x22, 0x83, 0xda, 0xa0, 0x4b, 0x6,
    0xd5, 0x8, 0x19, 0xf, 0xd4, 0x7, 0x21, 0xd4,
    0x50, 0x54, 0x2, 0xd9, 0x6, 0x60, 0x53, 0x60,
    0xf2, 0xd, 0xf, 0xfe, 0x68,

    /* U+73B0 "现" */
    0x3f, 0x3f, 0xe0, 0xa8, 0x49, 0x76, 0x19, 0x2,
    0x13, 0x87, 0xff, 0x1f, 0x8d, 0x6, 0x1e, 0xe3,
    0x42, 0xc3, 0xff, 0x80, 0xe8, 0x7c, 0xb6, 0x12,
    0x15, 0xd, 0x98, 0x10, 0x5f, 0x47, 0x21, 0x60,
    0x41, 0x72, 0x76, 0x87, 0x79, 0x3, 0xe8,

    /* U+73B2 "玲" */
    0xf, 0xc8, 0x7f, 0xf0, 0x64, 0x3b, 0xf2, 0x44,
    0x1d, 0xce, 0x8e, 0xc1, 0xfd, 0xa6, 0xc1, 0x51,
    0xb5, 0x72, 0x60, 0xd3, 0xa7, 0xd5, 0x1, 0xd4,
    0x7f, 0x90, 0xf3, 0x9f, 0x6, 0x77, 0x43, 0xfa,
    0x2d, 0xc, 0x86, 0xe4, 0x39, 0xe0, 0xff, 0x99,
    0x0,

    /* U+73BB "玻" */
    0xf, 0xec, 0x3b, 0xf0, 0x7f, 0xb8, 0x9f, 0x8f,
    0x83, 0x90, 0x71, 0xc1, 0xfe, 0x42, 0x41, 0x43,
    0x9, 0x3, 0x2, 0x86, 0xe, 0x3c, 0x1f, 0xd3,
    0xe0, 0xfd, 0xac, 0x48, 0x4e, 0x68, 0x1d, 0x82,
    0xfc, 0x66, 0x21, 0xa4, 0x46, 0xa3, 0x43, 0xa9,
    0x9b, 0x52, 0x1b, 0x78, 0x27, 0x40,

    /* U+73CD "珍" */
    0xf, 0xc8, 0x7f, 0xf0, 0x68, 0x1d, 0xfa, 0x35,
    0x83, 0x78, 0xe8, 0xdc, 0x87, 0xd9, 0x6f, 0x60,
    0x73, 0xa9, 0x6e, 0x3, 0x9b, 0x94, 0xc4, 0x3e,
    0xa2, 0xa0, 0xfe, 0x69, 0xb8, 0x4c, 0x6e, 0x6d,
    0x85, 0xf9, 0xe6, 0x81, 0xa4, 0x27, 0xb4, 0x3f,
    0x34, 0xc3, 0x80,

    /* U+73E0 "珠" */
    0xf, 0xec, 0x3a, 0xb0, 0xa0, 0xfe, 0x47, 0xc1,
    0xf5, 0x9, 0x6c, 0xf2, 0x1e, 0x4f, 0x1e, 0x40,
    0xe6, 0x61, 0xf9, 0xcc, 0xf8, 0xf8, 0x3c, 0xf0,
    0x5e, 0xe, 0x51, 0x20, 0x42, 0x62, 0x12, 0x28,
    0x17, 0xe2, 0xc0, 0xac, 0x12, 0x36, 0x1a, 0x60,
    0xce, 0x1e, 0xa0,

    /* U+73ED "班" */
    0xf, 0xb0, 0xfb, 0xf4, 0xb, 0xf0, 0x28, 0x50,
    0x1c, 0x58, 0x14, 0x2c, 0x28, 0x43, 0xec, 0x3f,
    0xc8, 0x87, 0xfa, 0x84, 0x82, 0xcd, 0x5, 0x9a,
    0xb, 0x34, 0x3d, 0x21, 0xff, 0xc0, 0x94, 0x1f,
    0x93, 0xd6, 0x1f, 0x7a, 0xf2, 0x78, 0xf2, 0x72,
    0x9, 0xfe, 0x40,

    /* U+7403 "球" */
    0xf, 0xda, 0x83, 0x56, 0xe, 0xf0, 0x58, 0xe1,
    0xd2, 0x13, 0xf, 0xc5, 0xb8, 0x7b, 0xb2, 0xf8,
    0x16, 0x6c, 0xc, 0xd0, 0x50, 0xd5, 0xe, 0xa0,
    0x90, 0xa8, 0x6, 0xf, 0x28, 0xc5, 0x6, 0x73,
    0xe8, 0xdc, 0x2e, 0xf3, 0xa0, 0x9c, 0x12, 0x38,
    0x75, 0x3, 0xe7, 0x10, 0x20,

    /* U+7405 "琅" */
    0xf, 0xd8, 0x79, 0x70, 0x7f, 0xab, 0xbc, 0x7c,
    0x17, 0x1c, 0x7e, 0xf, 0xf7, 0xe0, 0xd4, 0x34,
    0xfc, 0x1b, 0x49, 0x17, 0x6, 0x71, 0x5, 0x64,
    0x3e, 0x4d, 0xb3, 0xe, 0xf0, 0x3b, 0x70, 0x74,
    0xe0, 0x93, 0xb, 0xc9, 0x1e, 0x9d, 0xf, 0xae,
    0x2a, 0x43, 0xa4, 0x33, 0xa0,

    /* U+7406 "理" */
    0x17, 0x5f, 0xe0, 0xab, 0xe, 0x58, 0x6e, 0x7c,
    0x1f, 0xfc, 0x27, 0x2c, 0x35, 0x1b, 0x72, 0xc3,
    0x51, 0xb7, 0x2c, 0x3f, 0x3e, 0x2f, 0x7, 0xff,
    0x1d, 0xef, 0x17, 0x82, 0xf5, 0xde, 0x2f, 0x5,
    0xca, 0xf8, 0xbe, 0xe, 0x7f, 0xf0,

    /* U+7410 "琐" */
    0xf, 0xda, 0x21, 0xf3, 0x86, 0x82, 0xfc, 0xb0,
    0x38, 0x2d, 0xb3, 0x9, 0x41, 0xfa, 0x84, 0xe1,
    0x6d, 0x83, 0xbc, 0x1b, 0x56, 0x16, 0x87, 0xd8,
    0x7f, 0xf1, 0x90, 0xf2, 0xac, 0x32, 0x1d, 0x36,
    0x51, 0xe8, 0x17, 0x20, 0x9b, 0xd4, 0xf, 0x4e,
    0x7, 0xc0,

    /* U+745A "瑚" */
    0xf, 0x61, 0xf5, 0xf0, 0x6f, 0x92, 0x48, 0x3b,
    0xd, 0xa6, 0x78, 0x3f, 0x39, 0xe3, 0xa, 0x8e,
    0x1d, 0x85, 0x47, 0x89, 0xf, 0xe6, 0x41, 0x87,
    0x30, 0x85, 0x85, 0x40, 0xec, 0x3b, 0xb8, 0xc0,
    0x86, 0x50, 0x5e, 0x70, 0xfd, 0x84, 0xe2, 0x1f,
    0xb3, 0xc0,

    /* U+74DC "瓜" */
    0xf, 0xf2, 0x1f, 0x2d, 0x7a, 0x43, 0xba, 0x88,
    0x90, 0xf7, 0x89, 0x41, 0xff, 0xdd, 0xf0, 0x7f,
    0xf1, 0xd0, 0xcb, 0x83, 0xb4, 0x26, 0xf, 0x9c,
    0x24, 0x98, 0x28, 0x6d, 0xe6, 0x50, 0x59, 0x74,
    0x51, 0x60, 0x83, 0xe8, 0x60,

    /* U+74E2 "瓢" */
    0xf, 0xfe, 0x1f, 0xf9, 0x6f, 0x20, 0xf1, 0x39,
    0x44, 0x41, 0x64, 0xe2, 0x61, 0xc9, 0x21, 0xfe,
    0x49, 0xc, 0x86, 0xaf, 0x7, 0xf7, 0xf0, 0x7e,
    0x83, 0xac, 0x3d, 0x81, 0x30, 0x91, 0x2, 0xb0,
    0x42, 0x46, 0xd, 0x44, 0x90, 0x48, 0x3e, 0x41,
    0x4f, 0x48, 0x4f, 0x12, 0x13, 0x0,

    /* U+74E6 "瓦" */
    0x3f, 0xfe, 0x4f, 0x8f, 0xf9, 0xf, 0xfe, 0x22,
    0x7f, 0x21, 0xe7, 0xf0, 0x87, 0x65, 0x3, 0xf9,
    0xe6, 0xf, 0xe4, 0xc4, 0x3f, 0xe8, 0x41, 0x1,
    0x2f, 0x38, 0x14, 0x50, 0xf9, 0xde, 0x85, 0xe4,
    0x27, 0xe4,

    /* U+7518 "甘" */
    0x3, 0x86, 0xd0, 0xff, 0xe7, 0x7a, 0x3f, 0x17,
    0xe8, 0xfc, 0x5e, 0xf, 0xfe, 0x87, 0xe0, 0xfd,
    0xf8, 0x3f, 0xfa, 0x9f, 0x83, 0xf7, 0xe0, 0xf3,
    0x86, 0xd0, 0x0,

    /* U+751A "甚" */
    0xa, 0x81, 0x98, 0x33, 0xab, 0xf4, 0xe8, 0x1d,
    0x5f, 0x95, 0xa1, 0xcf, 0xe4, 0x3f, 0x3f, 0x90,
    0xfc, 0xfe, 0x43, 0xf3, 0xfa, 0xe, 0xf2, 0xbf,
    0x4f, 0x81, 0xab, 0x9d, 0xbe, 0xe, 0x6c, 0x14,
    0xd0, 0xef, 0x25, 0x39, 0xc, 0xaf, 0xd5, 0x7,
    0x3f, 0xf8, 0x0,

    /* U+751C "甜" */
    0xc, 0xd1, 0x81, 0x85, 0xf4, 0x41, 0xfa, 0xd5,
    0x33, 0x42, 0x2, 0x1c, 0x9e, 0xd, 0xe5, 0x76,
    0xb1, 0x3, 0xca, 0xf0, 0x7f, 0xf0, 0xda, 0x7,
    0x6a, 0xd0, 0xff, 0x78, 0x26, 0x81, 0xff, 0xd6,
    0xf0, 0x4f, 0x83, 0xde, 0x50, 0xf8, 0x20,

    /* U+751F "生" */
    0xf, 0x30, 0x7f, 0x48, 0x7f, 0xf0, 0x10, 0xff,
    0xe1, 0x5c, 0xfe, 0xd, 0x34, 0x55, 0x60, 0xcc,
    0xac, 0x5c, 0x17, 0x7, 0xff, 0x3, 0x7e, 0x9f,
    0xa0, 0xef, 0x95, 0xf4, 0x1f, 0xb0, 0xff, 0xe5,
    0x3f, 0xa7, 0xf8, 0xf, 0xff, 0xc0,

    /* U+7525 "甥" */
    0xa, 0x81, 0xfe, 0x42, 0x7f, 0x90, 0x41, 0x9c,
    0xc2, 0x45, 0x63, 0x98, 0x5c, 0xac, 0x73, 0x9,
    0x41, 0x90, 0xf6, 0xa1, 0x6, 0x62, 0x20, 0x47,
    0xc7, 0x80, 0xbd, 0xf1, 0xe4, 0x39, 0xb5, 0x68,
    0x19, 0x56, 0x30, 0x6c, 0xbf, 0x40, 0x51, 0x45,
    0x74, 0x56, 0x1e, 0x7c, 0x8f, 0x80,

    /* U+7528 "用" */
    0xb, 0xff, 0x83, 0xbe, 0x3e, 0xf, 0xfe, 0x3f,
    0xc7, 0xc1, 0xef, 0x8f, 0x83, 0xff, 0x8f, 0xf1,
    0xf0, 0x64, 0xf8, 0xf8, 0x39, 0xf, 0xfa, 0xc3,
    0xfc, 0x88, 0x7f, 0xa8, 0x1b, 0x1c, 0x2d, 0xf,
    0x3e, 0x0,

    /* U+7529 "甩" */
    0x7, 0xff, 0x7, 0x7c, 0x7c, 0x1f, 0xfc, 0x7f,
    0x8f, 0x83, 0xdf, 0x1f, 0x7, 0xff, 0x1f, 0xe3,
    0xe0, 0xf7, 0xc7, 0xc1, 0xff, 0x50, 0x50, 0x87,
    0xaf, 0xc5, 0x3, 0x7a, 0xd8, 0x90, 0xbf, 0xc0,

    /* U+7530 "田" */
    0x3f, 0xfa, 0x7, 0xc5, 0xe4, 0x3f, 0xd8, 0x7f,
    0xf3, 0x7e, 0x2f, 0x41, 0x7c, 0x5e, 0x83, 0xff,
    0xb1, 0xf1, 0x7a, 0xb, 0xfe, 0x80,

    /* U+7531 "由" */
    0xe, 0xd0, 0xff, 0xe7, 0xfe, 0x2f, 0xa0, 0x7c,
    0x5e, 0x43, 0xff, 0x9b, 0xf1, 0x79, 0xb, 0xe2,
    0xf2, 0x1f, 0xfc, 0xdf, 0x8b, 0xc8, 0x5f, 0xf2,
    0xc, 0x3e, 0xa0,

    /* U+7532 "甲" */
    0x3f, 0xfa, 0x7, 0xc5, 0xe8, 0x3f, 0xf8, 0x5f,
    0x17, 0xa0, 0xbe, 0x2f, 0x41, 0xff, 0xc2, 0xf8,
    0xbd, 0x5, 0xf1, 0x79, 0x6, 0x1f, 0x50, 0x3f,
    0xfa, 0xa0,

    /* U+7533 "申" */
    0xd, 0xa1, 0xff, 0xc2, 0xfc, 0x5f, 0x25, 0xe2,
    0xf2, 0x4, 0x3f, 0xbe, 0x2f, 0x20, 0xf8, 0xbc,
    0x87, 0xff, 0x3, 0xe2, 0xf2, 0xf, 0x8b, 0xd1,
    0x87, 0xca, 0xf, 0xfe, 0x40,

    /* U+7535 "电" */
    0xd, 0x87, 0xff, 0x31, 0xf, 0x7e, 0x2f, 0x90,
    0xbe, 0x3e, 0xe, 0xf8, 0xf8, 0x3a, 0xa2, 0xa0,
    0xe5, 0x85, 0x83, 0xbe, 0x3e, 0xd, 0xf8, 0xbe,
    0x60, 0xf2, 0x19, 0xf, 0x7f, 0x7, 0xbf, 0xe0,

    /* U+7538 "甸" */
    0x9, 0x41, 0xff, 0x61, 0xff, 0xc0, 0x6f, 0xfc,
    0x9, 0xff, 0xc0, 0x5b, 0xfc, 0x1a, 0x87, 0x8f,
    0x7, 0x48, 0x81, 0x9, 0x2, 0xb, 0x2c, 0x3f,
    0x78, 0xf0, 0x48, 0x6f, 0x1e, 0xf, 0xdf, 0xc0,
    0xc3, 0x61, 0x98, 0x70, 0xfe, 0xb1,

    /* U+753B "画" */
    0xff, 0xfe, 0x2a, 0xbf, 0x82, 0xf2, 0xbc, 0x13,
    0x3, 0x6c, 0x12, 0x1e, 0xc3, 0xfb, 0x56, 0x1f,
    0xb6, 0xc3, 0xfd, 0x87, 0xf6, 0xac, 0x3e, 0xff,
    0x6, 0x7f, 0xf2, 0x7, 0xff, 0x20,

    /* U+7545 "畅" */
    0x6, 0x1f, 0xfc, 0x2f, 0xe4, 0x8, 0x9f, 0xa,
    0x38, 0xb0, 0x6c, 0x16, 0x60, 0xd8, 0x36, 0x66,
    0xa, 0x81, 0x99, 0xa1, 0x20, 0xcc, 0xc, 0xc1,
    0x66, 0x21, 0xec, 0x2a, 0xe0, 0xfa, 0x82, 0x83,
    0xe8, 0xa0, 0xa0, 0xe7, 0xcf, 0x60,

    /* U+754C "界" */
    0xb, 0xff, 0x7, 0xde, 0xa7, 0x83, 0xf7, 0xa9,
    0xe0, 0xfd, 0xe5, 0x78, 0x3f, 0xf9, 0x5e, 0x57,
    0x83, 0xed, 0x5e, 0x56, 0x19, 0xb0, 0xc9, 0xa1,
    0x67, 0x21, 0x5f, 0x2, 0x82, 0x1e, 0xb0, 0xcd,
    0x3, 0xfd, 0xf2, 0x1f, 0xee, 0xd, 0x87, 0x0,

    /* U+7559 "留" */
    0xf, 0xfe, 0xa, 0xad, 0xfe, 0x4b, 0xe7, 0xa6,
    0x1a, 0x20, 0x61, 0x21, 0x28, 0xa, 0xa, 0x3c,
    0x7a, 0xa0, 0x74, 0xea, 0x73, 0x1e, 0xea, 0xe5,
    0x4, 0xfa, 0x3c, 0x1c, 0xfa, 0x3c, 0x1c, 0xfa,
    0x3c, 0x1c, 0xfa, 0x3c, 0x1c, 0xff, 0x83, 0x50,
    0x3d, 0xa0,

    /* U+756A "番" */
    0xf, 0xe6, 0x43, 0x7f, 0xd0, 0x86, 0x87, 0x2d,
    0xf, 0x32, 0x14, 0xc1, 0xbd, 0x19, 0x27, 0x90,
    0x7c, 0x82, 0x1f, 0x20, 0x6c, 0xd3, 0x39, 0x4,
    0x7, 0x6d, 0x3c, 0xe, 0x3c, 0x5c, 0x30, 0x77,
    0x8b, 0x83, 0xf7, 0x8b, 0x83, 0xf7, 0x8b, 0x83,
    0xf7, 0xf4, 0x1f, 0x61, 0xce, 0x10,

    /* U+7586 "疆" */
    0x3e, 0xa7, 0xfc, 0xf, 0x45, 0x7d, 0x87, 0x9b,
    0xa7, 0x20, 0xb8, 0x24, 0x8, 0x67, 0xd0, 0x14,
    0x21, 0xd4, 0x58, 0x8, 0x87, 0xa8, 0xbe, 0x81,
    0x1b, 0x2f, 0xa0, 0x4e, 0x2b, 0x1c, 0xc1, 0x21,
    0xb4, 0xd0, 0x30, 0x72, 0x4, 0x27, 0x8d, 0xff,
    0x40, 0x75, 0x7f, 0xe4,

    /* U+7591 "疑" */
    0x18, 0x8, 0x7f, 0xf0, 0x39, 0xfe, 0xc, 0xee,
    0xfc, 0xa0, 0xee, 0xc7, 0xcc, 0x12, 0x78, 0xe,
    0x21, 0xef, 0x9a, 0xf, 0x1, 0x3e, 0x78, 0xcc,
    0x16, 0xac, 0x80, 0xc8, 0x5a, 0xb8, 0x2f, 0x5,
    0xe1, 0xe0, 0xa8, 0x19, 0x6, 0x98, 0x7a, 0x9d,
    0x71, 0xf0, 0x58, 0x19, 0x5f, 0x80,

    /* U+7597 "疗" */
    0xf, 0x28, 0x3f, 0xe6, 0xf, 0x27, 0xe3, 0xf8,
    0x93, 0xff, 0x8a, 0xf, 0xfc, 0x7, 0x1f, 0xe2,
    0xa, 0xf, 0x72, 0xc, 0x3d, 0xc8, 0x54, 0xf,
    0x21, 0x96, 0xf, 0xfa, 0xc3, 0xfd, 0xa8, 0x3f,
    0xcc, 0x1b, 0xf, 0x41, 0xde, 0xc,

    /* U+759A "疚" */
    0xf, 0xb4, 0x3f, 0xf9, 0x5f, 0x8b, 0xf0, 0x30,
    0x7a, 0x9f, 0xc0, 0x60, 0xbc, 0x1f, 0x41, 0x95,
    0xe4, 0x3b, 0x2, 0x78, 0x43, 0x78, 0x14, 0x20,
    0xf7, 0x12, 0x86, 0xf, 0x25, 0x8, 0x83, 0xd4,
    0x4, 0xee, 0x1a, 0x15, 0x99, 0x3c, 0x16, 0xd4,
    0x15, 0x0,

    /* U+759F "疟" */
    0xf, 0x48, 0x7f, 0xf0, 0x28, 0x87, 0xef, 0xc5,
    0xf8, 0x18, 0x3f, 0xf8, 0x24, 0x2f, 0xf2, 0xb,
    0x2, 0x7f, 0x20, 0x43, 0xff, 0x83, 0xa3, 0x1f,
    0xe0, 0x50, 0x63, 0xfc, 0x4, 0x43, 0xff, 0x81,
    0x61, 0xff, 0x22, 0x27, 0xf4, 0xe, 0xb, 0xfd,
    0x2, 0x43, 0xfe,

    /* U+75AB "疫" */
    0xf, 0x98, 0x3f, 0x57, 0x35, 0x83, 0x3f, 0x53,
    0xf0, 0x30, 0x2b, 0xa8, 0x50, 0x18, 0x26, 0xd0,
    0x20, 0xb0, 0xc8, 0x36, 0xa, 0x2e, 0x4, 0x68,
    0x34, 0xab, 0xe6, 0x80, 0xe0, 0x23, 0xa1, 0xe9,
    0x6, 0xce, 0x1c, 0xe1, 0x94, 0x1d, 0xaa, 0xf3,
    0x9c, 0x82, 0x89, 0x71, 0x78, 0x0,

    /* U+75AE "疮" */
    0xf, 0x90, 0xff, 0xe0, 0xf0, 0x7e, 0xfc, 0xaf,
    0xc0, 0x81, 0xf8, 0xfc, 0x14, 0x1b, 0x60, 0xec,
    0x37, 0x42, 0xc, 0x82, 0xcb, 0x56, 0x83, 0xa,
    0x3d, 0x3e, 0x7, 0x99, 0xf, 0x41, 0x78, 0x37,
    0x62, 0x12, 0x83, 0x79, 0x30, 0x70, 0x6f, 0xf0,
    0x24, 0x2f, 0xf2, 0x0,

    /* U+75B2 "疲" */
    0xf, 0xb4, 0x3f, 0xf9, 0x5f, 0x8b, 0xf0, 0x30,
    0x7e, 0x3f, 0x1, 0x81, 0xf1, 0xf4, 0x8, 0x37,
    0x8f, 0x38, 0x7f, 0xf0, 0x50, 0x61, 0xbc, 0x78,
    0x37, 0x5, 0x9e, 0x30, 0xcb, 0x1, 0xa0, 0x86,
    0xbc, 0x92, 0xb0, 0xc8, 0x1e, 0xd5, 0xc1, 0x78,
    0xa1, 0xd3, 0x30, 0x42, 0xb8, 0x35, 0x80,

    /* U+75BE "疾" */
    0xf, 0xb4, 0x3f, 0xf9, 0x5f, 0x8b, 0xe8, 0x18,
    0x3c, 0x7f, 0x40, 0x50, 0x13, 0xf8, 0x2c, 0x2a,
    0x8f, 0x82, 0x41, 0xa, 0xf, 0xa8, 0x73, 0xb,
    0x5, 0xe3, 0xe4, 0xbc, 0x81, 0x5, 0x44, 0x51,
    0xa, 0x41, 0xad, 0x7, 0x39, 0x91, 0x38, 0x5a,
    0xb7, 0xb, 0x70, 0x71, 0xc1, 0xd6, 0x0,

    /* U+75C5 "病" */
    0xf, 0x9c, 0x3f, 0x2e, 0x2, 0xe0, 0xd5, 0xc5,
    0x64, 0xd3, 0xff, 0x91, 0xc7, 0xff, 0x24, 0x7,
    0xe5, 0x7c, 0x87, 0x7c, 0xaf, 0x81, 0x21, 0x79,
    0xbc, 0x1a, 0xe, 0x60, 0xe8, 0x42, 0x4b, 0x43,
    0x58, 0x1b, 0x6c, 0x24, 0x40, 0xe0, 0x60, 0xa8,
    0x1f, 0x79, 0x6, 0x83, 0xd, 0xe8,

    /* U+75C7 "症" */
    0xf, 0x9c, 0x3f, 0xf9, 0x5f, 0xa3, 0xf0, 0x30,
    0x7f, 0xf0, 0x28, 0x5f, 0xf4, 0x7, 0x2f, 0x9b,
    0xd0, 0x7a, 0xf, 0xef, 0x1, 0xa, 0xf0, 0x5c,
    0x1e, 0xbc, 0x19, 0xf, 0xfe, 0xe, 0x87, 0xfc,
    0xaf, 0x1e, 0x6f, 0x90, 0x4f, 0xff, 0x20,

    /* U+75D2 "痒" */
    0xf, 0xd8, 0x7f, 0xf2, 0xbf, 0x8f, 0xc9, 0x3,
    0xc5, 0xe5, 0x68, 0x20, 0xa8, 0x2a, 0xa, 0x4b,
    0x8e, 0x3c, 0x14, 0x5f, 0x1f, 0x81, 0xc0, 0xf8,
    0xfa, 0x7, 0x81, 0xf1, 0x7a, 0x9, 0x3f, 0x17,
    0xc8, 0x29, 0xf8, 0xbe, 0x48, 0x43, 0x90, 0xe7,
    0xf, 0xfe, 0x6, 0x1e, 0xc3, 0x80,

    /* U+75D5 "痕" */
    0xf, 0xd8, 0x7e, 0xad, 0x95, 0x83, 0x3f, 0x53,
    0xf0, 0x30, 0x35, 0xed, 0x5, 0x2, 0xbe, 0x90,
    0x9c, 0x2b, 0xe8, 0x3a, 0xa, 0xfa, 0xd, 0xa1,
    0x5f, 0x41, 0xb8, 0x2b, 0x56, 0xa0, 0xa4, 0x9,
    0xb2, 0x82, 0x60, 0x91, 0x58, 0x52, 0x27, 0x73,
    0xc0, 0xe0, 0x5e, 0x8b, 0xc0,

    /* U+75DB "痛" */
    0xf, 0x9c, 0x3f, 0x7e, 0x8f, 0xc1, 0xd5, 0xfc,
    0x8, 0x1d, 0x7b, 0x40, 0xc5, 0xcc, 0x90, 0x58,
    0x48, 0xcc, 0x86, 0xc6, 0xd0, 0x72, 0xe, 0xb,
    0xc3, 0x86, 0xb0, 0xff, 0xe0, 0x2c, 0xa, 0xc,
    0x1d, 0x60, 0xf1, 0x61, 0x91, 0xc, 0x87, 0xb8,
    0x3b, 0x71, 0x4, 0x8e, 0x4, 0xf0, 0x0,

    /* U+75E2 "痢" */
    0xf, 0xa8, 0x1f, 0x97, 0x85, 0xc1, 0xab, 0xd,
    0x60, 0x60, 0xa2, 0xf, 0x90, 0x30, 0x36, 0xcd,
    0xb, 0x3, 0x81, 0xf, 0x20, 0xa1, 0x44, 0x3b,
    0x48, 0x29, 0xe, 0xf0, 0x66, 0x43, 0xca, 0xa1,
    0xb0, 0x7b, 0x58, 0x16, 0x86, 0x57, 0x83, 0xa0,
    0xdc, 0x1f, 0x36, 0x9, 0xb, 0x40, 0xe8,

    /* U+75F0 "痰" */
    0xf, 0xd8, 0x7f, 0xf2, 0xbf, 0x8f, 0xc0, 0x81,
    0xeb, 0x3c, 0xe1, 0x40, 0x70, 0xa0, 0xd2, 0xe,
    0x8c, 0x41, 0xb0, 0x5b, 0x6e, 0x13, 0x97, 0x79,
    0xd8, 0x28, 0xa6, 0x12, 0x40, 0x44, 0xb4, 0x1e,
    0xd, 0x64, 0xc5, 0xa1, 0x22, 0x79, 0xc9, 0xa,
    0xac, 0xe2, 0x9e, 0x6, 0xdc, 0x19, 0xb0,

    /* U+75F4 "痴" */
    0xf, 0xa4, 0x3f, 0x7e, 0x6f, 0xc8, 0x6d, 0xbf,
    0xc9, 0xa0, 0x50, 0x1a, 0x20, 0xb1, 0x3d, 0x40,
    0x41, 0xd4, 0x28, 0x50, 0x24, 0x12, 0x21, 0xf6,
    0x96, 0x78, 0x3d, 0xe3, 0xc7, 0x83, 0xe4, 0x9,
    0x7, 0xed, 0x28, 0xa1, 0x41, 0x2a, 0x83, 0xc5,
    0x2, 0xa9, 0xc1, 0x1e, 0xb, 0x6c, 0x27, 0x6,
    0x0,

    /* U+7626 "瘦" */
    0xf, 0xb0, 0xfe, 0xfc, 0x7f, 0x1, 0x7, 0xa8,
    0xfe, 0x4, 0x82, 0x9b, 0x78, 0x26, 0x15, 0x43,
    0x83, 0x48, 0x50, 0x50, 0x72, 0x15, 0x1, 0x6,
    0xd0, 0xb0, 0x78, 0x37, 0x84, 0x50, 0xb0, 0x6d,
    0x21, 0xe3, 0x9, 0x50, 0xef, 0x68, 0x1b, 0x55,
    0x89, 0xc8, 0xe0, 0xfd, 0x7e, 0x0,

    /* U+7663 "癣" */
    0xf, 0x21, 0xff, 0xc0, 0xf0, 0x7d, 0xf9, 0x3f,
    0x48, 0x31, 0xb7, 0xcc, 0x44, 0x9, 0xe9, 0x8a,
    0x14, 0xe, 0x55, 0x8, 0x45, 0xb8, 0xe6, 0x2,
    0x25, 0xd, 0x30, 0x24, 0x50, 0xd4, 0x12, 0x47,
    0x1c, 0x25, 0xd1, 0xf1, 0xc5, 0x3d, 0x40, 0xf2,
    0xd7, 0xd0, 0x73, 0x8, 0x7b, 0x0,

    /* U+767B "登" */
    0xf, 0x94, 0x1f, 0x7e, 0x8d, 0xc3, 0xbe, 0x75,
    0x5c, 0x1a, 0xd6, 0x22, 0xe, 0x98, 0xf4, 0x30,
    0x69, 0xff, 0x3a, 0x8, 0xbf, 0xc5, 0x1, 0x44,
    0xfd, 0xe, 0x1e, 0x5d, 0x87, 0xf5, 0x64, 0x3f,
    0x67, 0x95, 0x6, 0x7e, 0x3c, 0xaf, 0x80, 0xff,
    0xfc, 0x0,

    /* U+767D "白" */
    0xf, 0xfe, 0x15, 0x3, 0xe5, 0x61, 0xde, 0x8b,
    0xe4, 0x1f, 0xe0, 0xff, 0xe6, 0x7f, 0x83, 0x7f,
    0x83, 0xff, 0x99, 0xfe, 0xd, 0xfe, 0x0,

    /* U+767E "百" */
    0xbf, 0xfe, 0xbf, 0x47, 0xf0, 0x76, 0x87, 0xd7,
    0x95, 0xf2, 0x1a, 0xfe, 0xf, 0xfe, 0x35, 0xfc,
    0x1e, 0xbf, 0x83, 0xff, 0xa5, 0x7f, 0x7, 0xaf,
    0xe0, 0xe9, 0xe, 0xd0,

    /* U+7684 "的" */
    0x2, 0x19, 0xf, 0x48, 0x18, 0x39, 0x10, 0x6b,
    0x8e, 0x3c, 0x27, 0xa0, 0x5e, 0x12, 0xa0, 0xfa,
    0x81, 0xf9, 0x23, 0xe, 0xb8, 0x5a, 0xd, 0x78,
    0x29, 0x41, 0xfe, 0xc3, 0x5e, 0xf, 0x20, 0xb8,
    0xc, 0x58, 0x66, 0x13, 0x10,

    /* U+7686 "皆" */
    0x6, 0x1b, 0xf, 0xfe, 0x25, 0x87, 0x7e, 0x2d,
    0xc3, 0xbf, 0x3, 0xc4, 0x1e, 0x51, 0x84, 0x82,
    0x3d, 0x46, 0xf9, 0x7, 0x4f, 0x1f, 0xd0, 0x15,
    0x78, 0xbe, 0xf, 0xbf, 0xc1, 0xfb, 0xfc, 0x1f,
    0xbf, 0xc1, 0xfb, 0xfc, 0x1f, 0xbf, 0xc1, 0x80,

    /* U+7687 "皇" */
    0xe, 0x43, 0xff, 0x81, 0x21, 0xf3, 0xf1, 0x7c,
    0x87, 0x7f, 0x90, 0xf7, 0xf9, 0xf, 0x57, 0x83,
    0x95, 0xfe, 0x50, 0x5a, 0xfe, 0xc2, 0xac, 0xaa,
    0xc1, 0xaa, 0x55, 0x41, 0x9f, 0x95, 0xf2, 0xb,
    0xf2, 0xbf, 0x8b, 0xff, 0xe0,

    /* U+76AE "皮" */
    0xf, 0xb0, 0xff, 0xe5, 0xfe, 0x3f, 0x41, 0xdf,
    0x1f, 0x38, 0x7f, 0xf0, 0x14, 0x1f, 0xc8, 0x20,
    0xf7, 0xc5, 0xe0, 0xfb, 0x2f, 0x84, 0x32, 0xa,
    0x2, 0x43, 0xb4, 0x55, 0x18, 0x39, 0xc1, 0x2a,
    0xe, 0x44, 0xb5, 0x51, 0xa, 0x9e, 0x3a, 0x65,
    0x83, 0x7d, 0x6, 0xbc, 0x0,

    /* U+76B1 "皱" */
    0xf, 0xfe, 0x24, 0x87, 0x61, 0xe4, 0x3f, 0xf8,
    0x56, 0x1c, 0x86, 0x9c, 0xf, 0x8b, 0x40, 0xc8,
    0x4e, 0x62, 0x7, 0x88, 0x8, 0xc1, 0x5e, 0x91,
    0x9e, 0x9, 0xf4, 0x4, 0xb4, 0x27, 0xd0, 0x4d,
    0xe0, 0xfd, 0xe9, 0x60, 0xbe, 0x85, 0x7, 0xdf,
    0x80, 0xea, 0x83, 0xe7, 0xd5, 0x70,

    /* U+76BF "皿" */
    0xf, 0xfe, 0x27, 0xff, 0x83, 0xac, 0xf1, 0xe0,
    0xff, 0xff, 0x87, 0xff, 0x7, 0x2c, 0xf1, 0xe3,
    0x5, 0x7f, 0xf0, 0x0,

    /* U+76C6 "盆" */
    0xd, 0x20, 0x50, 0x7c, 0xb0, 0x18, 0x3d, 0x4c,
    0x35, 0xa1, 0x63, 0xfd, 0x56, 0xe, 0x9a, 0xbc,
    0x3e, 0xc, 0xcc, 0xa0, 0xf7, 0xa3, 0x39, 0xe,
    0xc0, 0xf9, 0x1d, 0xe, 0xb3, 0x8d, 0xf, 0xfe,
    0x2b, 0x96, 0x71, 0xb6, 0x3f, 0xff, 0xc0, 0x0,

    /* U+76C8 "盈" */
    0x7, 0xfe, 0x43, 0xbc, 0x7e, 0xf, 0xfe, 0x1d,
    0xa1, 0x93, 0xf5, 0x87, 0xba, 0x70, 0x81, 0xa,
    0x57, 0xa8, 0x21, 0xa7, 0x8b, 0xcf, 0x82, 0xa6,
    0xab, 0x66, 0xd, 0xb9, 0x67, 0x21, 0xff, 0xd3,
    0xd5, 0x96, 0x71, 0xa0,

    /* U+76CA "益" */
    0xa, 0xf, 0x41, 0xef, 0x6, 0xc3, 0xe6, 0x80,
    0x98, 0x37, 0xd3, 0xe5, 0x7c, 0xf, 0xa9, 0xea,
    0x7c, 0x1a, 0x81, 0x34, 0xd, 0x66, 0x85, 0xba,
    0x12, 0xbf, 0xc3, 0x2, 0xdc, 0xa1, 0xbe, 0xf,
    0x90, 0xff, 0xe5, 0x73, 0x9c, 0x6d, 0x83, 0xff,
    0xf8, 0x0,

    /* U+76D0 "盐" */
    0x9, 0x82, 0xc3, 0xff, 0x8d, 0x73, 0xc0, 0x83,
    0x5c, 0xf0, 0x3c, 0x87, 0xf9, 0xe4, 0x2d, 0xa0,
    0x68, 0x1e, 0x1f, 0x6, 0x51, 0x8a, 0xa6, 0x79,
    0xd, 0x67, 0x1a, 0x1f, 0xfd, 0x7, 0x2c, 0xe3,
    0x6c,

    /* U+76D1 "监" */
    0xf, 0xfe, 0x36, 0x82, 0xf, 0x30, 0x72, 0x1f,
    0xfc, 0x4, 0xa9, 0xf, 0xd3, 0xf2, 0x1f, 0x25,
    0x4, 0x3f, 0x50, 0xe4, 0x36, 0x24, 0x83, 0xc,
    0xa2, 0x50, 0x64, 0x35, 0xff, 0x90, 0xeb, 0x38,
    0xd0, 0xff, 0xe2, 0xbb, 0x67, 0x1b, 0x63, 0xff,
    0xfc, 0x0,

    /* U+76D2 "盒" */
    0xf, 0x30, 0x7f, 0xcc, 0xa0, 0xfe, 0xae, 0x43,
    0xce, 0x9e, 0x2d, 0xb, 0xa7, 0x7a, 0xe9, 0x83,
    0xc7, 0x5b, 0x3c, 0x1c, 0xfe, 0x43, 0xf3, 0xf9,
    0xf, 0x9f, 0xf2, 0x1d, 0x7f, 0xe8, 0x39, 0xcf,
    0x1c, 0x1b, 0x56, 0x78, 0xe7, 0x7, 0xff, 0xf0,
    0x0,

    /* U+76D4 "盔" */
    0xc, 0x87, 0xff, 0x2, 0xc3, 0xfd, 0x6a, 0xff,
    0xc0, 0xb6, 0xec, 0xf5, 0x86, 0x56, 0x28, 0x83,
    0xa1, 0x68, 0x44, 0x25, 0x47, 0x9f, 0x30, 0x54,
    0x2f, 0x4d, 0x98, 0x3a, 0xf, 0xf3, 0x86, 0xf1,
    0xe3, 0x83, 0xff, 0x82, 0x86, 0xcf, 0x1e, 0x3c,
    0x69, 0xff, 0xfc, 0x4,

    /* U+76D6 "盖" */
    0x9, 0x41, 0xb0, 0xf9, 0x90, 0x70, 0x73, 0xe2,
    0xf1, 0x70, 0x4f, 0xe2, 0xfa, 0xc, 0xfc, 0x5f,
    0x7, 0x3f, 0x1f, 0x83, 0x57, 0x1d, 0x60, 0xbf,
    0xa9, 0xf8, 0x26, 0xbf, 0x83, 0xd6, 0x73, 0x87,
    0xff, 0x52, 0xcb, 0x39, 0xcb, 0x0,

    /* U+76D8 "盘" */
    0xf, 0xfe, 0x3e, 0x1f, 0xd7, 0x8f, 0x90, 0xf3,
    0xb6, 0x86, 0xb5, 0x6d, 0xb6, 0x96, 0xaa, 0x79,
    0x5a, 0x13, 0x14, 0x6, 0x13, 0xa3, 0xd1, 0xd,
    0xb0, 0x72, 0x82, 0x8f, 0xe5, 0x61, 0xd6, 0x73,
    0x87, 0xff, 0x17, 0x6c, 0xe7, 0x3c,

    /* U+76DB "盛" */
    0xf, 0x91, 0xf, 0xf3, 0x3e, 0xc, 0xfe, 0x89,
    0x34, 0x37, 0xe3, 0xd6, 0x86, 0xf9, 0x51, 0x7,
    0xbc, 0x93, 0xc4, 0xd, 0xa2, 0x60, 0xe0, 0x9a,
    0x79, 0xfc, 0x40, 0xfa, 0xfe, 0x90, 0xef, 0x1e,
    0x38, 0x3f, 0xf8, 0x28, 0x4e, 0x78, 0xf1, 0xe3,
    0x1f, 0xff, 0xe0, 0x0,

    /* U+76DF "盟" */
    0x1f, 0xc7, 0xf4, 0x1b, 0xc1, 0x5e, 0x83, 0xfd,
    0x7a, 0xe, 0xf0, 0x55, 0x21, 0xde, 0xa, 0xa4,
    0x3b, 0xc2, 0x7d, 0x4, 0xaf, 0x54, 0xa, 0x61,
    0x41, 0x48, 0x3c, 0x85, 0x7a, 0x9f, 0x58, 0x75,
    0x96, 0x78, 0x36, 0xd9, 0x67, 0x8d, 0x3f, 0xff,
    0x80, 0x80,

    /* U+76EE "目" */
    0x3f, 0xf0, 0x3f, 0xc1, 0xff, 0xc0, 0xff, 0x5,
    0xfe, 0xf, 0xfe, 0x7, 0xf8, 0x2f, 0xe8, 0x3f,
    0x21, 0x7f, 0x82, 0xfe, 0x83, 0xf2, 0x0,

    /* U+76F2 "盲" */
    0xf, 0x38, 0x7f, 0xf2, 0x7f, 0xa3, 0xf8, 0x1c,
    0xff, 0xf0, 0x4a, 0xff, 0xc1, 0xd5, 0xfb, 0xe,
    0xb0, 0xe8, 0x3e, 0x6b, 0x83, 0xf7, 0xf8, 0x3f,
    0x7f, 0x83, 0xf7, 0xf8, 0x3f, 0x7f, 0x83, 0xf7,
    0xf8, 0x3e, 0xc3, 0xd8, 0x40,

    /* U+76F4 "直" */
    0xf, 0x48, 0x75, 0xfc, 0xdf, 0x45, 0x78, 0xae,
    0x2, 0xba, 0x15, 0x4, 0xa1, 0xae, 0xd, 0xe0,
    0x5f, 0x83, 0xf5, 0x70, 0x7e, 0xbf, 0x7, 0xeb,
    0xf2, 0x1f, 0x5f, 0x90, 0xf7, 0xfc, 0x84, 0xff,
    0xf9, 0x1f, 0xff, 0x20,

    /* U+76F8 "相" */
    0xb, 0x43, 0xff, 0x87, 0xfc, 0x1f, 0xdf, 0x5,
    0xe2, 0xd0, 0xfb, 0xc5, 0xa7, 0xc1, 0x93, 0xb,
    0xe0, 0xd8, 0xa0, 0xfe, 0x46, 0x45, 0x82, 0x81,
    0xa0, 0xf8, 0x27, 0x4, 0x95, 0x5, 0x7, 0xff,
    0x1, 0xf, 0x7c, 0x1f, 0xef, 0x80,

    /* U+76FC "盼" */
    0xbe, 0x7, 0xd0, 0x1b, 0xd, 0xc1, 0xf9, 0x42,
    0x82, 0xb0, 0x58, 0x18, 0x16, 0x6a, 0x4, 0xa0,
    0xd1, 0xfa, 0x4b, 0x1a, 0x38, 0x82, 0xc3, 0xff,
    0x87, 0xe0, 0xeb, 0x9, 0x41, 0xaf, 0x44, 0xa0,
    0xc8, 0x1c, 0xbc, 0x87, 0xb8, 0xb8, 0x0,

    /* U+76FE "盾" */
    0xf, 0xe7, 0xc, 0xaa, 0x7e, 0x83, 0x5f, 0x47,
    0x21, 0xcd, 0x47, 0xe0, 0xd5, 0x25, 0x60, 0xcf,
    0x93, 0xe4, 0x39, 0xe9, 0xe4, 0x24, 0x2a, 0xe0,
    0xe4, 0x1f, 0xc1, 0xb0, 0xbf, 0x83, 0x38, 0x3f,
    0x82, 0x44, 0x1f, 0xc1, 0xa0, 0xbf, 0x82,

    /* U+7701 "省" */
    0xf, 0x38, 0x7f, 0x68, 0x5c, 0x1d, 0xa8, 0x28,
    0xc0, 0xed, 0x4d, 0x4c, 0x3c, 0x51, 0x59, 0x40,
    0x9b, 0x88, 0x3b, 0xd2, 0x15, 0xe0, 0xbe, 0x3f,
    0x83, 0xf5, 0x70, 0x7f, 0xf2, 0x7f, 0x83, 0xf5,
    0x70, 0x7e, 0xfe, 0xf, 0xb0, 0xec, 0x0,

    /* U+7709 "眉" */
    0x7, 0xff, 0x90, 0xaf, 0x8f, 0x83, 0xaf, 0x8f,
    0x83, 0xaf, 0xfc, 0x86, 0xff, 0xa0, 0xf5, 0xfa,
    0x43, 0xd7, 0xe8, 0x3e, 0xfe, 0x83, 0x93, 0xfa,
    0x9, 0xb, 0xfa, 0xa, 0x80, 0xfe, 0x83, 0x20,
    0xfe, 0x82, 0xc1, 0x87, 0x38,

    /* U+770B "看" */
    0xf, 0xcc, 0x82, 0xfe, 0xbc, 0x82, 0x58, 0x41,
    0xa1, 0x78, 0x1f, 0x91, 0xe8, 0x95, 0xbc, 0xf9,
    0x2b, 0xbc, 0x9, 0x2b, 0x82, 0x92, 0xfc, 0x14,
    0xe5, 0xf8, 0x2b, 0x2, 0xf0, 0x7d, 0xfc, 0x1f,
    0x57, 0x7, 0xdf, 0xc1, 0xec, 0x3b, 0x0,

    /* U+771F "真" */
    0xf, 0x50, 0x3e, 0xfe, 0x57, 0xe8, 0x1f, 0xca,
    0xfd, 0x6, 0xf9, 0x5f, 0x7, 0xcd, 0x70, 0x7f,
    0x7f, 0x7, 0xe5, 0xf0, 0x7e, 0x6b, 0x83, 0xe8,
    0xfe, 0x43, 0x7a, 0x5f, 0xbc, 0xf, 0xa7, 0xc3,
    0x78, 0x26, 0x98, 0x3d, 0x68, 0x2f, 0x90, 0x9e,
    0xc0,

    /* U+7720 "眠" */
    0xbe, 0x3f, 0xc0, 0x68, 0x17, 0xe0, 0xca, 0x9,
    0x70, 0x6f, 0x5, 0x58, 0x35, 0x85, 0xe3, 0xc1,
    0x21, 0xff, 0xc0, 0xf0, 0x5e, 0x3d, 0x2, 0xc2,
    0xf1, 0xe8, 0x3f, 0xc8, 0x6b, 0xe, 0xb3, 0x2f,
    0x40, 0xb1, 0x40, 0x40, 0xe0, 0x9e, 0x43, 0xbd,
    0x20, 0xe0,

    /* U+7728 "眨" */
    0xf, 0xf4, 0xf, 0xcb, 0x5d, 0x85, 0xe3, 0xa3,
    0xc8, 0x7a, 0xf1, 0x7, 0x78, 0x34, 0x87, 0x58,
    0x3d, 0x1e, 0xf, 0xbf, 0x28, 0x2b, 0xf, 0x30,
    0x5e, 0xe, 0xd0, 0xc8, 0x59, 0xb0, 0x6b, 0xb,
    0x60, 0xd7, 0xa8, 0xc, 0x39, 0x9, 0xe9, 0xf8,
    0x33, 0x8f, 0xf0,

    /* U+772F "眯" */
    0xf, 0xb0, 0xdf, 0xa4, 0x36, 0xf, 0x14, 0x9,
    0xf, 0x94, 0xa, 0x3, 0xc0, 0xc0, 0xb0, 0x3c,
    0x54, 0x4e, 0x86, 0xe0, 0x34, 0x4f, 0xa, 0x3,
    0xa0, 0xf0, 0x14, 0x6c, 0x5, 0x2, 0x80, 0xd0,
    0x50, 0xe0, 0xd5, 0x7d, 0x21, 0x99, 0x9, 0xf,
    0x80,

    /* U+773C "眼" */
    0xfc, 0x7f, 0x82, 0xf0, 0x5f, 0x83, 0x21, 0xa5,
    0x41, 0xac, 0x37, 0x83, 0xbc, 0x15, 0x60, 0xca,
    0xb, 0xf0, 0x6a, 0x5, 0xd, 0x10, 0x78, 0x26,
    0x78, 0x2f, 0x6, 0x41, 0xa0, 0xa0, 0x66, 0x50,
    0x25, 0x49, 0xcd, 0x31, 0x3, 0xde, 0x1d, 0x0,

    /* U+7740 "着" */
    0xc, 0x86, 0x43, 0xf7, 0x1, 0x83, 0xde, 0x57,
    0xa3, 0xc1, 0xb5, 0x80, 0xb6, 0x1d, 0xf2, 0x7c,
    0x1b, 0xd5, 0x25, 0x5e, 0x7, 0x35, 0xfb, 0xe,
    0xbf, 0xe0, 0xd6, 0x2f, 0x83, 0xc8, 0xd6, 0x43,
    0x70, 0x7f, 0xf0, 0x14, 0x6, 0xb2, 0x1a, 0xa,
    0xfd, 0x4,

    /* U+7741 "睁" */
    0xf, 0xfe, 0x2b, 0x87, 0x7e, 0x23, 0xe0, 0xac,
    0x9f, 0x28, 0x2b, 0x3, 0xe5, 0x60, 0xb2, 0xf1,
    0xe0, 0xf5, 0xe3, 0xc4, 0x59, 0x51, 0x42, 0x2c,
    0x43, 0x61, 0xf7, 0x8c, 0x41, 0x63, 0x42, 0xa0,
    0x58, 0x7f, 0x69, 0x83, 0xe,

    /* U+775B "睛" */
    0xf, 0xd8, 0x77, 0xc7, 0xc7, 0xa1, 0x31, 0xe8,
    0x54, 0x1f, 0x50, 0xa0, 0x6c, 0x2f, 0x1e, 0xd,
    0x1f, 0x8f, 0x82, 0x4f, 0x2f, 0x61, 0x61, 0x3b,
    0xa1, 0xb0, 0xc8, 0x87, 0xfa, 0x20, 0xec, 0x37,
    0x61, 0x37, 0x20, 0x58, 0x32, 0x21, 0x9c, 0x20,

    /* U+7761 "睡" */
    0xf, 0xe6, 0x4f, 0xcf, 0xf9, 0x7, 0xf, 0x8a,
    0x21, 0xeb, 0xc5, 0xf0, 0x38, 0x88, 0x62, 0x7,
    0x4, 0x9a, 0x20, 0x41, 0x99, 0x66, 0x94, 0x22,
    0x28, 0x49, 0xc2, 0x20, 0x44, 0x16, 0x46, 0x59,
    0x83, 0x1b, 0xc5, 0xf1, 0xb4, 0xf8, 0xbe, 0xe,
    0xff, 0xc0,

    /* U+7763 "督" */
    0xa, 0x81, 0xff, 0xc1, 0x7d, 0x7e, 0xf, 0x3e,
    0x9b, 0xd, 0xe5, 0x7e, 0xb8, 0x2d, 0x85, 0x68,
    0x10, 0xb3, 0x2e, 0xe7, 0x41, 0xc3, 0x63, 0x90,
    0x73, 0xfe, 0x44, 0x3a, 0xbc, 0x1f, 0xab, 0xc1,
    0xff, 0xca, 0xaf, 0x7, 0xef, 0xf0, 0x60,

    /* U+7766 "睦" */
    0xf, 0xa4, 0x35, 0xf0, 0x7f, 0x34, 0x7, 0x9b,
    0xc1, 0x90, 0x79, 0xbc, 0x15, 0x97, 0x9b, 0xd0,
    0x3c, 0x59, 0x2b, 0x83, 0xd0, 0xe0, 0x81, 0xe2,
    0x7b, 0x70, 0xbc, 0x50, 0x2f, 0x40, 0x40, 0xda,
    0xbc, 0x15, 0x8f, 0x9b, 0xc0, 0x7d, 0x7c, 0xdf,
    0x10, 0x1f, 0xfc, 0x0,

    /* U+776C "睬" */
    0xf, 0xe6, 0x3f, 0x34, 0xfc, 0xf, 0x6, 0x7b,
    0xf, 0xa4, 0x42, 0xf0, 0xa1, 0x56, 0xf, 0x2,
    0x3, 0x21, 0xc8, 0xb0, 0x83, 0xc0, 0xe2, 0xf0,
    0x3c, 0x30, 0x5c, 0x5, 0x2, 0x85, 0x2, 0xa1,
    0x8, 0xdb, 0x7c, 0x41, 0x38, 0x85, 0x7, 0x90,

    /* U+7785 "瞅" */
    0xf, 0xfe, 0x33, 0xa6, 0x15, 0xfa, 0x50, 0x73,
    0x43, 0x20, 0xf9, 0xe, 0x71, 0x81, 0xc6, 0x79,
    0xe, 0xe3, 0x33, 0x3c, 0x1f, 0x79, 0x34, 0x1c,
    0x21, 0xc8, 0x5c, 0x64, 0x22, 0x1e, 0xc5, 0x66,
    0x17, 0x8, 0x15, 0x20, 0xbd, 0x1, 0x96, 0xc4,
    0x8, 0x4c, 0x48, 0x7b, 0x60, 0xa0,

    /* U+778E "瞎" */
    0xf, 0xb4, 0x32, 0xc1, 0xfe, 0xb9, 0xf8, 0xbd,
    0x2, 0xb, 0xcd, 0x1c, 0x18, 0x2f, 0x37, 0x90,
    0x60, 0x58, 0x43, 0xff, 0x80, 0x98, 0x59, 0xc1,
    0xe8, 0x19, 0xf8, 0x7e, 0x2, 0x6, 0x83, 0x44,
    0x18, 0x6f, 0xa0, 0xd2, 0x81, 0xf4, 0x16, 0x41,
    0x7d, 0x4,

    /* U+77A5 "瞥" */
    0xf, 0xfe, 0x1b, 0x4, 0xc1, 0x9c, 0xc, 0x6b,
    0x85, 0x65, 0x89, 0x4c, 0xd6, 0x28, 0x2a, 0x80,
    0x40, 0x96, 0xb0, 0x4b, 0x8b, 0x48, 0x2b, 0x14,
    0x5c, 0x64, 0x4b, 0xab, 0x62, 0x1f, 0xfc, 0x35,
    0xf0, 0x7f, 0xf2, 0x17, 0xc1, 0xf7, 0xf8, 0x39,
    0xc3, 0xd8, 0x40,

    /* U+77A7 "瞧" */
    0xf, 0xfe, 0x34, 0xe1, 0xdf, 0x85, 0xa0, 0xee,
    0x13, 0x57, 0x90, 0x20, 0x9d, 0x5e, 0x41, 0x40,
    0x3a, 0xbc, 0x17, 0x13, 0xab, 0xc1, 0xf2, 0x85,
    0x82, 0xe0, 0xb4, 0xf0, 0x5c, 0x6, 0x55, 0x2,
    0x42, 0x75, 0x7a, 0x5, 0xd, 0x5b, 0xb1, 0x7a,
    0x64, 0x57, 0x84, 0xc, 0x66, 0xa8,

    /* U+77AC "瞬" */
    0xf, 0xe6, 0x3e, 0x7f, 0xe0, 0x40, 0x68, 0xfc,
    0x4, 0x29, 0x46, 0x16, 0xc, 0x58, 0xc1, 0x1c,
    0x4c, 0xd0, 0x32, 0x7c, 0xc0, 0x8f, 0x1f, 0x36,
    0x60, 0xb1, 0x44, 0x89, 0xb9, 0x87, 0x47, 0x16,
    0x97, 0x79, 0x95, 0x65, 0xa0, 0x88, 0x3c,

    /* U+77DB "矛" */
    0x7, 0xfe, 0x42, 0xff, 0xa, 0xe, 0xfd, 0x40,
    0xf7, 0xa, 0x9, 0xfd, 0xf, 0xe7, 0xf1, 0x1e,
    0x50, 0x69, 0xc, 0xc1, 0x2a, 0xd, 0x5, 0x4c,
    0x39, 0x1d, 0xc3, 0xfa, 0xc3, 0x21, 0x94, 0x7,
    0x83, 0x80,

    /* U+77E2 "矢" */
    0xf, 0xfe, 0x25, 0x3, 0xfe, 0x45, 0xe0, 0xe4,
    0x6b, 0x90, 0xd4, 0xf1, 0xf2, 0x15, 0x11, 0xf,
    0x95, 0x7a, 0x3f, 0x87, 0xf0, 0x9f, 0x83, 0x92,
    0x10, 0xfd, 0x43, 0x83, 0xcf, 0x20, 0xb4, 0xf,
    0x44, 0x26, 0x98, 0x2d, 0xe, 0x78,

    /* U+77E3 "矣" */
    0xf, 0x21, 0xff, 0xc0, 0x60, 0x21, 0xf9, 0xb0,
    0x50, 0x39, 0xe3, 0xe1, 0x83, 0x31, 0x7f, 0x7,
    0xeb, 0xf9, 0xc, 0xde, 0x9f, 0xc1, 0xbc, 0x1f,
    0xf4, 0xfd, 0x3f, 0xc0, 0xbe, 0x84, 0xfc, 0x1c,
    0xd4, 0xe1, 0xcd, 0xda, 0x53, 0x90, 0x67, 0x83,
    0x39, 0x0,

    /* U+77E5 "知" */
    0x4, 0x87, 0xf9, 0x41, 0x35, 0x82, 0xfa, 0xdc,
    0x49, 0x8a, 0xa, 0x80, 0xc0, 0x43, 0xcc, 0x4,
    0x3f, 0x5c, 0xf8, 0x39, 0xf2, 0xbc, 0x1f, 0x90,
    0xff, 0xe0, 0x38, 0x7e, 0xde, 0xc7, 0xc3, 0xb0,
    0xdd, 0xe3, 0xa0, 0x4b, 0x3, 0x90, 0xff, 0x0,

    /* U+77EB "矫" */
    0x4, 0x1e, 0x68, 0x19, 0xb, 0xe8, 0x83, 0xa8,
    0xf8, 0x60, 0xd0, 0x87, 0x61, 0xce, 0x53, 0xc5,
    0xf0, 0x10, 0xbc, 0x50, 0xf0, 0x1c, 0xf9, 0x76,
    0x83, 0xc6, 0xc8, 0x1a, 0x4, 0x8c, 0x86, 0x70,
    0xa6, 0x43, 0xf9, 0x2e, 0x43, 0xe6, 0x80, 0xa6,
    0x1e, 0x64, 0x1c, 0x1f, 0x0,

    /* U+77ED "短" */
    0xf, 0xfe, 0x26, 0x1f, 0xfc, 0x25, 0xbf, 0xe0,
    0x25, 0x3f, 0xf0, 0x28, 0xd1, 0xfe, 0xa, 0x4c,
    0xf, 0xc1, 0xad, 0x5e, 0xf, 0xde, 0x6f, 0x3f,
    0x7, 0x9c, 0x6f, 0x58, 0x7d, 0x9a, 0x68, 0x69,
    0x9a, 0x85, 0x4, 0xa8, 0xa0, 0xc8, 0x6b, 0x3,
    0xe5, 0xbc, 0x98, 0x4f, 0xfc, 0x80,

    /* U+77EE "矮" */
    0x2, 0x1f, 0x30, 0x68, 0x2f, 0xf0, 0x72, 0x8f,
    0x89, 0x9, 0x2e, 0xf8, 0xf8, 0x14, 0x29, 0xa1,
    0x58, 0x14, 0x24, 0xc7, 0x40, 0x39, 0x67, 0x93,
    0xb, 0xc7, 0xa1, 0xc1, 0x7, 0xaf, 0x17, 0xc1,
    0x27, 0x65, 0x9e, 0xa, 0x8c, 0x96, 0x1d, 0xd,
    0x18, 0x28, 0x27, 0x7, 0xd7, 0x88, 0x18, 0x5e,
    0x90, 0x50,

    /* U+77F3 "石" */
    0x3f, 0xfe, 0x3e, 0x8f, 0xf0, 0x6d, 0xf, 0xf3,
    0x87, 0xf4, 0x5, 0xe0, 0xc9, 0x5e, 0xb, 0x1f,
    0xe0, 0xb5, 0x7, 0xe9, 0x83, 0xfa, 0x81, 0xff,
    0xc2, 0x7f, 0x83, 0xcf, 0xf0, 0x75, 0x3, 0xb0,

    /* U+77FF "矿" */
    0xf, 0xc8, 0x7f, 0xf0, 0x70, 0xd5, 0xc0, 0x64,
    0x2f, 0x3e, 0x7d, 0x4f, 0xa, 0x14, 0xf, 0xe0,
    0x42, 0x1f, 0xe4, 0xb0, 0xfd, 0x14, 0xf, 0xfe,
    0x54, 0x1c, 0x87, 0xea, 0x1e, 0xf, 0x9b, 0xca,
    0xf, 0xa4, 0x60, 0xf0,

    /* U+7801 "码" */
    0xf, 0x5f, 0xc0, 0xfd, 0x4f, 0xa4, 0x1c, 0xf1,
    0x87, 0xde, 0xf, 0x61, 0x9b, 0x58, 0x2c, 0x11,
    0xa6, 0xf9, 0xb1, 0xd, 0x7e, 0x81, 0x87, 0xff,
    0x17, 0xf8, 0x42, 0xd3, 0xfc, 0x1b, 0x83, 0xec,
    0x18, 0xa0, 0xad, 0x40,

    /* U+7802 "砂" */
    0xf, 0xec, 0x3b, 0xf8, 0x3f, 0xb8, 0xf1, 0x23,
    0x7, 0x21, 0x20, 0x58, 0x2c, 0x24, 0x41, 0x40,
    0x95, 0xd4, 0x12, 0x26, 0x51, 0x60, 0x99, 0x10,
    0x98, 0x34, 0x82, 0xe, 0xb6, 0x43, 0xfa, 0xc6,
    0xe, 0xa0, 0x1c, 0xc3, 0xae, 0x7a, 0x83, 0xc8,
    0xab, 0x43, 0x80,

    /* U+780C "砌" */
    0xf, 0x61, 0xfb, 0xf4, 0xb, 0xf0, 0x39, 0xe2,
    0xf1, 0x86, 0xc1, 0x8, 0x7e, 0x70, 0xb4, 0x3f,
    0x5c, 0x1f, 0xd9, 0x86, 0x50, 0x72, 0x1e, 0xe4,
    0x34, 0x1d, 0x26, 0x87, 0x20, 0xc4, 0x43, 0xd0,
    0x52, 0x80, 0x84, 0xe8, 0x36, 0x30, 0xd1, 0x1b,
    0x3b, 0x7, 0xdc, 0x3e, 0x0,

    /* U+780D "砍" */
    0xf, 0xfe, 0x56, 0x1e, 0xfe, 0x14, 0x1e, 0xe7,
    0xc6, 0x1f, 0xfc, 0x15, 0x7d, 0x5, 0x60, 0x4f,
    0x9c, 0x9, 0x7a, 0x8c, 0x28, 0x11, 0xcc, 0xe0,
    0xc2, 0x43, 0x20, 0x43, 0xa0, 0xf2, 0x21, 0xe7,
    0x4, 0xd0, 0x3d, 0x22, 0xa4, 0x83, 0x5c, 0xd8,
    0x37, 0x9, 0x15, 0x86, 0xe0,

    /* U+7812 "砒" */
    0xf, 0x60, 0x70, 0xdf, 0xa0, 0xfe, 0xd5, 0xc1,
    0xff, 0x61, 0xf9, 0x9, 0x41, 0x50, 0x14, 0x2,
    0x78, 0x1e, 0xb, 0x4, 0x61, 0x28, 0x10, 0x48,
    0x7f, 0xf0, 0x60, 0xff, 0xe8, 0xe1, 0xf9, 0x81,
    0x70, 0x3c, 0x17, 0x80, 0x8a, 0x2d, 0x35, 0x7,
    0x3a, 0xf, 0x80,

    /* U+7814 "研" */
    0x3f, 0xff, 0x80, 0xe, 0x3e, 0x2c, 0xf0, 0x5a,
    0x1f, 0xfc, 0x7, 0xf, 0xf9, 0x2e, 0xf, 0xe8,
    0xe7, 0x2c, 0xf0, 0x79, 0xcb, 0x3c, 0xc, 0x3c,
    0x87, 0xf6, 0x1f, 0xfc, 0x9, 0x14, 0x1f, 0xd4,
    0x28, 0x1f, 0xb1, 0xe0, 0xff, 0xe0, 0x28, 0x2c,
    0x20,

    /* U+7816 "砖" */
    0xf, 0xfe, 0x4c, 0x86, 0xfd, 0x1, 0xe, 0xe7,
    0xa6, 0x5e, 0x41, 0xe0, 0x51, 0xf9, 0x3, 0x77,
    0x3f, 0x8c, 0xdf, 0x1f, 0xca, 0xc, 0x9f, 0x86,
    0xc, 0xfc, 0xa0, 0xfd, 0x1, 0x83, 0x68, 0x5e,
    0x83, 0x3c, 0xb, 0x64, 0x28, 0x50, 0x54, 0xc0,

    /* U+7830 "砰" */
    0x3f, 0x5f, 0xe8, 0x1c, 0x74, 0xf1, 0xd0, 0x32,
    0x14, 0x14, 0x1a, 0xc0, 0xa0, 0xfe, 0xb4, 0x8,
    0xa0, 0xb3, 0x41, 0x23, 0x4, 0x85, 0x76, 0x7c,
    0x8, 0x2b, 0xe3, 0xe0, 0xc8, 0x7f, 0xf0, 0x64,
    0x3f, 0xe7, 0x83, 0xfe, 0x85, 0x7, 0xe0,

    /* U+7834 "破" */
    0xf, 0xec, 0x3b, 0xf8, 0x3f, 0xb8, 0xfe, 0x3d,
    0x6, 0x42, 0xb3, 0x83, 0x42, 0x1e, 0xf0, 0x66,
    0x43, 0xa4, 0x19, 0xa0, 0xb3, 0xc1, 0xfd, 0x1e,
    0xd, 0x87, 0x23, 0x40, 0xed, 0xc1, 0xca, 0xe,
    0xf3, 0x10, 0x7d, 0x89, 0xe3, 0xb8, 0x39, 0xfa,
    0x1f, 0x0,

    /* U+7840 "础" */
    0xf, 0xec, 0x3f, 0xf8, 0xbf, 0xd2, 0x16, 0xf,
    0x1e, 0xf, 0xe5, 0x83, 0xfd, 0x34, 0x2c, 0xc3,
    0xa8, 0x5e, 0x3c, 0xc, 0x32, 0x19, 0x42, 0x1b,
    0x42, 0xc1, 0x1c, 0x1f, 0xfc, 0x4, 0x3f, 0xcd,
    0x45, 0x9a, 0x14, 0x15, 0xf9, 0x0,

    /* U+7845 "硅" */
    0xf, 0xec, 0x3a, 0xfa, 0xf, 0xed, 0x57, 0xe3,
    0xd0, 0x13, 0x57, 0xc7, 0xa0, 0x90, 0xff, 0xe1,
    0x5d, 0xf1, 0xf2, 0x66, 0xfe, 0x3e, 0x44, 0x3f,
    0xf8, 0x30, 0x6f, 0x8f, 0x41, 0x94, 0x7c, 0x7a,
    0xd, 0x87, 0xff, 0x1, 0xa7, 0xe3, 0xe8, 0x10,
    0xdf, 0xf4,

    /* U+7855 "硕" */
    0x17, 0x1f, 0xf0, 0x2b, 0x3e, 0x8f, 0x81, 0xce,
    0x8e, 0xb0, 0x6c, 0x26, 0x7, 0x6, 0x56, 0x8c,
    0xc1, 0x93, 0x43, 0xfd, 0x7, 0xff, 0x6, 0xf,
    0xfe, 0xa, 0x1e, 0x43, 0xf6, 0x8d, 0x1f, 0x7,
    0x79, 0x36, 0x9a, 0x16, 0x16, 0xc3, 0xc1, 0xf7,
    0x6, 0xc0,

    /* U+786C "硬" */
    0x2b, 0xbf, 0xe0, 0x63, 0xdf, 0x1f, 0x1, 0x24,
    0xf8, 0xf0, 0x64, 0x37, 0x8c, 0x32, 0x5a, 0x78,
    0xc3, 0x46, 0x82, 0xcc, 0x34, 0x1d, 0x66, 0x19,
    0xc, 0xf1, 0xe0, 0xed, 0x7, 0x40, 0xfa, 0x4,
    0x98, 0x7a, 0x63, 0x63, 0x90, 0x91, 0xed, 0xbe,
    0x0,

    /* U+786E "确" */
    0xf, 0xfe, 0x45, 0x3, 0xbf, 0x42, 0xbc, 0x83,
    0x6e, 0x8f, 0x8, 0x48, 0x27, 0x64, 0x3c, 0xa2,
    0x83, 0xe1, 0x2e, 0x7c, 0x78, 0x11, 0x1, 0xf1,
    0xe0, 0x21, 0x9f, 0x1e, 0x4, 0x16, 0xa8, 0x60,
    0xd0, 0xac, 0x70, 0xec, 0x15, 0xe0, 0xb1, 0x41,
    0xfe, 0x48, 0x35, 0xa1, 0x38, 0x75, 0xc0,

    /* U+787C "硼" */
    0x2f, 0xf9, 0xf8, 0xa3, 0xab, 0x3, 0x85, 0x87,
    0xff, 0x1, 0xc0, 0xe0, 0x70, 0xd6, 0x38, 0x1c,
    0x11, 0x7, 0xfb, 0xc, 0xe0, 0x70, 0x21, 0x98,
    0xc, 0x1f, 0x90, 0x90, 0xd0, 0x30, 0x78, 0x33,
    0xe5, 0x1, 0xe, 0x85, 0xb0, 0x3a, 0x19, 0x9f,
    0x8e,

    /* U+788C "碌" */
    0xf, 0xa0, 0xfa, 0xb2, 0x3f, 0x83, 0x90, 0x27,
    0xa0, 0xd6, 0xc8, 0x3d, 0x21, 0xbc, 0xd, 0xa0,
    0x10, 0x9b, 0x81, 0xc9, 0x82, 0x32, 0x28, 0x50,
    0x24, 0x37, 0x80, 0xf8, 0x18, 0x66, 0x49, 0x41,
    0xfb, 0x84, 0x3d, 0x96, 0x64, 0x41, 0x3f, 0xa0,
    0xa0, 0xd0, 0x12, 0xd0, 0x40,

    /* U+788D "碍" */
    0x17, 0xbf, 0xc1, 0xa9, 0x83, 0xe8, 0x32, 0xa8,
    0xf, 0xa0, 0xe5, 0x5, 0x52, 0x19, 0x3c, 0xaf,
    0x88, 0x28, 0xc5, 0xf5, 0x83, 0x9, 0xfc, 0x58,
    0x7b, 0xf8, 0xb8, 0x2c, 0xcb, 0xc7, 0xa0, 0xa0,
    0x72, 0x1f, 0x2b, 0x6, 0x87, 0xd0, 0x73, 0x86,

    /* U+788E "碎" */
    0xf, 0xcc, 0x1d, 0xf9, 0xf, 0xee, 0x73, 0xd3,
    0xe4, 0x2f, 0xe, 0xfa, 0xd0, 0x90, 0xc8, 0x20,
    0xf5, 0x89, 0xa4, 0x14, 0x60, 0xba, 0x88, 0x50,
    0x52, 0x33, 0x41, 0xc2, 0xf3, 0x45, 0x83, 0xdf,
    0x3, 0xe0, 0xd9, 0x56, 0xd4, 0x13, 0xa1, 0xff,
    0x44, 0x1f, 0xc0,

    /* U+7891 "碑" */
    0xf, 0xfe, 0x5c, 0x1d, 0xf9, 0x2, 0xc1, 0xb6,
    0xdf, 0x45, 0x86, 0x43, 0x78, 0xc3, 0xc8, 0x5e,
    0x30, 0xd1, 0xe0, 0x71, 0x84, 0xa3, 0xb, 0x8c,
    0x26, 0xd, 0xd, 0x41, 0x21, 0x92, 0x34, 0x3e,
    0xb3, 0x9f, 0x6, 0xca, 0xe6, 0x81, 0x5c, 0x2c,
    0x5, 0x4, 0x88, 0x7f, 0x0,

    /* U+7897 "碗" */
    0xf, 0xce, 0x1d, 0xf9, 0xf, 0xed, 0x5f, 0xa3,
    0xe0, 0xd8, 0x1b, 0xf0, 0x64, 0x17, 0x83, 0x40,
    0x4b, 0x37, 0xbe, 0x4, 0x60, 0x60, 0x90, 0xa0,
    0x91, 0x30, 0xe4, 0x29, 0x83, 0xf9, 0x39, 0x40,
    0x70, 0xd0, 0x68, 0x10, 0x6b, 0x9e, 0x9, 0xd0,
    0x20, 0xa2, 0x26, 0xa0, 0xce, 0x85, 0xf0,

    /* U+78A7 "碧" */
    0xf, 0xe5, 0x6, 0xbf, 0x4d, 0x38, 0x2b, 0x57,
    0x42, 0xd4, 0x16, 0xad, 0x1f, 0x7, 0x6a, 0xd2,
    0xf0, 0x66, 0x57, 0x8b, 0xc1, 0xeb, 0xea, 0x7a,
    0x41, 0x37, 0xd5, 0xd8, 0x3e, 0x4f, 0xf8, 0x34,
    0x9f, 0xd0, 0x5e, 0x7, 0xf4, 0x1b, 0xd1, 0xfd,
    0x7, 0xef, 0xe4, 0x3e, 0xc3, 0xa8, 0x0,

    /* U+78B0 "碰" */
    0xf, 0xfe, 0x44, 0x85, 0x85, 0xf9, 0xa0, 0x10,
    0xda, 0xb4, 0xa1, 0x40, 0xec, 0xf4, 0xe5, 0x84,
    0x83, 0xe2, 0x7c, 0x4, 0xba, 0x7, 0x40, 0x8c,
    0xd0, 0xc8, 0x48, 0x49, 0x5, 0xe0, 0x41, 0x90,
    0xca, 0xc, 0x83, 0xc1, 0x41, 0xd0, 0x14, 0x12,
    0x1a, 0xef, 0x89, 0xf2, 0x4, 0x7f, 0xf2,

    /* U+78B1 "碱" */
    0xf, 0xf7, 0x5, 0xf8, 0x3d, 0xc0, 0xdb, 0xbf,
    0x12, 0x12, 0x13, 0xf1, 0xe0, 0xc8, 0x1f, 0x85,
    0x1, 0x3c, 0x3f, 0x1e, 0x4, 0x61, 0x7c, 0x38,
    0x20, 0xf4, 0x22, 0x4, 0x3c, 0x87, 0xff, 0x7,
    0x2, 0x1d, 0x83, 0x21, 0x60, 0x9d, 0x6c, 0x19,
    0x5, 0x1a, 0x7, 0x24, 0x39, 0x83, 0x98,

    /* U+78CA "磊" */
    0x1f, 0xff, 0x4, 0xfa, 0x2f, 0xe0, 0xcf, 0x17,
    0xe0, 0xcf, 0x1f, 0xa0, 0xe6, 0x55, 0x6d, 0xd,
    0x79, 0x40, 0x5b, 0xc0, 0xa1, 0x74, 0x57, 0xc1,
    0xc8, 0x4e, 0x1c, 0xc7, 0xa8, 0x5e, 0x41, 0x8f,
    0x28, 0xf0, 0x69, 0x5c, 0xe7, 0x83, 0xcf, 0x5,
    0xe0, 0xea, 0xc, 0x60, 0xd0,

    /* U+78CB "磋" */
    0xf, 0xfe, 0x45, 0x1, 0x21, 0x7e, 0x25, 0xe0,
    0xb6, 0xec, 0xa1, 0xc1, 0x28, 0xbc, 0x5e, 0x83,
    0x28, 0xf1, 0x78, 0x28, 0xa1, 0xe2, 0xf0, 0x49,
    0x81, 0x46, 0xb0, 0xa0, 0xaa, 0x4f, 0x86, 0xa,
    0x57, 0xe8, 0x32, 0x5, 0x56, 0x43, 0x6f, 0x78,
    0xf2, 0x17, 0x2a, 0xf1, 0xf0, 0x77, 0x7f, 0xc0,

    /* U+78E8 "磨" */
    0xf, 0xb0, 0xfd, 0xfc, 0x7f, 0x6, 0xf1, 0xf4,
    0xf8, 0x35, 0x9d, 0xcf, 0x6, 0xa0, 0xda, 0x70,
    0x74, 0x9, 0x46, 0x86, 0xb2, 0x9c, 0xd8, 0x6f,
    0x1e, 0x66, 0xe, 0x78, 0xaf, 0x1, 0x43, 0x15,
    0xc1, 0x65, 0xf, 0xe0, 0xcd, 0x33, 0xf8, 0x34,
    0x1b, 0xf8, 0x20,

    /* U+78F7 "磷" */
    0xf, 0x23, 0x88, 0x57, 0xcd, 0x2, 0x82, 0xd5,
    0x3a, 0xa, 0x4, 0x9b, 0x64, 0x36, 0x12, 0x8a,
    0x8, 0x1c, 0x9, 0xea, 0xb3, 0xe0, 0x46, 0x4e,
    0x65, 0x82, 0xc, 0xaa, 0x66, 0x4, 0x2d, 0xc0,
    0x98, 0x68, 0x9c, 0x18, 0x7e, 0x72, 0x23, 0x40,
    0xca, 0xe6, 0xcd, 0x4, 0x74, 0x43, 0xfc, 0xe8,
    0x6c, 0x0,

    /* U+78FA "磺" */
    0xf, 0xfe, 0x4e, 0xc, 0x37, 0xeb, 0x3c, 0x70,
    0x35, 0x5c, 0x50, 0xa0, 0x6d, 0x62, 0x82, 0x19,
    0x45, 0x17, 0x50, 0x9, 0xfc, 0x3f, 0x2, 0x31,
    0xa2, 0x51, 0x2, 0x1d, 0xab, 0xd, 0x7, 0x6a,
    0xc3, 0xfd, 0xab, 0xf, 0x61, 0x6a, 0xc3, 0xda,
    0x45, 0x8a, 0xb, 0x2f, 0x49, 0xd8,

    /* U+793A "示" */
    0x7, 0xfe, 0x43, 0x7f, 0xe4, 0x3f, 0xf8, 0x9f,
    0xfe, 0x41, 0x5c, 0x56, 0x40, 0xad, 0x3, 0xa8,
    0x32, 0x83, 0x78, 0x3a, 0x81, 0x9b, 0xa, 0x50,
    0x72, 0xa1, 0x50, 0x7d, 0x23, 0x87, 0xf6, 0x1d,
    0xc8, 0x7f, 0xbd, 0x7, 0x80,

    /* U+793C "礼" */
    0xd, 0x5, 0x87, 0xe5, 0x7, 0xff, 0x33, 0xd1,
    0x87, 0xf7, 0xd2, 0x1f, 0xfc, 0xb, 0xf, 0xfa,
    0xf, 0xfe, 0x4, 0x9c, 0x1f, 0xb6, 0x24, 0x3f,
    0x58, 0x58, 0x7e, 0x43, 0xfc, 0x87, 0xff, 0x6,
    0xf, 0xe7, 0xe4,

    /* U+793E "社" */
    0xb, 0xc, 0xe1, 0xff, 0xd5, 0xf1, 0xc1, 0xfd,
    0xf1, 0x87, 0xfd, 0x1f, 0x47, 0xc1, 0x2a, 0x9e,
    0x8f, 0x80, 0xc5, 0x3, 0xfa, 0xcd, 0x41, 0xfb,
    0xb, 0x43, 0xff, 0x9a, 0xfd, 0x1f, 0x21, 0x9f,
    0xfc, 0x80,

    /* U+7956 "祖" */
    0xb, 0xf, 0xfe, 0x25, 0xfc, 0x1f, 0xd7, 0xc1,
    0xbc, 0x68, 0x7f, 0x7c, 0x26, 0x4, 0x3d, 0x20,
    0x7d, 0x7, 0x48, 0x57, 0xc1, 0xa4, 0x19, 0x87,
    0xec, 0xa2, 0xbe, 0xd, 0x4, 0xab, 0xe0, 0xff,
    0xeb, 0xbb, 0x7c, 0x68,

    /* U+795D "祝" */
    0xb, 0xf, 0xfe, 0x27, 0xf9, 0xf, 0xdf, 0x90,
    0xbc, 0x70, 0x7f, 0x7c, 0xe1, 0xff, 0x22, 0x7e,
    0x43, 0x50, 0x75, 0x46, 0x83, 0x7, 0x20, 0x43,
    0x2a, 0x1b, 0xf, 0x98, 0x26, 0x70, 0xff, 0x91,
    0x9, 0x41, 0xcd, 0x86, 0x83, 0xd6, 0x1b, 0x50,

    /* U+795E "神" */
    0xf, 0xfe, 0x26, 0x1d, 0x87, 0xff, 0x2a, 0xa2,
    0x80, 0xf1, 0xa8, 0x32, 0x8f, 0x84, 0xa1, 0x7,
    0x48, 0x3c, 0x61, 0xa4, 0x2f, 0x18, 0x58, 0x18,
    0x3f, 0x50, 0xc1, 0xe3, 0x9, 0xa, 0xf8, 0xf2,
    0x1f, 0xfd, 0xb0,

    /* U+7965 "祥" */
    0xf, 0xfe, 0x2e, 0x7, 0x3, 0x87, 0xe4, 0x8a,
    0x7, 0x90, 0x42, 0x21, 0x78, 0xa7, 0x31, 0xe0,
    0x7c, 0x5f, 0x1f, 0x6, 0x90, 0xff, 0xa4, 0x17,
    0x8f, 0x20, 0x90, 0x77, 0x8f, 0x20, 0x72, 0x50,
    0x87, 0xb0, 0xd7, 0x1f, 0x21, 0xd7, 0xc7, 0xc8,
    0x7f, 0xf4, 0xf0, 0xec, 0x30,

    /* U+7968 "票" */
    0x7f, 0xfe, 0x1f, 0x8b, 0x2f, 0x81, 0x78, 0xb2,
    0xf0, 0x6b, 0x2c, 0xf0, 0x75, 0x96, 0x78, 0x34,
    0xbf, 0xa0, 0xdf, 0xf8, 0x2b, 0xaf, 0xec, 0xbd,
    0x31, 0xb7, 0x82, 0xa6, 0x85, 0x69, 0x6c, 0xa0,
    0x5d, 0xb, 0xca, 0x90, 0x9c,

    /* U+796D "祭" */
    0xc, 0x81, 0xf, 0xea, 0x2, 0x5c, 0x1c, 0x9e,
    0x6b, 0x4, 0xeb, 0xa3, 0x83, 0x99, 0x50, 0xf6,
    0x12, 0x62, 0xd8, 0x87, 0xca, 0xa9, 0x5a, 0xc,
    0xef, 0xd6, 0xc0, 0xdf, 0xfc, 0xe1, 0x79, 0xa3,
    0xb6, 0x1d, 0xa8, 0x2e, 0xc2, 0xf5, 0x86, 0x77,
    0x7, 0x93, 0xb0, 0xac, 0x3d, 0xe4, 0x3c,

    /* U+7981 "禁" */
    0x9, 0x83, 0x61, 0xff, 0xc7, 0xf4, 0xf7, 0x8f,
    0x20, 0xf0, 0x1b, 0x41, 0xa0, 0x75, 0x7c, 0xb,
    0x41, 0xf0, 0xaa, 0xe, 0x14, 0x4e, 0xd9, 0x8,
    0x6a, 0xfc, 0x1b, 0xd5, 0xf7, 0x90, 0x7c, 0xed,
    0xde, 0x42, 0xb0, 0xcd, 0xa1, 0x65, 0x4, 0x7a,
    0x81, 0xca, 0xc4, 0xf, 0x0,

    /* U+798F "福" */
    0xb, 0xf, 0xfe, 0x1f, 0xfe, 0x43, 0xbf, 0xf2,
    0x78, 0xcb, 0xf8, 0x2f, 0x41, 0x5f, 0x7, 0xa8,
    0xb, 0xe0, 0xe4, 0x4a, 0xf0, 0x4c, 0x6f, 0x5e,
    0x5, 0xb, 0x38, 0xe0, 0xb4, 0x63, 0x8e, 0xf,
    0xee, 0x38, 0x3f, 0xb8, 0xe0, 0xfe, 0xfd, 0x0,

    /* U+79BB "离" */
    0xf, 0x41, 0xff, 0xc2, 0x83, 0xef, 0xe5, 0x7f,
    0x3, 0xcc, 0x30, 0x2f, 0x6, 0x54, 0xc7, 0x21,
    0xea, 0x31, 0x7, 0xe4, 0x61, 0x10, 0xd4, 0xf1,
    0x7c, 0x1b, 0x6f, 0x17, 0xe0, 0xb2, 0xf1, 0x3e,
    0xf, 0xf6, 0xe1, 0xfa, 0xd2, 0x10, 0xfa, 0xe8,
    0x92, 0x0,

    /* U+79BD "禽" */
    0xf, 0xfe, 0x45, 0x87, 0xfd, 0xb6, 0x87, 0x37,
    0xae, 0xee, 0x41, 0xa0, 0xb3, 0x3, 0x2, 0xe8,
    0xd9, 0x4f, 0x6, 0x92, 0xc6, 0x43, 0xd2, 0xbb,
    0xf, 0xc8, 0xf0, 0x7e, 0xa9, 0x2a, 0x43, 0x75,
    0x25, 0x5a, 0x1b, 0xca, 0xd3, 0xf, 0xb5, 0x43,
    0x8, 0x77, 0xd5, 0x21, 0xd8, 0x7d, 0xe0, 0x0,

    /* U+79C0 "秀" */
    0xf, 0xe6, 0x81, 0xa9, 0xff, 0x41, 0xa9, 0xe8,
    0xe4, 0x3b, 0xf4, 0x7e, 0x82, 0xf4, 0x20, 0x7d,
    0x6, 0x69, 0x9b, 0xa1, 0x3d, 0xac, 0x74, 0xc0,
    0xcf, 0xcf, 0x8e, 0x9, 0xb5, 0x78, 0x44, 0x3c,
    0xc1, 0x79, 0xe, 0x90, 0xac, 0x39, 0xc8, 0xa,
    0x2, 0xb, 0xa0, 0x5f, 0x20,

    /* U+79C1 "私" */
    0xe, 0xa0, 0x10, 0xeb, 0xe3, 0x6, 0x86, 0xb8,
    0x90, 0x28, 0x3c, 0x87, 0xfd, 0xf1, 0xe1, 0xf,
    0x7a, 0x3c, 0x68, 0x7d, 0x18, 0x18, 0x3c, 0x81,
    0x82, 0x90, 0xd4, 0x22, 0x4e, 0xb, 0x90, 0x4c,
    0x2a, 0x4, 0x85, 0x17, 0x94, 0x4, 0x39, 0xe9,
    0x88, 0x7a, 0x8b, 0x12,

    /* U+79CB "秋" */
    0xe, 0x82, 0xc3, 0x9a, 0x68, 0x7f, 0x60, 0x72,
    0xc, 0x82, 0x81, 0x90, 0x9c, 0x1e, 0x57, 0x21,
    0x78, 0x1e, 0x1d, 0x82, 0x50, 0x72, 0xb1, 0x6,
    0x1b, 0x19, 0x31, 0xd, 0x9, 0x1, 0x58, 0x67,
    0x2, 0xa2, 0x50, 0x58, 0x65, 0x43, 0x7, 0xcc,
    0xa2, 0x20, 0xf6, 0xc1, 0x61, 0xd5, 0x83, 0xa0,

    /* U+79CD "种" */
    0xc, 0xa0, 0xb0, 0xd7, 0xa0, 0xfe, 0xb3, 0x43,
    0xff, 0x83, 0x78, 0xf8, 0xf1, 0xe6, 0x85, 0x1,
    0xe3, 0xc0, 0x45, 0x5, 0x18, 0x7f, 0x91, 0x83,
    0xf4, 0x90, 0x2c, 0xf0, 0x18, 0x17, 0xc7, 0xc6,
    0x1f, 0xfd, 0x90,

    /* U+79D1 "科" */
    0xf, 0xfe, 0x2b, 0x86, 0xc2, 0x57, 0x21, 0xfb,
    0xc5, 0x1d, 0xe, 0xa0, 0x4f, 0x21, 0xbc, 0x5a,
    0x68, 0x6f, 0x17, 0xa0, 0xf9, 0x2a, 0x30, 0xf4,
    0x4a, 0x90, 0x28, 0xd1, 0xc4, 0xcc, 0x54, 0x15,
    0xf1, 0x2a, 0xd, 0xc8, 0x7f, 0xf4, 0x80,

    /* U+79D2 "秒" */
    0xc, 0xc1, 0x61, 0xdf, 0x58, 0x7f, 0x78, 0x92,
    0x3, 0x7, 0x21, 0x20, 0x58, 0x1e, 0x6d, 0x41,
    0x50, 0x1e, 0x2e, 0xc2, 0x44, 0x34, 0xc8, 0x4c,
    0x83, 0x19, 0x10, 0x48, 0x10, 0x6a, 0xac, 0x85,
    0x69, 0x36, 0x30, 0x58, 0x7a, 0x98, 0x7f, 0x39,
    0x87, 0xf7, 0xa8, 0x1c,

    /* U+79D8 "秘" */
    0xf, 0xfe, 0x1b, 0x4e, 0x6, 0x81, 0xb, 0x78,
    0x1c, 0x30, 0x14, 0x21, 0x55, 0xc0, 0xb2, 0xc0,
    0xa9, 0x40, 0xb2, 0xe4, 0x14, 0xd, 0x12, 0x80,
    0xad, 0x9, 0x28, 0xa2, 0xe8, 0xe, 0xa, 0x4,
    0x6, 0x24, 0x73, 0x13, 0xa0, 0x81, 0x5a, 0x1f,
    0xef, 0xa3, 0xd0, 0x7a, 0x80, 0xf9, 0x0,

    /* U+79DF "租" */
    0xf, 0xfe, 0x23, 0x6a, 0xfe, 0xa, 0xdd, 0x7,
    0xc1, 0xbc, 0x28, 0x3f, 0xbc, 0x78, 0x1f, 0x6,
    0xa1, 0x40, 0x7a, 0xe, 0x8c, 0x39, 0xe, 0x41,
    0x7, 0xf7, 0x12, 0xf, 0x83, 0x28, 0x70, 0x7c,
    0x1a, 0xf, 0xfe, 0x23, 0xc7, 0xc6, 0x86, 0x7f,
    0xf2,

    /* U+79E6 "秦" */
    0xf, 0xa0, 0xfd, 0x7e, 0x7f, 0x21, 0x5f, 0x17,
    0xe4, 0x35, 0xe2, 0xf9, 0xe, 0xb5, 0x6d, 0xa1,
    0xbe, 0x56, 0xdf, 0x5, 0xe2, 0xf4, 0x9e, 0x9,
    0xcb, 0xd0, 0xe8, 0x2b, 0xc7, 0x46, 0x4b, 0xac,
    0x7c, 0x68, 0x5c, 0x22, 0x50, 0x35, 0xdc, 0x55,
    0xc1, 0x7c, 0x19, 0xf8,

    /* U+79EF "积" */
    0xc, 0xa0, 0xfe, 0x6f, 0x37, 0xf0, 0x68, 0x81,
    0x7c, 0x19, 0xf, 0xfe, 0xf, 0x8f, 0x7, 0xf7,
    0x16, 0x1f, 0xe8, 0x90, 0xfe, 0x41, 0x42, 0xf8,
    0x35, 0x5, 0x53, 0xf0, 0x4a, 0x4, 0x40, 0xd0,
    0xa0, 0xd2, 0xe, 0xf, 0x95, 0x5, 0x40, 0xf7,
    0x6, 0x40,

    /* U+79F0 "称" */
    0xe, 0x43, 0xf9, 0xbc, 0x6, 0xf, 0x60, 0xd3,
    0xc1, 0xea, 0x8, 0x1b, 0xf0, 0x3c, 0x5c, 0xf7,
    0xc0, 0xf1, 0x6c, 0x41, 0xe8, 0x9c, 0x3f, 0x92,
    0x86, 0x7, 0xa, 0x47, 0x42, 0x54, 0x6, 0xa,
    0xc2, 0x90, 0x61, 0x68, 0x72, 0x83, 0xb8, 0x3a,
    0x43, 0xe7, 0xe,

    /* U+7A00 "稀" */
    0xf, 0xf9, 0xc, 0xdc, 0xd1, 0xf0, 0x54, 0x68,
    0xcc, 0x1d, 0x68, 0x1c, 0x1b, 0x82, 0xdb, 0xd2,
    0x8d, 0x5, 0x8c, 0xca, 0xf3, 0x1, 0x1a, 0x11,
    0xf4, 0x8, 0x98, 0x8f, 0x81, 0x28, 0xe3, 0x3c,
    0x1a, 0x2, 0x83, 0xf4, 0x1f, 0xc8, 0x7f, 0xf0,
    0x1a, 0x7, 0xec, 0xe, 0x86, 0x90, 0xd8, 0x60,

    /* U+7A0B "程" */
    0xf, 0xfe, 0x1a, 0xae, 0x9f, 0xc1, 0x79, 0xe2,
    0xf8, 0x35, 0x3, 0xff, 0x81, 0xe3, 0xc5, 0xf0,
    0x6f, 0x1e, 0xbf, 0x83, 0x46, 0xff, 0xa0, 0x91,
    0xfc, 0x7a, 0x4, 0x90, 0xb0, 0xa0, 0x98, 0x15,
    0x8a, 0x20, 0xc3, 0x7c, 0x79, 0xf, 0x7e, 0x3e,
    0xf, 0x7f, 0xe0,

    /* U+7A0E "税" */
    0xf, 0x28, 0x24, 0x25, 0x5a, 0x48, 0xc1, 0x79,
    0xd5, 0x46, 0xc2, 0xa0, 0x8e, 0x64, 0x17, 0x8b,
    0xc5, 0xc8, 0x5e, 0x3c, 0x6b, 0x7, 0x26, 0x9a,
    0xc1, 0xd0, 0xc3, 0x50, 0x69, 0x26, 0x8c, 0xe1,
    0x30, 0x23, 0xf, 0xb0, 0xe6, 0xa, 0xf, 0xa8,
    0x4, 0x43, 0xaa, 0x44, 0xd0,

    /* U+7A33 "稳" */
    0xc, 0x85, 0x7, 0xbf, 0x2, 0x68, 0x1a, 0x84,
    0x2a, 0xd0, 0xc8, 0x54, 0x4c, 0x42, 0xe3, 0xc9,
    0x8c, 0x83, 0x49, 0xf, 0xf2, 0x4f, 0xf0, 0x69,
    0x2e, 0xb8, 0x25, 0x63, 0x6d, 0x3c, 0x8e, 0x83,
    0x5a, 0x70, 0xf2, 0x20, 0xf3, 0x87, 0x78, 0x1e,
    0x68, 0x1d, 0x3, 0xf0, 0x80,

    /* U+7A3C "稼" */
    0xc, 0xa0, 0xb0, 0xf3, 0xc1, 0x21, 0xeb, 0x33,
    0xd1, 0xf0, 0x28, 0x1b, 0xf8, 0x2f, 0x19, 0xdf,
    0x58, 0x3c, 0x69, 0x89, 0x21, 0x47, 0x79, 0x5,
    0x2, 0x49, 0xe1, 0x6c, 0x1c, 0x34, 0xf2, 0x1c,
    0xa0, 0xbc, 0x2d, 0x82, 0x9, 0x3d, 0x11, 0x7,
    0x5d, 0x89, 0xc1, 0xd4, 0x69, 0x84,

    /* U+7A3F "稿" */
    0xd, 0x5, 0x40, 0xef, 0x8b, 0xca, 0xf8, 0x1c,
    0x57, 0xf0, 0x48, 0x5d, 0x72, 0xf, 0x1c, 0x5f,
    0x6, 0xe3, 0x8b, 0xe0, 0xec, 0x80, 0xbe, 0x9,
    0x6, 0x60, 0xcc, 0x1a, 0x49, 0x2a, 0xc2, 0x60,
    0x60, 0xf0, 0x74, 0x1e, 0xf0, 0x7f, 0xdf, 0x83,
    0xff, 0x83, 0x4c, 0x36, 0x30, 0x56, 0x80,

    /* U+7A46 "穆" */
    0xf, 0xfe, 0x32, 0x81, 0x40, 0xeb, 0xd3, 0xe5,
    0x78, 0x2f, 0x18, 0x2b, 0x6, 0x43, 0xab, 0x6,
    0xf1, 0xe2, 0xb0, 0x6f, 0x16, 0xd6, 0x43, 0x44,
    0x66, 0x28, 0x32, 0x5d, 0x85, 0x60, 0xd1, 0x6b,
    0x7e, 0x3, 0x2, 0xf4, 0x44, 0x8, 0x2a, 0xbc,
    0xa8, 0x3d, 0x71, 0x18, 0x7d, 0xe8, 0xe0, 0xf6,
    0x7d, 0x7, 0x0,

    /* U+7A74 "穴" */
    0xf, 0x61, 0xff, 0xc8, 0x5e, 0x17, 0x5, 0x5c,
    0x56, 0xc2, 0xff, 0xe0, 0xa0, 0x21, 0x40, 0x80,
    0x82, 0x9, 0x2, 0x1f, 0xe4, 0x3d, 0x21, 0x58,
    0x79, 0x82, 0x50, 0x76, 0x87, 0x58, 0x59, 0x7,
    0x2b, 0x27, 0xf, 0xa5, 0x50, 0x3f, 0xa4,

    /* U+7A76 "究" */
    0xf, 0x61, 0xff, 0xc8, 0xfe, 0x3f, 0x82, 0xbb,
    0xe7, 0xc1, 0x2a, 0x81, 0x20, 0x41, 0xe3, 0x82,
    0xa2, 0xe, 0x82, 0xf, 0xc0, 0xef, 0x1f, 0x48,
    0x4f, 0xc7, 0xc1, 0xf9, 0x41, 0xff, 0x58, 0x7b,
    0x5, 0xa8, 0xa, 0x16, 0xce, 0x9, 0x5d, 0x80,

    /* U+7A77 "穷" */
    0xe, 0x50, 0x7f, 0xcc, 0x87, 0xbf, 0x8b, 0xf2,
    0xf, 0x5f, 0x5e, 0xa, 0x28, 0x17, 0x99, 0x3c,
    0x66, 0x5d, 0x85, 0x41, 0xd, 0x86, 0xbd, 0x1f,
    0xa0, 0x5f, 0x17, 0xc8, 0x79, 0x10, 0x21, 0xe6,
    0xc2, 0xf0, 0x4f, 0x61, 0x94, 0x15, 0x30, 0x9d,
    0x8,

    /* U+7A7A "空" */
    0xe, 0x90, 0xff, 0xe2, 0xdf, 0x9b, 0xf2, 0x5d,
    0xf5, 0xe4, 0xd2, 0xa, 0x6, 0xa3, 0x83, 0xda,
    0xb9, 0xd, 0xe5, 0x12, 0x1b, 0xf0, 0x9f, 0xf8,
    0x27, 0xe6, 0xf8, 0x3f, 0xf8, 0x5f, 0xcd, 0xf9,
    0xff, 0xf9,

    /* U+7A7F "穿" */
    0xf, 0x50, 0x3c, 0xfe, 0x57, 0xe4, 0xdd, 0x5c,
    0x79, 0xcb, 0x98, 0x2a, 0x38, 0x2f, 0x1, 0x81,
    0x20, 0xef, 0xd2, 0xa0, 0xef, 0xd1, 0xe0, 0xff,
    0xe1, 0xf8, 0xfd, 0x1f, 0x1f, 0xa3, 0x8f, 0x83,
    0x53, 0xf, 0xaf, 0x18, 0x7e, 0xee, 0x7, 0x21,
    0x0,

    /* U+7A83 "窃" */
    0xf, 0x61, 0xf9, 0x70, 0xbc, 0xe, 0xb1, 0x5c,
    0x83, 0x8b, 0x6f, 0x5, 0xf4, 0x9d, 0xe5, 0x3,
    0x11, 0x2a, 0xc3, 0x21, 0x74, 0xe5, 0x78, 0xf3,
    0x14, 0x15, 0xc7, 0x82, 0x43, 0x90, 0xa0, 0xff,
    0x7d, 0x21, 0xf7, 0xe6, 0xf, 0xe5, 0x67, 0x90,
    0xf3, 0x83, 0xd0,

    /* U+7A91 "窑" */
    0xf, 0x41, 0xff, 0xc2, 0xc3, 0xeb, 0xf2, 0x7e,
    0x82, 0xb4, 0xf0, 0x28, 0x17, 0x6e, 0xf, 0x88,
    0xe, 0x9f, 0xcc, 0x19, 0x5e, 0x57, 0xe0, 0xd4,
    0xf, 0xfb, 0x2f, 0x2b, 0xf8, 0x1d, 0xf2, 0xbe,
    0xb0, 0xa0, 0xfd, 0x7, 0x74, 0x55, 0x30, 0xee,
    0xf5, 0x3d, 0x4,

    /* U+7A97 "窗" */
    0xe, 0xc3, 0xd7, 0xe3, 0xf9, 0x56, 0x5a, 0xbc,
    0xf3, 0x2c, 0x19, 0xcc, 0xa7, 0x9f, 0xb, 0x72,
    0xa, 0xc0, 0x4d, 0x41, 0xa0, 0x91, 0x2a, 0xe,
    0x61, 0x89, 0xc, 0xd1, 0x8c, 0x3a, 0x9d, 0xe1,
    0xc, 0x8d, 0xe6, 0xd, 0xff, 0x80,

    /* U+7A98 "窘" */
    0xf, 0x68, 0x7d, 0x7e, 0x2f, 0xc8, 0x1b, 0x2d,
    0x5e, 0x42, 0x8d, 0x46, 0xd1, 0x41, 0x54, 0x5,
    0x1, 0x9, 0xa7, 0xe5, 0xb0, 0x9d, 0x61, 0x63,
    0x82, 0xf9, 0x5f, 0x3, 0x2, 0xa8, 0x35, 0x1a,
    0x19, 0x17, 0xc1, 0xbc, 0xf, 0xe3, 0xa, 0xe2,
    0xb9, 0xc, 0x85, 0xfc, 0x84,

    /* U+7A9C "窜" */
    0xf, 0xfe, 0x33, 0xa1, 0xef, 0xd1, 0x7e, 0x81,
    0xe6, 0xe6, 0xd0, 0x3f, 0x3b, 0x78, 0x8d, 0x2c,
    0xf2, 0x60, 0x4b, 0xc7, 0xc2, 0x17, 0x78, 0xf8,
    0x33, 0x7, 0xe8, 0x1b, 0xf1, 0xf9, 0x9, 0xf8,
    0xfc, 0x17, 0x7c, 0x7e, 0x40, 0xa0, 0xfd, 0x0,

    /* U+7A9D "窝" */
    0xe, 0x43, 0xff, 0x81, 0xe0, 0xfb, 0xf2, 0x7f,
    0x5, 0xea, 0x6a, 0xb0, 0xde, 0xa9, 0x56, 0x81,
    0xa1, 0x74, 0x3c, 0x9, 0x7, 0xe0, 0x21, 0x9b,
    0x4e, 0xe, 0xf5, 0x6, 0x9a, 0x1a, 0xf1, 0x7a,
    0xf, 0xa7, 0xc1, 0xfa, 0x6a, 0x43, 0xef, 0x1,
    0x20, 0xda, 0x83, 0x3a, 0x0,

    /* U+7A9F "窟" */
    0xf, 0x61, 0xf7, 0xf1, 0xfc, 0x15, 0x9e, 0x6f,
    0x5, 0x7a, 0xa, 0xf2, 0x5, 0x42, 0xba, 0xc0,
    0x4a, 0xfe, 0x9, 0xaf, 0x90, 0xcf, 0xd4, 0xf1,
    0x84, 0x82, 0xca, 0x21, 0xe7, 0xc7, 0x83, 0x78,
    0xf8, 0xf8, 0x25, 0xaa, 0x29, 0xe1, 0x40, 0xfa,
    0xf2, 0x6, 0x35, 0xf5, 0x0,

    /* U+7AA5 "窥" */
    0xf, 0x21, 0xff, 0x32, 0x1e, 0xfd, 0x17, 0xe4,
    0x68, 0x9a, 0x5, 0x81, 0xf8, 0xb8, 0x35, 0x10,
    0x5e, 0x9c, 0x1e, 0x2c, 0x62, 0xb, 0xc5, 0x87,
    0xef, 0x16, 0x1b, 0xb, 0xc0, 0xc1, 0x88, 0x69,
    0xb8, 0x54, 0xc4, 0xca, 0xcf, 0x5e, 0x3c, 0x17,
    0xf, 0x90,

    /* U+7AD6 "竖" */
    0x18, 0xdf, 0xf0, 0x7c, 0xc7, 0x88, 0x3f, 0x37,
    0xa4, 0x3f, 0x38, 0x34, 0x3e, 0xbf, 0xac, 0xc,
    0x9, 0x40, 0x7c, 0x1d, 0xc, 0x1f, 0xbd, 0x6a,
    0xfa, 0xd, 0xe5, 0x7a, 0x38, 0x3d, 0x9, 0x40,
    0xcf, 0xe6, 0xcb, 0xe1, 0xff, 0xfe, 0x0,

    /* U+7AD9 "站" */
    0x4, 0x86, 0xc3, 0xff, 0xa5, 0xe6, 0xe0, 0xbe,
    0x3b, 0xcc, 0x17, 0xc0, 0x80, 0x87, 0xf2, 0xe0,
    0x21, 0xef, 0x81, 0xc7, 0x83, 0x98, 0x1f, 0x6,
    0x40, 0xc1, 0xf9, 0x47, 0x83, 0xeb, 0xb9, 0x3e,
    0xa, 0x88, 0x6f, 0x82,

    /* U+7AE0 "章" */
    0xf, 0x50, 0x3f, 0x7e, 0x57, 0xe0, 0xde, 0x2f,
    0x47, 0x83, 0xcc, 0x9, 0xe, 0xbc, 0x9e, 0x1f,
    0x40, 0xb5, 0xfd, 0xc1, 0x9f, 0xf2, 0x1f, 0x57,
    0x83, 0xf5, 0x72, 0x1f, 0x3e, 0xa6, 0x41, 0xbc,
    0xb0, 0x15, 0x78, 0x1f, 0xca, 0xfe, 0xf, 0xfe,
    0x18,

    /* U+7AE5 "童" */
    0xf, 0x50, 0x3f, 0x7e, 0x57, 0xe0, 0xde, 0x6f,
    0x2b, 0xc1, 0x5e, 0x6f, 0x2b, 0xd0, 0x2e, 0xbf,
    0xc1, 0x37, 0xa9, 0xe8, 0x3f, 0xf9, 0x34, 0x55,
    0x10, 0xfb, 0xca, 0xf2, 0x1c, 0xfc, 0xaf, 0x90,
    0xd7, 0xca, 0xfa, 0xd, 0x7c, 0xaf, 0xa0, 0xbf,
    0x95, 0xfc, 0x0,

    /* U+7AED "竭" */
    0xb, 0x5, 0xfc, 0x1f, 0xaf, 0x82, 0xa1, 0x25,
    0xf0, 0x5e, 0x84, 0xbe, 0xd, 0xa8, 0x17, 0xc1,
    0x28, 0x2c, 0xac, 0x19, 0x28, 0xf7, 0xa0, 0x3a,
    0xb, 0x2c, 0x2d, 0x40, 0x67, 0xc0, 0xf5, 0xc4,
    0xe8, 0x5c, 0x86, 0x65, 0x61, 0xeb, 0xe0, 0x21,
    0xe4, 0x2f, 0x0,

    /* U+7AEF "端" */
    0xb, 0xe, 0xc3, 0xfd, 0x87, 0x61, 0xff, 0xc4,
    0xf1, 0xc7, 0x8f, 0x5, 0xf5, 0x3f, 0xe0, 0x49,
    0x4f, 0xf9, 0x3c, 0xb, 0xe3, 0xe4, 0x50, 0x5f,
    0x1f, 0x6, 0x50, 0x33, 0x30, 0xd6, 0x41, 0xfd,
    0x44, 0xc3, 0xfb, 0xe9, 0xd, 0x6, 0x43, 0xd8,
    0x34, 0x3e, 0xc2, 0x78,

    /* U+7AFF "竿" */
    0x9, 0xc, 0x87, 0xcc, 0x1a, 0xf, 0xa3, 0xe8,
    0xfc, 0x8, 0xcb, 0x68, 0x78, 0xe, 0x42, 0xf0,
    0x6e, 0xea, 0x7c, 0xc1, 0xaf, 0x95, 0xf4, 0x1f,
    0xfc, 0x5f, 0xe5, 0x7f, 0x3, 0xf9, 0xbf, 0x83,
    0xff, 0xbe,

    /* U+7B0B "笋" */
    0x9, 0xc, 0x87, 0xe9, 0x62, 0x43, 0xd9, 0x4e,
    0x2f, 0x81, 0x1c, 0xcf, 0x9b, 0x5, 0xe9, 0xcf,
    0x21, 0xef, 0x95, 0xe7, 0xa, 0xfc, 0xaf, 0x2b,
    0x4b, 0xf2, 0xbc, 0xad, 0xb, 0xe5, 0x79, 0xf,
    0x51, 0x2b, 0x83, 0x9d, 0xd7, 0x6, 0xbc, 0x61,
    0xfd, 0xdc, 0x1f, 0xc0,

    /* U+7B11 "笑" */
    0xf, 0xfe, 0x1e, 0x1a, 0x81, 0xc9, 0xf4, 0xaf,
    0x92, 0xa3, 0x1d, 0x5b, 0x45, 0x49, 0x18, 0x51,
    0xea, 0x3f, 0x82, 0x7e, 0x8f, 0x48, 0x7f, 0xf1,
    0x3f, 0x47, 0xf0, 0x3e, 0x88, 0xfc, 0x19, 0xa2,
    0xb0, 0xe7, 0xa2, 0x53, 0x91, 0xa6, 0x84, 0xe4,
    0x0,

    /* U+7B14 "笔" */
    0x9, 0xc, 0xa0, 0xfa, 0x42, 0xc3, 0xe4, 0xbc,
    0xab, 0xe0, 0x36, 0xaa, 0xb2, 0xc1, 0x64, 0x7,
    0xc8, 0x6f, 0xcc, 0x7a, 0x43, 0x7d, 0x1e, 0xa2,
    0x13, 0xf4, 0x7d, 0x21, 0x3f, 0x46, 0x76, 0x81,
    0xfa, 0x3f, 0x82, 0x7f, 0x14, 0x51, 0x7, 0xef,
    0xe8, 0x3e, 0xff, 0x20,

    /* U+7B26 "符" */
    0x9, 0xc, 0x87, 0xe8, 0x34, 0x87, 0xa3, 0xe8,
    0xbe, 0x2, 0xb5, 0x6d, 0x9e, 0x5, 0x4, 0x94,
    0x4, 0x2d, 0xda, 0x82, 0x43, 0x25, 0xfc, 0x78,
    0x28, 0x1f, 0xc7, 0x81, 0xc0, 0x74, 0x3e, 0xd0,
    0x34, 0x43, 0xfe, 0x6c, 0x3f, 0xf8, 0xc, 0x1f,
    0xfc, 0x1b, 0xc,

    /* U+7B28 "笨" */
    0x9, 0xf, 0xfe, 0xc, 0x1b, 0x43, 0xd1, 0xf4,
    0x5f, 0x2, 0x75, 0x4d, 0x9e, 0x7, 0x8b, 0x14,
    0x41, 0xaf, 0xa8, 0xfa, 0xf0, 0x3f, 0x21, 0x7e,
    0xe, 0x5c, 0x21, 0xf3, 0x60, 0xe4, 0x3a, 0x86,
    0xac, 0xa0, 0x59, 0xf2, 0xbe, 0x34, 0xe0, 0xfd,
    0x68, 0x7f, 0xf0, 0x80,

    /* U+7B2C "第" */
    0x9, 0xf, 0xfe, 0xc, 0x85, 0x45, 0x82, 0x8b,
    0xd2, 0xaa, 0x4, 0x78, 0xdf, 0x36, 0x8, 0xf1,
    0x9e, 0x60, 0xd7, 0xd1, 0xf0, 0x7b, 0xe8, 0xf8,
    0x39, 0x5e, 0x8f, 0xc1, 0xb7, 0xd1, 0xf9, 0xd,
    0x41, 0x3e, 0x43, 0x44, 0xc0, 0x44, 0x2f, 0x54,
    0x17, 0x94, 0xf, 0x90, 0xd7, 0x0,

    /* U+7B3C "笼" */
    0xa, 0xd, 0x7, 0xca, 0xf4, 0xaf, 0xa0, 0xa8,
    0x5d, 0x12, 0x80, 0xe5, 0x12, 0xa4, 0x34, 0x97,
    0x84, 0x90, 0x90, 0x92, 0xa0, 0xef, 0xc7, 0x87,
    0xd0, 0x3f, 0x19, 0xe7, 0x83, 0x94, 0x7, 0xf,
    0xd4, 0x5, 0x41, 0xed, 0x59, 0xa0, 0xc1, 0x77,
    0xcf, 0xe4, 0x1e, 0x54, 0x5f, 0xa0,

    /* U+7B49 "等" */
    0x9, 0xc, 0x87, 0xe8, 0x34, 0xb0, 0x68, 0xfa,
    0x2b, 0x2, 0x78, 0xdf, 0x14, 0x7, 0x92, 0x8b,
    0x48, 0x49, 0x52, 0xaa, 0x43, 0xbe, 0x57, 0xc8,
    0x5f, 0xca, 0xfe, 0x7, 0xfe, 0x2f, 0x1, 0xff,
    0x8b, 0x80, 0xe0, 0xbe, 0x3d, 0x6, 0xf9, 0xf,
    0xfe, 0x4, 0xd8, 0x70,

    /* U+7B4B "筋" */
    0x9, 0xc, 0x87, 0xcc, 0x1a, 0x43, 0xd1, 0xf8,
    0xbe, 0x4, 0xe5, 0xf, 0x1e, 0xb, 0x56, 0x67,
    0x6, 0xa6, 0x28, 0x44, 0x3f, 0xdc, 0x79, 0xd,
    0xe0, 0x73, 0xa1, 0xd4, 0xf, 0x21, 0xde, 0xb,
    0xc0, 0x43, 0xf9, 0x41, 0xd4, 0xd, 0xc1, 0xe5,
    0xb6, 0x55, 0xa1, 0x63, 0xd4, 0x5c, 0x0,

    /* U+7B50 "筐" */
    0xf, 0xfe, 0x2c, 0x1b, 0xf, 0xa7, 0xe4, 0xfc,
    0x5, 0x45, 0x64, 0xf0, 0x28, 0xa3, 0x54, 0x86,
    0xed, 0x95, 0xe7, 0x83, 0x57, 0xee, 0xe, 0xaf,
    0xb0, 0xe7, 0xe2, 0xf8, 0x3d, 0x51, 0x50, 0x79,
    0xf8, 0x7c, 0x87, 0xf5, 0x87, 0xea, 0xfe, 0xd0,
    0xbf, 0xfc, 0x80,

    /* U+7B51 "筑" */
    0x9, 0xf, 0xfe, 0x3, 0x6, 0xd0, 0xf4, 0x7c,
    0xb, 0xe0, 0x46, 0xaf, 0x59, 0x61, 0x65, 0x8a,
    0x3c, 0x13, 0xfa, 0x7e, 0x82, 0xe3, 0x8b, 0xc1,
    0xe4, 0x37, 0x83, 0xff, 0x81, 0xa8, 0x3f, 0x58,
    0x3c, 0x1d, 0xe7, 0xcb, 0x40, 0xc1, 0xe9, 0xd0,
    0xd8, 0x7d, 0x40, 0xbe, 0x0,

    /* U+7B54 "答" */
    0x9, 0xe, 0x43, 0xcc, 0x1a, 0xc3, 0xd1, 0xf4,
    0xaf, 0x81, 0x1a, 0xeb, 0x3c, 0x7, 0x25, 0x19,
    0x21, 0x63, 0xbe, 0x31, 0x9, 0xe1, 0xf2, 0x5a,
    0xf, 0xff, 0xe0, 0x2, 0x2f, 0xf4, 0x41, 0x9b,
    0xf4, 0x87, 0xc8, 0x64, 0x3f, 0x7f, 0x83, 0xf7,
    0xf8, 0x3e, 0xc3, 0xd8, 0x40,

    /* U+7B56 "策" */
    0x9, 0xe, 0x43, 0xe9, 0x62, 0x8b, 0x5, 0x95,
    0x92, 0xa4, 0xa7, 0x8c, 0xf4, 0xe9, 0x74, 0x76,
    0x99, 0x5, 0xfa, 0x3f, 0x41, 0xab, 0x15, 0x61,
    0xef, 0x47, 0xa4, 0x3f, 0x44, 0x48, 0x67, 0x74,
    0x17, 0x6, 0x6a, 0xc8, 0xe0, 0xbb, 0xc8, 0x56,
    0x69, 0xe4, 0x3e, 0xb4,

    /* U+7B77 "筷" */
    0x9, 0xc, 0x87, 0xe8, 0x34, 0x87, 0xa3, 0xf1,
    0x7c, 0x5, 0x4a, 0x8b, 0x3c, 0xb, 0xa9, 0xe3,
    0xd, 0xc4, 0x78, 0xf8, 0x24, 0x27, 0xc7, 0x83,
    0x59, 0x61, 0xfc, 0xa1, 0x5e, 0x3c, 0x60, 0x80,
    0xf9, 0x47, 0xc1, 0xf2, 0xa6, 0xf, 0xd4, 0xc8,
    0xd0, 0xe8, 0xc2, 0xa8, 0x37, 0x40, 0xe7, 0x0,

    /* U+7B7E "签" */
    0x9, 0xf, 0xfe, 0xc, 0x1b, 0xf, 0xa3, 0xe8,
    0xfc, 0x9, 0xda, 0x3e, 0x3c, 0x16, 0x46, 0x14,
    0x1a, 0xb, 0x48, 0x43, 0xce, 0x78, 0xc3, 0x9e,
    0x1f, 0x27, 0x20, 0xe7, 0xd7, 0xa9, 0xe0, 0x49,
    0x12, 0x43, 0x6, 0x81, 0xb, 0x6, 0xf9, 0xea,
    0x7e, 0x7, 0xff, 0xf0, 0x0,

    /* U+7B80 "简" */
    0xa, 0xc, 0xa0, 0xf3, 0xf3, 0x4f, 0x40, 0x91,
    0xb5, 0x14, 0x15, 0xe5, 0xa8, 0xa0, 0x5e, 0xbc,
    0x79, 0xc1, 0xe8, 0x15, 0x78, 0x3d, 0x75, 0x7,
    0xfb, 0xc1, 0xff, 0x78, 0x3f, 0xef, 0x7, 0xfd,
    0xe0, 0xff, 0x7e, 0xf, 0xfe, 0xb, 0x86, 0xc3,
    0xcf, 0x80,

    /* U+7B8D "箍" */
    0xf, 0xfe, 0x2e, 0x1b, 0xf, 0x92, 0xa4, 0xac,
    0x15, 0x1e, 0xa4, 0xf0, 0x3b, 0xb4, 0x61, 0x40,
    0xd6, 0xe3, 0x9f, 0x3, 0xc7, 0x3e, 0x3e, 0x7,
    0x8e, 0x2c, 0xf0, 0x7b, 0x86, 0x20, 0xd6, 0x50,
    0x8, 0x86, 0xf0, 0x87, 0x41, 0x90, 0xec, 0x16,
    0x1f, 0x9f, 0x1f, 0x20, 0xd0, 0x3f, 0xe4,

    /* U+7B94 "箔" */
    0x9, 0xf, 0xfe, 0xc, 0x85, 0x40, 0xf4, 0x5e,
    0x95, 0xf0, 0x27, 0xc4, 0xd0, 0xf0, 0x3b, 0xb7,
    0xc6, 0x1c, 0xea, 0xf3, 0x78, 0x36, 0x69, 0xf8,
    0x33, 0x40, 0xff, 0xe0, 0x34, 0x4f, 0xc1, 0xe5,
    0x8f, 0xc1, 0xcd, 0x3, 0xfd, 0x52, 0xf, 0xc1,
    0xb9, 0xb, 0xf0, 0x40,

    /* U+7B97 "算" */
    0xa, 0xd, 0x7, 0xca, 0xf9, 0x5f, 0x82, 0xa2,
    0x55, 0x96, 0xd, 0x52, 0xe2, 0x42, 0xa7, 0x9d,
    0xf4, 0x19, 0x2, 0xf8, 0x3f, 0xf9, 0x5f, 0xe0,
    0xfd, 0x5e, 0xf, 0xa8, 0x50, 0x60, 0xcf, 0x42,
    0x83, 0x70, 0x1e, 0x2f, 0x37, 0xa0, 0x7e, 0x43,
    0xfb, 0xd0, 0x69, 0xc,

    /* U+7BA1 "管" */
    0xf, 0xfe, 0x1a, 0x83, 0x41, 0xea, 0x7a, 0x8f,
    0xd1, 0x31, 0xe7, 0x57, 0x2, 0x51, 0x42, 0xc,
    0xf9, 0xcb, 0xce, 0x17, 0x5f, 0x61, 0x44, 0x1d,
    0x30, 0x10, 0x57, 0x1, 0xe, 0xaf, 0x21, 0xea,
    0xf6, 0x1e, 0xff, 0x7, 0xdf, 0xe0, 0xfb, 0xfc,
    0x1e, 0xc3, 0xd8, 0x0,

    /* U+7BAD "箭" */
    0xf, 0xfe, 0x2e, 0x1a, 0x43, 0xc9, 0xf2, 0xaf,
    0x80, 0xd4, 0x51, 0x8b, 0x7, 0x32, 0xd5, 0x21,
    0x36, 0x3b, 0x97, 0x93, 0xff, 0xf8, 0x8, 0x2f,
    0xc0, 0x4c, 0x32, 0xa8, 0x2b, 0xf, 0x9a, 0x7,
    0xfc, 0xb0, 0x7f, 0xf3, 0x7b, 0x3, 0x7, 0xf4,
    0x20, 0xd0, 0xda, 0x78, 0x2e, 0x0,

    /* U+7BB1 "箱" */
    0x9, 0xc, 0xa0, 0xfa, 0xd, 0xe0, 0xf4, 0x7e,
    0x57, 0xd0, 0xae, 0x32, 0xdb, 0x81, 0xb6, 0x36,
    0xd0, 0x2b, 0x25, 0x56, 0x42, 0x50, 0xc0, 0x50,
    0x67, 0x4b, 0x2f, 0x41, 0xc9, 0x25, 0xe8, 0x36,
    0x9c, 0x5e, 0x82, 0xec, 0x19, 0x7c, 0x16, 0x87,
    0x5f, 0x7, 0xfa, 0xf8, 0x0,

    /* U+7BC7 "篇" */
    0xa, 0xd, 0x7, 0xd3, 0xf2, 0xbf, 0x4, 0xca,
    0xac, 0x58, 0x35, 0x61, 0x2e, 0xa, 0x79, 0x8f,
    0x3c, 0x6, 0x5f, 0xe8, 0x2c, 0x3f, 0x21, 0xcb,
    0xf8, 0x3d, 0x7, 0xe4, 0x24, 0x12, 0xa2, 0x70,
    0xf4, 0xa8, 0x90, 0x91, 0x36, 0xce, 0xb, 0x82,
    0x93, 0xa6, 0x9, 0x30, 0xeb, 0x40,

    /* U+7BD9 "篙" */
    0xf, 0xfe, 0x2e, 0x1b, 0xf, 0xa3, 0xe8, 0xfc,
    0x8, 0xca, 0x36, 0x78, 0xe, 0xa2, 0x45, 0xc0,
    0x7c, 0x69, 0xe3, 0xc0, 0xa6, 0xbe, 0xe8, 0x1e,
    0xac, 0x1f, 0x95, 0xf9, 0xe, 0x7c, 0xbe, 0xb4,
    0x27, 0x97, 0x5a, 0x1e, 0x8f, 0x10, 0x7f, 0x34,
    0x43, 0xfb, 0xfe, 0x50,

    /* U+7BE1 "篡" */
    0xf, 0xfe, 0x2e, 0x1b, 0xf, 0xb3, 0xf1, 0xf8,
    0x19, 0xaa, 0x38, 0xf0, 0x2e, 0x54, 0x70, 0x72,
    0x2f, 0xc1, 0xff, 0xca, 0x5f, 0x7, 0xca, 0x2,
    0xc1, 0xd6, 0xa0, 0x2c, 0x78, 0x16, 0x91, 0xc9,
    0x60, 0xb3, 0x92, 0x1a, 0x3, 0xf0, 0xe2, 0x78,
    0x8, 0xd3, 0xf8, 0x40,

    /* U+7C07 "簇" */
    0xf, 0xfe, 0x2e, 0x1b, 0xf, 0xa3, 0xe4, 0xfc,
    0x13, 0x8f, 0x44, 0xf0, 0x39, 0x5c, 0x72, 0x1b,
    0x71, 0x95, 0xbe, 0x5, 0xab, 0xc9, 0xf8, 0x12,
    0xbc, 0xa3, 0xe4, 0x33, 0xd1, 0x8a, 0x21, 0x94,
    0x2c, 0x28, 0x33, 0xe3, 0x73, 0xe0, 0xc8, 0x2d,
    0x47, 0x80, 0x83, 0xc2, 0xa7, 0xa, 0x9a, 0x76,
    0x4e, 0x9b, 0xe7, 0xc1, 0x5a,

    /* U+7C4D "籍" */
    0xf, 0xfe, 0x1b, 0x6, 0xc3, 0xdb, 0xf4, 0x7d,
    0xa, 0xcb, 0x72, 0xe2, 0xd1, 0x9a, 0x82, 0xb8,
    0xf0, 0xe4, 0x6, 0x54, 0x1f, 0xd2, 0xb3, 0x33,
    0x49, 0xb, 0x22, 0xa, 0x80, 0xeb, 0xc8, 0x20,
    0x40, 0x64, 0x29, 0x69, 0x33, 0xd, 0x81, 0x45,
    0x41, 0x41, 0xef, 0x83, 0xa8, 0xc, 0x2c,

    /* U+7C73 "米" */
    0xf, 0x68, 0x7e, 0xd0, 0xf5, 0x3, 0x70, 0x74,
    0xc1, 0xce, 0x14, 0xe1, 0xea, 0x5, 0x61, 0xdf,
    0x59, 0x7e, 0xb, 0xe8, 0x27, 0xe0, 0xf5, 0x9,
    0xf, 0xd0, 0x8d, 0x87, 0xa7, 0x9, 0xb4, 0x29,
    0xc3, 0x9a, 0x82, 0xc3, 0xe7, 0xc0, 0x83, 0xfc,
    0x80,

    /* U+7C7B "类" */
    0xa, 0x4, 0x82, 0xf, 0xb0, 0x9c, 0x3e, 0x90,
    0xd4, 0xd, 0x79, 0xda, 0xbc, 0x82, 0xf2, 0x5,
    0x5e, 0x40, 0xdb, 0xbd, 0xe4, 0x28, 0xb3, 0x4b,
    0xd, 0xc8, 0x34, 0x24, 0x2f, 0xe6, 0xfe, 0x7,
    0xe9, 0x9f, 0xc1, 0xcd, 0x15, 0x7, 0x9e, 0xc1,
    0x9a, 0x17, 0xac, 0x35, 0xf0, 0x39, 0xf, 0xac,

    /* U+7C89 "粉" */
    0xb, 0x43, 0xfd, 0x85, 0x2c, 0x61, 0x98, 0xa,
    0xc2, 0x42, 0x93, 0x2, 0x8b, 0xc, 0x82, 0x42,
    0x50, 0x5a, 0x35, 0x4, 0xe0, 0xf0, 0xcd, 0xf2,
    0x82, 0x46, 0x99, 0xe2, 0xa, 0x21, 0xf, 0xdc,
    0xd, 0x91, 0x41, 0x28, 0x25, 0x46, 0x1a, 0xa,
    0xaf, 0x30, 0x7e, 0xdf, 0x82,

    /* U+7C97 "粗" */
    0xb, 0xf, 0xf9, 0x9, 0xbf, 0x82, 0xd0, 0x45,
    0xf0, 0x6e, 0x24, 0x3f, 0x98, 0xf1, 0x7c, 0x1b,
    0x8a, 0xd, 0x41, 0xbc, 0x39, 0xac, 0x1d, 0xa,
    0x30, 0xfc, 0x94, 0x1f, 0x83, 0x70, 0xc5, 0xf0,
    0x69, 0x2, 0x1f, 0xc8, 0x5b, 0x7c, 0x68, 0x77,
    0xfe, 0x40,

    /* U+7CAE "粮" */
    0xb, 0xc, 0xc1, 0xd0, 0x15, 0x73, 0xe0, 0xd0,
    0x36, 0xb0, 0x6d, 0x2c, 0xb, 0x6, 0x61, 0x45,
    0xf0, 0x6b, 0x4, 0x7e, 0xd, 0x60, 0x8f, 0xc1,
    0xd0, 0xa2, 0x57, 0x90, 0xee, 0x19, 0x3c, 0xe,
    0x6, 0x1b, 0xa0, 0x14, 0x1e, 0x84, 0x28, 0x28,
    0xfa, 0xe0, 0xf7, 0x7a, 0x70, 0x0,

    /* U+7CBE "精" */
    0xf, 0xfe, 0x2e, 0x1d, 0x87, 0x41, 0x5f, 0x1e,
    0x82, 0x44, 0xf8, 0xf4, 0xe, 0x2e, 0xf1, 0xe0,
    0x98, 0x4e, 0x4a, 0x20, 0xb1, 0xc1, 0xc1, 0xd6,
    0x37, 0x5c, 0x85, 0x8a, 0x1a, 0x83, 0x28, 0xa0,
    0xd4, 0x1a, 0x83, 0x8f, 0xc1, 0x94, 0x19, 0xf8,
    0x34, 0x1d, 0x7c, 0x1f, 0xfc, 0x1c, 0x3d, 0x82,
    0x41, 0xe0, 0x0,

    /* U+7CCA "糊" */
    0xb, 0xb, 0xf, 0x21, 0xf7, 0xc9, 0xa3, 0x6,
    0xc2, 0xb3, 0x73, 0xf, 0x60, 0xe3, 0x30, 0xb8,
    0x64, 0x2c, 0x2e, 0x2e, 0x20, 0xf6, 0x5b, 0x26,
    0x19, 0x24, 0x41, 0x85, 0xc2, 0x83, 0xf2, 0x81,
    0x98, 0x86, 0x82, 0x6d, 0x83, 0xf9, 0x40, 0x84,
    0x2c, 0x26, 0x2c,

    /* U+7CD5 "糕" */
    0xf, 0xfe, 0x2c, 0x83, 0x3, 0x85, 0x5, 0x14,
    0x34, 0x2e, 0x2, 0xe1, 0xc2, 0x51, 0x9e, 0x32,
    0xc2, 0x92, 0x9e, 0x3e, 0x5, 0x8e, 0xf8, 0xf2,
    0xa, 0x2, 0x7c, 0x79, 0xa, 0x6, 0x1f, 0xe4,
    0x9f, 0x8f, 0x81, 0xa8, 0xad, 0xeb, 0x5, 0x2,
    0xb9, 0xcc, 0x8, 0x49, 0x8, 0x87, 0xdc, 0x44,
    0x28, 0x29, 0x91, 0x12, 0x40,

    /* U+7CD9 "糙" */
    0xb, 0x24, 0x2c, 0x34, 0x1a, 0x18, 0x3d, 0x16,
    0xad, 0x38, 0x1a, 0x31, 0xb1, 0x40, 0x91, 0x85,
    0x4, 0x82, 0x44, 0xa, 0x8a, 0x27, 0x12, 0xad,
    0x69, 0x4, 0x59, 0xa8, 0x70, 0x40, 0x9c, 0xc,
    0x84, 0xc3, 0x28, 0x74, 0x2d, 0xa, 0x3, 0xd8,
    0x7b, 0x79, 0xe8, 0x87, 0x33, 0xfc, 0x85, 0x90,
    0x7e,

    /* U+7CDF "糟" */
    0xf, 0xfe, 0x2e, 0x1b, 0x20, 0xd0, 0x1f, 0x8d,
    0xf2, 0x8, 0xef, 0x13, 0xe4, 0xd1, 0x3c, 0x4f,
    0x1, 0x42, 0x4, 0x44, 0x2d, 0x18, 0x3f, 0xb8,
    0xf0, 0x72, 0x1a, 0x32, 0x11, 0x58, 0x10, 0x2b,
    0x5f, 0x2, 0x84, 0x8b, 0x83, 0x68, 0x77, 0xc1,
    0xfe, 0x6a, 0xf, 0xf3, 0xf0, 0x7b, 0x5, 0x2,
    0xc0,

    /* U+7CE0 "糠" */
    0x3, 0x87, 0x61, 0xd0, 0x48, 0x10, 0xf2, 0x6,
    0xf4, 0x7c, 0x7, 0x21, 0x91, 0x50, 0x3c, 0x48,
    0x7a, 0x5, 0x9, 0x52, 0x28, 0x4d, 0x38, 0xe2,
    0x82, 0x4, 0xf3, 0x42, 0x81, 0x20, 0x96, 0x89,
    0xa, 0x82, 0xde, 0x27, 0x4, 0x12, 0x49, 0x8,
    0x10, 0xdf, 0xf, 0x21, 0x99, 0x58, 0x5a,

    /* U+7CFB "系" */
    0xf, 0xf2, 0x1c, 0xb5, 0x3e, 0xb, 0xf4, 0x7d,
    0x5, 0xe8, 0x13, 0x40, 0xef, 0x19, 0x90, 0x77,
    0x3e, 0xa0, 0x7c, 0x8e, 0xad, 0xa, 0xf0, 0xfa,
    0x20, 0xae, 0xe3, 0xea, 0x6, 0x90, 0xac, 0x80,
    0xf2, 0x15, 0x49, 0x52, 0x1c, 0xf1, 0x68, 0x7e,
    0xc0,

    /* U+7D20 "素" */
    0xf, 0x48, 0x7e, 0xfc, 0xdf, 0x83, 0x7e, 0x6f,
    0xc1, 0xdf, 0x37, 0xa0, 0xf7, 0xcd, 0xe8, 0x37,
    0xf3, 0x7e, 0x81, 0xe5, 0x1e, 0x2f, 0x41, 0xcc,
    0xe8, 0x7e, 0xad, 0xde, 0xd, 0x7a, 0x7, 0x93,
    0xa, 0xf3, 0x34, 0x68, 0x15, 0xf2, 0x7, 0xd4,
    0x7, 0xc8, 0x66, 0xe0,

    /* U+7D22 "索" */
    0xf, 0x61, 0xf9, 0x70, 0xb8, 0x35, 0x62, 0xb2,
    0x17, 0xe2, 0xf9, 0x7, 0xf1, 0x7e, 0xa, 0xe3,
    0xcf, 0x82, 0xde, 0xdc, 0x2c, 0x36, 0x53, 0xa2,
    0x13, 0xe1, 0x3c, 0xc8, 0x1e, 0x72, 0x8d, 0x84,
    0xc1, 0x23, 0x60, 0xea, 0x9, 0xf5, 0xf, 0x21,
    0xf7, 0x0,

    /* U+7D27 "紧" */
    0x9, 0xc3, 0xfb, 0xa, 0xfe, 0x83, 0xd6, 0x49,
    0x7, 0xca, 0x94, 0x1c, 0x9f, 0xc6, 0x4, 0x8a,
    0x19, 0x60, 0xb4, 0xf5, 0x3, 0xd2, 0xef, 0x41,
    0xda, 0xc4, 0xa8, 0x25, 0x8, 0xf6, 0x19, 0xd5,
    0x8d, 0xe0, 0xac, 0xd0, 0x75, 0x3, 0xd3, 0xa0,
    0x7c, 0x0,

    /* U+7D2B "紫" */
    0xd, 0x85, 0x87, 0xff, 0xd, 0xe0, 0xb0, 0x79,
    0x3d, 0x40, 0xf7, 0x93, 0x94, 0x4, 0xcf, 0x27,
    0xd0, 0x54, 0xe0, 0x6d, 0x30, 0x2a, 0xed, 0xd6,
    0xe, 0xc5, 0x6f, 0x7, 0xd3, 0x50, 0x30, 0xde,
    0x81, 0x79, 0x20, 0xbd, 0x71, 0xaa, 0xc1, 0x7c,
    0x1a, 0xe8, 0xf, 0xa0, 0xe7, 0xc0,

    /* U+7D2F "累" */
    0x7, 0xff, 0x7, 0x54, 0x54, 0x1e, 0xc2, 0xc3,
    0xf3, 0x41, 0xa0, 0x75, 0xc5, 0xce, 0x1b, 0xd6,
    0xd3, 0xe, 0x91, 0xcf, 0x7, 0xa2, 0xa1, 0xc2,
    0xbc, 0xb, 0xc0, 0xc1, 0x79, 0xcd, 0x54, 0x5,
    0xf0, 0x57, 0xa4, 0xf9, 0xc, 0xda,

    /* U+7D6E "絮" */
    0xd, 0x7, 0xfd, 0x6, 0xfc, 0xf, 0x2b, 0xc9,
    0xe0, 0xb0, 0x4b, 0x7, 0xd1, 0x2a, 0x3c, 0x17,
    0x38, 0xff, 0x3, 0x9d, 0x8d, 0xe, 0x63, 0xa8,
    0x3e, 0x68, 0xef, 0x82, 0x7d, 0x3, 0xc9, 0x81,
    0xf3, 0x34, 0x68, 0xb, 0xe4, 0xf, 0xa8, 0x7c,
    0x86, 0x6e,

    /* U+7E41 "繁" */
    0x3, 0x7, 0x41, 0xed, 0xfc, 0xbc, 0x5, 0x7f,
    0x8a, 0x81, 0xbf, 0xa4, 0xcc, 0x24, 0x8, 0xef,
    0x5, 0x11, 0x12, 0x8c, 0x3a, 0x33, 0xce, 0x61,
    0x62, 0x5a, 0xb, 0xd, 0xe2, 0xf5, 0xa1, 0xbd,
    0x1, 0xf1, 0x21, 0x73, 0x47, 0x68, 0x15, 0xc2,
    0x17, 0xac, 0x1f, 0x41, 0x9b, 0xc0,

    /* U+7EA0 "纠" */
    0xf, 0xfe, 0xc, 0x1f, 0x60, 0x42, 0x43, 0xa4,
    0x28, 0x39, 0x98, 0x3d, 0x2a, 0x81, 0xf3, 0x21,
    0xf5, 0x8, 0x3e, 0x66, 0xc3, 0x26, 0xf, 0x3,
    0xd1, 0x71, 0x37, 0xc0, 0xb8, 0x50, 0x64, 0xf4,
    0x1e, 0x60, 0xfe,

    /* U+7EA2 "红" */
    0xf, 0xfe, 0x1e, 0x1f, 0xf2, 0x81, 0xfe, 0x41,
    0x44, 0xf4, 0xf9, 0x14, 0x48, 0x7e, 0x9d, 0x41,
    0xfa, 0x48, 0x3f, 0x95, 0x30, 0x7e, 0xcb, 0xc1,
    0xfb, 0xeb, 0xf, 0xeb, 0xc1, 0xfc, 0x9e, 0x3d,
    0x3f, 0x0,

    /* U+7EA4 "纤" */
    0xf, 0xfe, 0x2c, 0x19, 0xbc, 0x1a, 0xb, 0xd1,
    0xe0, 0xce, 0xf, 0x21, 0xe9, 0x5a, 0x1f, 0xc9,
    0x8b, 0x1, 0x60, 0x59, 0xd4, 0xaa, 0x80, 0xd0,
    0xbc, 0xaf, 0x81, 0x9e, 0x43, 0xf9, 0x5e, 0x43,
    0xfa, 0xfc, 0x1f, 0x9e, 0x2c, 0x3f, 0x3e, 0x90,
    0xfe,

    /* U+7EA6 "约" */
    0x9, 0x9, 0x41, 0xe6, 0xb, 0xf, 0xb8, 0x26,
    0xb0, 0x4a, 0x84, 0xbc, 0xa2, 0x82, 0x5a, 0xc2,
    0x37, 0x45, 0x7, 0xa4, 0x69, 0xe0, 0xe5, 0x4a,
    0x22, 0xd, 0x96, 0x16, 0x86, 0xbd, 0x21, 0x61,
    0x91, 0xf0, 0x7e, 0xbd, 0x60, 0x44, 0x2f, 0x48,
    0x57, 0x40,

    /* U+7EA7 "级" */
    0x9, 0xf, 0xf9, 0xcf, 0xf2, 0x15, 0xc, 0xf8,
    0x40, 0x82, 0xc, 0x86, 0xa2, 0x80, 0x92, 0x1a,
    0xa0, 0x60, 0x70, 0x4b, 0x1, 0x39, 0x9, 0xe4,
    0x9, 0xe0, 0x44, 0x25, 0x5, 0x2, 0xf4, 0x8a,
    0xd0, 0x95, 0xf0, 0x6c, 0x2f, 0x5b, 0x46, 0x88,
    0x39, 0x40, 0x77, 0xa0, 0x67, 0x70, 0xb8,

    /* U+7EAC "纬" */
    0x3, 0x4, 0xe1, 0xec, 0x3f, 0xf8, 0xc, 0x7a,
    0x3e, 0x45, 0x1f, 0x47, 0xc9, 0x70, 0xf1, 0xe8,
    0x49, 0x99, 0x2a, 0x1d, 0x61, 0xc5, 0x4, 0xa8,
    0xf4, 0x7c, 0x91, 0xde, 0x8f, 0x20, 0xbd, 0x7,
    0x90, 0x37, 0x90, 0x9c, 0x56, 0x5a, 0x13, 0xe1,
    0xe4, 0x3f, 0x80,

    /* U+7EAF "纯" */
    0x9, 0xd, 0x21, 0xe8, 0x3f, 0xe5, 0x1f, 0x37,
    0xa0, 0x55, 0xf3, 0x7a, 0x25, 0x88, 0x34, 0x13,
    0x45, 0x6, 0x41, 0x41, 0xf, 0xf5, 0x10, 0x4f,
    0x5, 0x96, 0x58, 0x7a, 0x9c, 0xbb, 0xb0, 0x2d,
    0xc1, 0xec, 0xba, 0x83, 0x90, 0x76, 0x85, 0xdd,
    0x0,

    /* U+7EB2 "纲" */
    0x9, 0xf, 0xfe, 0x4, 0xf, 0xf8, 0xa, 0xb,
    0xf8, 0x2a, 0x28, 0x92, 0x80, 0x92, 0x5, 0x7,
    0x2, 0xb5, 0x1, 0xd4, 0xe, 0x20, 0xa3, 0xd,
    0x62, 0x4, 0xc2, 0xcf, 0x81, 0x45, 0x2, 0x9f,
    0x12, 0xd8, 0x12, 0xf1, 0xc5, 0x83, 0xf4, 0x21,
    0x20, 0xe4, 0x3d, 0x70, 0x7b, 0xa, 0xd0,

    /* U+7EB3 "纳" */
    0xf, 0xfe, 0x26, 0x1d, 0x87, 0x21, 0xff, 0xc0,
    0xe0, 0xff, 0x95, 0x3f, 0x1f, 0x1b, 0x28, 0xf1,
    0xe0, 0x23, 0x4, 0x87, 0x42, 0x83, 0x90, 0x95,
    0xd0, 0x13, 0x20, 0x8f, 0x42, 0x54, 0xf, 0x42,
    0x50, 0x60, 0x37, 0x2, 0x40, 0x83, 0x3c, 0x88,
    0x7a, 0x81, 0xf3, 0xa1, 0xec, 0x27, 0x80,

    /* U+7EB5 "纵" */
    0x9, 0x2, 0x4, 0x3c, 0xc0, 0x81, 0x7, 0xa8,
    0x1f, 0xf2, 0xd0, 0x7f, 0xad, 0x41, 0xfc, 0x94,
    0xc0, 0x87, 0x9c, 0x82, 0x83, 0xe9, 0x41, 0x28,
    0x42, 0x5b, 0x81, 0x42, 0x9, 0xf5, 0xc8, 0xa1,
    0x3, 0x7c, 0xc3, 0x50, 0x1f, 0x9d, 0xe1, 0x20,
    0x27, 0x81, 0x20, 0xc0,

    /* U+7EB7 "纷" */
    0xf, 0xfe, 0x2e, 0x12, 0xe0, 0xe5, 0x5, 0x3,
    0xe, 0xb4, 0x45, 0x83, 0x2d, 0x34, 0x5, 0x85,
    0x3b, 0x28, 0x9, 0x82, 0x4a, 0x1f, 0xa8, 0x5,
    0x49, 0x66, 0x88, 0x32, 0xc0, 0x87, 0xd4, 0xe4,
    0x8, 0x86, 0x55, 0xe2, 0xc3, 0xd6, 0x5e, 0x50,
    0x10, 0xae, 0x36, 0x9a, 0x1f, 0x3c, 0x5c, 0x10,

    /* U+7EB8 "纸" */
    0xf, 0xfa, 0xd, 0x81, 0xa7, 0x83, 0x48, 0x2f,
    0x1c, 0x13, 0x20, 0x50, 0x74, 0x90, 0x7f, 0x26,
    0x83, 0xc7, 0xa1, 0x4, 0xf, 0x1e, 0x89, 0x83,
    0xfd, 0x96, 0x87, 0xe6, 0xf2, 0x12, 0x82, 0x9b,
    0x40, 0x9b, 0x9e, 0x34, 0xe8, 0xc9, 0x70, 0x56,
    0x24, 0x21, 0xb4, 0x16, 0x0,

    /* U+7EB9 "纹" */
    0xf, 0x28, 0x3e, 0xd0, 0xa8, 0x1f, 0x20, 0x70,
    0xf5, 0x7, 0xe7, 0xd0, 0x15, 0x99, 0xe9, 0x88,
    0xc4, 0x36, 0x17, 0x10, 0x14, 0x38, 0x19, 0x23,
    0x80, 0x82, 0x1f, 0x9, 0xa1, 0x53, 0x90, 0x24,
    0x1d, 0x78, 0x51, 0x84, 0xdf, 0x55, 0xba, 0x3a,
    0x7, 0x4a, 0x83, 0xd8, 0x67, 0x0,

    /* U+7EBD "纽" */
    0x2, 0x1f, 0xfc, 0x8, 0x7f, 0xc1, 0x28, 0x7c,
    0x78, 0x35, 0x14, 0x21, 0xe5, 0x12, 0x4, 0x3a,
    0x74, 0x3f, 0xa4, 0x8e, 0x7c, 0x12, 0xa6, 0xe7,
    0x82, 0x8c, 0x8f, 0x1, 0x5, 0xcc, 0x1f, 0x9b,
    0xe0, 0xd8, 0x6f, 0xad, 0xb5, 0x62, 0x81, 0xff,
    0x80,

    /* U+7EBF "线" */
    0xf, 0xfe, 0x1a, 0x82, 0x98, 0x3a, 0xc, 0x83,
    0xe, 0x50, 0x69, 0x40, 0xa1, 0x31, 0x61, 0x2b,
    0xc9, 0x97, 0x1, 0x12, 0x41, 0x7c, 0x99, 0x16,
    0x3e, 0x93, 0x7a, 0x9c, 0xd1, 0x13, 0x7, 0x72,
    0x3f, 0x91, 0x14, 0x15, 0xda, 0x62, 0x1d, 0xe6,
    0xdd, 0xec, 0x80, 0x9c, 0x51, 0x80,

    /* U+7EC4 "组" */
    0x9, 0xf, 0xfe, 0x4, 0xb, 0xf2, 0x15, 0x2,
    0xbc, 0x86, 0x54, 0x1f, 0xd4, 0x50, 0x2f, 0x21,
    0x34, 0x41, 0x78, 0x32, 0x88, 0x39, 0xa, 0x60,
    0xff, 0x65, 0xa5, 0xe4, 0x2a, 0x78, 0x17, 0x90,
    0xdf, 0x7, 0xf6, 0x74, 0x6f, 0x36, 0x50, 0x7f,
    0xf0,

    /* U+7EC6 "细" */
    0xf, 0xfe, 0x26, 0xf, 0xf2, 0x5, 0x5, 0x43,
    0xd, 0x61, 0x28, 0x39, 0x1d, 0xf, 0xd3, 0x8,
    0x7e, 0x46, 0x7, 0x8c, 0x28, 0x50, 0x3c, 0x61,
    0x4a, 0xd0, 0xfe, 0x6d, 0xf, 0xd4, 0x28, 0x1f,
    0xae, 0xe3, 0xc6, 0x17, 0xc8, 0x3f, 0x0,

    /* U+7EC7 "织" */
    0xb, 0xf, 0xfe, 0x2, 0x81, 0xfe, 0xd, 0x40,
    0xbf, 0x6, 0x93, 0xf, 0xf2, 0x68, 0x7f, 0x90,
    0x41, 0xfe, 0x98, 0x2f, 0xc1, 0xb3, 0xcf, 0xf8,
    0x33, 0xe4, 0x95, 0x6, 0xfc, 0xcb, 0x18, 0x1e,
    0x3c, 0xe0, 0x98, 0x7d, 0x1e, 0xd, 0x60,

    /* U+7EC8 "终" */
    0xf, 0xfe, 0x2e, 0x13, 0x7, 0xd2, 0x14, 0xfa,
    0xc, 0xc8, 0x9e, 0x30, 0xa4, 0x99, 0xa0, 0x84,
    0xad, 0x28, 0xac, 0x34, 0x92, 0xa0, 0x41, 0x95,
    0x2b, 0x6d, 0xd0, 0x65, 0xbe, 0xbd, 0x60, 0xfa,
    0x41, 0xdb, 0x4, 0xfc, 0x73, 0x86, 0xf5, 0xc6,
    0x68, 0x6e, 0x43, 0x54, 0x1f, 0xfc, 0x7, 0x8,

    /* U+7ECF "经" */
    0x9, 0xf, 0xfe, 0xc, 0xaf, 0xe8, 0x32, 0x2b,
    0xf1, 0x6, 0xb2, 0xa, 0x43, 0x49, 0x5, 0x30,
    0x65, 0x6c, 0x49, 0x86, 0xa1, 0x4c, 0xf5, 0xa0,
    0x68, 0x94, 0x3, 0x60, 0x8e, 0x2f, 0xe8, 0x8,
    0x3b, 0xcd, 0xc1, 0x7a, 0xf0, 0x7f, 0x3e, 0x30,
    0xfe, 0xee, 0xf9, 0xbe, 0x0,

    /* U+7ED1 "绑" */
    0xf, 0x30, 0x7e, 0x60, 0xeb, 0xe0, 0xbc, 0x73,
    0x8c, 0x84, 0xa3, 0x56, 0xf, 0x2, 0x68, 0x61,
    0x94, 0x4, 0x6e, 0x70, 0xf9, 0x47, 0x38, 0x7b,
    0x20, 0xfa, 0x80, 0xce, 0xe7, 0x45, 0x1, 0xbb,
    0x56, 0x87, 0x45, 0x83, 0xb, 0x41, 0xde, 0x14,
    0x17, 0x2, 0xd3, 0x83, 0xf2, 0x16, 0x82, 0x81,
    0x0,

    /* U+7ED3 "结" */
    0x9, 0xc, 0xc1, 0xf4, 0x1f, 0xfc, 0x9, 0xe,
    0x43, 0xcc, 0x3e, 0x8f, 0x80, 0xa3, 0x7d, 0x3f,
    0x2, 0x74, 0x56, 0xb0, 0x52, 0x47, 0x87, 0xc8,
    0x15, 0x2a, 0xbc, 0x83, 0x2c, 0xbf, 0x82, 0xfa,
    0x5, 0xf0, 0x73, 0xf0, 0x7f, 0x5d, 0xc5, 0xf0,
    0x6a, 0x21, 0x5f, 0x4,

    /* U+7ED5 "绕" */
    0xa, 0xa, 0xf, 0xca, 0x9, 0xf, 0xd4, 0x2c,
    0xfd, 0x1, 0x1a, 0x71, 0xbc, 0x9, 0x90, 0x26,
    0x4, 0x8, 0xe3, 0x84, 0xc0, 0x84, 0xbb, 0xf4,
    0x9, 0x25, 0x5e, 0x98, 0xa, 0xee, 0x33, 0xe0,
    0x73, 0x1, 0xf, 0x9f, 0x8a, 0x6, 0xc1, 0xfd,
    0x5, 0xe4, 0x10, 0x3c, 0x83, 0xe8,

    /* U+7ED9 "给" */
    0xf, 0xfe, 0x2c, 0x1a, 0x43, 0xc8, 0x73, 0x7,
    0xa8, 0x17, 0x30, 0x64, 0x19, 0xc, 0xa0, 0xaa,
    0x27, 0x7, 0x40, 0xa6, 0x2f, 0xd0, 0x5b, 0x33,
    0xf9, 0x81, 0x3e, 0x7f, 0xc1, 0x2b, 0xc9, 0x7a,
    0xd, 0xcb, 0x8, 0x10, 0xcd, 0xc1, 0xfe, 0xcf,
    0x27, 0xe0, 0xd4, 0xd, 0xf8, 0x20,

    /* U+7EDC "络" */
    0xf, 0x21, 0xfb, 0xb, 0x96, 0x9, 0x41, 0x2a,
    0xa0, 0xad, 0x31, 0xd4, 0x4, 0x12, 0xb7, 0x60,
    0x65, 0x18, 0x48, 0x2a, 0x8, 0xe5, 0x48, 0x2c,
    0xa3, 0x91, 0x31, 0xeb, 0x6a, 0x76, 0xf8, 0x2f,
    0x83, 0x3e, 0x43, 0x21, 0x5f, 0x20, 0xf4, 0x15,
    0x3, 0xbe, 0x8,

    /* U+7EDD "绝" */
    0xa, 0xa, 0xf, 0xa0, 0xcf, 0xc1, 0x98, 0xa,
    0x90, 0xd2, 0x65, 0x15, 0x84, 0xf3, 0x1e, 0x3c,
    0x14, 0x89, 0xb6, 0x16, 0x53, 0xf, 0xd2, 0x48,
    0x10, 0xe4, 0xf2, 0x65, 0x85, 0xd8, 0x9f, 0xc0,
    0xf8, 0x43, 0xd9, 0xe9, 0x1f, 0xe8, 0x3d, 0x7f,
    0x20,

    /* U+7EDF "统" */
    0xf, 0xa0, 0xfc, 0xe1, 0x79, 0xf, 0x71, 0xe8,
    0xbc, 0x84, 0xb7, 0x95, 0xf2, 0xa, 0x10, 0xa8,
    0xd0, 0x9b, 0xaf, 0x10, 0x52, 0xc3, 0xf5, 0x41,
    0x3d, 0xca, 0x86, 0x4, 0x79, 0xf, 0xef, 0x42,
    0x83, 0x90, 0x37, 0x14, 0xd, 0x3, 0xea, 0x28,
    0x6e, 0x4, 0x82, 0x80, 0xbc, 0x80,

    /* U+7EE2 "绢" */
    0x2, 0x1f, 0xf4, 0xb, 0xf8, 0xa, 0xa, 0xf8,
    0x2a, 0x92, 0xf8, 0x11, 0x2a, 0xfe, 0x39, 0x8f,
    0xf2, 0x80, 0x83, 0xf3, 0x95, 0x27, 0xe4, 0x8c,
    0x2f, 0xc9, 0x74, 0x7, 0xe4, 0xf, 0x81, 0xf9,
    0x2a, 0xd0, 0xf7, 0x68, 0x7b, 0x50, 0x76, 0x17,
    0x80,

    /* U+7EE7 "继" */
    0xf, 0xfe, 0x2e, 0xc, 0x2c, 0x39, 0xd, 0x40,
    0xb0, 0xa8, 0x14, 0xa1, 0x40, 0x5b, 0x41, 0x3,
    0xc0, 0x9c, 0x4e, 0x83, 0x3, 0xc6, 0xf, 0x2,
    0xc2, 0xa0, 0x83, 0x4d, 0x4, 0xd8, 0x23, 0x28,
    0xe, 0xf2, 0xd, 0x4, 0x5, 0x5c, 0x40, 0x44,
    0x16, 0x50, 0xf9, 0xf2, 0x5c, 0x9f, 0xf2,

    /* U+7EEA "绪" */
    0x9, 0xd, 0x87, 0x98, 0x3e, 0x42, 0xa0, 0x3c,
    0x6c, 0x19, 0x47, 0x8f, 0x20, 0xa3, 0x2c, 0x4e,
    0x8d, 0x5f, 0xa, 0xf1, 0xad, 0x44, 0xea, 0x3,
    0x1e, 0x7, 0xc0, 0xce, 0xe7, 0xd0, 0x4d, 0xc0,
    0x7d, 0x5, 0x16, 0x7, 0xe0, 0xbf, 0x1, 0xf8,
    0x2e, 0x42, 0x7d, 0x0,

    /* U+7EED "续" */
    0xf, 0xfe, 0x26, 0x1b, 0xf, 0x48, 0x7f, 0xcc,
    0x3e, 0x3e, 0x4, 0x99, 0xe3, 0xe0, 0x24, 0xde,
    0x3e, 0x48, 0x6d, 0x53, 0x88, 0xa8, 0xc1, 0x83,
    0x6, 0x7c, 0x78, 0x39, 0xbd, 0x34, 0x7d, 0x12,
    0x53, 0x87, 0xd3, 0xf8, 0x10, 0x34, 0x6e, 0x2d,
    0xeb, 0x8, 0x3e, 0x80, 0xf8,

    /* U+7EF3 "绳" */
    0x9, 0xf, 0xfa, 0xc7, 0xf8, 0x33, 0x1, 0xf8,
    0x32, 0xd0, 0xfc, 0x1a, 0xed, 0xa1, 0x40, 0x24,
    0x3d, 0xa, 0x87, 0x20, 0x78, 0xe0, 0x96, 0x7,
    0x8e, 0xa, 0x78, 0xa1, 0xa1, 0x5e, 0x8a, 0x1a,
    0x1a, 0xe9, 0xe3, 0xd4, 0x3e, 0x90, 0xbe, 0x4,
    0x87, 0x7e, 0x80,

    /* U+7EF4 "维" */
    0x9, 0x9, 0x10, 0xf4, 0x7, 0x24, 0x35, 0x1,
    0xe2, 0xe, 0x54, 0xab, 0xa6, 0x92, 0xd1, 0xe3,
    0xc8, 0xa8, 0x2f, 0x1e, 0x4d, 0x5e, 0x28, 0x51,
    0x14, 0x50, 0x50, 0xa0, 0x40, 0xe3, 0xc7, 0x93,
    0xd0, 0x9e, 0x3c, 0x8d, 0xe0, 0xfe, 0xfa, 0x4f,
    0x1f, 0x12, 0x1b, 0xfc,

    /* U+7EF8 "绸" */
    0x2, 0x1f, 0xf4, 0x3f, 0xf0, 0xa0, 0xb9, 0xe0,
    0x54, 0x16, 0xa0, 0x4b, 0x2, 0x4c, 0x35, 0x1,
    0xa6, 0xb, 0x10, 0x63, 0x81, 0x9b, 0x2, 0xc0,
    0x81, 0xe0, 0x39, 0x9e, 0x8d, 0xf, 0x37, 0x4,
    0xe1, 0x65, 0x9d, 0xf8, 0xa2, 0x28, 0x2e, 0x43,
    0x61, 0xbd, 0x0,

    /* U+7EFC "综" */
    0xf, 0xa0, 0xfa, 0x81, 0xb0, 0xf3, 0x1e, 0x4f,
    0x80, 0xa2, 0x3f, 0x82, 0xbe, 0x57, 0xca, 0x3,
    0x8c, 0xfc, 0xc0, 0x98, 0xbf, 0xc9, 0x23, 0x78,
    0xbc, 0x8a, 0xd3, 0x3, 0x85, 0xe9, 0xe, 0xb0,
    0x37, 0xc8, 0x48, 0x97, 0xa6, 0xd, 0x3, 0x41,
    0x38, 0x4a,

    /* U+7EFF "绿" */
    0xf, 0xfe, 0x23, 0x97, 0xf0, 0x77, 0x17, 0xe0,
    0xe5, 0xa7, 0xf0, 0x74, 0xca, 0xfa, 0x43, 0x95,
    0x7e, 0x9f, 0x3, 0x26, 0x99, 0xe7, 0x4, 0x89,
    0x23, 0xe0, 0x95, 0xe7, 0x4, 0xa0, 0xbe, 0x5a,
    0x14, 0x1b, 0xea, 0xc5, 0x38, 0x17, 0x36, 0x81,
    0xf0, 0x10, 0x95, 0x86, 0x43, 0xe7, 0xc1, 0xc0,

    /* U+7F01 "缁" */
    0xa, 0xa, 0x16, 0x9, 0xa, 0x4, 0xc1, 0x50,
    0x55, 0xd4, 0x5, 0x18, 0x4f, 0xc0, 0xb9, 0x6e,
    0x5c, 0x9, 0x8a, 0x11, 0x26, 0xa0, 0x77, 0x70,
    0x15, 0xe4, 0xf1, 0x85, 0x1c, 0x8a, 0xe, 0xb9,
    0x5, 0xc, 0x35, 0xe4, 0xf1, 0x85, 0xf9, 0x3c,
    0x61, 0x48, 0x6f, 0xc0,

    /* U+7F13 "缓" */
    0x9, 0xf, 0x32, 0x13, 0x9f, 0xe1, 0xb, 0xc4,
    0xef, 0x21, 0x94, 0x2c, 0x41, 0xca, 0x32, 0x31,
    0x41, 0x47, 0x5c, 0xca, 0x2, 0x4, 0x45, 0xd8,
    0x26, 0x3c, 0x7f, 0x2, 0x2d, 0xca, 0xc8, 0x3b,
    0xca, 0x9d, 0x41, 0x27, 0xe5, 0x64, 0x17, 0xae,
    0x61, 0x50, 0x5c, 0x97, 0xd6, 0x60,

    /* U+7F16 "编" */
    0xf, 0xa4, 0x3d, 0xa1, 0x51, 0xf, 0x27, 0xc5,
    0xe4, 0x50, 0x57, 0xe4, 0x15, 0x25, 0xf9, 0x13,
    0x51, 0x7f, 0x2b, 0x60, 0x5f, 0xe1, 0x60, 0xb3,
    0x30, 0x47, 0x7, 0xf3, 0x78, 0x19, 0x98, 0x3e,
    0x93, 0x33, 0x1f, 0x88, 0x34, 0x6, 0x44, 0x2c,
    0x1a, 0x1a, 0x30, 0x9e,

    /* U+7F20 "缠" */
    0x9, 0xd, 0x7, 0xa0, 0xf4, 0x1c, 0xa3, 0xe5,
    0x7c, 0x51, 0x47, 0x5d, 0xab, 0x80, 0xc4, 0x43,
    0x1, 0xb, 0x30, 0x95, 0x86, 0xcc, 0x2d, 0xa0,
    0x72, 0x1d, 0xc2, 0x46, 0x17, 0xe2, 0x50, 0xb1,
    0xe9, 0x54, 0xca, 0x27, 0x28, 0xf4, 0x7c, 0x13,
    0xdf, 0xf0,

    /* U+7F29 "缩" */
    0xf, 0xc8, 0x7d, 0x1, 0x54, 0x50, 0x50, 0x3a,
    0xd, 0x40, 0x60, 0x53, 0xe8, 0xa, 0x3f, 0xe9,
    0x27, 0x86, 0xe3, 0xc4, 0x8e, 0xe, 0x34, 0x56,
    0xa0, 0xbc, 0x16, 0x7a, 0xb, 0xc1, 0x5e, 0x83,
    0x78, 0x24, 0xb0, 0xfe, 0xf1, 0x86, 0xf0, 0x57,
    0x7, 0x78, 0x0,

    /* U+7F30 "缰" */
    0xf, 0xfe, 0x23, 0x1f, 0xf8, 0x2b, 0x20, 0xf6,
    0x4, 0x60, 0x22, 0x83, 0x54, 0x1f, 0xfc, 0x9,
    0x80, 0x8a, 0xd, 0xa8, 0xd7, 0xd0, 0x15, 0x7,
    0xec, 0x11, 0xf2, 0x28, 0x50, 0x2f, 0xc1, 0xfc,
    0xaf, 0x1, 0x2, 0x1b, 0xa7, 0x7f, 0x82, 0xb4,
    0xff, 0xc0,

    /* U+7F38 "缸" */
    0x2, 0x1f, 0xfc, 0x1d, 0xf, 0xfe, 0x3, 0x7d,
    0x7f, 0x22, 0x67, 0xae, 0x3c, 0x9e, 0xf, 0x21,
    0xcf, 0x8f, 0x41, 0xf7, 0xc7, 0xa0, 0xfc, 0x85,
    0x7, 0xf4, 0x12, 0x1f, 0xfc, 0xc4, 0x42, 0x43,
    0xed, 0xcf, 0x47, 0xa0, 0xaa, 0x3f, 0xd0, 0x30,
    0xb0, 0xf8,

    /* U+7F50 "罐" */
    0xf, 0xfe, 0x26, 0x1d, 0x98, 0x79, 0x57, 0x8c,
    0xf2, 0x25, 0x5e, 0xbb, 0xc9, 0x43, 0x3d, 0x57,
    0x1, 0x41, 0xa0, 0x30, 0x4e, 0x73, 0x1, 0xf0,
    0x38, 0xb8, 0x50, 0x30, 0x39, 0xd8, 0x49, 0x87,
    0xf2, 0x28, 0x3e, 0x61, 0x2, 0x19, 0x10, 0xb5,
    0x68, 0x4f, 0x5, 0x2a, 0xd1, 0x86, 0x7, 0xf2,

    /* U+7F51 "网" */
    0x3f, 0xfe, 0x7, 0xd7, 0xd4, 0x9, 0x69, 0x1c,
    0x33, 0x6d, 0x58, 0x74, 0xf9, 0x10, 0xe4, 0xc4,
    0x3e, 0x97, 0xa0, 0xca, 0xa6, 0xc8, 0x6e, 0x3,
    0x8, 0x69, 0x1c, 0x10, 0x7f, 0xf2, 0xf9, 0x30,
    0xfb, 0xd0,

    /* U+7F57 "罗" */
    0x7, 0xff, 0x83, 0x78, 0xf1, 0xe0, 0xff, 0xe3,
    0x78, 0xf1, 0xe0, 0xdf, 0x17, 0xf0, 0x74, 0x5f,
    0x90, 0xd3, 0xfa, 0x10, 0x39, 0xe8, 0x68, 0x13,
    0xc6, 0x74, 0x43, 0xe5, 0x12, 0x1c, 0xdd, 0x34,
    0x3a, 0xcf, 0x21, 0xe0,

    /* U+7F5A "罚" */
    0x3f, 0xfc, 0x17, 0x8f, 0x16, 0x1a, 0xca, 0x14,
    0xb, 0x2e, 0x9f, 0x21, 0x70, 0x50, 0xa1, 0x46,
    0x12, 0x1d, 0xc1, 0xfc, 0xc1, 0xff, 0xcd, 0xb4,
    0xc3, 0xf6, 0x81, 0x83, 0x70, 0x77, 0x80,

    /* U+7F6A "罪" */
    0x7, 0xff, 0x83, 0xbc, 0x78, 0xf0, 0x7b, 0xc7,
    0x8f, 0x7, 0x7d, 0x7a, 0xf8, 0x3e, 0x81, 0x7,
    0xdf, 0x6, 0xfa, 0xb, 0xe0, 0xdf, 0x41, 0x5e,
    0xd, 0xf0, 0x6a, 0x83, 0x7c, 0x17, 0xac, 0x37,
    0xe0, 0x7c, 0xa0, 0xbf, 0x6, 0xd8, 0x3f, 0xee,
    0xb, 0xe,

    /* U+7F6E "置" */
    0x3f, 0xfc, 0x1a, 0xcf, 0x16, 0x1d, 0x43, 0x8a,
    0x6, 0xa7, 0x45, 0x5c, 0x6, 0xb8, 0x6a, 0xc7,
    0xd5, 0x15, 0xb1, 0x8a, 0x8a, 0x83, 0xf2, 0xe0,
    0xff, 0xe4, 0xbf, 0x83, 0xe8, 0xfc, 0x86, 0x79,
    0x7d, 0x61, 0x7f, 0xf8,

    /* U+7F8A "羊" */
    0xa, 0xd, 0x7, 0xde, 0x2, 0x83, 0xe5, 0x4c,
    0x87, 0x7c, 0xa8, 0x7c, 0x83, 0xf4, 0xfe, 0x42,
    0xfa, 0x7e, 0x43, 0x7c, 0xaf, 0x90, 0xfb, 0xf,
    0xbf, 0xa7, 0xf8, 0xfe, 0x57, 0xf0, 0x7b, 0xf,
    0xfe, 0xa8,

    /* U+7F8E "美" */
    0xd, 0x6, 0x83, 0xfb, 0x4, 0x87, 0xbc, 0x9e,
    0x4f, 0x6, 0xfc, 0xaf, 0xc1, 0xdf, 0x2b, 0xe4,
    0x3b, 0xe5, 0x7c, 0x85, 0xfc, 0xaf, 0xe0, 0x7f,
    0x37, 0xf0, 0x1f, 0xcd, 0xf9, 0x3, 0xf2, 0x2b,
    0xe4, 0x3a, 0x79, 0xc3, 0xaf, 0x18, 0x37, 0xd0,
    0x3b, 0x83, 0x5c, 0x0,

    /* U+7F94 "羔" */
    0xf, 0xfe, 0x36, 0x85, 0x87, 0xee, 0x4, 0x87,
    0xbe, 0x3c, 0xaf, 0x21, 0x7e, 0x57, 0xe4, 0x3e,
    0xc3, 0xf9, 0xfa, 0x7e, 0x83, 0x3f, 0x4f, 0xd0,
    0x7f, 0xf1, 0x6f, 0xd3, 0xfc, 0xb, 0x7b, 0xf5,
    0xe0, 0xa0, 0x43, 0x83, 0x9, 0x50, 0xb0, 0xab,
    0x7, 0x3, 0x4, 0x4, 0x29, 0x2, 0x85, 0x3,
    0x0,

    /* U+7F9A "羚" */
    0xf, 0xe4, 0x39, 0xc9, 0x3, 0x7, 0x2f, 0x2,
    0x10, 0xdb, 0x1a, 0x8e, 0xd, 0xe3, 0xc5, 0x96,
    0x15, 0x9e, 0x9a, 0x6e, 0xb, 0x3b, 0xbe, 0xb0,
    0x93, 0x1e, 0xac, 0x2f, 0x1a, 0xb3, 0xc1, 0xbc,
    0x1f, 0xfc, 0x1e, 0xf, 0x21, 0xa5, 0x7, 0x34,
    0x2, 0x61, 0xe7, 0x40, 0xc1, 0xec, 0x38,

    /* U+7F9E "羞" */
    0xc, 0x87, 0xff, 0x7, 0xc0, 0xd0, 0xe7, 0xc9,
    0xe2, 0xf0, 0x4f, 0x50, 0xd5, 0x86, 0xea, 0x1a,
    0x90, 0xdf, 0x8b, 0xe4, 0x2f, 0xe2, 0xfe, 0x7,
    0xc2, 0xfb, 0xc1, 0xa7, 0x1f, 0x21, 0xd2, 0xa4,
    0xa1, 0xa0, 0xdf, 0x95, 0xc6, 0x85, 0x86, 0xc4,
    0x3b, 0x7e, 0x6f, 0x1e, 0x0,

    /* U+7FA4 "群" */
    0xf, 0xd0, 0x14, 0x7, 0xf8, 0x19, 0x84, 0xe7,
    0x81, 0x12, 0x17, 0x8f, 0x1c, 0xb6, 0xf, 0x1e,
    0x3a, 0x14, 0x3, 0x9e, 0x5, 0x9c, 0x5, 0xaa,
    0x38, 0xa0, 0x4a, 0xa6, 0x28, 0x42, 0xcb, 0x9b,
    0xc7, 0x91, 0x9, 0x2e, 0x3c, 0x92, 0x1e, 0x43,
    0xeb, 0xc1, 0xff, 0x5c, 0x1f, 0x80,

    /* U+7FBD "羽" */
    0xbf, 0xaf, 0xeb, 0xf1, 0x7d, 0xe, 0x1d, 0x86,
    0x6c, 0x35, 0x86, 0x54, 0x12, 0x21, 0xa8, 0x85,
    0xa1, 0xd6, 0x13, 0xe0, 0x5e, 0x81, 0xd3, 0x23,
    0x40, 0xad, 0x5, 0x3, 0x30, 0x7f, 0xf1, 0xfd,
    0x5, 0xd0, 0x2f, 0x21, 0x79,

    /* U+7FC1 "翁" */
    0xf, 0xfe, 0x35, 0x0, 0xe1, 0xf4, 0xd8, 0xda,
    0x13, 0x9c, 0x99, 0x50, 0x5e, 0x92, 0x23, 0x9,
    0x1e, 0xef, 0x88, 0xf, 0xaa, 0xf9, 0xc2, 0x67,
    0xc6, 0xf8, 0x39, 0x20, 0xd8, 0x7d, 0x8, 0x28,
    0x87, 0x3b, 0x8d, 0x41, 0x9e, 0xe0, 0xbc, 0x19,
    0x95, 0xaa, 0x30, 0xf9, 0xe0, 0xbc, 0x0,

    /* U+7FC5 "翅" */
    0xb, 0xf, 0xfe, 0x1b, 0xf3, 0xf0, 0x3c, 0x77,
    0x87, 0xc1, 0x50, 0xa1, 0x81, 0xc2, 0x50, 0xad,
    0x19, 0xf, 0xdc, 0x3e, 0xb, 0xc7, 0x18, 0x18,
    0x2c, 0xd3, 0x8a, 0x83, 0x95, 0x69, 0x68, 0x6a,
    0x20, 0x42, 0x43, 0x63, 0x1c, 0xe, 0x6, 0x78,
    0xdb, 0xcd, 0xa, 0x2, 0xff, 0xa0,

    /* U+7FE0 "翠" */
    0x2f, 0xff, 0x20, 0x87, 0xc4, 0x58, 0x76, 0xd8,
    0xd3, 0xd, 0x6e, 0x9e, 0x90, 0xd7, 0x4, 0xc8,
    0xa0, 0xbd, 0x23, 0xe5, 0x82, 0xe2, 0xf4, 0x5a,
    0x17, 0xaf, 0xd7, 0x82, 0xc6, 0x40, 0xc9, 0xa7,
    0xf2, 0xbf, 0x90, 0xff, 0xe8, 0x0,

    /* U+7FFB "翻" */
    0xe, 0x50, 0x7d, 0x7d, 0x1f, 0xe3, 0x33, 0xf1,
    0xc0, 0x44, 0x88, 0x10, 0x51, 0xb, 0x87, 0x5,
    0x0, 0xab, 0x20, 0xa9, 0xb1, 0xc3, 0x86, 0xdd,
    0xa0, 0xc0, 0x8c, 0xcc, 0x1c, 0x1b, 0x33, 0x88,
    0x3b, 0x30, 0xff, 0x66, 0x1f, 0xef, 0x87, 0x55,
    0x1, 0x85, 0xbc, 0xe8,

    /* U+8000 "耀" */
    0xb, 0xf, 0xfe, 0x1d, 0xf5, 0xf0, 0x34, 0x50,
    0x50, 0x73, 0x92, 0xc2, 0xc1, 0x59, 0x40, 0xc8,
    0x6e, 0x2e, 0x64, 0x90, 0x64, 0xf1, 0x66, 0x87,
    0x96, 0xd5, 0xe0, 0xf6, 0xad, 0x5a, 0x1e, 0xf1,
    0x24, 0x82, 0x77, 0xf, 0xe6, 0xf4, 0x9, 0x2d,
    0x21, 0x9, 0xfe, 0x40,

    /* U+8001 "老" */
    0xf, 0x61, 0xff, 0xc5, 0x50, 0x5f, 0x1f, 0x32,
    0x17, 0xc7, 0x9b, 0xf, 0xe5, 0x61, 0xbf, 0x1c,
    0x7a, 0x7, 0xc8, 0xfe, 0x82, 0x76, 0x80, 0x70,
    0x3c, 0x8a, 0xbd, 0x3, 0xb8, 0xfd, 0x20, 0x90,
    0xb9, 0x4, 0x87, 0xfc, 0xa0, 0xe7, 0xf9, 0x0,

    /* U+8003 "考" */
    0xf, 0x61, 0xff, 0xc5, 0x70, 0xdf, 0x8f, 0xa8,
    0x1b, 0xf1, 0xc4, 0x85, 0x7e, 0x38, 0xbc, 0xa,
    0xc8, 0x2b, 0x82, 0x49, 0x5a, 0x12, 0x7, 0x80,
    0xfa, 0xc3, 0x76, 0x7f, 0x48, 0x52, 0x8f, 0xf2,
    0x1e, 0xbf, 0x84, 0x39, 0x42, 0x83, 0xff, 0x83,
    0xf2, 0x10,

    /* U+8005 "者" */
    0xf, 0x61, 0xff, 0xc6, 0xc3, 0xbe, 0x3f, 0x41,
    0xdf, 0x1e, 0x14, 0x1f, 0xce, 0x61, 0x9f, 0xc4,
    0xb, 0xc0, 0x7d, 0x2, 0xfe, 0x9, 0xe0, 0x5f,
    0x6, 0xb9, 0xbf, 0x7, 0x51, 0x2f, 0xc1, 0xfd,
    0x7e, 0xf, 0xeb, 0xf0, 0x7f, 0x5f, 0x83, 0x0,

    /* U+800C "而" */
    0xff, 0xfe, 0x2a, 0xbf, 0x83, 0x9c, 0x3d, 0x7c,
    0x5f, 0x80, 0xd9, 0x67, 0x83, 0xe4, 0x3f, 0xfd,
    0xd0, 0x20, 0xfc, 0x81, 0xb4, 0x1a, 0x1d, 0x70,

    /* U+800D "耍" */
    0x3f, 0xff, 0x80, 0xf, 0xe2, 0xfe, 0xb, 0xf1,
    0x7e, 0xe, 0xf1, 0xe3, 0xc1, 0xff, 0xcb, 0x80,
    0xe1, 0xd0, 0x10, 0x6d, 0x2, 0xef, 0x2b, 0xea,
    0x60, 0xf8, 0xbd, 0x1f, 0x6, 0x4b, 0xd4, 0xf,
    0xd2, 0x2a, 0xd0, 0xaf, 0xea, 0x7d, 0x2, 0xe8,
    0x87, 0x50,

    /* U+8010 "耐" */
    0xf, 0xfb, 0x3, 0xff, 0x83, 0x9f, 0x9b, 0xe0,
    0xfe, 0x43, 0x28, 0x41, 0x78, 0xbd, 0x78, 0xc2,
    0x54, 0xc7, 0x42, 0xf, 0xf6, 0x1f, 0xfc, 0x15,
    0x7, 0xff, 0x3, 0xc1, 0xff, 0xc0, 0x60, 0xff,
    0xe4, 0x64, 0x87, 0xf9, 0x6d, 0x56, 0x80,

    /* U+8015 "耕" */
    0xa, 0x81, 0x66, 0x1f, 0xfc, 0x6b, 0x56, 0x87,
    0xeb, 0x56, 0x44, 0x48, 0x1d, 0x58, 0x7f, 0x3a,
    0xb6, 0x22, 0x41, 0x6a, 0xe0, 0xc8, 0x56, 0xd,
    0xcc, 0xb0, 0x90, 0x7c, 0x67, 0x82, 0x85, 0x51,
    0xf, 0x6a, 0x28, 0xe1, 0xe6, 0xb, 0x50, 0x7a,
    0xa, 0x60, 0xfe, 0xac, 0x16, 0x10,

    /* U+8017 "耗" */
    0xf, 0xfe, 0x24, 0x87, 0x30, 0x49, 0xa1, 0x50,
    0x27, 0x57, 0x78, 0xe0, 0x32, 0xae, 0x20, 0xce,
    0xad, 0x45, 0x30, 0x3b, 0x6e, 0xf, 0x3, 0xcd,
    0x99, 0x21, 0x78, 0x1a, 0xb, 0xc8, 0x20, 0x76,
    0x7c, 0x8b, 0x4f, 0x84, 0x35, 0x82, 0x43, 0x49,
    0x87, 0x9f, 0x28, 0x3f, 0x5f, 0x0,

    /* U+8033 "耳" */
    0x3f, 0xfe, 0x7, 0x8b, 0xf1, 0xe0, 0xff, 0xe3,
    0x5f, 0x83, 0xf5, 0xf8, 0x3f, 0xf9, 0x37, 0xe0,
    0xfd, 0x7e, 0xf, 0xdb, 0x51, 0xf1, 0xe4, 0xcf,
    0x1f, 0x1e, 0xac, 0xa0, 0xff, 0xe2, 0x80,

    /* U+8036 "耶" */
    0x3f, 0xeb, 0xe8, 0x19, 0x78, 0xcb, 0x43, 0xff,
    0x82, 0xc1, 0xaf, 0x6, 0x43, 0xd7, 0x83, 0x68,
    0x7c, 0x86, 0xd0, 0xeb, 0x83, 0x34, 0xd, 0x78,
    0x39, 0x41, 0xcc, 0x1c, 0x85, 0x96, 0x1b, 0xd4,
    0x7, 0xd4, 0xb, 0xe4, 0x3f, 0xf8, 0x60,

    /* U+803F "耿" */
    0xf, 0xec, 0x3b, 0xfc, 0x1f, 0xb3, 0xc6, 0x1f,
    0xfc, 0x2c, 0x26, 0xd, 0xe0, 0xf5, 0x86, 0xf1,
    0x20, 0x44, 0x37, 0x8a, 0x5, 0x87, 0x78, 0x24,
    0x3f, 0x90, 0xb2, 0xc, 0x9c, 0x13, 0x7, 0x4d,
    0x82, 0x15, 0x85, 0xc8, 0x27, 0x22, 0xf, 0xd0,
    0x58, 0x0,

    /* U+8042 "聂" */
    0x3f, 0xfe, 0x81, 0xe4, 0x5c, 0x7a, 0xf, 0xfe,
    0x42, 0xe0, 0xf2, 0x86, 0xb1, 0x50, 0x3c, 0xf,
    0x5, 0xf0, 0x17, 0x8a, 0x14, 0x41, 0xbe, 0x25,
    0x72, 0x1b, 0xe4, 0x9a, 0x83, 0x22, 0xc2, 0xc1,
    0xae, 0xaf, 0x19, 0xc0, 0xf2, 0x3e, 0x8b, 0xc0,

    /* U+804A "聊" */
    0xf, 0xc8, 0x77, 0xf3, 0xcf, 0xc6, 0x6d, 0x58,
    0x30, 0xfc, 0xe1, 0xf6, 0x87, 0xfd, 0xa1, 0xff,
    0x68, 0x7f, 0xda, 0x4, 0x3f, 0xd9, 0x87, 0xe9,
    0xf8, 0x2c, 0x19, 0xa0, 0xa0, 0x3c, 0x79, 0x4,
    0x21, 0xfd, 0xb8, 0x70,

    /* U+804B "聋" */
    0xf, 0x22, 0x1f, 0xd6, 0xf9, 0xa, 0xf9, 0x52,
    0x5a, 0x5e, 0x8c, 0x95, 0xa1, 0x54, 0x97, 0x19,
    0xe3, 0xb4, 0xbd, 0x4, 0xe2, 0x83, 0x67, 0xa1,
    0x71, 0x70, 0x7f, 0xf1, 0xbc, 0x1f, 0x7a, 0x28,
    0xa2, 0xe3, 0xff, 0x17, 0x7, 0xff, 0x4,

    /* U+8054 "联" */
    0xf, 0xf2, 0x17, 0xf1, 0x82, 0xa, 0x72, 0x26,
    0x81, 0x9c, 0x1d, 0x1b, 0x42, 0x81, 0xe2, 0xf2,
    0x5, 0x7, 0x21, 0xce, 0x7c, 0x7d, 0x1, 0xcf,
    0x81, 0x70, 0x74, 0x81, 0xd, 0x39, 0x33, 0xc1,
    0x3e, 0x9, 0x91, 0x4, 0x1b, 0x41, 0xc8, 0x76,
    0xc1, 0x58,

    /* U+805A "聚" */
    0x3f, 0xfe, 0xb, 0xc, 0xd3, 0x43, 0xcc, 0x82,
    0xdc, 0x39, 0xd1, 0xc3, 0xc8, 0xa0, 0x3b, 0x61,
    0x6f, 0x40, 0x43, 0x5, 0x74, 0x3d, 0x1, 0xb,
    0xa3, 0x40, 0x5c, 0x17, 0x9d, 0x43, 0xd0, 0x39,
    0x82, 0x9c, 0x33, 0xd4, 0x14, 0x68, 0x3b, 0x43,
    0xaf, 0x0,

    /* U+806A "聪" */
    0xf, 0x21, 0x21, 0xbf, 0x8c, 0x12, 0x14, 0xe6,
    0xa9, 0x10, 0xfd, 0x2a, 0x30, 0xce, 0x15, 0xf0,
    0x73, 0x84, 0x87, 0xe7, 0xb, 0xf0, 0x73, 0x82,
    0x69, 0xe0, 0xfb, 0x95, 0x10, 0x5b, 0x92, 0x8,
    0xf0, 0x56, 0x68, 0x13, 0x41, 0x20, 0xa3, 0xfa,
    0xf, 0xd7, 0xc8, 0x0,

    /* U+8086 "肆" */
    0xf, 0xec, 0x39, 0xfc, 0xd0, 0xa0, 0x75, 0x37,
    0x6, 0x87, 0x7a, 0xe4, 0x8c, 0x37, 0xf4, 0x66,
    0x1a, 0x9b, 0x64, 0x1e, 0xf4, 0xe0, 0xe0, 0x31,
    0xf5, 0x83, 0xc8, 0xea, 0xf5, 0xe3, 0xc8, 0x4f,
    0x9e, 0x85, 0x30, 0x44, 0x5e, 0x8f, 0x80, 0xab,
    0x9, 0xf, 0x72, 0x61, 0xf8,

    /* U+808B "肋" */
    0xf, 0xd2, 0x1d, 0xf2, 0x1f, 0xec, 0x3f, 0xf8,
    0x6c, 0xd4, 0x1b, 0xe, 0x45, 0x5, 0x81, 0x9e,
    0xf, 0xf2, 0x12, 0x16, 0x1c, 0x87, 0xb0, 0xff,
    0xe2, 0x28, 0x39, 0x41, 0xac, 0x3b, 0xd, 0x28,
    0x42, 0x68, 0x6c, 0xf4, 0x6, 0x5d, 0x8f, 0x90,

    /* U+808C "肌" */
    0x7, 0xc9, 0xf8, 0x3d, 0x86, 0xf0, 0x7f, 0xf2,
    0x70, 0xff, 0xe0, 0xe1, 0xff, 0xcf, 0xc3, 0xff,
    0x83, 0x87, 0xff, 0x11, 0xe, 0x40, 0xa0, 0xc8,
    0x69, 0x2c, 0x2b, 0xe, 0x40, 0xe6, 0x21, 0x61,
    0x67, 0xac, 0x2f, 0x80,

    /* U+8096 "肖" */
    0x10, 0x9c, 0x24, 0x2d, 0xe, 0x60, 0x3c, 0x84,
    0xd0, 0x34, 0x1b, 0xc8, 0x5d, 0x46, 0xf0, 0x6f,
    0xf4, 0x1c, 0xbe, 0xc3, 0xbf, 0xc8, 0x75, 0x7c,
    0x1d, 0xfe, 0x83, 0xbf, 0xd0, 0x7f, 0xf2, 0x6e,
    0xc0,

    /* U+809A "肚" */
    0xf, 0xec, 0x3d, 0xf8, 0x3f, 0xef, 0x7, 0xff,
    0x3b, 0xc1, 0xff, 0xc0, 0xf0, 0xf8, 0xf4, 0x1f,
    0x3e, 0x3d, 0x6, 0xf0, 0x7f, 0xf0, 0x3c, 0x1f,
    0xe4, 0x3f, 0xf8, 0x48, 0x7f, 0xf0, 0x20, 0xdf,
    0x1f, 0x5, 0x3b, 0xff, 0x3, 0x1e, 0xf, 0xc0,

    /* U+809D "肝" */
    0x7, 0xc9, 0xfd, 0x6, 0xc2, 0xf1, 0x70, 0x7f,
    0xf1, 0xb0, 0xff, 0xe0, 0xe0, 0x58, 0xd4, 0x1f,
    0x7c, 0x3e, 0x42, 0xc1, 0x51, 0x52, 0x16, 0x1f,
    0xfc, 0xd5, 0x7, 0xff, 0x3, 0xc1, 0xff, 0xc0,
    0x54, 0x21, 0xfd, 0x96, 0x1b, 0x42,

    /* U+80A0 "肠" */
    0x3f, 0xfc, 0x85, 0x67, 0xe1, 0x41, 0xf9, 0xe8,
    0x1a, 0xc0, 0xd1, 0xe, 0xb1, 0x8e, 0xa0, 0xf3,
    0x6, 0x42, 0xb0, 0x24, 0xc1, 0xa8, 0x9, 0xf,
    0x94, 0x4d, 0x41, 0xf9, 0xd6, 0x9, 0x41, 0x6d,
    0x8a, 0x3c, 0xe9, 0xe3, 0xa1, 0x2b, 0x88, 0x1e,
    0x0,

    /* U+80A1 "股" */
    0x7, 0xe3, 0xf0, 0x7b, 0x82, 0xf0, 0x7e, 0x43,
    0xe4, 0x37, 0x84, 0x33, 0x6, 0xe2, 0x80, 0xb4,
    0x39, 0x29, 0xe8, 0x83, 0x78, 0x5a, 0x70, 0xef,
    0x3, 0x5c, 0x1f, 0xc9, 0x21, 0x94, 0x1c, 0xac,
    0x37, 0x83, 0x4a, 0x90, 0x96, 0xdc, 0xea, 0xc1,
    0x8f, 0x70, 0x1f, 0x0,

    /* U+80A4 "肤" */
    0xf, 0xda, 0x1c, 0xfc, 0x1f, 0xfc, 0xc, 0x3f,
    0xf8, 0x6f, 0x8b, 0xc1, 0xd8, 0xf8, 0xbc, 0x1d,
    0x87, 0xff, 0xd, 0xa1, 0xd1, 0xd, 0x83, 0x2,
    0x61, 0xd8, 0xac, 0x75, 0x4, 0x86, 0xef, 0x6,
    0xc3, 0x97, 0x82, 0x70, 0x3c, 0xa, 0x21, 0x38,
    0x24, 0xd, 0x1, 0x9e, 0x50, 0x67, 0x0,

    /* U+80A5 "肥" */
    0x7, 0xe7, 0xf8, 0x3b, 0xc0, 0x73, 0xf, 0xfe,
    0x47, 0x83, 0xff, 0x81, 0xe0, 0xff, 0xe0, 0xa0,
    0x62, 0xf, 0x70, 0x5d, 0xc1, 0xde, 0x2, 0xf0,
    0x48, 0x7f, 0xa0, 0x90, 0xfe, 0x41, 0x61, 0x2b,
    0xf0, 0x65, 0x69, 0xfe, 0x6, 0x3c, 0x1f, 0x80,

    /* U+80A9 "肩" */
    0x7, 0xff, 0xc0, 0xff, 0xf8, 0x17, 0xff, 0x21,
    0x3f, 0xf2, 0x19, 0xaf, 0x90, 0xcf, 0xfd, 0x21,
    0x7a, 0xbe, 0xf, 0x3f, 0xc1, 0xf3, 0xfc, 0x19,
    0x3, 0xfc, 0x1c, 0x8f, 0xf0, 0x50, 0x57, 0xf0,
    0x6c, 0x3c, 0xe1, 0x40, 0x90, 0x9f, 0x0,

    /* U+80AF "肯" */
    0xf, 0x30, 0x7f, 0x41, 0xff, 0xc1, 0x42, 0x7f,
    0x7, 0xf3, 0xf8, 0x2f, 0x1e, 0x9f, 0xe4, 0xfa,
    0xbe, 0xf2, 0x15, 0x7e, 0xf, 0x97, 0xc1, 0xfd,
    0xfc, 0x1f, 0x9a, 0xe0, 0xfd, 0x7f, 0x7, 0xff,
    0x3b, 0xc1, 0xf4, 0x85, 0xf0, 0x40,

    /* U+80B2 "育" */
    0xe, 0x90, 0xff, 0x21, 0xef, 0xe2, 0xfc, 0xfc,
    0x9e, 0x9f, 0x25, 0xaa, 0xa7, 0x41, 0xd3, 0xd7,
    0xd0, 0x1a, 0xdf, 0xc1, 0xab, 0x90, 0xff, 0xe3,
    0x57, 0x21, 0xef, 0xe8, 0x3f, 0xf9, 0x5d, 0x3,
    0x61, 0xbc, 0x80,

    /* U+80BE "肾" */
    0xb, 0xf, 0xf6, 0x7, 0xfc, 0x1e, 0x72, 0xd4,
    0x1f, 0xbb, 0x20, 0xfd, 0x1, 0x41, 0x44, 0x5f,
    0x5e, 0x3, 0x4d, 0xbd, 0x4c, 0x35, 0xfa, 0xf,
    0xaf, 0xd0, 0x7d, 0x7e, 0x83, 0xeb, 0xf4, 0x1f,
    0x7f, 0x83, 0xfe, 0x74, 0x3a, 0xc, 0xf0, 0x40,

    /* U+80C6 "胆" */
    0x3f, 0x7, 0xfd, 0x60, 0xff, 0x7, 0xf5, 0xf0,
    0x75, 0x87, 0xff, 0x2, 0xc2, 0xbe, 0xf, 0xf5,
    0xf0, 0x75, 0x87, 0xff, 0x2, 0xc3, 0xff, 0x80,
    0x84, 0xdf, 0x7, 0xf5, 0xfc, 0x4, 0x35, 0xff,
    0x2, 0x76, 0xff, 0x85, 0xb8, 0x3f, 0x80,

    /* U+80CC "背" */
    0xe, 0xc1, 0x87, 0xf2, 0x1d, 0x68, 0x1f, 0x41,
    0xb6, 0x40, 0xfa, 0xd, 0xe7, 0x5, 0x41, 0x9a,
    0xc0, 0xa9, 0xc1, 0x59, 0xd, 0xff, 0x83, 0xea,
    0xf0, 0x7e, 0xaf, 0x7, 0xea, 0xf0, 0x7e, 0xaf,
    0x7, 0xef, 0xf0, 0x7f, 0xf0, 0x3c, 0x84,

    /* U+80CE "胎" */
    0xf, 0xe8, 0x3d, 0xf0, 0x4a, 0xf, 0xb0, 0xdc,
    0x1f, 0xfc, 0x5, 0xa0, 0xec, 0x4d, 0x16, 0xd,
    0x83, 0x1e, 0x60, 0xc8, 0xfe, 0xa2, 0x1b, 0xb,
    0xfa, 0xd, 0x6, 0xf8, 0x32, 0x1f, 0xfc, 0x24,
    0x3f, 0xf8, 0x1e, 0xe, 0xf8, 0x32, 0xb0, 0xdf,
    0x6, 0xcf, 0x3, 0xb, 0x0,

    /* U+80D6 "胖" */
    0xf, 0xec, 0x3d, 0xf0, 0x24, 0x60, 0xec, 0x25,
    0xb, 0x7, 0xd2, 0x15, 0x3, 0x62, 0x41, 0x21,
    0xd8, 0xca, 0x15, 0x87, 0xd5, 0x15, 0x6, 0xc1,
    0x78, 0xf4, 0x4, 0xcb, 0xe3, 0xe4, 0x8, 0x2f,
    0x8f, 0x90, 0xff, 0xe1, 0xf8, 0x3f, 0xf8, 0xa,
    0xc3, 0xfe, 0xcf, 0x6, 0xc3, 0x0,

    /* U+80DA "胚" */
    0x1f, 0x8b, 0xfc, 0x1b, 0x5, 0xe2, 0xf0, 0x7f,
    0xc8, 0x7b, 0xd, 0x21, 0xf6, 0x19, 0x56, 0x1f,
    0xdc, 0x4c, 0x1b, 0x1e, 0x41, 0x21, 0xb1, 0x90,
    0xd8, 0x48, 0x48, 0x7e, 0xc3, 0xff, 0x82, 0xe0,
    0x7e, 0x3e, 0x40, 0xe3, 0xff, 0x26, 0x78, 0x3f,
    0x80,

    /* U+80DC "胜" */
    0xf, 0xec, 0x3d, 0xf2, 0x1f, 0xf6, 0x8c, 0x1f,
    0xc8, 0x3c, 0x1f, 0xd2, 0x36, 0x7c, 0x1a, 0x23,
    0xc7, 0xc1, 0x90, 0x61, 0xfe, 0xcb, 0xe3, 0xd0,
    0x6d, 0x3e, 0x3d, 0x1, 0x41, 0xff, 0xc0, 0xc3,
    0xff, 0x82, 0xe3, 0xf8, 0xf9, 0x3, 0x97, 0xfc,
    0x99, 0xe0, 0xfe,

    /* U+80DE "胞" */
    0xf, 0x90, 0xfd, 0xf0, 0x24, 0x3f, 0x61, 0xaf,
    0xc1, 0x91, 0xdf, 0xa0, 0xec, 0x87, 0xc1, 0xf4,
    0x3f, 0x8, 0x7e, 0x83, 0xc8, 0x6c, 0x2f, 0x7,
    0xec, 0x37, 0x36, 0x4, 0x3f, 0x6a, 0x9, 0xf,
    0x3c, 0xc7, 0x83, 0xfb, 0xc2, 0xb0, 0xdf, 0x94,
    0x67, 0x81, 0xfe, 0x0,

    /* U+80E1 "胡" */
    0xd, 0x87, 0xff, 0x13, 0xf2, 0x1f, 0xde, 0xb,
    0xe3, 0xe0, 0xf7, 0xc7, 0xc7, 0x83, 0xfe, 0xf0,
    0x7f, 0xf1, 0x7c, 0x78, 0x8, 0x7a, 0xf0, 0x56,
    0x1c, 0x87, 0x78, 0x3f, 0x90, 0xfd, 0xf1, 0xa1,
    0xf7, 0xe2, 0x31,

    /* U+80F6 "胶" */
    0xf, 0x94, 0x1e, 0xfc, 0x6, 0x43, 0xde, 0x1a,
    0x1d, 0x10, 0xfb, 0x2f, 0x83, 0x78, 0x5e, 0x84,
    0x2f, 0x3, 0x81, 0x40, 0xfa, 0x42, 0xd4, 0x17,
    0x8a, 0x84, 0x90, 0xbc, 0x13, 0x4c, 0x3f, 0xd2,
    0x21, 0xfe, 0x43, 0xc8, 0x75, 0x3b, 0x81, 0xce,
    0xce, 0x39, 0x92, 0xba, 0x61, 0xac,

    /* U+80F8 "胸" */
    0xf, 0xa0, 0xf7, 0xe1, 0x41, 0xf7, 0x81, 0x9f,
    0xa0, 0x21, 0x3e, 0xb8, 0x2b, 0x39, 0x20, 0xef,
    0x9, 0xe6, 0xc, 0xa2, 0xa3, 0x43, 0x50, 0x24,
    0xc3, 0xbc, 0x17, 0x21, 0xff, 0x69, 0x87, 0xef,
    0x82, 0x50, 0x6d, 0x6c, 0xcd, 0xd0, 0xd6, 0xa0,

    /* U+80FD "能" */
    0xf, 0xfe, 0x1d, 0x2, 0xc3, 0xe6, 0x81, 0xd6,
    0x9, 0x6, 0xf, 0x19, 0xab, 0x44, 0xb9, 0x3f,
    0xc8, 0x82, 0x7, 0xf0, 0x3e, 0xd, 0xf0, 0x3a,
    0x78, 0x2f, 0x81, 0xa8, 0x82, 0xf8, 0x26, 0xc3,
    0x7c, 0x14, 0x70, 0x5f, 0x5, 0xc3, 0x7, 0xe4,
    0x1e, 0xa, 0xd1, 0xbc, 0x26, 0x5c, 0x5f, 0x40,

    /* U+8106 "脆" */
    0xf, 0x90, 0xfb, 0xf0, 0x25, 0x83, 0xbc, 0x8,
    0xac, 0x19, 0x2, 0xd2, 0x68, 0x56, 0x40, 0xc7,
    0xc1, 0x78, 0xcb, 0xf4, 0x1f, 0x9a, 0xc1, 0xbc,
    0x1d, 0xe0, 0xef, 0x7, 0xff, 0x23, 0x43, 0xe4,
    0x37, 0x62, 0x1b, 0x43, 0xee, 0x75, 0x49, 0xf4,
    0x4a, 0xec, 0x1f, 0x90,

    /* U+8109 "脉" */
    0xf, 0x94, 0x1f, 0x7c, 0x17, 0xa0, 0xf6, 0x4,
    0xec, 0x3f, 0xba, 0x90, 0xf6, 0xb, 0xc1, 0xfb,
    0x2b, 0x5, 0x87, 0xbc, 0x15, 0xa1, 0xb1, 0x41,
    0x2a, 0x2, 0x61, 0x30, 0x7c, 0x85, 0x20, 0x90,
    0xfa, 0x60, 0x36, 0xb, 0xb, 0xc, 0xc1, 0x39,
    0x16, 0x12, 0xc, 0xf0, 0x2f, 0x6,

    /* U+810A "脊" */
    0xf, 0xa0, 0xfd, 0xf4, 0xa3, 0xf0, 0x5f, 0x58,
    0x3f, 0x5, 0xf4, 0x97, 0xd0, 0x5f, 0x2b, 0x57,
    0xa0, 0xce, 0xc6, 0xe8, 0x57, 0xf, 0xc0, 0xb0,
    0x5e, 0x3f, 0x47, 0x83, 0xdf, 0xa0, 0xfe, 0xfe,
    0xf, 0xef, 0xe0, 0xfe, 0xfe, 0xf, 0xfe, 0x7,
    0x90, 0xfb, 0xb, 0xd0, 0x40,

    /* U+810F "脏" */
    0xf, 0xfe, 0x15, 0xf0, 0x5a, 0x1d, 0x61, 0xa0,
    0xff, 0x7a, 0x9e, 0x41, 0x61, 0x78, 0xf2, 0xb,
    0xf, 0xfe, 0x2a, 0x28, 0x2b, 0x9, 0xcf, 0x5,
    0x61, 0x31, 0x40, 0x28, 0x3f, 0xf8, 0x68, 0x7c,
    0x86, 0xcf, 0x1e, 0x4a, 0x69, 0x7f, 0x2d, 0x74,
    0x43, 0xc0,

    /* U+8111 "脑" */
    0xf, 0xd0, 0x77, 0xe0, 0xd0, 0x75, 0x8b, 0x62,
    0xc0, 0x43, 0x67, 0x83, 0x78, 0x42, 0x40, 0x82,
    0xc1, 0x5b, 0x82, 0x43, 0x96, 0xd, 0xe0, 0xd8,
    0x7a, 0x81, 0xa6, 0xc, 0xa0, 0xa6, 0x43, 0xfb,
    0x8c, 0x3f, 0xaf, 0x80, 0xd3, 0x4f, 0xe0, 0x2a,
    0xe0, 0xf6, 0x0,

    /* U+8116 "脖" */
    0xf, 0xfe, 0x5e, 0x1e, 0xf8, 0x3f, 0xf8, 0x18,
    0xfc, 0x7c, 0x19, 0x1f, 0x8f, 0x83, 0x45, 0xf1,
    0xf0, 0x68, 0x2f, 0xe0, 0xe4, 0xa7, 0xf8, 0x34,
    0x7, 0xd1, 0x4, 0x87, 0xd4, 0x43, 0x31, 0xf8,
    0xbd, 0x18, 0x5f, 0x8f, 0xa1, 0xc3, 0xff, 0x82,
    0xc8, 0x58, 0x7b, 0x28, 0x17, 0x83, 0x0,

    /* U+811A "脚" */
    0xf, 0x48, 0x7a, 0xf8, 0x37, 0xe0, 0x50, 0x2c,
    0x1c, 0x1e, 0x95, 0x7, 0xa8, 0x4d, 0x3, 0xd4,
    0x13, 0xf, 0xf6, 0x90, 0x7a, 0x84, 0x70, 0x7a,
    0x81, 0x21, 0xe5, 0x2, 0x64, 0xa2, 0x1c, 0xb4,
    0x5c, 0xa0, 0xaf, 0x7, 0x79, 0x94, 0xc, 0x34,
    0xae, 0xd, 0x84,

    /* U+8131 "脱" */
    0xf, 0x90, 0x90, 0xdf, 0x24, 0x82, 0xe, 0xc2,
    0xa1, 0xc1, 0xfe, 0x58, 0x3d, 0x85, 0x19, 0x7,
    0x61, 0xaa, 0xf, 0x21, 0xff, 0xc1, 0xc3, 0x7c,
    0x1e, 0x82, 0xc8, 0xc2, 0x43, 0xe4, 0x3c, 0x86,
    0x90, 0xa4, 0xb0, 0xa6, 0x6, 0xa0, 0x30, 0x18,
    0x1f, 0x3, 0x2d, 0xd0, 0xf0,

    /* U+8138 "脸" */
    0xf, 0xe4, 0x3d, 0xf0, 0x4c, 0x1f, 0x61, 0xa2,
    0xf, 0xf6, 0xec, 0x1d, 0x96, 0xc6, 0xc1, 0xb0,
    0x2b, 0xe0, 0xfd, 0x4e, 0xfa, 0xd, 0x83, 0x74,
    0x90, 0xd8, 0x29, 0xc2, 0x80, 0xa0, 0x91, 0x70,
    0x58, 0x72, 0x54, 0x13, 0x81, 0xdf, 0x1e, 0x40,
    0xe3, 0xff, 0x26, 0x78, 0x3f, 0x80,

    /* U+813E "脾" */
    0xf, 0xe4, 0x3b, 0xf0, 0x5e, 0xf, 0x78, 0x1e,
    0x1f, 0x6, 0x50, 0x59, 0x61, 0xd4, 0xb, 0x2c,
    0x3b, 0xc1, 0x67, 0x83, 0xfd, 0x14, 0xe, 0xf0,
    0x16, 0x38, 0x37, 0x85, 0x5a, 0xc1, 0xf6, 0x50,
    0xf8, 0x3d, 0x7a, 0x3e, 0x14, 0x1f, 0xfc, 0xf,
    0x3a, 0x1f, 0xd2, 0xb8, 0x27, 0xc,

    /* U+814A "腊" */
    0xf, 0xfe, 0x4b, 0x18, 0x77, 0xc1, 0xff, 0xc0,
    0xc1, 0xce, 0x78, 0x34, 0xe, 0x73, 0xc1, 0x90,
    0xff, 0xe0, 0xc7, 0xa7, 0x3c, 0x84, 0x9f, 0xf9,
    0x9, 0x3, 0xfc, 0x1d, 0x6, 0xf8, 0x3d, 0x86,
    0xf8, 0x32, 0x1e, 0xf8, 0x36, 0xa0, 0xdf, 0x7,
    0x5a, 0x17, 0xc1, 0xa2, 0x83, 0x85, 0x80,

    /* U+8154 "腔" */
    0xf, 0xd8, 0x77, 0xe0, 0xff, 0x78, 0xbc, 0x7c,
    0x81, 0x40, 0xa7, 0x61, 0xa8, 0x14, 0x6a, 0xb,
    0xc5, 0xa0, 0xc3, 0x48, 0x51, 0x79, 0xb, 0x3,
    0xf5, 0x2, 0xa0, 0x3c, 0x5e, 0xf, 0xf2, 0x1f,
    0xfc, 0x48, 0x37, 0xc7, 0xe2, 0x77, 0xff, 0x4a,
    0xe0, 0xfc,

    /* U+8165 "腥" */
    0x3f, 0x1f, 0xe0, 0xde, 0xb, 0xf0, 0x7f, 0xbf,
    0x7, 0x78, 0x2f, 0xc1, 0xde, 0xb, 0xf0, 0x72,
    0x82, 0xb3, 0xc1, 0xa8, 0x15, 0x9e, 0x82, 0xf1,
    0xde, 0x3d, 0x7, 0xaf, 0x8f, 0x7, 0xcd, 0xe3,
    0xc0, 0x90, 0xaf, 0x8f, 0x93, 0x76, 0xff, 0x99,
    0x5c, 0x1f, 0xc0,

    /* U+8170 "腰" */
    0xf, 0xfe, 0x17, 0xeb, 0xfd, 0x3, 0xc5, 0x91,
    0xe8, 0x39, 0xc8, 0xf0, 0x5e, 0x4, 0x66, 0x1b,
    0xc0, 0xc4, 0x3f, 0xc9, 0x18, 0x6f, 0xf, 0x3f,
    0x5, 0xe3, 0xd3, 0xf8, 0x3b, 0x9e, 0x3c, 0x1e,
    0x9e, 0x80, 0x50, 0x69, 0x1a, 0x1e, 0x77, 0xbd,
    0x65, 0x15, 0xde, 0x42, 0xa0,

    /* U+8179 "腹" */
    0xf, 0x28, 0x3e, 0xfc, 0x77, 0xf0, 0x5e, 0x3,
    0x7f, 0x7, 0xb2, 0xfc, 0x1b, 0xc2, 0x56, 0xe,
    0xf1, 0x15, 0x83, 0x94, 0x12, 0xe0, 0xea, 0x2,
    0x4f, 0x41, 0xbc, 0x19, 0xa8, 0x3e, 0x61, 0xc8,
    0x3e, 0xed, 0xd4, 0x5, 0x5, 0x30, 0x14, 0xf,
    0x3b, 0xe3, 0xd7, 0x99, 0x5d, 0xe8, 0xd, 0xa0,

    /* U+817E "腾" */
    0xf, 0xc8, 0x7b, 0xf3, 0x93, 0x21, 0xb8, 0x2c,
    0x9c, 0x32, 0x7, 0x4f, 0x41, 0xa8, 0x79, 0x3e,
    0x82, 0xe3, 0x56, 0x3c, 0x1e, 0xd2, 0x56, 0x85,
    0xc2, 0xbc, 0xd0, 0x37, 0x12, 0x1c, 0x87, 0xcf,
    0x9e, 0xf, 0xa5, 0xc1, 0x90, 0xd7, 0xe1, 0xa,
    0x24, 0x36, 0xe0, 0x51, 0xc1, 0xbc, 0x80,

    /* U+817F "腿" */
    0x3e, 0x60, 0x7e, 0xd, 0x89, 0x3, 0xc1, 0xfa,
    0x41, 0xe0, 0xec, 0x2c, 0x1e, 0xe, 0xc5, 0x81,
    0xe0, 0xfd, 0xc0, 0x9a, 0x5, 0x8c, 0x12, 0xa8,
    0x16, 0x1f, 0x28, 0x3f, 0xe8, 0x50, 0x7e, 0x81,
    0x4c, 0x50, 0x1c, 0x68, 0x31, 0xf1, 0xbd, 0x3f,
    0x13, 0xea, 0xf, 0xf0,

    /* U+8180 "膀" */
    0xf, 0xce, 0x1c, 0xfc, 0x87, 0xf9, 0xc1, 0xe8,
    0xf4, 0x12, 0x16, 0xad, 0x50, 0x68, 0xf2, 0xb5,
    0x41, 0x30, 0x5e, 0xb9, 0x9, 0x7, 0x2, 0x18,
    0x36, 0x7a, 0xca, 0x68, 0x1c, 0xf8, 0xbe, 0x43,
    0xca, 0x2a, 0x41, 0x87, 0x2b, 0xc1, 0x9c, 0x35,
    0xa8, 0x39, 0xc1, 0xcf, 0x21, 0x67, 0x9d, 0x2e,
    0x0,

    /* U+818F "膏" */
    0xe, 0xc3, 0xd7, 0xe3, 0xf9, 0xb5, 0xfd, 0xa0,
    0x43, 0xc8, 0x72, 0xfc, 0xf, 0x2f, 0xc7, 0x3a,
    0xfe, 0x88, 0xb, 0xc2, 0xa1, 0x17, 0x85, 0x3,
    0x17, 0xc1, 0xcf, 0xf8, 0x39, 0xff, 0x7, 0x57,
    0x68, 0x82, 0x43, 0x3e, 0x0,

    /* U+819C "膜" */
    0xf, 0x30, 0x30, 0xdf, 0x9d, 0xa1, 0x21, 0x78,
    0x76, 0x86, 0x87, 0xcc, 0xd, 0xd, 0xe0, 0x7f,
    0x83, 0x78, 0x2a, 0xc1, 0xfe, 0xfc, 0x1d, 0xe0,
    0xf2, 0x1d, 0xe0, 0x5a, 0x50, 0x3e, 0xe8, 0x34,
    0xc3, 0xde, 0x95, 0x78, 0x50, 0x66, 0xb2, 0xf,
    0x39, 0xf0, 0x3b, 0x25, 0x7d, 0x6, 0xf0,

    /* U+81A8 "膨" */
    0xf, 0xb0, 0xc8, 0x3f, 0x7, 0xd0, 0x5e, 0x3c,
    0x71, 0x21, 0xef, 0x1c, 0xa8, 0x2f, 0xe, 0x74,
    0xc3, 0x78, 0x5d, 0xe3, 0x9, 0x42, 0x61, 0x70,
    0x5e, 0x3, 0x3e, 0x90, 0xa8, 0x2b, 0x6d, 0x90,
    0xf2, 0xc0, 0x58, 0x3c, 0xc6, 0x50, 0x50, 0x4a,
    0x1b, 0x93, 0xce, 0x97, 0x52, 0x9, 0x5c, 0xa0,
    0x68, 0x40,

    /* U+81C2 "臂" */
    0xf, 0xec, 0x37, 0xf5, 0x45, 0x10, 0x5e, 0x40,
    0xc8, 0x82, 0xf2, 0x64, 0x4, 0x8, 0x5e, 0x44,
    0x9, 0xb0, 0xb0, 0xb1, 0x3, 0x4f, 0x3e, 0x17,
    0xdf, 0x38, 0x79, 0x7c, 0x1f, 0xfc, 0x85, 0xf0,
    0x7d, 0xfe, 0xf, 0xfb, 0xc8, 0x0,

    /* U+81EA "自" */
    0xf, 0xfe, 0x1e, 0x1f, 0xa0, 0xf7, 0xc9, 0xf0,
    0x5f, 0xe1, 0xf, 0xfe, 0x7, 0xf8, 0x37, 0xf8,
    0x3f, 0xf8, 0x5f, 0xe0, 0xdf, 0xe0, 0xff, 0xe1,
    0x7f, 0x83, 0x7f, 0x82, 0xc3, 0xda,

    /* U+81ED "臭" */
    0xf, 0x50, 0x3f, 0x9a, 0x2a, 0xa0, 0xf6, 0x74,
    0xf2, 0x1f, 0x35, 0xc1, 0xf9, 0xfe, 0xf, 0xcf,
    0xf0, 0x7e, 0x7f, 0x83, 0xf3, 0xfc, 0x1f, 0x5e,
    0x8f, 0x83, 0x3f, 0xa3, 0xf8, 0xf, 0xc9, 0x17,
    0xc1, 0x36, 0x6d, 0x34, 0x2a, 0x1c, 0x7, 0xa6,
    0x97, 0x7, 0x9f, 0x20,

    /* U+81F3 "至" */
    0xbf, 0xfc, 0xdf, 0x27, 0xf2, 0x19, 0xc6, 0xf,
    0x70, 0x13, 0xb, 0xc5, 0xf2, 0x60, 0xfd, 0x4f,
    0x94, 0x1d, 0x86, 0x91, 0xf9, 0xbe, 0x40, 0xfc,
    0xaf, 0x90, 0xfb, 0xe, 0xfe, 0x6f, 0xd7, 0xff,
    0xd0,

    /* U+81F4 "致" */
    0xf, 0xe8, 0x3b, 0xfd, 0x8, 0x77, 0x95, 0xe9,
    0xf, 0xcd, 0x10, 0xbe, 0xa, 0x4e, 0x27, 0x20,
    0x4a, 0xe2, 0xc, 0x82, 0xf3, 0xe4, 0x3f, 0xc8,
    0x1d, 0x90, 0x9f, 0x1f, 0x1, 0x82, 0x7c, 0x79,
    0x10, 0xfe, 0x68, 0xa2, 0xa, 0xf1, 0xe2, 0x9b,
    0x3, 0xf4, 0xad, 0x30, 0x90, 0xec, 0x34, 0x0,

    /* U+8205 "舅" */
    0xe, 0x60, 0xfd, 0xeb, 0xa7, 0xe4, 0x32, 0xd0,
    0x7f, 0xd6, 0x1f, 0x4b, 0xfe, 0x6, 0xbf, 0xc1,
    0xff, 0xc6, 0x58, 0x58, 0x36, 0x81, 0xc, 0x85,
    0x2c, 0x5, 0xe0, 0x54, 0x95, 0x83, 0x26, 0xeb,
    0x84, 0xf5, 0xe0, 0xbc, 0x83, 0xe4, 0x37, 0xa0,

    /* U+820D "舍" */
    0xf, 0x90, 0xff, 0xe0, 0x70, 0x7f, 0x9e, 0x9a,
    0x1f, 0x54, 0xaa, 0x90, 0xbe, 0x2f, 0x40, 0xb0,
    0x79, 0xf4, 0xfa, 0xe0, 0xbf, 0x4f, 0xe4, 0x2f,
    0xd3, 0xf8, 0x3a, 0xf4, 0xfc, 0x1e, 0x6b, 0xc2,
    0x1f, 0x2f, 0x7, 0xeb, 0xf8, 0x3f, 0x5f, 0xc1,
    0x80,

    /* U+8212 "舒" */
    0xd, 0x7, 0xfd, 0x31, 0x7e, 0xa, 0x72, 0x9e,
    0x82, 0x98, 0x9b, 0x6c, 0x35, 0xea, 0x72, 0x15,
    0xe3, 0x6c, 0x78, 0xf8, 0xfc, 0x48, 0x3e, 0x3c,
    0x86, 0x81, 0xe3, 0xc1, 0xa0, 0x27, 0xc1, 0xff,
    0xcb, 0xf8, 0x3f, 0xdf, 0x3, 0x10, 0x9c, 0x2c,
    0xf0, 0x40,

    /* U+821E "舞" */
    0xf, 0xfe, 0x2e, 0x87, 0xfd, 0x17, 0xfc, 0x83,
    0x4d, 0xb3, 0x64, 0x14, 0xb, 0x40, 0xe1, 0x50,
    0xd5, 0x18, 0xe0, 0xf1, 0xb6, 0x6d, 0x81, 0xcd,
    0xb3, 0x68, 0x7, 0x2f, 0xd1, 0xc1, 0x65, 0xeb,
    0x8e, 0x6, 0x59, 0x16, 0x70, 0x3f, 0x23, 0x67,
    0x91, 0xda, 0x3e, 0x8f, 0x27, 0x68, 0x64, 0x30,

    /* U+821F "舟" */
    0xf, 0x28, 0x3f, 0xf8, 0x10, 0x7f, 0x9f, 0x17,
    0xa0, 0xf9, 0xa7, 0xa0, 0xfe, 0x7c, 0x1f, 0xfc,
    0xa, 0x21, 0xef, 0x4f, 0xaa, 0x7c, 0xf, 0x2b,
    0x56, 0xaf, 0x7, 0xd8, 0x30, 0xf9, 0xc3, 0xff,
    0x82, 0x8c, 0x1f, 0xb8, 0x3b, 0xe, 0x94, 0x1b,
    0x70, 0xd4, 0xe, 0xf2, 0x10,

    /* U+822A "航" */
    0xf, 0xfe, 0x2e, 0x84, 0xe1, 0xe8, 0xe0, 0xfe,
    0x54, 0x3e, 0x8f, 0x41, 0xac, 0xff, 0x41, 0xac,
    0x3f, 0xf8, 0xe, 0xf, 0xc1, 0xa3, 0x84, 0xf0,
    0x74, 0x30, 0x87, 0xf2, 0x1f, 0xfc, 0xec, 0xd1,
    0x41, 0xa4, 0x74, 0x16, 0x12, 0xc0, 0x4c, 0x50,
    0x19, 0x6, 0xf, 0x41, 0x5c, 0x0,

    /* U+822C "般" */
    0x9, 0xf, 0xfe, 0xc, 0x85, 0xf0, 0x76, 0x58,
    0x58, 0x7d, 0x60, 0x43, 0x21, 0xb8, 0x14, 0x5,
    0x3, 0x58, 0xb1, 0xf0, 0x23, 0x8d, 0xfa, 0xe,
    0x51, 0x67, 0x21, 0x60, 0xc2, 0x69, 0x86, 0x43,
    0xa5, 0x82, 0xc9, 0x9, 0x10, 0xce, 0x1b, 0xb7,
    0x80, 0xa3, 0x5b, 0x28, 0x14, 0xe, 0x60, 0x98,

    /* U+8230 "舰" */
    0x9, 0x41, 0xff, 0xc0, 0x82, 0xfe, 0x9, 0xcb,
    0x7, 0xc1, 0xe7, 0xd, 0x87, 0xe4, 0x3f, 0xf8,
    0x18, 0x7f, 0xd1, 0x40, 0xff, 0x45, 0x84, 0x90,
    0x73, 0x20, 0x70, 0x21, 0xd6, 0x9, 0x4, 0x16,
    0x30, 0x21, 0x4, 0x7, 0x63, 0x6d, 0xd0, 0x91,
    0x69, 0x5f, 0x3, 0x1e, 0x88, 0x78,

    /* U+8231 "舱" */
    0x9, 0xe, 0x43, 0x9c, 0x35, 0x86, 0xe7, 0x40,
    0xa0, 0xe7, 0x41, 0x36, 0x1b, 0xc0, 0x99, 0x50,
    0x69, 0x93, 0xca, 0xa1, 0x41, 0xcf, 0x1e, 0x8b,
    0x70, 0xf2, 0xe, 0xf, 0xfb, 0x50, 0x4e, 0x86,
    0x74, 0x27, 0x99, 0x9, 0xb, 0xeb, 0x13, 0x13,
    0xf9, 0x51, 0xe0, 0xfc,

    /* U+8235 "舵" */
    0xf, 0xfe, 0x2e, 0x86, 0xd0, 0xe8, 0xe0, 0xfe,
    0x54, 0x2b, 0xc5, 0xe0, 0xd4, 0x3, 0xf8, 0x3a,
    0x80, 0xc3, 0x21, 0x9c, 0x56, 0x14, 0x8, 0xe1,
    0x9, 0xd0, 0x23, 0x8, 0x3b, 0x41, 0xa1, 0xeb,
    0xf, 0xfe, 0x2, 0x4, 0x19, 0x21, 0xf4, 0x8c,
    0x1e, 0x42, 0x44, 0x1a, 0x6, 0xf4, 0x8, 0x1c,
    0xb, 0xe4,

    /* U+8239 "船" */
    0x9, 0xf, 0xfe, 0xc, 0x85, 0x92, 0x13, 0x96,
    0x1f, 0xf5, 0x81, 0x47, 0x7, 0x70, 0x2c, 0x43,
    0xd6, 0x22, 0xb, 0x6, 0x71, 0x61, 0x28, 0x39,
    0x3f, 0xd0, 0x35, 0x61, 0x7c, 0x1f, 0xfc, 0x6c,
    0xd0, 0xff, 0x32, 0x1b, 0xe0, 0xc8, 0x34, 0x1f,
    0x4,

    /* U+8258 "艘" */
    0xf, 0xfe, 0x2d, 0x2, 0x70, 0xf4, 0x89, 0x42,
    0xf0, 0x4c, 0x49, 0x96, 0x1d, 0x60, 0x61, 0xc3,
    0x98, 0xc, 0x30, 0x75, 0x2, 0x44, 0x34, 0x71,
    0xb1, 0x40, 0xf2, 0x5e, 0x3e, 0x4, 0x20, 0x7c,
    0x7a, 0xf, 0x99, 0xe2, 0x2, 0xbc, 0x5, 0x74,
    0xb, 0xc8, 0x48, 0x58, 0x4b, 0x4f, 0xae, 0x38,
    0xc7, 0xb9, 0x1b, 0x80,

    /* U+826F "良" */
    0xe, 0xc3, 0xff, 0x82, 0x87, 0xef, 0x8b, 0xe0,
    0xf7, 0xf8, 0x3e, 0xff, 0x7, 0xdf, 0xe0, 0xff,
    0xe4, 0x7f, 0x83, 0xef, 0x17, 0xac, 0x3e, 0xa3,
    0x4c, 0x3e, 0x54, 0xe1, 0x92, 0xfa, 0x35, 0x14,
    0x7b, 0x57, 0x70,

    /* U+8270 "艰" */
    0x17, 0x1f, 0xe0, 0xf4, 0x9f, 0x83, 0x94, 0x17,
    0xe0, 0xdc, 0x4, 0xbe, 0xd, 0x30, 0x48, 0x7e,
    0xd4, 0xf, 0xc1, 0xf2, 0xe, 0x7a, 0x4, 0xa1,
    0x2, 0xaa, 0xa, 0xb0, 0x53, 0x85, 0xa3, 0x7,
    0x41, 0x30, 0x13, 0xc6, 0xc0, 0x83, 0x36, 0x98,
    0x0,

    /* U+8272 "色" */
    0xe, 0x43, 0xff, 0x80, 0xc1, 0xff, 0xc0, 0x8f,
    0xc1, 0xf6, 0xfc, 0xa0, 0xe7, 0x1f, 0x95, 0xe0,
    0xb4, 0xf8, 0xf8, 0x35, 0x87, 0xff, 0x47, 0xe3,
    0xe0, 0xfb, 0xff, 0x48, 0x10, 0xfe, 0x43, 0xbf,
    0xf2, 0x82, 0xff, 0xe8,

    /* U+8273 "艳" */
    0xf, 0xfe, 0x2e, 0x13, 0x7, 0xff, 0x3, 0x5c,
    0x12, 0x84, 0x9, 0x4c, 0x2a, 0x14, 0x4f, 0x18,
    0x5e, 0x3a, 0x1e, 0x20, 0xbc, 0x78, 0x63, 0xd,
    0xe3, 0xc8, 0x87, 0xa8, 0x50, 0x3f, 0xb0, 0x78,
    0x73, 0xc, 0xc2, 0x87, 0xf0, 0x7f, 0xf0, 0xb0,
    0xfb, 0x7f, 0x21, 0xf3, 0xfd, 0x0,

    /* U+827A "艺" */
    0xd, 0x20, 0xd0, 0xff, 0xe2, 0xfc, 0xde, 0x2f,
    0x8f, 0x9b, 0xc5, 0xf0, 0x69, 0x4, 0x87, 0xbf,
    0xac, 0x3d, 0xf9, 0x20, 0xfe, 0xcd, 0xf, 0x9e,
    0x81, 0xf9, 0xa2, 0x19, 0xd, 0x68, 0x74, 0x86,
    0xff, 0x84, 0x2f, 0xfe, 0x0,

    /* U+8282 "节" */
    0xd, 0x20, 0x90, 0xff, 0xe2, 0xfc, 0xde, 0x6f,
    0x8f, 0x9b, 0xcd, 0xf0, 0x69, 0x4, 0x86, 0x7f,
    0xf8, 0x27, 0xe3, 0xf0, 0x7f, 0xf6, 0x54, 0x1f,
    0xf7, 0x40, 0xff, 0x5a, 0x1f, 0xfc, 0x30,

    /* U+828B "芋" */
    0xd, 0x86, 0xc3, 0xff, 0x8f, 0xf1, 0xf8, 0xf8,
    0x1f, 0x1f, 0x8f, 0x83, 0x90, 0xc8, 0x79, 0xdf,
    0xce, 0x86, 0x7e, 0x8f, 0x90, 0xbf, 0xa3, 0xf8,
    0x15, 0xc9, 0x5c, 0x5, 0xec, 0x5e, 0xf, 0xfe,
    0xb7, 0x21, 0xe0,

    /* U+8292 "芒" */
    0xd, 0x86, 0xc3, 0xff, 0x8f, 0xf1, 0xf8, 0xf8,
    0x1f, 0x17, 0xc7, 0xc1, 0xd2, 0xa2, 0xf, 0xc8,
    0x11, 0xe, 0xfe, 0x8f, 0xe0, 0x6a, 0xff, 0xe0,
    0xff, 0xf0, 0xef, 0xfe, 0xc, 0xff, 0xf0, 0x0,

    /* U+829C "芜" */
    0xd, 0x40, 0x68, 0x7f, 0xf1, 0xfe, 0x57, 0x8b,
    0xd0, 0x3e, 0x9f, 0x17, 0xa0, 0xae, 0x7c, 0x5a,
    0x1a, 0xf8, 0xfc, 0x87, 0xff, 0x17, 0xf8, 0xff,
    0x3, 0xf4, 0x37, 0xe0, 0xf5, 0x3, 0xfc, 0xea,
    0xe, 0xc1, 0x75, 0x2, 0xf9, 0x7, 0x68, 0x2f,
    0xd0,

    /* U+829D "芝" */
    0xd, 0x86, 0xc3, 0xff, 0x8f, 0xf1, 0xf8, 0xf8,
    0x1f, 0x1f, 0x8f, 0x83, 0xa1, 0x44, 0x1f, 0x93,
    0xc2, 0x1e, 0xfc, 0xaf, 0xa0, 0xdf, 0xf4, 0x41,
    0xfe, 0xa6, 0x1e, 0x80, 0xee, 0x1e, 0x55, 0xd3,
    0xf, 0xa1, 0x52, 0x1f, 0x6f, 0x17, 0xf8, 0x1c,
    0x37, 0xfc, 0x0,

    /* U+82A6 "芦" */
    0xd, 0x84, 0xe1, 0xfc, 0x87, 0xf7, 0xc5, 0xe8,
    0xf8, 0x1f, 0x3f, 0x4f, 0xc1, 0x79, 0xfa, 0x7c,
    0x85, 0xff, 0xe4, 0x2b, 0xff, 0x83, 0x9f, 0xf4,
    0x1e, 0x7f, 0xd0, 0x7a, 0xff, 0x48, 0x65, 0x7,
    0x98, 0x24, 0x3f, 0xf8, 0x36, 0x1f, 0xfc, 0xc,
    0x3f, 0xf8, 0x0,

    /* U+82AC "芬" */
    0xd, 0x86, 0xc3, 0xff, 0x8f, 0xf1, 0xf8, 0xf8,
    0x1f, 0x1f, 0x8f, 0x83, 0xa7, 0xe4, 0x3e, 0x67,
    0xe5, 0x7, 0x53, 0xd, 0x44, 0x2c, 0xbf, 0xa2,
    0xc1, 0xce, 0xde, 0x57, 0x7, 0x94, 0xc, 0x8,
    0x74, 0x85, 0x87, 0x99, 0x82, 0x70, 0xdc, 0x60,
    0xf0, 0x86, 0xf4, 0x17, 0xc1, 0x80,

    /* U+82AF "芯" */
    0xd, 0x86, 0xc3, 0xff, 0x8f, 0xf1, 0xf8, 0xf8,
    0x1f, 0x1f, 0x8f, 0x83, 0x93, 0x2, 0x1f, 0xa2,
    0xc8, 0x3c, 0xb4, 0xd8, 0x87, 0x61, 0x98, 0x18,
    0x65, 0x6, 0x45, 0x40, 0x90, 0xf4, 0xc8, 0x18,
    0x3c, 0x87, 0x60, 0x57, 0xc2, 0x61, 0xef, 0xe0,
    0xc0,

    /* U+82B1 "花" */
    0xd, 0x86, 0xc3, 0xff, 0x8f, 0xf1, 0xf8, 0xf8,
    0x1e, 0x8f, 0xc7, 0xc1, 0x99, 0x9, 0xf, 0xe8,
    0x98, 0xc3, 0xd6, 0x1b, 0x83, 0x3c, 0x1b, 0x50,
    0x54, 0xe, 0x98, 0x3b, 0x43, 0x30, 0x20, 0x41,
    0xec, 0x24, 0x3f, 0xf8, 0x8, 0x7f, 0x77, 0xa8,
    0x0,

    /* U+82B3 "芳" */
    0xd, 0x86, 0xc3, 0xff, 0x8f, 0xf1, 0xf8, 0xf8,
    0x1f, 0x1d, 0x33, 0xe0, 0xe8, 0xf1, 0x7, 0x7d,
    0x6a, 0xef, 0x81, 0xf8, 0xff, 0x83, 0xff, 0x93,
    0xfc, 0x1f, 0x4f, 0xe0, 0xfc, 0xc1, 0x21, 0xe7,
    0x40, 0x9a, 0x1b, 0xa8, 0x16, 0xc1, 0xbc, 0x85,
    0xf0, 0x60,

    /* U+82B9 "芹" */
    0xd, 0x86, 0xc3, 0xf9, 0xc, 0x86, 0xf8, 0xbe,
    0x2f, 0x3, 0xe3, 0xf1, 0xf0, 0x68, 0xfc, 0x48,
    0x73, 0x7f, 0x48, 0x7f, 0xf2, 0x2f, 0xfc, 0x1d,
    0xf4, 0xfe, 0xf, 0xfe, 0x2c, 0x1f, 0xfc, 0x5,
    0x61, 0xff, 0x70, 0x7f, 0xc0,

    /* U+82BD "芽" */
    0xd, 0x86, 0xc3, 0xff, 0x84, 0x86, 0xbc, 0x7e,
    0x2f, 0x2, 0xf1, 0xf8, 0xf8, 0x2b, 0x3f, 0x1e,
    0xd, 0x9f, 0xa7, 0xc1, 0xff, 0xc5, 0xe3, 0xf4,
    0xfc, 0xf, 0xe4, 0x9f, 0x83, 0xd3, 0x87, 0xf5,
    0xb8, 0x7e, 0xf1, 0x60, 0xc3, 0xde, 0x92, 0xdc,
    0x30,

    /* U+82CD "苍" */
    0xd, 0x20, 0x90, 0xff, 0xe3, 0xfc, 0xde, 0x6f,
    0x40, 0xf9, 0xbc, 0xde, 0x83, 0xa3, 0xe4, 0x3f,
    0xab, 0x7, 0xe7, 0x95, 0x68, 0x66, 0x85, 0xea,
    0xb4, 0x17, 0x1f, 0x27, 0x60, 0xd4, 0x1f, 0x30,
    0x7e, 0xd4, 0x61, 0xfd, 0xe0, 0xff, 0x7f, 0xa0,
    0x0,

    /* U+82CF "苏" */
    0xd, 0x40, 0x68, 0x7f, 0xf1, 0xfe, 0x57, 0x8b,
    0xe0, 0x7c, 0xaf, 0x17, 0xc1, 0xd6, 0x9a, 0x1e,
    0xfa, 0x9f, 0x7, 0xbe, 0x57, 0x83, 0xf6, 0x30,
    0x4c, 0x1a, 0x43, 0xcb, 0x1, 0x55, 0x7, 0x50,
    0xf, 0x28, 0x8, 0x1c, 0x2d, 0xc2, 0xd0, 0xee,
    0xc0, 0xec, 0x1d, 0xa1, 0x3e, 0xe,

    /* U+82D7 "苗" */
    0xd, 0x86, 0xc3, 0xff, 0x8f, 0xf1, 0xf8, 0xf8,
    0x1f, 0x1f, 0x8f, 0x83, 0xa0, 0xd0, 0x7b, 0xd7,
    0xeb, 0xc1, 0xd7, 0xa7, 0xe0, 0xff, 0xe4, 0x5e,
    0x9f, 0x83, 0xd7, 0xa7, 0xe0, 0xff, 0xe4, 0x5e,
    0x9f, 0x83, 0xd7, 0xfc, 0x10,

    /* U+82DF "苟" */
    0xd, 0x86, 0xc3, 0xff, 0x84, 0x86, 0xf8, 0xfc,
    0x5e, 0x7, 0xc7, 0xe3, 0xe0, 0xd1, 0xf8, 0xf2,
    0x19, 0xff, 0x90, 0xdc, 0x1f, 0xf7, 0x3f, 0xc8,
    0x76, 0x83, 0xe4, 0x3f, 0xf8, 0x28, 0x10, 0xfb,
    0xe0, 0xff, 0x3f, 0x90, 0x21, 0xd0, 0x6f, 0x20,

    /* U+82E5 "若" */
    0xb, 0xd, 0x87, 0xff, 0x17, 0xe3, 0xf1, 0xf1,
    0xf1, 0xd3, 0x3e, 0xd, 0x10, 0x20, 0xcf, 0xac,
    0xbb, 0xd0, 0xfa, 0x2f, 0xe8, 0x34, 0xa0, 0xfe,
    0xc7, 0xf9, 0x5, 0xc5, 0xf8, 0x37, 0x90, 0xff,
    0x21, 0x5f, 0x83, 0xf5, 0xf8, 0x30,

    /* U+82E6 "苦" */
    0xf, 0xfe, 0x1e, 0x1b, 0xf, 0xfe, 0x1f, 0xc7,
    0xe3, 0xd7, 0xc7, 0x4c, 0xf4, 0x16, 0x60, 0xc2,
    0xfe, 0x6f, 0xd7, 0xf2, 0xbf, 0x41, 0xec, 0x3e,
    0xf9, 0xbe, 0xe, 0xff, 0x7, 0xff, 0x1b, 0xfc,
    0x1e, 0xff, 0x4,

    /* U+82F1 "英" */
    0xd, 0x86, 0xc3, 0x96, 0x17, 0xa, 0xa, 0xa2,
    0xb1, 0x50, 0x3e, 0x3b, 0xc7, 0xa0, 0xe8, 0xe2,
    0xf, 0x3d, 0xab, 0xb0, 0xf3, 0xe6, 0xf0, 0x7f,
    0x90, 0xfd, 0xcf, 0x8b, 0xc6, 0x83, 0xf0, 0xb7,
    0xc8, 0x76, 0xd1, 0x83, 0x9b, 0x60, 0x67, 0x20,
    0xfa, 0xd, 0x78, 0x0,

    /* U+8301 "茁" */
    0xf, 0xfe, 0x26, 0x1b, 0xf, 0xfe, 0xa, 0x17,
    0xc7, 0xe2, 0xf1, 0xf1, 0xf8, 0xf8, 0x26, 0x18,
    0x94, 0x13, 0xa1, 0x93, 0xf, 0xfb, 0xe, 0x7d,
    0x3e, 0x43, 0xbe, 0x9f, 0xa0, 0xa0, 0xfd, 0x87,
    0xff, 0x17, 0xe9, 0xf8, 0x3b, 0xff, 0x4,

    /* U+8302 "茂" */
    0xd, 0x86, 0xc3, 0xff, 0x8f, 0xf1, 0xf8, 0xf8,
    0x1f, 0x1d, 0xe3, 0xe0, 0xec, 0xd0, 0x41, 0xff,
    0xc0, 0xd4, 0x19, 0xf9, 0xbc, 0x48, 0x67, 0xd3,
    0xeb, 0x43, 0xe5, 0x14, 0xf, 0xf3, 0xb8, 0x76,
    0x14, 0x90, 0x30, 0x9b, 0xc7, 0x44, 0x36, 0x9e,
    0x87, 0xe8, 0x1c, 0x1f, 0x5a, 0x0,

    /* U+8303 "范" */
    0xd, 0x86, 0xc3, 0xff, 0x8f, 0xf1, 0xf8, 0xf8,
    0x1f, 0x1f, 0x8f, 0x82, 0x98, 0x34, 0x1e, 0xe5,
    0x7d, 0x68, 0x53, 0x41, 0xf9, 0xd, 0xe6, 0xf,
    0xf2, 0xc1, 0xe4, 0x3a, 0x20, 0xbc, 0x28, 0x35,
    0x2, 0xf8, 0x82, 0xd0, 0xff, 0xb6, 0x15, 0xfc,
    0x83, 0x82, 0xff, 0x40,

    /* U+8304 "茄" */
    0xd, 0x86, 0xc3, 0xff, 0x8f, 0xf1, 0xf8, 0xf8,
    0x1f, 0x1f, 0x8f, 0x83, 0xfd, 0x7, 0xc8, 0x6a,
    0x79, 0x3, 0xc7, 0x92, 0xd0, 0x9e, 0x70, 0xff,
    0xe6, 0xd8, 0x7f, 0xf0, 0x50, 0x21, 0xfb, 0x90,
    0xd6, 0x85, 0xab, 0xc8, 0x2d, 0xb, 0x8b, 0x89,
    0x24,

    /* U+8305 "茅" */
    0xd, 0x86, 0xc3, 0xff, 0x84, 0x86, 0xbc, 0x7e,
    0x2f, 0x2, 0xf1, 0xf8, 0xf8, 0x2b, 0x3f, 0x1c,
    0x1a, 0xf2, 0xbc, 0x90, 0x7d, 0x9f, 0x83, 0x5f,
    0x48, 0x2f, 0x81, 0x7d, 0xd, 0xe5, 0x7, 0x36,
    0x19, 0x82, 0x7b, 0xe, 0xc2, 0xe9, 0x81, 0xf,
    0xbc, 0x8e, 0x21, 0xfe, 0x7c, 0x1e,

    /* U+830E "茎" */
    0xd, 0x20, 0x60, 0xea, 0x9a, 0xcd, 0x40, 0xf9,
    0x5e, 0x57, 0xc0, 0x5b, 0xca, 0xb5, 0x82, 0xba,
    0x7d, 0x61, 0xd6, 0x3e, 0x88, 0x3e, 0xcf, 0x5a,
    0x1f, 0x28, 0x48, 0x39, 0xbd, 0x4f, 0x1e, 0x82,
    0x86, 0xad, 0x2c, 0x9, 0xf4, 0xfc, 0xa0, 0xff,
    0xe2, 0x7f, 0x4f, 0xf0,

    /* U+832C "茬" */
    0xd, 0x86, 0xc3, 0x9a, 0x14, 0x62, 0x88, 0x7f,
    0xf1, 0x1a, 0x30, 0x22, 0x88, 0x74, 0x20, 0xc3,
    0x9f, 0xc5, 0xf9, 0x3, 0xd0, 0xf1, 0xf2, 0x1b,
    0xa0, 0x48, 0x7a, 0x57, 0xc5, 0xe0, 0xb0, 0x77,
    0x8f, 0x82, 0xe4, 0x3f, 0xf8, 0x57, 0xc7, 0xe0,
    0xeb, 0xff, 0x0,

    /* U+8336 "茶" */
    0xd, 0x86, 0xc3, 0xff, 0x8f, 0xf1, 0xf8, 0xf8,
    0x1f, 0x1d, 0x33, 0xe0, 0xe9, 0xa1, 0x7, 0xee,
    0xac, 0x3e, 0x73, 0xf5, 0xa1, 0x75, 0x6, 0xdb,
    0x4e, 0x9e, 0x57, 0x9f, 0x20, 0x77, 0x56, 0xe1,
    0xe9, 0xd, 0xe4, 0x36, 0x61, 0x9e, 0x42, 0xa0,
    0x7d, 0xa0,

    /* U+8349 "草" */
    0xd, 0x86, 0xc3, 0xff, 0x8f, 0xf1, 0xf8, 0xf8,
    0x1f, 0x1f, 0x8f, 0x83, 0x67, 0xe3, 0xf, 0xbf,
    0xc2, 0x1e, 0xff, 0x7, 0xef, 0xf0, 0x7e, 0xff,
    0x7, 0xdf, 0x2b, 0xe4, 0x2f, 0xe5, 0x7f, 0x27,
    0xf4, 0xff, 0x21, 0xff, 0xc2,

    /* U+8350 "荐" */
    0xd, 0x86, 0xc3, 0xff, 0x8f, 0xf1, 0xf8, 0xf8,
    0x1f, 0xf, 0xc7, 0xc0, 0xa8, 0x6a, 0x6a, 0x5,
    0x32, 0xbf, 0x6, 0xdb, 0xfc, 0x19, 0x57, 0xe4,
    0x82, 0xa0, 0x76, 0xe8, 0x15, 0x1f, 0x81, 0xf2,
    0xb4, 0xfc, 0x5f, 0x21, 0xff, 0xc9, 0xc4, 0x30,

    /* U+8352 "荒" */
    0xd, 0x86, 0xc3, 0xf9, 0x2, 0x1e, 0xf8, 0xbd,
    0x1f, 0x3, 0xe3, 0x56, 0x7c, 0xf, 0x8d, 0x59,
    0xf0, 0x3c, 0x5f, 0xf8, 0x33, 0x87, 0xff, 0x3,
    0x7f, 0xd0, 0x77, 0xd4, 0xf5, 0x3, 0x90, 0x60,
    0x70, 0xff, 0xe1, 0xc1, 0x68, 0x79, 0x10, 0x6c,
    0x1c, 0x9a, 0xe, 0xa, 0x41, 0xe8,

    /* U+8354 "荔" */
    0xd, 0x86, 0xc3, 0xbe, 0x3d, 0x67, 0xc0, 0xf8,
    0xef, 0x17, 0x83, 0xa3, 0xc6, 0x87, 0x3d, 0xab,
    0xe4, 0x33, 0xe4, 0xf8, 0x3d, 0xf1, 0x96, 0x21,
    0xa8, 0xc0, 0x98, 0x35, 0x4f, 0xad, 0xb8, 0x16,
    0xd9, 0x67, 0x7, 0x2e, 0x10, 0x61, 0xb4, 0x35,
    0x1, 0x83, 0x6e, 0x39, 0xd4, 0xe, 0x3d, 0x69,
    0xe0, 0x0,

    /* U+8361 "荡" */
    0xd, 0x20, 0x90, 0xff, 0xe2, 0xfc, 0xde, 0x6f,
    0x47, 0x74, 0xf3, 0x7a, 0x5, 0x1b, 0xcd, 0x86,
    0xc1, 0xf2, 0x61, 0x74, 0x5, 0x98, 0x6c, 0x25,
    0xf, 0xd0, 0x28, 0x39, 0x93, 0x81, 0x40, 0xe4,
    0x43, 0x50, 0xd5, 0x62, 0x89, 0x55, 0x70, 0x7a,
    0x27, 0x9f, 0x40, 0x83, 0x69, 0xe4,

    /* U+836F "药" */
    0xc, 0xc0, 0xd0, 0xfb, 0xf, 0xef, 0x95, 0xe2,
    0xf4, 0x7a, 0x8f, 0x8b, 0xd0, 0x19, 0x80, 0xa0,
    0xea, 0x18, 0xaf, 0xa2, 0x3c, 0x97, 0xc8, 0x4b,
    0x5a, 0x82, 0xc8, 0x66, 0x9c, 0x1a, 0x57, 0x92,
    0x44, 0x17, 0xd0, 0x58, 0x11, 0xbe, 0x43, 0xef,
    0x5e, 0x41, 0xe4,

    /* U+8377 "荷" */
    0xd, 0x86, 0xc3, 0xff, 0x8f, 0xf1, 0xf8, 0xf8,
    0x1f, 0x1f, 0x8f, 0x83, 0x4d, 0x66, 0xa0, 0xcd,
    0x7b, 0x60, 0xb4, 0xbe, 0x50, 0x6c, 0x25, 0x4e,
    0x1d, 0x21, 0x68, 0x7c, 0x86, 0xb4, 0x3f, 0xcd,
    0xb8, 0x7f, 0x49, 0x28, 0x3f, 0xf8, 0x1c, 0x80,

    /* U+83AB "莫" */
    0xd, 0x86, 0xc3, 0xff, 0x8f, 0xf1, 0xf8, 0xf8,
    0x1f, 0x1f, 0x8f, 0x83, 0x67, 0xe3, 0x43, 0xdf,
    0xe0, 0xfd, 0xfe, 0xf, 0xd5, 0xe0, 0xf9, 0xf5,
    0x3c, 0xa0, 0x9d, 0x60, 0x2d, 0xc0, 0x7d, 0x22,
    0x5e, 0x80, 0xdc, 0x75, 0x72, 0xc, 0xb8, 0xf,
    0xe0,

    /* U+83B1 "莱" */
    0xd, 0x20, 0x90, 0xea, 0x9a, 0x9a, 0xc0, 0xf9,
    0x5e, 0x1f, 0x40, 0x5b, 0xb2, 0x8a, 0xd, 0xeb,
    0x69, 0xe8, 0x36, 0x3b, 0x6a, 0x83, 0xb2, 0x4,
    0x41, 0xbe, 0x5a, 0x57, 0xc0, 0xfc, 0x1b, 0xf0,
    0x76, 0xa9, 0x83, 0xcf, 0x40, 0x46, 0x85, 0xda,
    0x1a, 0xac, 0x1e, 0xf, 0x9f, 0x0,

    /* U+83B2 "莲" */
    0xd, 0x20, 0x90, 0xef, 0x9b, 0xcd, 0xf0, 0x3b,
    0x69, 0xb7, 0xc1, 0x55, 0xd0, 0xe8, 0x1b, 0xc6,
    0x67, 0xc1, 0x53, 0x30, 0x38, 0x77, 0x93, 0x70,
    0x78, 0x24, 0xe, 0x12, 0x8, 0x3d, 0xf0, 0xfc,
    0x16, 0x5, 0xda, 0xc0, 0x57, 0x20, 0x90, 0xeb,
    0x3f, 0xf8, 0x18, 0x57, 0xfc, 0x0,

    /* U+83B7 "获" */
    0xd, 0x20, 0x90, 0xef, 0x9b, 0xcd, 0xe8, 0x15,
    0x2a, 0x83, 0x50, 0x11, 0xf2, 0xad, 0x41, 0xaa,
    0x41, 0xf4, 0x1a, 0x50, 0x6f, 0x6, 0xa9, 0xbc,
    0xdb, 0x85, 0xa7, 0xc0, 0xbc, 0x8, 0xcc, 0x2b,
    0xc, 0xf2, 0x4, 0x50, 0x6b, 0x42, 0xa0, 0xc1,
    0x60, 0x78, 0x49, 0x41, 0x3a, 0x38, 0x5c, 0x13,
    0xce, 0x1d, 0x80,

    /* U+83BD "莽" */
    0xd, 0x86, 0xc3, 0xff, 0x8f, 0xf1, 0xf8, 0xf8,
    0x1f, 0x1b, 0x67, 0xc1, 0x2a, 0x50, 0xca, 0xa,
    0xfa, 0x2b, 0x90, 0x54, 0x3e, 0x4f, 0x21, 0x38,
    0x81, 0x5a, 0x17, 0x50, 0x6a, 0xb4, 0xdb, 0x3c,
    0x71, 0xa0, 0xb8, 0xf1, 0xf0, 0x73, 0x40, 0xfe,
    0xfa, 0x43, 0xfb, 0xd2, 0x16, 0x1c,

    /* U+83C7 "菇" */
    0xd, 0x86, 0xc3, 0xff, 0x8f, 0xf1, 0xf8, 0xf8,
    0x1f, 0x1f, 0x8f, 0x83, 0x70, 0x72, 0x19, 0x8a,
    0xbc, 0x5e, 0x44, 0x13, 0xf1, 0x79, 0x9, 0x42,
    0x1f, 0xcc, 0x83, 0xc5, 0xa1, 0xba, 0x2, 0xf2,
    0x1b, 0x6, 0x1f, 0xce, 0x6a, 0x2f, 0x21, 0x53,
    0x34, 0xbc, 0x85, 0xa1, 0xb4, 0x12, 0x0,

    /* U+83CA "菊" */
    0xd, 0x21, 0x61, 0xe5, 0xb5, 0x85, 0x81, 0x50,
    0xd4, 0x54, 0xb, 0x4b, 0xe3, 0xe0, 0xc9, 0x7c,
    0x79, 0xb, 0x3c, 0x79, 0xdc, 0x1b, 0x61, 0x41,
    0xeb, 0x18, 0x9d, 0x30, 0x3e, 0x11, 0x5e, 0xe,
    0xa0, 0x85, 0x40, 0xe7, 0x23, 0xe1, 0x9, 0xe8,
    0x12, 0x80, 0x81, 0x90, 0x42, 0xb4, 0x0,

    /* U+83CC "菌" */
    0xd, 0x86, 0xc3, 0xbe, 0x3f, 0x1f, 0x2, 0xa2,
    0xb1, 0x50, 0x1f, 0x1f, 0x8b, 0xc, 0xf7, 0x82,
    0x90, 0xe6, 0xa5, 0xe0, 0xf7, 0xa7, 0x83, 0xef,
    0xa7, 0xe4, 0x3b, 0xc1, 0xad, 0xe, 0x76, 0x7a,
    0x7, 0xba, 0x20, 0xf0, 0x79, 0xbc, 0xfa, 0x43,
    0xbf, 0xf2, 0x0,

    /* U+83DC "菜" */
    0xd, 0x86, 0xc3, 0x96, 0x17, 0xb, 0x3, 0xa1,
    0x58, 0xa8, 0x17, 0x8f, 0xa1, 0x58, 0x5e, 0x3f,
    0x26, 0x1b, 0x3c, 0x34, 0xf, 0x98, 0xd1, 0x60,
    0xe8, 0xa, 0x6, 0x1a, 0xf3, 0xcf, 0x7a, 0x5,
    0xf0, 0x82, 0xf4, 0x1a, 0xed, 0xa8, 0x37, 0x8d,
    0x3, 0x9e, 0x7, 0xa0, 0xf5, 0xc0,

    /* U+83F1 "菱" */
    0xd, 0x86, 0xc3, 0xaa, 0x3a, 0x65, 0x40, 0xf8,
    0x81, 0x1f, 0x1, 0x37, 0x56, 0xe2, 0x1b, 0xe5,
    0x7c, 0x85, 0xd6, 0x55, 0x5e, 0x7, 0xc7, 0x6a,
    0xa2, 0x6, 0xe6, 0x33, 0xc1, 0xbe, 0x8e, 0x4a,
    0x1, 0xf0, 0x1d, 0x20, 0xef, 0x51, 0xdc, 0x39,
    0xee, 0xa7, 0xa2, 0xf, 0xe5, 0x5e, 0x30,

    /* U+840C "萌" */
    0xd, 0x86, 0xc3, 0xff, 0x8f, 0xf1, 0xf8, 0xf8,
    0x1f, 0x1f, 0x8f, 0x80, 0xf8, 0xcb, 0x6e, 0xd,
    0xc1, 0x54, 0x87, 0x90, 0xaf, 0x21, 0xde, 0x9,
    0xa2, 0x19, 0xf0, 0x13, 0xc8, 0x67, 0xc1, 0x7c,
    0x87, 0x78, 0x25, 0x83, 0x38, 0x3d, 0x6, 0xc3,
    0xda, 0x81, 0xa8, 0x3d, 0xc1, 0x78, 0x0,

    /* U+840D "萍" */
    0xf, 0xfe, 0x36, 0x1b, 0xf, 0xfe, 0x3f, 0xc7,
    0xe3, 0xe0, 0x74, 0x3f, 0x1f, 0x6, 0x9b, 0xe3,
    0xd0, 0x27, 0xd5, 0x2d, 0x40, 0x79, 0x44, 0x65,
    0x2, 0x70, 0x2c, 0x12, 0x1e, 0xa3, 0xce, 0xe8,
    0x54, 0xf9, 0x5f, 0x20, 0x90, 0xd8, 0x7a, 0x60,
    0xff, 0xe0, 0x41, 0xff, 0x0,

    /* U+840E "萎" */
    0xd, 0x86, 0xc3, 0xbe, 0x3f, 0x1f, 0x3, 0xe3,
    0xf1, 0x4c, 0x2a, 0x35, 0x64, 0x1d, 0x4, 0x97,
    0x90, 0xad, 0x61, 0xbe, 0x81, 0x79, 0x14, 0xf,
    0x40, 0xbc, 0x69, 0xde, 0x42, 0x6e, 0x34, 0x90,
    0xcd, 0x12, 0xb3, 0x82, 0xe1, 0xa1, 0x7a, 0xe,
    0x55, 0x9, 0xd, 0xe8, 0x7f, 0xc1, 0x7d, 0x40,
    0xd6, 0x0,

    /* U+841D "萝" */
    0xd, 0x20, 0x90, 0xdf, 0x37, 0x9b, 0xd1, 0x52,
    0xa8, 0xaa, 0x85, 0xbc, 0xaf, 0x28, 0x2b, 0xa7,
    0xa9, 0xe0, 0xd6, 0x78, 0xe0, 0xeb, 0x3c, 0x70,
    0x6b, 0x86, 0xb6, 0x1a, 0x83, 0x58, 0x2b, 0x36,
    0xf0, 0x85, 0x71, 0x57, 0x40, 0xf3, 0x3, 0x43,
    0x7d, 0x7a, 0xf, 0x7e, 0x43, 0xe0,

    /* U+8425 "营" */
    0xd, 0x20, 0x90, 0xdf, 0x37, 0x9b, 0xd1, 0xf2,
    0xbc, 0xde, 0x85, 0x80, 0xa3, 0x58, 0xbc, 0xf,
    0x3, 0xb0, 0x5a, 0xfa, 0x41, 0x81, 0xfc, 0xa,
    0x6, 0x7f, 0x7, 0xcd, 0x78, 0x3a, 0xeb, 0xd8,
    0x73, 0xfe, 0xf, 0x3f, 0xe0, 0xf3, 0xfe, 0x8,

    /* U+843D "落" */
    0xf, 0xfe, 0x36, 0x1b, 0xf, 0xfe, 0x3f, 0xc7,
    0xe3, 0xe0, 0x76, 0x79, 0xcf, 0x83, 0x71, 0x39,
    0xc1, 0x2b, 0x24, 0xe3, 0xa, 0xcd, 0xde, 0x88,
    0x5a, 0xae, 0x41, 0xa1, 0xa7, 0xcd, 0xe2, 0xd0,
    0xbd, 0x17, 0x95, 0xa0, 0xe0, 0xbe, 0x83, 0x42,
    0x17, 0xd0, 0x6f, 0x6, 0xfa, 0xc, 0x84, 0xe1,
    0x30, 0x0,

    /* U+845B "葛" */
    0xc, 0xc1, 0x61, 0xdf, 0x4f, 0xc7, 0xc0, 0xf9,
    0x5f, 0x1f, 0x6, 0xd5, 0xf1, 0x87, 0xd5, 0xe0,
    0xfd, 0x5e, 0xf, 0xcb, 0xe0, 0xfa, 0x4f, 0xd0,
    0x73, 0xd, 0x76, 0x82, 0x87, 0xd5, 0x68, 0x56,
    0x7a, 0xf2, 0x1f, 0xae, 0x9c, 0x21, 0xcd, 0xf5,
    0xe1, 0x0,

    /* U+846B "葫" */
    0xd, 0x86, 0xc3, 0xff, 0x8b, 0xf1, 0xf8, 0xf8,
    0xf8, 0xfc, 0x7c, 0x1f, 0xb3, 0xc9, 0x4c, 0xa2,
    0x78, 0x2f, 0x47, 0x93, 0xc1, 0x28, 0xa, 0x7,
    0x83, 0x71, 0xc0, 0x50, 0x77, 0xa0, 0xa8, 0x1c,
    0xac, 0x9f, 0x7, 0x51, 0x68, 0x3e, 0xf8, 0x81,
    0x88, 0x30, 0xb4, 0x1e, 0x0,

    /* U+846C "葬" */
    0xd, 0x86, 0xc3, 0xaf, 0x1f, 0x8f, 0x81, 0x78,
    0xbe, 0x2f, 0x1, 0xf1, 0x7c, 0x5c, 0x6, 0x4a,
    0x8a, 0x38, 0x5a, 0x50, 0x1c, 0x19, 0x19, 0x13,
    0xd4, 0x3, 0x91, 0x82, 0xf2, 0x7, 0xe4, 0x13,
    0x50, 0x36, 0xcf, 0x4d, 0x30, 0x5e, 0x57, 0x95,
    0xf0, 0x69, 0x83, 0xfb, 0xc6, 0x1f, 0xef, 0x41,
    0xa8, 0x18,

    /* U+8471 "葱" */
    0x9, 0xc3, 0x61, 0xca, 0xc5, 0xc2, 0xc0, 0xa2,
    0x56, 0x2a, 0x7, 0xc0, 0xf8, 0xf8, 0x32, 0xf,
    0x8f, 0x4, 0xf3, 0x19, 0x61, 0x9b, 0x63, 0x14,
    0x1d, 0x74, 0x46, 0xd0, 0xdd, 0x4f, 0x2b, 0xe,
    0x49, 0xcf, 0x21, 0xd3, 0xc2, 0xd, 0x5, 0xc1,
    0x6e, 0xf0, 0x3c, 0x4f, 0xc2, 0x40,

    /* U+8499 "蒙" */
    0xd, 0x86, 0xc3, 0xbe, 0x3f, 0x1f, 0x3, 0xe3,
    0xf1, 0xf0, 0x1f, 0x1f, 0x8f, 0x21, 0x32, 0xfa,
    0x42, 0x60, 0xfd, 0x20, 0xb9, 0x7d, 0x78, 0x17,
    0x20, 0xa1, 0xb8, 0x1f, 0x92, 0x4c, 0x3a, 0x22,
    0x28, 0x41, 0xdc, 0xc8, 0xac, 0x2e, 0x9d, 0x85,
    0x4c, 0x17, 0xaf, 0x30, 0x1c, 0x3d, 0x78, 0x3c,

    /* U+849C "蒜" */
    0xd, 0x86, 0xc3, 0xff, 0x8f, 0xf1, 0xf8, 0xf8,
    0x1f, 0x1f, 0x8f, 0x80, 0xf8, 0xc1, 0x9e, 0x40,
    0xfe, 0x7, 0xe4, 0x1f, 0xd7, 0xf8, 0x1e, 0x8e,
    0xf2, 0xbc, 0x17, 0x8d, 0x30, 0x61, 0xdb, 0xd1,
    0x36, 0x7, 0x5, 0x30, 0x24, 0xa, 0xb, 0x83,
    0xea, 0xb2, 0x75, 0x18, 0x56, 0x85, 0xe0, 0xc0,

    /* U+84C4 "蓄" */
    0xd, 0x86, 0xc3, 0xbe, 0x3f, 0x1f, 0x3, 0xe3,
    0xa6, 0x7c, 0x3f, 0x1d, 0x33, 0xe1, 0xe5, 0x16,
    0x9f, 0x4, 0x8d, 0xe2, 0x43, 0x2b, 0x26, 0xca,
    0x6, 0xf2, 0xde, 0x26, 0x2, 0x2f, 0xa8, 0xe1,
    0x9a, 0xd, 0x11, 0xf, 0xfe, 0x33, 0x41, 0xa2,
    0x1e, 0x7f, 0xc8, 0x40,

    /* U+84DD "蓝" */
    0xd, 0x20, 0x90, 0xdf, 0x37, 0x9b, 0xe3, 0xe6,
    0xf3, 0x7c, 0x4, 0xc0, 0xe8, 0x66, 0x3c, 0x53,
    0xe4, 0x3d, 0x14, 0xf2, 0x1e, 0x72, 0xc2, 0x63,
    0xe1, 0xe0, 0xde, 0xa7, 0xe9, 0x9, 0xb3, 0x8d,
    0xc3, 0xff, 0x87, 0x96, 0x71, 0xab, 0x3f, 0xff,
    0x80,

    /* U+84EC "蓬" */
    0xd, 0x86, 0xc3, 0xbe, 0x3f, 0x1f, 0x3, 0xe7,
    0xc6, 0xfc, 0xb, 0x27, 0x37, 0x42, 0x99, 0xe1,
    0x14, 0x1a, 0x80, 0xc4, 0x12, 0xa, 0x28, 0x10,
    0x88, 0x59, 0x99, 0x84, 0xa0, 0x38, 0x4a, 0x14,
    0x1f, 0xb5, 0xa, 0x10, 0xa4, 0xf8, 0xf9, 0x4,
    0xad, 0x6d, 0x60, 0x2a, 0xaf, 0xfc, 0x38, 0x1f,
    0xfc, 0x0,

    /* U+8511 "蔑" */
    0xd, 0x86, 0xc3, 0xf9, 0xc, 0x86, 0xbc, 0x5f,
    0x17, 0x81, 0x78, 0xbe, 0x2f, 0x5, 0xe2, 0xf8,
    0xb0, 0xeb, 0x3c, 0x78, 0x3d, 0x67, 0x8f, 0x7,
    0x7e, 0x8d, 0x58, 0x6f, 0xd1, 0xab, 0x83, 0x37,
    0x8b, 0xa8, 0x37, 0xc5, 0x5b, 0x1, 0x1d, 0xa0,
    0xe2, 0xb, 0x23, 0xfc, 0x83, 0x7, 0x21, 0x5c,
    0x0,

    /* U+851A "蔚" */
    0xd, 0x86, 0xc3, 0xaf, 0x1f, 0x8f, 0x40, 0xe8,
    0x56, 0x2a, 0x3, 0xe3, 0xe6, 0x60, 0xcf, 0x62,
    0x28, 0x3d, 0x52, 0x7a, 0x30, 0xd2, 0xd4, 0xf1,
    0x87, 0xf7, 0x7, 0xd2, 0xd4, 0x50, 0x7b, 0x4a,
    0x10, 0x72, 0xa0, 0xa5, 0x83, 0x43, 0xd, 0x4,
    0x3a, 0xf0, 0x1e, 0xa0, 0xb0, 0x78, 0x2b, 0x40,

    /* U+852C "蔬" */
    0xd, 0x86, 0xa0, 0x79, 0xf, 0xfb, 0xd1, 0xf9,
    0x5e, 0x7, 0xc7, 0xd1, 0x78, 0xf, 0x8f, 0xa2,
    0xf0, 0x1f, 0x17, 0x1c, 0xe1, 0xa5, 0xa1, 0xd8,
    0xc, 0x39, 0x46, 0xc3, 0xd6, 0xce, 0xd0, 0x3e,
    0x43, 0x21, 0xeb, 0xc1, 0xca, 0x2, 0xdb, 0x6,
    0xc1, 0xbf, 0x28, 0x8, 0xa2, 0x83, 0xc0, 0xcf,
    0x0,

    /* U+853D "蔽" */
    0xd, 0x86, 0xc3, 0x96, 0x17, 0xb, 0x2, 0xa2,
    0xb1, 0x50, 0x3e, 0x3f, 0x3f, 0x5, 0x8a, 0x91,
    0xf, 0x50, 0xd4, 0xf, 0x41, 0x62, 0x2a, 0x33,
    0x9, 0xc2, 0x90, 0x90, 0xd8, 0xe6, 0xc1, 0xe5,
    0xb0, 0x6c, 0x1c, 0x9a, 0x4, 0x3e, 0x81, 0x8e,
    0xc8, 0x74, 0x6d, 0x5c, 0x16, 0x7, 0xb4, 0x18,

    /* U+8549 "蕉" */
    0xd, 0x86, 0xc3, 0xbe, 0x3f, 0x1e, 0x81, 0xe4,
    0xb5, 0x1e, 0x83, 0x28, 0x57, 0x28, 0x36, 0xe,
    0x3f, 0x5, 0x7, 0xf6, 0x1a, 0x3d, 0x1f, 0x21,
    0x40, 0xa8, 0xac, 0x1e, 0xf4, 0x7d, 0x7, 0xbd,
    0x1f, 0xa0, 0xd4, 0x79, 0xe6, 0x3, 0x2c, 0x2f,
    0x40, 0xa0, 0x10, 0x40, 0xd0, 0x68, 0x20, 0x28,
    0x18,

    /* U+854A "蕊" */
    0xd, 0x86, 0xc3, 0xff, 0x8f, 0xf1, 0xf8, 0xf8,
    0x1f, 0x1b, 0xe3, 0xe0, 0xd4, 0x7c, 0x70, 0x67,
    0xc6, 0xc7, 0x68, 0x1c, 0xf, 0x69, 0xa1, 0xd7,
    0xe2, 0xe, 0x61, 0x2, 0x21, 0x98, 0x8e, 0x83,
    0x20, 0xd1, 0x2, 0x8b, 0x80, 0xe0, 0xa3, 0x8e,
    0x26, 0x9a, 0xa5, 0x5c, 0x85, 0xe8, 0x2f, 0x28,

    /* U+8574 "蕴" */
    0xd, 0x40, 0x68, 0x6f, 0x95, 0xe2, 0xf4, 0x7a,
    0x57, 0x8b, 0xd0, 0x55, 0xcf, 0x21, 0x4a, 0x10,
    0x9c, 0xa, 0xa0, 0x16, 0xd, 0x1a, 0x5, 0x83,
    0x49, 0x17, 0xd6, 0x12, 0xba, 0xf8, 0x13, 0xc4,
    0xc6, 0x14, 0x58, 0x7f, 0x5e, 0x19, 0x8c, 0xcd,
    0x2f, 0xfc,

    /* U+857E "蕾" */
    0xb, 0xd, 0x86, 0xf8, 0xfc, 0x7c, 0x7c, 0x7e,
    0x3e, 0x5, 0x9f, 0x8f, 0x1, 0x41, 0xfd, 0x1a,
    0x12, 0xc0, 0x51, 0x6b, 0x4, 0xa3, 0xf, 0xfb,
    0xc, 0xbf, 0xb0, 0xea, 0x25, 0x10, 0xff, 0xe3,
    0xd1, 0x28, 0x87, 0x3f, 0xe8, 0x20,

    /* U+8584 "薄" */
    0xd, 0x86, 0xc3, 0xbe, 0x3f, 0x1f, 0x3, 0xe3,
    0xe5, 0xac, 0xe, 0xaf, 0x96, 0xb0, 0x34, 0xe8,
    0x95, 0x60, 0x8c, 0xb0, 0x7a, 0x41, 0xc8, 0x14,
    0x28, 0x33, 0xa0, 0xa1, 0x40, 0xf4, 0xa, 0x14,
    0x10, 0x90, 0x57, 0xa, 0xa, 0xf5, 0x3e, 0x1c,
    0x8, 0xd1, 0x54, 0x68, 0xf, 0x1, 0xb3, 0x42,

    /* U+859B "薛" */
    0xd, 0x86, 0xc3, 0xbe, 0x3f, 0x1f, 0x3, 0xd1,
    0xf8, 0xf8, 0x35, 0x3, 0xfd, 0x65, 0xf, 0x1e,
    0x42, 0x79, 0x23, 0x58, 0x3f, 0x22, 0x61, 0x9e,
    0x5d, 0x3a, 0x13, 0xe8, 0xc0, 0x98, 0x4f, 0xc7,
    0x8f, 0x41, 0x5e, 0x4f, 0x1e, 0x42, 0xbc, 0x94,
    0x39, 0xa, 0xf9, 0xf, 0x80,

    /* U+85AA "薪" */
    0xd, 0x20, 0x70, 0xef, 0x9b, 0xd1, 0xf0, 0x3e,
    0x6f, 0x47, 0xc1, 0xca, 0x3, 0xb4, 0x5, 0xe3,
    0xcd, 0xf4, 0xa, 0x3a, 0xc5, 0x10, 0xad, 0x92,
    0x2b, 0x27, 0xa6, 0xf2, 0xb7, 0x41, 0x42, 0x80,
    0xd1, 0x3, 0x1, 0x90, 0xfd, 0x43, 0x91, 0xe,
    0xd4, 0x34, 0x43, 0xdc, 0x1d, 0x7, 0xf6, 0x38,
    0x58, 0x0,

    /* U+85CF "藏" */
    0xd, 0x84, 0xe1, 0xfc, 0x87, 0xf7, 0xc5, 0xe8,
    0xf4, 0xf, 0x8f, 0xc4, 0x40, 0x58, 0xfc, 0x46,
    0x17, 0x99, 0x75, 0x30, 0x94, 0x42, 0x16, 0x81,
    0xe0, 0x22, 0x6a, 0x7, 0xa0, 0x50, 0xd0, 0xd3,
    0x2, 0x82, 0x21, 0x66, 0x8, 0x93, 0x40, 0xce,
    0x45, 0x1a, 0x2, 0x3, 0x78, 0xa2, 0x80, 0x98,
    0x83, 0x4a, 0x0,

    /* U+85D5 "藕" */
    0xd, 0x86, 0xc3, 0xbe, 0x3f, 0x1f, 0x2, 0xa2,
    0xb1, 0x50, 0x15, 0x3b, 0x42, 0x88, 0x3c, 0x8,
    0x19, 0x86, 0xb2, 0xb, 0x30, 0xde, 0x38, 0x19,
    0x87, 0x22, 0x6, 0x24, 0x2b, 0x5, 0x14, 0x2a,
    0xb, 0x14, 0x58, 0xa0, 0x94, 0x50, 0xe1, 0xd,
    0x63, 0x85, 0x40, 0xd8, 0x77, 0x23, 0x80,

    /* U+85E4 "藤" */
    0xd, 0x86, 0xc3, 0xbe, 0x3f, 0x1f, 0x2, 0xa2,
    0xb1, 0x50, 0x54, 0x15, 0x83, 0x10, 0xd8, 0x23,
    0x79, 0xf, 0x4b, 0xa7, 0xd, 0x9d, 0x5, 0x70,
    0x6c, 0xe8, 0xb5, 0x3, 0x61, 0xb6, 0x30, 0x9c,
    0x1b, 0x9d, 0x87, 0xb9, 0x77, 0x2, 0xc1, 0x94,
    0x73, 0x9, 0xca, 0x16, 0x58, 0x33, 0xc0, 0x74,
    0x30,

    /* U+8611 "蘑" */
    0xd, 0x86, 0xc3, 0xbe, 0x3f, 0x1f, 0x3, 0xe2,
    0x56, 0x5e, 0xb, 0xc4, 0xac, 0xbc, 0x1b, 0xc5,
    0xe8, 0xf0, 0x6b, 0x2f, 0x47, 0x83, 0x40, 0x54,
    0x16, 0x1a, 0x81, 0x50, 0x60, 0xe8, 0x51, 0xb,
    0x5, 0x68, 0xbd, 0xa2, 0x79, 0x41, 0x90, 0xaa,
    0xc5, 0xe0, 0xcb, 0x3, 0xf8, 0x34, 0x16, 0x1d,
    0x80,

    /* U+8650 "虐" */
    0xe, 0x60, 0xff, 0x9f, 0xd0, 0x3e, 0x83, 0x90,
    0xae, 0x9f, 0x83, 0x20, 0x85, 0x7, 0x5c, 0x7c,
    0x41, 0x5c, 0x5f, 0x7, 0x95, 0xf2, 0x83, 0x79,
    0x7b, 0x10, 0x97, 0xd1, 0x21, 0x7f, 0x9, 0x1,
    0xaf, 0x30, 0x57, 0xf8,

    /* U+8651 "虑" */
    0xe, 0x60, 0xff, 0xe0, 0xbf, 0xa0, 0xcb, 0x65,
    0x6c, 0x35, 0x34, 0xfd, 0x7, 0x5a, 0x1a, 0xf,
    0xb4, 0xf9, 0x83, 0x9a, 0x15, 0x90, 0xfd, 0x5b,
    0xf, 0xa8, 0xc2, 0xc1, 0xc8, 0x5e, 0x4, 0x14,
    0xd0, 0x2a, 0x16, 0x2a, 0x83, 0xf2, 0xd8, 0xc2,
    0x5f, 0x83, 0x0,

    /* U+865A "虚" */
    0xf, 0x61, 0xff, 0xc1, 0xfd, 0x7, 0x93, 0xf4,
    0x17, 0xd1, 0xfd, 0x5, 0xd0, 0x51, 0x30, 0x57,
    0x8f, 0x90, 0xea, 0x8a, 0x78, 0x3f, 0x39, 0xe8,
    0x35, 0x4, 0x26, 0xd, 0x28, 0x35, 0x81, 0x44,
    0x1d, 0x20, 0x8e, 0x86, 0x77, 0x14, 0xff, 0xe8,

    /* U+866B "虫" */
    0xf, 0x61, 0xff, 0xd0, 0x43, 0xf7, 0xe2, 0xfc,
    0x1d, 0xf1, 0xf8, 0x3f, 0xf9, 0xe8, 0x7b, 0xe3,
    0xe8, 0x3b, 0xf1, 0xf5, 0x87, 0xff, 0x2, 0x43,
    0xe4, 0xa8, 0x90, 0x7e, 0x90, 0x75, 0x3, 0xfa,
    0xa5, 0xc1, 0xff, 0xc1, 0x80,

    /* U+8679 "虹" */
    0xb, 0xf, 0xfe, 0x1d, 0xfc, 0x87, 0xca, 0x16,
    0x3c, 0x7a, 0xa2, 0x81, 0x66, 0x1f, 0xfd, 0x8c,
    0xc3, 0xfb, 0xc5, 0x3, 0xff, 0x81, 0x21, 0xe6,
    0xce, 0xc3, 0xc9, 0xeb, 0x7c, 0x7c, 0x41, 0x5f,
    0xf0,

    /* U+867E "虾" */
    0xb, 0xf, 0xfe, 0x15, 0xfe, 0x83, 0xaf, 0x1f,
    0x47, 0x8f, 0x7, 0xf4, 0x61, 0xff, 0xc5, 0xd0,
    0xff, 0xaa, 0xa, 0x30, 0xce, 0x47, 0x8d, 0xe,
    0xa0, 0x65, 0x41, 0xf5, 0x9c, 0x87, 0xdf, 0x4e,
    0x1f, 0x21, 0xff, 0x0,

    /* U+8680 "蚀" */
    0x9, 0xe, 0xc3, 0xce, 0x1f, 0xfc, 0xc, 0x3f,
    0xf8, 0x2a, 0xf3, 0xe3, 0xc1, 0x27, 0x20, 0xcc,
    0x35, 0x15, 0x7, 0xf4, 0xc1, 0xff, 0x21, 0xec,
    0xc3, 0xf9, 0xe3, 0xc1, 0xf2, 0x4, 0x10, 0x7b,
    0xc1, 0x96, 0xe, 0xbf, 0x1b, 0x6, 0xd5, 0x7d,
    0x50,

    /* U+8681 "蚁" */
    0xf, 0xfe, 0x2e, 0x85, 0x7, 0xff, 0x5, 0x83,
    0xff, 0x81, 0xa1, 0xd6, 0x5d, 0x4, 0xc2, 0x62,
    0x74, 0x83, 0xff, 0x84, 0xa0, 0xfe, 0x51, 0xe0,
    0x98, 0x93, 0xc2, 0x82, 0xb2, 0x5d, 0xa1, 0xf6,
    0xc2, 0x41, 0x36, 0x5, 0xec, 0x27, 0xea, 0x37,
    0x3a, 0x4, 0x28, 0xc1, 0x50, 0x7a, 0x81, 0x9c,

    /* U+8682 "蚂" */
    0xb, 0xf, 0xfe, 0x1f, 0xf2, 0x1f, 0x7e, 0x10,
    0x78, 0xf3, 0x87, 0xd1, 0x81, 0xf, 0xfb, 0xc1,
    0xfc, 0x8d, 0xe3, 0x41, 0x11, 0xfc, 0x83, 0xc5,
    0x3, 0xfe, 0xe9, 0xf4, 0x82, 0xc0, 0xfe, 0x84,
    0xfa, 0x88, 0x7c, 0x87, 0xde, 0x80,

    /* U+8695 "蚕" */
    0x3f, 0xff, 0x80, 0xf, 0xd1, 0xfe, 0xb, 0xe8,
    0xfe, 0xd, 0xe1, 0xf2, 0x78, 0x33, 0xb5, 0x9d,
    0xb, 0x87, 0x56, 0x96, 0xe, 0x28, 0xaa, 0x16,
    0x19, 0x60, 0x28, 0x3e, 0x7c, 0xaf, 0x7, 0x9f,
    0x95, 0xe0, 0xef, 0xe5, 0x78, 0xa0, 0x3f, 0xfe,
    0x0,

    /* U+86AA "蚪" */
    0x9, 0x41, 0xec, 0x3f, 0xb8, 0x3f, 0xb0, 0x6c,
    0x1e, 0xe7, 0x6, 0x87, 0xd4, 0xd, 0x87, 0xf9,
    0xe0, 0xfe, 0xc7, 0x60, 0xfa, 0x42, 0xf0, 0x7b,
    0x98, 0x9, 0x1a, 0x1d, 0x7e, 0x4, 0x8d, 0x14,
    0x75, 0x8, 0x3f, 0x50, 0x3f, 0x48, 0x48, 0x7c,

    /* U+86CB "蛋" */
    0x7f, 0xfe, 0x1e, 0x9e, 0x3e, 0x90, 0xd8, 0x5f,
    0x10, 0x53, 0xa7, 0xc8, 0x51, 0xf1, 0xfc, 0xb6,
    0x8, 0xfe, 0x57, 0xf1, 0xf8, 0x3b, 0xe3, 0xe0,
    0xf7, 0xc7, 0xc1, 0xdf, 0x8f, 0x8, 0x2f, 0xe3,
    0xc3, 0x94, 0xff, 0xe8,

    /* U+86D9 "蛙" */
    0x9, 0x41, 0xb4, 0x3f, 0xf9, 0x1e, 0x7, 0x8b,
    0x82, 0xd5, 0x9e, 0x2e, 0xd, 0x40, 0xff, 0xe1,
    0xfc, 0x5e, 0xd, 0xe3, 0xe2, 0xf0, 0x65, 0x7,
    0xfd, 0xca, 0x3c, 0x5c, 0x1b, 0x1b, 0xc5, 0xc0,
    0xb4, 0x83, 0xfa, 0xf4, 0xaf, 0x17, 0x90, 0xf7,
    0xfc, 0x80,

    /* U+86DB "蛛" */
    0x2, 0x83, 0xb0, 0xfb, 0xb, 0xf, 0xfe, 0x2,
    0x22, 0x82, 0xe7, 0x22, 0x3c, 0x19, 0x42, 0x78,
    0xa0, 0x7e, 0x83, 0xff, 0x81, 0xde, 0x3e, 0x9,
    0x45, 0xe0, 0xbc, 0xe, 0x50, 0x10, 0x90, 0xe5,
    0x45, 0xb, 0x3, 0xcd, 0xe5, 0xb, 0xd, 0xcc,
    0xc1, 0x70, 0x10, 0xb8, 0x3b, 0x0,

    /* U+86EE "蛮" */
    0xf, 0x50, 0x3e, 0xfe, 0x57, 0xf0, 0x3d, 0x65,
    0x9f, 0x82, 0x60, 0x21, 0x68, 0x55, 0x7, 0xba,
    0x5, 0xba, 0xb0, 0xb0, 0xa0, 0x36, 0xe1, 0x41,
    0x3b, 0xab, 0xe4, 0x39, 0xf3, 0x79, 0xf, 0x3e,
    0x6f, 0x21, 0xcf, 0xcd, 0xe0, 0xe6, 0xad, 0xbc,
    0x48, 0x1f, 0xfe, 0x80,

    /* U+8702 "蜂" */
    0xf, 0xfe, 0x23, 0x4, 0xc1, 0xff, 0xc0, 0x9f,
    0x41, 0xf9, 0x1c, 0xc2, 0xe7, 0x65, 0x42, 0x19,
    0x40, 0xa0, 0xa0, 0xfd, 0xda, 0x8e, 0xf, 0x62,
    0x20, 0x42, 0x50, 0xc1, 0x9c, 0x1c, 0xe0, 0x50,
    0xa0, 0xf6, 0x3c, 0x78, 0x26, 0x4f, 0xa3, 0xd0,
    0x3b, 0xcf, 0xa3, 0xd0, 0x24, 0x10, 0x7e,

    /* U+8715 "蜕" */
    0xf, 0xfe, 0x1b, 0x3, 0xa, 0x43, 0xeb, 0x2,
    0x83, 0x28, 0x47, 0x82, 0xe2, 0x22, 0x24, 0x29,
    0x43, 0x53, 0x87, 0xe5, 0xb0, 0xff, 0xe0, 0x61,
    0xa5, 0x3, 0xe4, 0x2e, 0x63, 0x63, 0x83, 0xa4,
    0x50, 0x7b, 0x48, 0x3d, 0x39, 0x6f, 0x1, 0x77,
    0x33, 0x25, 0x60, 0xde, 0x40, 0xf9,

    /* U+8721 "蜡" */
    0x3, 0x5, 0x83, 0xf, 0xf9, 0x41, 0xfd, 0x65,
    0xe, 0x7, 0x3d, 0x9e, 0x38, 0x25, 0x7, 0xff,
    0xf, 0xc7, 0x8f, 0x7, 0xbf, 0xf0, 0x4a, 0x7,
    0xf8, 0x2e, 0x60, 0x7e, 0xf, 0x34, 0x3f, 0x4,
    0xd1, 0x93, 0xf0, 0x4f, 0xa7, 0x3f, 0x6, 0x43,
    0xbf, 0x4,

    /* U+8757 "蝗" */
    0xf, 0xfe, 0x1b, 0x6, 0xa0, 0x7f, 0x79, 0x5e,
    0x5, 0x18, 0x17, 0xc1, 0x2e, 0x5, 0xf0, 0x6c,
    0x37, 0xe0, 0xfe, 0xfc, 0x1a, 0x41, 0xfe, 0x6,
    0xad, 0xff, 0x20, 0xcd, 0xe5, 0x5a, 0xd, 0x1a,
    0x2a, 0x83, 0x94, 0x2d, 0x5c, 0x3c, 0x97, 0x95,
    0xf0,

    /* U+878D "融" */
    0xf, 0xf6, 0x1b, 0xfe, 0xf, 0xb5, 0xd6, 0x1f,
    0x9e, 0xe2, 0xce, 0xd, 0x70, 0x51, 0x6, 0xad,
    0x86, 0x42, 0xae, 0xe0, 0xfd, 0x19, 0x3, 0x20,
    0xd2, 0x31, 0xe3, 0xc1, 0x2b, 0x50, 0xa0, 0xf7,
    0x8f, 0x7, 0x41, 0xfd, 0x64, 0x21, 0xbd, 0x65,
    0xe4, 0x12, 0xf, 0x32, 0x9,

    /* U+87BA "螺" */
    0xb, 0xf, 0xfe, 0x25, 0xfe, 0xf, 0xcc, 0x50,
    0x2f, 0x1c, 0x1d, 0x86, 0xc8, 0xc, 0x48, 0x7e,
    0xa0, 0xee, 0x12, 0x13, 0x16, 0x86, 0x88, 0x73,
    0x60, 0xbc, 0x70, 0x95, 0x83, 0x9e, 0x85, 0x8a,
    0x18, 0x89, 0xcd, 0x93, 0xf5, 0x86, 0xa0, 0x24,
    0xd, 0x3, 0x40,

    /* U+8822 "蠢" */
    0xf, 0x28, 0x3f, 0x5f, 0x53, 0xf0, 0x6a, 0x20,
    0x45, 0x41, 0x5c, 0x81, 0x15, 0x60, 0xb4, 0xb,
    0x3, 0xc0, 0xb4, 0x43, 0xb8, 0x1d, 0x8b, 0x86,
    0x9, 0x40, 0x5e, 0xd8, 0xf, 0x84, 0xc6, 0xa0,
    0x98, 0x4c, 0x56, 0x1d, 0x9, 0x8a, 0x82, 0xc3,
    0x38, 0x64, 0x14, 0xfa, 0x9f, 0xa0,

    /* U+8840 "血" */
    0xf, 0x90, 0xff, 0xe0, 0x30, 0x7f, 0xf0, 0x38,
    0x3f, 0x5f, 0x37, 0xe0, 0xcd, 0x96, 0x58, 0x7f,
    0xf0, 0x10, 0xff, 0xff, 0xe5, 0x96, 0x78, 0xd3,
    0xff, 0xf8, 0x8,

    /* U+884C "行" */
    0xf, 0xfe, 0x36, 0x1f, 0xfc, 0x9, 0x2f, 0xe4,
    0x29, 0x8b, 0xf9, 0x4, 0xe1, 0xff, 0xc0, 0x8a,
    0x7, 0xf4, 0xcd, 0xff, 0x4, 0xa8, 0xfa, 0x7c,
    0xa, 0x8, 0x7f, 0xd8, 0x7f, 0xf0, 0x20, 0xff,
    0xeb, 0xe1, 0xff, 0x3b, 0x84,

    /* U+8854 "衔" */
    0x2, 0x88, 0x3f, 0xb0, 0x20, 0x7e, 0x9, 0x40,
    0xf3, 0xf0, 0x27, 0x9f, 0x7, 0x2b, 0x1c, 0xb,
    0x87, 0x81, 0x78, 0xe8, 0x89, 0x42, 0xd8, 0x95,
    0x1c, 0x5c, 0x1d, 0x1e, 0x3d, 0x6, 0x50, 0x7f,
    0xf1, 0x6d, 0xf, 0xf3, 0x21, 0xfd, 0xe4, 0xc4,

    /* U+8857 "街" */
    0xf, 0xfe, 0x2e, 0x9, 0xf, 0xc8, 0x79, 0xf8,
    0x2b, 0xb6, 0xdf, 0x81, 0xaa, 0xdb, 0xf, 0x74,
    0x43, 0x5f, 0x20, 0x9b, 0x6f, 0x8d, 0x27, 0xe6,
    0xd0, 0xff, 0xe3, 0xc0, 0xb6, 0xd0, 0xfd, 0x6d,
    0xa1, 0xff, 0xc0, 0x58, 0x3e, 0xa3, 0x4c, 0x3f,
    0x7f, 0xa8, 0x0,

    /* U+8861 "衡" */
    0xa, 0x20, 0xff, 0x58, 0xf9, 0x5f, 0x2, 0x19,
    0xc5, 0x7c, 0xe, 0x8a, 0xcc, 0x3c, 0xc0, 0x88,
    0xac, 0x5, 0x44, 0x47, 0x9c, 0x60, 0xa2, 0x14,
    0x23, 0x85, 0x10, 0x7f, 0xa8, 0x50, 0x3f, 0x54,
    0x53, 0xf, 0xae, 0x2f, 0x7, 0xe6, 0x7c, 0xa0,
    0xf5, 0x76, 0x48, 0x0,

    /* U+8863 "衣" */
    0xf, 0x48, 0x7f, 0xf3, 0x9c, 0x3e, 0xfe, 0x1f,
    0xc8, 0x3e, 0x89, 0xfc, 0x87, 0x51, 0x40, 0x60,
    0xe8, 0x42, 0x6c, 0x34, 0x84, 0xf4, 0x42, 0x98,
    0x28, 0xd0, 0x93, 0x43, 0x30, 0x66, 0xf, 0x4c,
    0x1e, 0x4b, 0x8d, 0x83, 0x72, 0x50, 0x19, 0x5,
    0xea, 0x21, 0xa8, 0x0,

    /* U+8865 "补" */
    0xf, 0xfe, 0x1d, 0x3, 0x68, 0x74, 0xa0, 0xff,
    0xb4, 0x3f, 0xbf, 0x21, 0xfb, 0xe1, 0xb, 0xf,
    0x22, 0x80, 0xe1, 0xd3, 0x20, 0xa6, 0x16, 0x28,
    0x32, 0xa7, 0x49, 0x41, 0xa8, 0xd0, 0x1a, 0x1f,
    0x21, 0xff, 0xd9,

    /* U+8868 "表" */
    0xf, 0x30, 0x7f, 0xf2, 0xbf, 0x4f, 0xe0, 0xdf,
    0xa7, 0xf0, 0x77, 0xd3, 0xf2, 0x1d, 0xf4, 0xfc,
    0x84, 0xfe, 0x9f, 0xe0, 0x3e, 0x4e, 0x7d, 0x61,
    0xa6, 0x16, 0xe0, 0xaf, 0x6, 0xab, 0xa, 0xd4,
    0x12, 0xb0, 0xf9, 0xbc, 0x46, 0x84, 0xed, 0xe0,
    0x5e, 0x9, 0xe4, 0x3d, 0x0,

    /* U+886B "衫" */
    0xf, 0xfe, 0x2d, 0x3, 0x9c, 0x3f, 0xf8, 0x14,
    0xf, 0xfb, 0x50, 0x5e, 0x56, 0xdd, 0x3, 0x7e,
    0x1f, 0x25, 0x3, 0xba, 0x20, 0x98, 0x27, 0x44,
    0x73, 0xa, 0x83, 0x5e, 0x30, 0x79, 0x55, 0x69,
    0x20, 0x42, 0x70, 0xa6, 0xf, 0xf6, 0xe1, 0xfd,
    0x76, 0x1f, 0xd1, 0xa1, 0x80,

    /* U+886C "衬" */
    0xf, 0xfe, 0x1e, 0x1f, 0x61, 0x98, 0x3f, 0xe8,
    0x3f, 0xef, 0x3b, 0xf8, 0xf1, 0xe8, 0x7f, 0x16,
    0x17, 0x40, 0xe4, 0x25, 0x69, 0x87, 0x98, 0x62,
    0xc3, 0x34, 0x39, 0x41, 0xce, 0x83, 0x4c, 0x3f,
    0xfb, 0x4e, 0x10,

    /* U+8870 "衰" */
    0xf, 0x30, 0x7c, 0xfe, 0x9f, 0xd0, 0x1a, 0xff,
    0x82, 0x4a, 0xf6, 0x87, 0x9f, 0xd0, 0x77, 0xa7,
    0xf4, 0xf8, 0x1e, 0x9f, 0xd3, 0xe0, 0xe7, 0xf4,
    0x1f, 0x28, 0xd5, 0xd0, 0x33, 0xb1, 0x2b, 0xd,
    0xf0, 0x6a, 0x30, 0x5c, 0xe, 0xcd, 0xd0, 0xd0,
    0x3c, 0x9d, 0x80,

    /* U+888B "袋" */
    0xf, 0x21, 0xff, 0x6f, 0x4e, 0xf, 0x4a, 0xda,
    0x28, 0x34, 0xfa, 0x39, 0xc2, 0x90, 0x7c, 0x56,
    0x5, 0x87, 0x74, 0x50, 0x64, 0x14, 0x3e, 0x81,
    0xe6, 0xd5, 0xe9, 0xc1, 0xf4, 0x6a, 0xf3, 0x6,
    0xa8, 0x95, 0xe0, 0xac, 0x3a, 0x8a, 0xb, 0xd1,
    0xdb, 0x3a, 0x4, 0xc1, 0xe1, 0xec, 0x37, 0xa4,
    0x33, 0x0,

    /* U+8896 "袖" */
    0xf, 0xfe, 0x26, 0x1d, 0x87, 0xff, 0x19, 0xf,
    0xfa, 0x86, 0xfc, 0x7c, 0x5e, 0x13, 0xc7, 0x83,
    0x4e, 0x1f, 0xd2, 0x21, 0xfa, 0x47, 0x3c, 0x78,
    0x2c, 0xf1, 0xe3, 0xc0, 0x82, 0x83, 0xff, 0x9f,
    0xe3, 0xc1, 0xfb, 0xf8, 0x36, 0xc, 0x3b,

    /* U+889C "袜" */
    0xf, 0xfe, 0x24, 0x86, 0x90, 0xf7, 0x7, 0xff,
    0x1, 0x60, 0x90, 0xf7, 0x9b, 0xe2, 0xf9, 0x3d,
    0x3f, 0x37, 0xc8, 0x53, 0xf3, 0x79, 0xa, 0x7,
    0x4, 0xc8, 0x24, 0xa, 0x14, 0x21, 0xb3, 0x28,
    0x6a, 0xa, 0xc, 0xa0, 0x50, 0x3c, 0xd8, 0x4a,
    0xc3, 0xa8, 0x1d, 0x28, 0x36, 0x87, 0xa4,

    /* U+88AB "被" */
    0xb, 0xe, 0xc3, 0xff, 0x99, 0x51, 0x50, 0x3c,
    0x62, 0x66, 0x20, 0xf4, 0x82, 0x47, 0x43, 0x5a,
    0x21, 0x30, 0x50, 0x22, 0xcf, 0x4, 0xa2, 0xc8,
    0xf0, 0x69, 0x18, 0x40, 0xa0, 0xa8, 0x58, 0x2e,
    0x81, 0x21, 0x68, 0x87, 0xf9, 0xee, 0x74, 0x39,
    0xa1, 0xb5, 0x21, 0x6a, 0xe0, 0x9d,

    /* U+88C1 "裁" */
    0xd, 0x40, 0x30, 0x7f, 0xf0, 0x5d, 0x9, 0xf2,
    0xbe, 0x38, 0x27, 0xca, 0xf8, 0xa, 0x7, 0xca,
    0xf4, 0x6c, 0xf, 0x9b, 0xe3, 0xb0, 0x5e, 0x6f,
    0x40, 0x82, 0xb4, 0xf3, 0x8, 0x72, 0xd4, 0x3,
    0x21, 0x71, 0x8, 0x32, 0x9, 0xc1, 0x6a, 0x81,
    0x24, 0x9e, 0x1a, 0x3a, 0x81, 0x36, 0xd, 0x90,
    0xdc, 0x82, 0xa, 0xc0,

    /* U+88C2 "裂" */
    0xf, 0xfa, 0x40, 0xff, 0xad, 0xc, 0xf8, 0xbd,
    0x7, 0xce, 0x5e, 0xf, 0x9e, 0x62, 0xf, 0x9b,
    0x68, 0x98, 0x85, 0x65, 0xe8, 0x12, 0x81, 0x8d,
    0xab, 0xc3, 0x1, 0xf4, 0x4a, 0xf3, 0x6, 0xa2,
    0xa4, 0x83, 0x78, 0x70, 0x5b, 0x5, 0xf3, 0x4d,
    0x8e, 0x9, 0xdb, 0xc3, 0xf0,

    /* U+88C5 "装" */
    0x10, 0x68, 0x58, 0x77, 0x83, 0x90, 0xf4, 0x27,
    0xd1, 0xf0, 0x58, 0x3e, 0x8f, 0x82, 0xa0, 0x7f,
    0xd9, 0x82, 0xe3, 0xc8, 0x38, 0xd1, 0xfc, 0x83,
    0xf9, 0x5f, 0xc0, 0xfc, 0x51, 0xe9, 0x86, 0x79,
    0x6a, 0x21, 0x5e, 0xd, 0xa8, 0x37, 0xa3, 0xe3,
    0x3c, 0x4, 0x92, 0xc1, 0x70,

    /* U+88D9 "裙" */
    0xb, 0xf, 0xfe, 0x27, 0xf8, 0x32, 0x17, 0x8f,
    0x6, 0xe3, 0xf1, 0xe3, 0x7, 0xa3, 0xe3, 0xc6,
    0x1a, 0x88, 0x87, 0xe8, 0x1e, 0x8f, 0x6, 0x92,
    0xf1, 0xf8, 0x36, 0x5e, 0x3f, 0x5, 0x4, 0xa3,
    0xe0, 0xf9, 0xe0, 0xff, 0xe1, 0xfc, 0x1f, 0xf7,
    0xc1, 0x0,

    /* U+88E4 "裤" */
    0x2, 0x19, 0x41, 0xe8, 0x33, 0x21, 0xd2, 0x7c,
    0x5e, 0x9e, 0x89, 0xe7, 0xe9, 0xf0, 0x96, 0xfc,
    0x81, 0x40, 0x9a, 0x79, 0x4, 0x40, 0x54, 0x1b,
    0x1c, 0x4c, 0xf3, 0x42, 0xc7, 0xc7, 0x99, 0x4,
    0x5e, 0x3d, 0x7, 0xaf, 0x1e, 0x83, 0x48, 0x7f,
    0xf0, 0x20, 0xfe, 0xd8, 0x36, 0x10,

    /* U+88F4 "裴" */
    0xe, 0xd5, 0x87, 0xcb, 0x6, 0x58, 0x27, 0xe0,
    0xdf, 0x20, 0x43, 0xfc, 0x85, 0xe0, 0x20, 0xf8,
    0x2a, 0x61, 0xd5, 0x60, 0xb9, 0xee, 0xfc, 0xf,
    0x8d, 0x57, 0xe0, 0x7c, 0x99, 0xea, 0x61, 0x3b,
    0x8f, 0xa4, 0x2e, 0x42, 0xc1, 0x86, 0xf0, 0x3c,
    0x6f, 0x21, 0xd7, 0x92, 0xf8,

    /* U+88F8 "裸" */
    0xb, 0xf, 0xfe, 0x27, 0xf9, 0xf, 0xdc, 0xe1,
    0xbc, 0x69, 0xce, 0x1b, 0xd0, 0x9a, 0xb0, 0xf5,
    0x46, 0xac, 0x3b, 0x3f, 0x2b, 0xc8, 0x30, 0x37,
    0x95, 0xf0, 0x2c, 0xa6, 0x85, 0xe0, 0x20, 0x5f,
    0x8, 0x7c, 0xd3, 0x39, 0xe, 0x68, 0x85, 0x44,
    0x33, 0xa1, 0x9d, 0xb, 0xc, 0xc1, 0x80,

    /* U+88F9 "裹" */
    0xe, 0x60, 0xf3, 0xfa, 0x7f, 0x87, 0x5f, 0xd6,
    0x5, 0x78, 0x7c, 0x61, 0xd4, 0x4a, 0x21, 0xe5,
    0x85, 0x83, 0x37, 0x81, 0xf8, 0xf, 0x52, 0x56,
    0xc6, 0x40, 0xc8, 0xd9, 0x7a, 0x7, 0xc7, 0x8b,
    0xd3, 0x59, 0xb1, 0xc4, 0x56, 0x88, 0x1b, 0x57,
    0x8e, 0x9a, 0x7, 0xd4, 0x3, 0xe4,

    /* U+8910 "褐" */
    0xb, 0xf, 0xfe, 0x1f, 0xf8, 0x3f, 0x5f, 0x5,
    0xe3, 0x5, 0xf0, 0x5e, 0x90, 0x35, 0x7, 0x56,
    0x7e, 0x42, 0x88, 0x25, 0xd0, 0xa1, 0x2b, 0xc9,
    0x42, 0x4e, 0x81, 0xb4, 0x60, 0x5a, 0x1f, 0x26,
    0xac, 0x43, 0xcd, 0xd3, 0xf, 0xaf, 0xa6, 0xb,
    0xf, 0x78,

    /* U+8936 "褶" */
    0x3, 0x87, 0xff, 0xb, 0xff, 0x7, 0x74, 0x3a,
    0x3, 0x8d, 0x81, 0x40, 0xbd, 0x2d, 0x94, 0xc3,
    0x5a, 0x45, 0xe0, 0xb2, 0x61, 0x27, 0x34, 0xf,
    0x95, 0xe0, 0x50, 0xd3, 0xf0, 0x88, 0x77, 0xe0,
    0xfe, 0xfc, 0x1f, 0xdf, 0x83, 0xfb, 0xf0, 0x0,

    /* U+895F "襟" */
    0x3, 0x85, 0x82, 0x43, 0xf2, 0x4, 0xd0, 0xf5,
    0xa, 0x2a, 0x7, 0x1c, 0x83, 0x6, 0xf, 0x2a,
    0x41, 0x8e, 0x19, 0x9c, 0xe7, 0x82, 0xce, 0x8f,
    0x8d, 0x4, 0x1b, 0xfc, 0x5, 0x45, 0x7e, 0xc7,
    0x3, 0xcc, 0x53, 0xf, 0xb0, 0xd2, 0x1e, 0xc8,
    0xf, 0x21, 0x27, 0x58, 0x1a,

    /* U+897F "西" */
    0xff, 0xfe, 0x1, 0xf8, 0xe3, 0xf0, 0x7f, 0xf0,
    0xfe, 0x38, 0xf8, 0x37, 0x8e, 0x3c, 0x1f, 0xc8,
    0x7f, 0x48, 0x4c, 0x1d, 0x30, 0x56, 0x1d, 0xe0,
    0xbc, 0x87, 0x21, 0xff, 0xc0, 0xff, 0xc1, 0xdf,
    0xf8, 0x20,

    /* U+8981 "要" */
    0x3f, 0xff, 0x80, 0xf, 0xc5, 0x9f, 0x82, 0xbc,
    0x59, 0xf0, 0x75, 0x96, 0x78, 0x3f, 0xf9, 0x16,
    0x59, 0xe0, 0xeb, 0xe3, 0xf8, 0x2b, 0xf1, 0xfe,
    0x5, 0xe1, 0xf4, 0x7c, 0x1a, 0x1f, 0x48, 0x7d,
    0xc0, 0x5b, 0x82, 0xfd, 0x74, 0xe2, 0x7, 0xa8,
    0x86, 0x68, 0x0,

    /* U+8986 "覆" */
    0x3f, 0xff, 0x80, 0xf, 0xc7, 0x8b, 0xe0, 0xbe,
    0x3c, 0x5e, 0x43, 0x50, 0x61, 0x83, 0x9f, 0x2a,
    0x4d, 0x41, 0x4f, 0x1, 0x74, 0x7, 0x9c, 0x5c,
    0x41, 0x7a, 0x82, 0xe0, 0xed, 0x91, 0x70, 0x69,
    0xc, 0x85, 0x5, 0xc3, 0xa1, 0x28, 0x3c, 0xd8,
    0xb8, 0x3c, 0xdd, 0xfc, 0x1b, 0x79, 0x3, 0x60,

    /* U+89C1 "见" */
    0xb, 0xfe, 0xf, 0xbd, 0x78, 0x3f, 0xd0, 0x7f,
    0xf6, 0xf0, 0xff, 0x21, 0xff, 0xc0, 0xd0, 0xfe,
    0xd5, 0x3, 0xf, 0x53, 0xe, 0x66, 0xcc, 0x2f,
    0xa8, 0xfa, 0xb, 0xf8,

    /* U+89C2 "观" */
    0x3f, 0x3f, 0xe0, 0xaa, 0x73, 0xf0, 0x72, 0x8c,
    0x1a, 0x1e, 0xc5, 0x7, 0xf3, 0x61, 0xc8, 0x79,
    0x10, 0xc8, 0x7e, 0x40, 0x90, 0x7b, 0x99, 0xc3,
    0xe4, 0x66, 0x50, 0x30, 0x36, 0xb, 0x70, 0xb1,
    0xc1, 0x46, 0x4f, 0x7, 0xbd, 0x3, 0xf0,

    /* U+89C4 "规" */
    0xb, 0xf, 0xfe, 0x25, 0xfc, 0x19, 0x10, 0x5f,
    0x6, 0xa1, 0x40, 0x30, 0x75, 0x9c, 0xc, 0x39,
    0xf1, 0xe4, 0x18, 0x67, 0xc7, 0x91, 0x41, 0xf9,
    0xd, 0x7, 0xa7, 0x8d, 0x41, 0xe6, 0x8e, 0xc0,
    0xc2, 0x90, 0x54, 0x1b, 0x15, 0x15, 0x20, 0xf2,
    0x38, 0x3c, 0x83, 0xe8,

    /* U+89C6 "视" */
    0x2, 0x1f, 0xfc, 0x1f, 0x3, 0xfc, 0x1a, 0x42,
    0xfc, 0x1b, 0xce, 0x81, 0xc3, 0xbe, 0x10, 0xff,
    0x90, 0xff, 0xe0, 0xd0, 0x3f, 0xec, 0xc3, 0xfd,
    0xa7, 0x3, 0xf, 0x70, 0xd8, 0x83, 0xf, 0xea,
    0x20, 0x43, 0xeb, 0x44, 0x83, 0xd4, 0x4e, 0xc0,

    /* U+89C8 "览" */
    0xf, 0xfe, 0x2b, 0x83, 0x43, 0xb0, 0xff, 0xe2,
    0xc5, 0xf0, 0x7c, 0xf4, 0xf0, 0x65, 0x50, 0x78,
    0x2f, 0x95, 0x78, 0x83, 0xa8, 0xd4, 0x87, 0x97,
    0x83, 0xfe, 0xc3, 0xfd, 0x20, 0x50, 0x77, 0x30,
    0x51, 0x97, 0x8c, 0x1f, 0xa0, 0x5c, 0xf, 0xe4,

    /* U+89C9 "觉" */
    0xe, 0x43, 0x21, 0xb4, 0xe0, 0x38, 0x6e, 0x65,
    0x16, 0x12, 0xc2, 0x88, 0x8, 0x2c, 0xf1, 0x8f,
    0x5, 0xb, 0xe8, 0x2c, 0x6e, 0xf0, 0x30, 0xe4,
    0x83, 0xff, 0x83, 0x7, 0xff, 0x1, 0xf, 0xd1,
    0x40, 0x43, 0x6, 0xc4, 0xee, 0x8f, 0xd4, 0x3f,
    0x87, 0xd2, 0x1f, 0x80,

    /* U+89D2 "角" */
    0xf, 0xfe, 0x2e, 0x1f, 0xe8, 0xfd, 0x7, 0x37,
    0xc6, 0x1b, 0x50, 0x11, 0xb, 0x1f, 0xa3, 0xc4,
    0x97, 0x8f, 0x81, 0x42, 0xf1, 0xf0, 0x75, 0xe3,
    0xe0, 0xfe, 0x44, 0x3a, 0xf1, 0x70, 0x49, 0xff,
    0x1, 0xa0, 0x7f, 0x51, 0xe, 0xf2, 0x68, 0x7b,
    0xd0,

    /* U+89E3 "解" */
    0x9, 0xf, 0xfe, 0x3, 0x5, 0x7e, 0x82, 0xcf,
    0x16, 0x6e, 0x13, 0xc8, 0x24, 0x42, 0xce, 0x78,
    0xb1, 0x6, 0x66, 0x41, 0x61, 0xd9, 0x81, 0xcd,
    0xd, 0x98, 0xa8, 0xd0, 0xfe, 0xd0, 0xfb, 0x33,
    0xb3, 0xc8, 0x5f, 0x17, 0x8f, 0x24, 0x87, 0xff,
    0x1, 0x81, 0xa1, 0xfb, 0xb, 0x82, 0xc2,

    /* U+89E6 "触" */
    0xf, 0xfe, 0x2e, 0x1e, 0xc3, 0xff, 0x8f, 0x1e,
    0xf, 0xf3, 0x40, 0x3e, 0x3c, 0xc, 0xa1, 0x8e,
    0x61, 0x26, 0x61, 0xfd, 0x19, 0x87, 0xfd, 0x98,
    0x18, 0x83, 0xb3, 0x1b, 0x38, 0x37, 0xc0, 0x50,
    0xc1, 0xff, 0xc2, 0x45, 0x6, 0x68, 0x66, 0x50,
    0x74, 0x2b, 0x81, 0x81, 0xe6, 0x88, 0xc0,

    /* U+8A00 "言" */
    0x2f, 0xfc, 0x15, 0xff, 0x81, 0xff, 0xf5, 0xff,
    0xf4, 0x3f, 0xf8, 0x27, 0xff, 0x4, 0xff, 0xe0,
    0x9f, 0xfc, 0x1b, 0xfe, 0x83, 0xbf, 0xa4, 0x3f,
    0xc8, 0x7b, 0xfc, 0x1e, 0xff, 0x4,

    /* U+8A93 "誓" */
    0x9, 0xc3, 0x99, 0x5, 0xc6, 0xff, 0x20, 0xa2,
    0x1e, 0x68, 0x4, 0x2c, 0x1c, 0x70, 0x11, 0x9f,
    0xa, 0xe, 0x4a, 0x3f, 0x21, 0xa8, 0xbf, 0xa8,
    0xf, 0x7, 0xef, 0x1, 0x41, 0xf9, 0x41, 0xff,
    0xc6, 0x5f, 0xc1, 0xf7, 0xf8, 0x3f, 0x7f, 0x83,
    0x0,

    /* U+8B66 "警" */
    0xf, 0xfe, 0x2c, 0xe1, 0x41, 0xde, 0x63, 0xd0,
    0x7b, 0x55, 0x58, 0xfc, 0x5, 0xab, 0x24, 0x60,
    0x82, 0x57, 0x9a, 0x5, 0xc2, 0x26, 0x5e, 0x9,
    0x14, 0x43, 0x78, 0x16, 0x1f, 0xac, 0x16, 0x1f,
    0xac, 0x32, 0xfe, 0xf, 0x97, 0xf0, 0x73, 0xfe,
    0x10, 0xf7, 0xf8, 0x30,

    /* U+8BA1 "计" */
    0xf, 0xfe, 0x16, 0x87, 0x61, 0xd4, 0xf, 0xf9,
    0x41, 0xff, 0xc0, 0x83, 0xfd, 0x50, 0x16, 0x16,
    0x3c, 0x8d, 0x45, 0x42, 0x80, 0xfc, 0x7c, 0x1f,
    0xfe, 0x4, 0x3f, 0xef, 0x7, 0xf9, 0xe0, 0xfc,

    /* U+8BA2 "订" */
    0x4, 0x1f, 0xfc, 0x1c, 0xbf, 0xe0, 0x49, 0x7c,
    0x7c, 0x14, 0x1f, 0xef, 0x83, 0xfd, 0xe0, 0xff,
    0xfb, 0x30, 0x7f, 0xd0, 0x7f, 0xd7, 0x1e, 0xc,

    /* U+8BA4 "认" */
    0x28, 0x1b, 0x43, 0xa5, 0x7, 0xfd, 0xe0, 0xff,
    0xe0, 0x41, 0x90, 0xdf, 0x7, 0xfb, 0xc1, 0xe4,
    0x3f, 0xf8, 0x18, 0x7f, 0x91, 0xf, 0xf7, 0x30,
    0x79, 0xe5, 0x48, 0x7a, 0x8c, 0x7, 0xd, 0x72,
    0x81, 0x10, 0x49, 0x40, 0xde, 0x0,

    /* U+8BA5 "讥" */
    0xf, 0xfe, 0x17, 0x3, 0xf8, 0x36, 0xa0, 0x7c,
    0x1e, 0xd0, 0xfe, 0xf8, 0x3f, 0xdc, 0x1f, 0xfc,
    0x4, 0x3f, 0xfb, 0x94, 0xf, 0xe4, 0x1a, 0x1c,
    0xa1, 0x54, 0xc3, 0xbc, 0xb, 0x50, 0x6d, 0x82,
    0xe0, 0xdf, 0x0,

    /* U+8BA8 "讨" */
    0xf, 0xf6, 0x1b, 0x83, 0xfe, 0xd4, 0x1f, 0xf4,
    0xbe, 0x14, 0x12, 0xa, 0xc5, 0x9f, 0xf, 0xe3,
    0x8f, 0x5, 0x40, 0xff, 0xa5, 0x7, 0xfd, 0x40,
    0xff, 0x94, 0x1f, 0x9c, 0x10, 0x7e, 0xa0, 0x7f,
    0xbc, 0x82, 0xc2,

    /* U+8BA9 "让" */
    0x14, 0x1b, 0xf, 0x32, 0x1f, 0xf5, 0x3, 0xfe,
    0x70, 0xfe, 0xf8, 0x3f, 0xde, 0xf, 0x7c, 0x87,
    0xf7, 0xc8, 0x7f, 0xf4, 0x9d, 0xf, 0xf5, 0x10,
    0xfe, 0xab, 0xc7, 0xe0, 0x95, 0xff, 0x80,

    /* U+8BAD "训" */
    0x4, 0x16, 0x1b, 0x42, 0xc3, 0xfe, 0x83, 0xd8,
    0x7b, 0xf, 0xf5, 0x10, 0xff, 0xe0, 0x41, 0xfe,
    0xa0, 0x7f, 0xf7, 0x60, 0xff, 0xb4, 0x28, 0x3c,
    0xe4, 0x4, 0x3d, 0x1, 0xf, 0xfb, 0xe, 0xd0,

    /* U+8BAE "议" */
    0xf, 0xfe, 0x24, 0x85, 0x21, 0xf5, 0x40, 0xa0,
    0x7e, 0xf3, 0xa, 0x30, 0xf2, 0x24, 0xb0, 0x5f,
    0x8, 0x6f, 0x5, 0xe0, 0x94, 0x5, 0x7, 0xea,
    0xa, 0xf, 0xf3, 0x50, 0x7e, 0x49, 0x41, 0xfb,
    0xc4, 0x30, 0x7d, 0x78, 0xf3, 0xa1, 0xba, 0xc0,
    0xe8, 0x86, 0xf2, 0x19, 0xd0,

    /* U+8BAF "讯" */
    0x2, 0x1f, 0xfc, 0x1a, 0x3f, 0xe4, 0x36, 0xaf,
    0xe0, 0xfb, 0xb, 0xf, 0xaa, 0xf, 0x90, 0xb1,
    0xf, 0xf9, 0x81, 0xe3, 0xc1, 0xfd, 0xe3, 0xc2,
    0x1f, 0xfd, 0x67, 0xc, 0xf8, 0x3a, 0xc3, 0x68,
    0x77, 0x83, 0x91, 0x0,

    /* U+8BB0 "记" */
    0x20, 0xff, 0xe0, 0x78, 0x1f, 0xe0, 0x94, 0xf,
    0xe0, 0xe8, 0x3f, 0xd7, 0x83, 0xfd, 0xc1, 0xff,
    0x28, 0x27, 0xf0, 0x7f, 0xbf, 0x7, 0xff, 0x3a,
    0xd, 0x61, 0xe4, 0x3b, 0x4f, 0xc8, 0x5c, 0xf,
    0xe8,

    /* U+8BB2 "讲" */
    0x20, 0xd8, 0x30, 0xd0, 0x7f, 0xa5, 0x8, 0x7e,
    0xde, 0x3c, 0x77, 0xa3, 0xc7, 0x8e, 0xe4, 0x3f,
    0xf9, 0x97, 0x8f, 0x1e, 0xa, 0xe7, 0xc7, 0x82,
    0x6c, 0x3f, 0xad, 0x83, 0xcd, 0x60, 0xfe, 0xa2,
    0x1f, 0x9d, 0xd, 0x80,

    /* U+8BB3 "讳" */
    0x2, 0x1d, 0x87, 0xd2, 0x1f, 0xfc, 0xe, 0x9f,
    0x1f, 0x83, 0x77, 0xc7, 0xe0, 0x2c, 0x7c, 0x7c,
    0x85, 0xc7, 0xc7, 0xc8, 0x18, 0xbe, 0x3f, 0x7,
    0x5f, 0x1f, 0x7, 0xff, 0x26, 0xe, 0x43, 0xde,
    0xd, 0xc8, 0x67, 0x43, 0x7a, 0xd, 0x7, 0xf8,

    /* U+8BB6 "讶" */
    0xf, 0xfe, 0x25, 0x1, 0xfe, 0x82, 0x84, 0xef,
    0x1c, 0x1a, 0x46, 0xf, 0xaa, 0x6, 0x87, 0xde,
    0x40, 0xaf, 0x1e, 0x2, 0x82, 0xf8, 0x1e, 0xf,
    0xe9, 0xf, 0xfe, 0x3, 0x87, 0xf4, 0x4a, 0xf,
    0xde, 0x98, 0x3f, 0x34, 0x70, 0xfe, 0x9b, 0x2c,
    0x30,

    /* U+8BB8 "许" */
    0x2, 0x12, 0x83, 0xf7, 0x3, 0xf, 0xe9, 0x3,
    0x7e, 0xe, 0xc2, 0xd5, 0xe0, 0xaa, 0x38, 0xc3,
    0xde, 0x45, 0x7, 0xe5, 0x5, 0xe9, 0xf8, 0x3d,
    0x79, 0x5f, 0x7, 0xf6, 0x1f, 0xe4, 0x3f, 0xf8,
    0x1e, 0xf, 0xfe, 0x5, 0x3, 0xfe, 0xd0, 0xfe,

    /* U+8BB9 "讹" */
    0xf, 0xfe, 0x16, 0x1b, 0x30, 0xeb, 0x2, 0x83,
    0xe5, 0x3, 0xc1, 0xfa, 0x2, 0x83, 0x47, 0xc4,
    0x1d, 0xe3, 0x85, 0x6, 0x94, 0x4, 0x10, 0x66,
    0xe, 0x50, 0xe6, 0x1f, 0xd2, 0x1f, 0xf7, 0x4,
    0x87, 0x21, 0xe8, 0x36, 0x1f, 0xf3, 0xa1, 0xbc,
    0x80,

    /* U+8BBA "论" */
    0xf, 0xfe, 0x1b, 0x86, 0x70, 0xf2, 0xb0, 0xa1,
    0xf, 0x50, 0x11, 0xc8, 0x79, 0x15, 0x94, 0x40,
    0xf8, 0xa8, 0xf, 0x41, 0xc1, 0xe8, 0x2a, 0x83,
    0x90, 0x9c, 0x43, 0xfb, 0xe8, 0x3f, 0xdc, 0x1f,
    0xac, 0x3d, 0x21, 0xd8, 0x3f, 0x28, 0x2e, 0x7,
    0xf8, 0x0,

    /* U+8BBE "设" */
    0xf, 0xfe, 0x25, 0x2, 0xfc, 0x1d, 0x10, 0x5e,
    0xf, 0xa8, 0x21, 0xf9, 0x60, 0x50, 0x2e, 0x7,
    0xa2, 0x50, 0x3d, 0x2, 0x80, 0x9f, 0xd0, 0x7e,
    0x8f, 0x18, 0x7e, 0x5c, 0x21, 0xf4, 0x55, 0x87,
    0xde, 0x20, 0x41, 0xeb, 0xe3, 0xc7, 0x6, 0x4f,
    0x40, 0xbc, 0x0,

    /* U+8BBF "访" */
    0x2, 0x19, 0x41, 0xf7, 0x4, 0xd0, 0x3d, 0x21,
    0xb0, 0xfd, 0xbf, 0x9f, 0x81, 0xf3, 0xe3, 0xf8,
    0x1c, 0x1f, 0xfc, 0x14, 0x3b, 0xf0, 0x7f, 0xbe,
    0xf, 0xe4, 0x3f, 0xf8, 0x3a, 0x4, 0x3e, 0xa3,
    0x4, 0x87, 0xca, 0xb, 0xc1, 0xde, 0x22, 0xd4,
    0x1e, 0x70, 0x5e, 0x8,

    /* U+8BC0 "诀" */
    0xf, 0xfe, 0x16, 0x86, 0xc3, 0xd4, 0xf, 0xf9,
    0x60, 0xff, 0xa5, 0x78, 0xf8, 0x17, 0x87, 0xc7,
    0x82, 0xb0, 0xc8, 0x7f, 0xbd, 0x1e, 0x30, 0xef,
    0x28, 0xf8, 0x3e, 0x61, 0xf, 0x32, 0xa, 0x7,
    0xae, 0x82, 0xa0, 0xd7, 0x44, 0x13, 0x4, 0x92,
    0x1b, 0xc0,

    /* U+8BC1 "证" */
    0xf, 0xfe, 0x15, 0x83, 0xfe, 0x89, 0x8f, 0xa3,
    0xd0, 0x28, 0x1f, 0xe5, 0x4, 0x87, 0x9a, 0x23,
    0x7, 0x9c, 0x3f, 0x79, 0xf, 0xf7, 0x90, 0xff,
    0xe2, 0x78, 0x3f, 0xe6, 0xf, 0xf7, 0xa8, 0x71,
    0xf0, 0x6f, 0xfe,

    /* U+8BC4 "评" */
    0x10, 0xff, 0xe0, 0x78, 0x7f, 0xd0, 0x24, 0x6e,
    0x7a, 0x5, 0x2, 0xd, 0x3, 0xe0, 0x30, 0x7b,
    0xc1, 0x48, 0x14, 0x1f, 0xa0, 0xa0, 0xf7, 0xa8,
    0xde, 0xe, 0xfa, 0x7e, 0xf, 0xfe, 0x34, 0x1f,
    0xf6, 0x1f, 0xf5, 0xc1, 0xf8,

    /* U+8BC6 "识" */
    0xf, 0xfe, 0x23, 0xa7, 0xf8, 0x33, 0x40, 0x7e,
    0xf, 0x38, 0x7f, 0xaa, 0xf, 0xfb, 0xc8, 0x7f,
    0xca, 0xd, 0xf8, 0x3f, 0xbf, 0xc1, 0xfd, 0x1,
    0x41, 0xe7, 0x82, 0x60, 0xf5, 0x18, 0x27, 0xd,
    0x74, 0xd, 0x8, 0x49, 0xa1, 0xd2,

    /* U+8BC9 "诉" */
    0xf, 0xe6, 0x9, 0xc1, 0x4f, 0xc1, 0x2a, 0x1f,
    0xa4, 0x35, 0x0, 0x87, 0xaa, 0xb, 0xfc, 0x79,
    0xa, 0xa2, 0x82, 0x83, 0x2c, 0x28, 0x3f, 0x78,
    0x3f, 0xee, 0x30, 0xf2, 0x12, 0x30, 0x6f, 0x7,
    0x50, 0x27, 0x20, 0xfe, 0x8d, 0xf, 0x80,

    /* U+8BCA "诊" */
    0xf, 0x90, 0xf3, 0x86, 0xa0, 0x72, 0xa0, 0x4b,
    0x7, 0x59, 0x37, 0x21, 0xcc, 0xf3, 0xd0, 0xf9,
    0x35, 0x8c, 0x1e, 0x1a, 0xb6, 0x20, 0xe4, 0xda,
    0x7, 0xcc, 0xd0, 0xc3, 0xea, 0x6e, 0x87, 0x9f,
    0x1b, 0x7, 0x63, 0x74, 0xe, 0xb3, 0x34, 0x3c,
    0x8f, 0x7, 0x80,

    /* U+8BCD "词" */
    0x2, 0x1f, 0xfc, 0xf, 0x1f, 0xf8, 0x12, 0xbf,
    0xe0, 0xd3, 0xfc, 0x1a, 0xa3, 0xf8, 0x32, 0xc0,
    0x58, 0x3b, 0xc1, 0x55, 0x87, 0xfb, 0xc1, 0xff,
    0xc0, 0x43, 0xfe, 0xe0, 0xfc, 0xcf, 0x90, 0xfa,
    0xa0, 0x42, 0x1a, 0xc3, 0x5c, 0x80,

    /* U+8BD1 "译" */
    0xf, 0xfe, 0x27, 0x1f, 0xf0, 0x6d, 0x32, 0xf2,
    0x83, 0xb0, 0x73, 0x30, 0x7f, 0x33, 0x4, 0xf9,
    0x2d, 0x9a, 0x23, 0x86, 0xff, 0x83, 0xef, 0x37,
    0x40, 0xf5, 0xe2, 0xf0, 0x7d, 0xf1, 0x7c, 0x1b,
    0xf8, 0xbe, 0xc, 0xc1, 0xff, 0x79, 0xf, 0xe0,

    /* U+8BD5 "试" */
    0x2, 0x1e, 0x64, 0x35, 0x3, 0xed, 0xb, 0x43,
    0xeb, 0xd, 0x97, 0xd3, 0xa0, 0x58, 0xae, 0x28,
    0xa, 0x80, 0xb0, 0x14, 0xf, 0x1, 0xf8, 0x3f,
    0xce, 0x68, 0x7f, 0xf3, 0xa8, 0x21, 0xf5, 0x9c,
    0xf8, 0x3b, 0xbc, 0x92, 0x1d, 0x61, 0xe5, 0x0,

    /* U+8BD7 "诗" */
    0xf, 0xec, 0x3d, 0x40, 0xc8, 0x7d, 0x28, 0xb8,
    0xf0, 0x74, 0xb, 0xc7, 0x83, 0x94, 0x12, 0x1e,
    0xf8, 0xfa, 0x3e, 0x4e, 0x7, 0xf1, 0xe4, 0x8,
    0x2f, 0xc7, 0x83, 0xd5, 0x78, 0xf0, 0x7c, 0xc8,
    0x7f, 0x39, 0x61, 0xfd, 0x41, 0x83, 0xf5, 0xa0,
    0x70, 0xc0,

    /* U+8BDA "诚" */
    0x14, 0x1e, 0xd0, 0xcc, 0x87, 0xd8, 0x6b, 0xf,
    0x30, 0x66, 0x3f, 0x1d, 0x8d, 0x2, 0xf8, 0xf8,
    0x24, 0x25, 0x5, 0x1, 0x83, 0x70, 0x48, 0x7e,
    0x80, 0xc8, 0x7f, 0xdb, 0x87, 0x90, 0xd8, 0x87,
    0x73, 0x2c, 0xc, 0x26, 0x28, 0x5b, 0x86, 0x98,
    0x2c, 0x84,

    /* U+8BDB "诛" */
    0x2, 0x1d, 0x87, 0xa4, 0x18, 0x7e, 0xa0, 0x87,
    0xf3, 0x19, 0x9e, 0x40, 0xb0, 0xf8, 0xf2, 0x3c,
    0x90, 0x87, 0x30, 0x3b, 0x8f, 0x90, 0xdf, 0x5,
    0xe4, 0x3c, 0xa1, 0x41, 0xe4, 0xb3, 0x83, 0xae,
    0x50, 0xa8, 0x2a, 0xc, 0x14, 0x20, 0x55, 0x87,
    0x48,

    /* U+8BDD "话" */
    0xf, 0xf2, 0x12, 0x5, 0xa9, 0xc1, 0x71, 0xf0,
    0xf8, 0x28, 0x15, 0x61, 0xf4, 0x55, 0x95, 0x1f,
    0x1f, 0x8f, 0x8f, 0x1, 0x60, 0x2c, 0x1e, 0xf4,
    0x78, 0x3f, 0x7e, 0xf, 0xfe, 0x44, 0x1f, 0xf7,
    0x8f, 0xc1, 0xd6, 0x9f, 0x82,

    /* U+8BDE "诞" */
    0xf, 0xf9, 0x40, 0x73, 0xe5, 0x5e, 0x40, 0xab,
    0xc2, 0x64, 0x1a, 0x82, 0x85, 0x7, 0x50, 0x16,
    0x61, 0xf2, 0xa0, 0xf7, 0x2, 0xd, 0x21, 0x70,
    0x77, 0x83, 0xff, 0x83, 0x8, 0x7f, 0xca, 0x6,
    0x70, 0x6b, 0x15, 0xfa, 0xa, 0x83, 0xff, 0x4,
    0xae, 0x2f, 0xe0,

    /* U+8BE1 "诡" */
    0xf, 0xfe, 0x24, 0x1b, 0xf, 0xec, 0x37, 0xc8,
    0x68, 0x29, 0xa0, 0x7d, 0x8a, 0x90, 0x21, 0x51,
    0x51, 0xe8, 0xf0, 0x3d, 0x31, 0xfe, 0x2, 0x80,
    0x83, 0xf0, 0x7f, 0xde, 0xf, 0xfe, 0x73, 0xa8,
    0x39, 0x82, 0x7a, 0x7, 0x42, 0x1f, 0xe7, 0x60,
    0x7d, 0x6, 0x8c, 0x1f, 0x90,

    /* U+8BE6 "详" */
    0xf, 0x41, 0x90, 0xb4, 0x1e, 0x6, 0x1b, 0x91,
    0x84, 0x43, 0x4d, 0xdc, 0x68, 0xa0, 0x5e, 0x6f,
    0x25, 0x41, 0xd8, 0x6f, 0x5, 0xe5, 0x70, 0x7d,
    0xe6, 0xe0, 0xf2, 0xc6, 0xa0, 0xf7, 0x45, 0x51,
    0xd, 0x3e, 0x6f, 0x21, 0xd8, 0x7f, 0xb8, 0x3f,
    0x0,

    /* U+8BED "语" */
    0xf, 0xfe, 0x26, 0x9f, 0xf2, 0x15, 0xf, 0x47,
    0xc8, 0x4c, 0xe, 0x3d, 0x7, 0x20, 0x86, 0x43,
    0x7c, 0x4, 0xd3, 0xb, 0x86, 0x87, 0x34, 0xe,
    0x7d, 0x7a, 0x98, 0x79, 0xaf, 0x21, 0xfb, 0xe8,
    0x3e, 0x60, 0xff, 0x27, 0x1f, 0x41, 0xee, 0x5,
    0xe8, 0x20,

    /* U+8BEF "误" */
    0xf, 0xfe, 0x1d, 0x0, 0xff, 0x21, 0x4c, 0x7,
    0xe4, 0x3b, 0xc1, 0xff, 0xc1, 0x40, 0xfc, 0x84,
    0xf9, 0x1a, 0xe0, 0x9c, 0x2a, 0xf8, 0x3e, 0xbc,
    0x7c, 0x1e, 0xbe, 0x3f, 0x7, 0x5e, 0x63, 0xe0,
    0xde, 0x5d, 0x61, 0xe6, 0xec, 0x56, 0x1b, 0xd1,
    0x85, 0x38, 0x77, 0x7, 0x58,

    /* U+8BF2 "诲" */
    0xf, 0x21, 0xf5, 0x81, 0x83, 0xe9, 0x44, 0x7f,
    0x5, 0x31, 0xfe, 0x2f, 0xd, 0xea, 0x69, 0x60,
    0xc5, 0xa0, 0xff, 0x51, 0x10, 0xee, 0x7a, 0x1a,
    0x1b, 0x22, 0xcd, 0xf, 0x3e, 0x90, 0xe6, 0x3c,
    0xb6, 0x4, 0xa7, 0xe2, 0xc0, 0xd8, 0x56, 0x21,
    0x90, 0xd7, 0x82,

    /* U+8BF4 "说" */
    0xe, 0x43, 0xf4, 0x83, 0x81, 0x40, 0xa8, 0x9,
    0x15, 0x6, 0x90, 0x40, 0x83, 0x94, 0x77, 0x50,
    0x3e, 0xb, 0xe8, 0x2f, 0x7, 0xff, 0x17, 0xe8,
    0x3f, 0x66, 0x70, 0x79, 0xf, 0xfb, 0x90, 0xe8,
    0x35, 0x58, 0x64, 0x2c, 0xa0, 0x1f, 0x21, 0x9d,
    0x5, 0xe8,

    /* U+8BF5 "诵" */
    0xf, 0xfe, 0x1d, 0xf, 0xf8, 0x28, 0xbc, 0xd0,
    0x43, 0x50, 0x17, 0x50, 0x7d, 0xe4, 0xb0, 0x7c,
    0x16, 0xac, 0x2f, 0x6, 0xd5, 0x87, 0xf6, 0xac,
    0x3f, 0xf9, 0x5a, 0xb0, 0xf3, 0x1a, 0xb0, 0xf5,
    0x87, 0xfa, 0xd0, 0x53, 0xe, 0x41, 0x85, 0xe0,

    /* U+8BF7 "请" */
    0xf, 0xda, 0x1d, 0x82, 0xa2, 0xa0, 0xac, 0xf8,
    0x7c, 0x13, 0xd, 0x6, 0xc3, 0x23, 0x42, 0x98,
    0x2f, 0x3f, 0x3f, 0x45, 0x8c, 0xbc, 0x41, 0xf7,
    0xc8, 0x7f, 0x7c, 0x87, 0xf7, 0xd0, 0x7c, 0x9f,
    0x41, 0xef, 0x1f, 0x41, 0xcf, 0x5, 0xd8, 0x68,
    0x18, 0x3c, 0x80,

    /* U+8BF8 "诸" */
    0x4, 0x19, 0x83, 0xec, 0x3f, 0xe8, 0x1e, 0x9d,
    0xd0, 0xb3, 0xca, 0xe8, 0x9f, 0x3e, 0x56, 0x50,
    0xf0, 0xd4, 0x35, 0x7, 0x24, 0xca, 0xe, 0x78,
    0x7c, 0x87, 0xa3, 0xe4, 0x3c, 0xa3, 0xe4, 0x3e,
    0x4f, 0x90, 0xf6, 0xf, 0x90, 0xeb, 0x4f, 0x90,
    0x0,

    /* U+8BFA "诺" */
    0x4, 0x1b, 0x6, 0x1d, 0x94, 0x28, 0x48, 0x24,
    0xf1, 0xe3, 0x42, 0x85, 0xb1, 0x40, 0xf9, 0xa0,
    0xc5, 0xf, 0xf, 0x86, 0xf8, 0x39, 0x1d, 0x70,
    0x73, 0x17, 0xc1, 0xea, 0x1e, 0x83, 0xe5, 0x7,
    0xfb, 0xc0, 0xf4, 0x1d, 0x68, 0x3d, 0x0,

    /* U+8BFB "读" */
    0xf, 0xd8, 0x75, 0x87, 0xfd, 0x11, 0xf1, 0xf0,
    0x58, 0x3e, 0x3e, 0xd, 0x4f, 0x8f, 0xa7, 0xc5,
    0x9b, 0x68, 0xe1, 0x36, 0x1a, 0xe, 0xf9, 0x4,
    0x1d, 0xab, 0x2f, 0x41, 0xaf, 0x45, 0xe8, 0x2e,
    0x1a, 0x79, 0x9, 0x9e, 0xda, 0x90, 0x49, 0x61,
    0x38,

    /* U+8BFD "诽" */
    0xf, 0xfe, 0x16, 0x1b, 0x6, 0x19, 0xc3, 0xfe,
    0x83, 0xff, 0x83, 0x9e, 0xd, 0xe2, 0xa3, 0xc1,
    0xbc, 0x51, 0x2c, 0x37, 0x7, 0x50, 0x35, 0x3,
    0xc8, 0x64, 0x39, 0xf0, 0x6f, 0x21, 0x36, 0x1b,
    0xc8, 0x54, 0xf, 0xfe, 0x6, 0x1f, 0xee, 0xf,
    0xe0,

    /* U+8BFE "课" */
    0x10, 0xff, 0xe0, 0xe0, 0xff, 0x4, 0xb0, 0x32,
    0xc3, 0xa4, 0x19, 0x61, 0x7c, 0x16, 0x58, 0x5e,
    0xd, 0x96, 0x1f, 0xa8, 0x54, 0x1e, 0xe8, 0x55,
    0x87, 0x78, 0x27, 0xc1, 0xca, 0x4, 0x87, 0xbd,
    0x60, 0xb0, 0xcb, 0x61, 0x36, 0x15, 0x30, 0xe7,
    0x0,

    /* U+8C03 "调" */
    0xf, 0xfe, 0xf, 0x3, 0xfe, 0x34, 0x2f, 0x3c,
    0x16, 0x13, 0x30, 0x3d, 0x7, 0xb0, 0x72, 0x1e,
    0xc2, 0x43, 0xc8, 0x7f, 0x96, 0xf, 0xe7, 0xf,
    0x30, 0x7f, 0xa1, 0x1c, 0x3a, 0xdd, 0xf8, 0x33,
    0x8, 0x5d, 0x2, 0xb0, 0xde, 0x40,

    /* U+8C08 "谈" */
    0xf, 0xe8, 0x3d, 0x40, 0x94, 0x9, 0xa, 0x51,
    0x6, 0x50, 0x6d, 0x15, 0x8a, 0xf, 0xda, 0x8b,
    0xb, 0xe0, 0x35, 0xc8, 0x38, 0x17, 0x89, 0x83,
    0x20, 0xb8, 0x29, 0xf, 0xaf, 0x8, 0x7f, 0x2e,
    0x30, 0xc9, 0xb4, 0x68, 0x1c, 0x91, 0xb3, 0x68,
    0x6d, 0xa6, 0x6, 0xc0,

    /* U+8C0A "谊" */
    0xf, 0xa4, 0x3d, 0xa1, 0x51, 0xe, 0xe3, 0xe2,
    0xf2, 0x14, 0xf, 0xe4, 0xa, 0x7, 0x7e, 0x92,
    0xa0, 0xaf, 0x8, 0x3c, 0x1f, 0xfc, 0x5b, 0xc1,
    0xfe, 0xbc, 0x1f, 0x92, 0xf0, 0x72, 0x60, 0xbc,
    0x1c, 0xd4, 0xde, 0x2c, 0x25, 0x7f, 0xe0,

    /* U+8C0B "谋" */
    0xf, 0xfe, 0x16, 0x14, 0x82, 0x42, 0x70, 0xff,
    0xa0, 0x6d, 0xe6, 0x81, 0x66, 0xde, 0x68, 0x32,
    0x15, 0xe4, 0x3a, 0xa, 0xf2, 0x13, 0x6, 0xbc,
    0x87, 0xeb, 0x6d, 0xe, 0x7e, 0x6f, 0x90, 0x9f,
    0x20, 0x7c, 0x85, 0x52, 0xa2, 0xf, 0x2b, 0x4,
    0x61, 0x74, 0xc3, 0x58,

    /* U+8C13 "谓" */
    0x2, 0x1f, 0xfc, 0xf, 0x3, 0xfd, 0x2, 0x50,
    0x3c, 0x70, 0x69, 0x7, 0x8e, 0x5, 0x41, 0x50,
    0x90, 0x5a, 0x7, 0xce, 0x60, 0x43, 0x2f, 0x83,
    0xeb, 0xe0, 0xfe, 0xbe, 0xf, 0xeb, 0xe0, 0xf3,
    0x17, 0xc1, 0xea, 0x17, 0xc1, 0xd6, 0x1d, 0x87,
    0x20, 0x90, 0x78,

    /* U+8C1C "谜" */
    0x10, 0xfb, 0xd, 0x42, 0x28, 0x16, 0xd, 0x3d,
    0x21, 0xf4, 0x21, 0x22, 0x82, 0x41, 0x90, 0x3c,
    0x54, 0x13, 0x41, 0x8c, 0x57, 0x98, 0x14, 0x18,
    0x70, 0x92, 0xf, 0xeb, 0x38, 0x32, 0xa, 0x20,
    0x80, 0x92, 0x68, 0x88, 0x12, 0xb2, 0x41, 0xde,
    0x9f, 0xf2, 0x14, 0x82, 0xfc, 0x80,

    /* U+8C22 "谢" */
    0xf, 0xfe, 0x44, 0x1b, 0x9, 0xc2, 0x43, 0xf2,
    0xa7, 0x34, 0x3e, 0xa0, 0x30, 0x28, 0x43, 0xec,
    0xf8, 0xc1, 0xe0, 0xb3, 0xa1, 0x3, 0xd, 0x9e,
    0xf, 0xf6, 0x62, 0x1e, 0xa1, 0x81, 0xc3, 0xd7,
    0x82, 0xa0, 0x7b, 0xb8, 0x3f, 0x97, 0x83, 0xfa,
    0xb8, 0x56, 0x80,

    /* U+8C28 "谨" */
    0x4, 0x14, 0x83, 0xf, 0x61, 0x61, 0xfa, 0x1d,
    0x5e, 0x38, 0x36, 0xea, 0xa1, 0xc0, 0x58, 0x1e,
    0xb8, 0x37, 0xa2, 0xa1, 0xb0, 0xac, 0x2b, 0x2c,
    0x3f, 0xac, 0xb0, 0xfe, 0x50, 0xb0, 0x7d, 0xf0,
    0x3c, 0x1e, 0x8a, 0xd, 0x3, 0xe7, 0xc5, 0xe0,
    0xcd, 0x3e, 0x2f, 0x80,

    /* U+8C2C "谬" */
    0xf, 0xfe, 0x15, 0xf, 0xd7, 0xc0, 0x95, 0x51,
    0xb8, 0x6d, 0x58, 0x1d, 0xf, 0x26, 0x50, 0x2f,
    0x8f, 0x4a, 0xdc, 0xe0, 0x4c, 0xad, 0xf, 0x7c,
    0xfa, 0xd0, 0xd5, 0x1d, 0xe4, 0x33, 0xc2, 0x61,
    0xca, 0x2d, 0x58, 0x76, 0xf4, 0x30, 0xcf, 0x17,
    0xa0, 0xfe, 0xe0, 0xf0,

    /* U+8C31 "谱" */
    0x2, 0x12, 0x82, 0x43, 0x78, 0xe, 0x98, 0x74,
    0x2b, 0x6c, 0xb0, 0xda, 0xa8, 0x4d, 0x0, 0xb0,
    0x20, 0xd8, 0x55, 0x2, 0xe, 0x41, 0xe0, 0x74,
    0x25, 0x68, 0x77, 0x5e, 0xd0, 0xf5, 0x79, 0xf,
    0xcb, 0x83, 0xe5, 0x1f, 0x83, 0xe9, 0x2b, 0x7,
    0xac, 0x17, 0xc1, 0x0,

    /* U+8C37 "谷" */
    0xd, 0x5, 0x7, 0xe5, 0x5, 0xe4, 0x39, 0xb3,
    0x57, 0x21, 0x53, 0x13, 0x5, 0x2, 0xf0, 0xd1,
    0x43, 0x4, 0x8d, 0x1e, 0x82, 0x19, 0xa2, 0xd,
    0x83, 0x71, 0x7e, 0x6, 0x81, 0xcb, 0xf1, 0x40,
    0xa0, 0xfe, 0x50, 0x7f, 0xf1, 0xef, 0xc1, 0xfd,
    0x7e, 0xe,

    /* U+8C41 "豁" */
    0xd, 0x87, 0x90, 0x9a, 0x1c, 0xac, 0x82, 0xcd,
    0x8e, 0x8d, 0x83, 0x2, 0x6b, 0x4c, 0x4, 0xcf,
    0xa8, 0x4, 0x25, 0xa, 0x2, 0xa0, 0x9a, 0xc,
    0xcc, 0xa0, 0x54, 0x34, 0x75, 0x49, 0xe8, 0xbc,
    0xd1, 0x60, 0x51, 0xb0, 0x39, 0x6, 0xa6, 0x1f,
    0xf5, 0xe0, 0x9c, 0x3d, 0x78, 0x27, 0x8,

    /* U+8C46 "豆" */
    0x3f, 0xfc, 0x83, 0xff, 0xc8, 0x57, 0xfc, 0x1e,
    0x7f, 0x83, 0xff, 0x92, 0xbc, 0x1e, 0xda, 0xe0,
    0xf2, 0xdf, 0x18, 0x7a, 0x41, 0x21, 0xfa, 0x83,
    0x6, 0xbe, 0x9c, 0xfc, 0x5f, 0xff, 0x0,

    /* U+8C61 "象" */
    0xd, 0x7, 0xfd, 0x3f, 0x83, 0x9c, 0xf8, 0x83,
    0x30, 0xfc, 0x5e, 0x3, 0x9f, 0x1f, 0x7, 0xbe,
    0x3e, 0xe, 0xe0, 0x45, 0xa1, 0x7a, 0x8f, 0x70,
    0x6f, 0x50, 0x45, 0x41, 0x7d, 0x67, 0x7, 0x7d,
    0x44, 0x54, 0x17, 0xd6, 0x14, 0xc0, 0xbb, 0xcc,
    0xc, 0x0,

    /* U+8C6A "豪" */
    0xe, 0xc3, 0xeb, 0xf1, 0xfd, 0x16, 0xbf, 0xb8,
    0x27, 0xf8, 0x43, 0xd5, 0xc8, 0x66, 0x5f, 0xd2,
    0x41, 0xfe, 0x8b, 0x5f, 0xdc, 0xd, 0x9, 0x8e,
    0x47, 0xd2, 0x28, 0xe0, 0x37, 0x84, 0xb0, 0xe5,
    0x8d, 0x7, 0x63, 0x78, 0x98, 0x1c, 0x1d, 0x78,
    0x32, 0x0,

    /* U+8C79 "豹" */
    0xf, 0xc8, 0x7c, 0xe8, 0x20, 0xe7, 0xa2, 0x28,
    0x3b, 0x69, 0xb3, 0xf0, 0x22, 0x20, 0x7c, 0x14,
    0xa0, 0x50, 0x3d, 0xe8, 0xa1, 0x87, 0x2b, 0x85,
    0xa0, 0xdd, 0x86, 0x90, 0xde, 0xa0, 0x68, 0x33,
    0x98, 0x64, 0x37, 0xa0, 0xf2, 0x81, 0x1e, 0x40,
    0xf6, 0x0,

    /* U+8C7A "豺" */
    0xf, 0xfe, 0x2e, 0x86, 0xc3, 0x3a, 0x83, 0xe7,
    0x99, 0xf, 0x95, 0x9c, 0xb8, 0x41, 0xe4, 0xeb,
    0x14, 0x61, 0x47, 0xa0, 0x71, 0x62, 0x81, 0xa1,
    0x2a, 0x1c, 0xe, 0x13, 0x92, 0x8, 0x42, 0x7e,
    0x5d, 0x87, 0x53, 0xc5, 0x3, 0x9f, 0x1, 0xd1,
    0x9, 0x6e, 0xc1, 0x44, 0x33, 0xe4, 0x17, 0x0,

    /* U+8C8C "貌" */
    0xe, 0x42, 0x43, 0xe7, 0xd, 0x7, 0x5e, 0x95,
    0xe3, 0xc1, 0x6f, 0x78, 0xf8, 0x32, 0x47, 0x8f,
    0x83, 0x6a, 0xd, 0xf0, 0x6b, 0xc4, 0x1f, 0xcd,
    0x14, 0xf, 0x83, 0x66, 0x7, 0x27, 0xb, 0xb4,
    0x3f, 0xd6, 0xe0, 0x90, 0x90, 0xb8, 0xa, 0x84,
    0x92, 0x3c, 0x50, 0x4c, 0x42, 0xfc, 0x83, 0xe0,

    /* U+8D1D "贝" */
    0x7, 0xfe, 0xe, 0xff, 0x7, 0xec, 0x3f, 0xfd,
    0xc8, 0x7f, 0x45, 0x66, 0xc, 0xc3, 0x76, 0x13,
    0xb8, 0x1c, 0xcb, 0xb0, 0xe9, 0x40,

    /* U+8D1F "负" */
    0xe, 0xc3, 0xfe, 0x8a, 0x90, 0xf2, 0xaf, 0x21,
    0xe6, 0xd5, 0x88, 0x6a, 0x1f, 0x27, 0x82, 0x72,
    0xf5, 0xe0, 0xd8, 0x67, 0xf, 0xfe, 0xcd, 0xc1,
    0xf6, 0x6a, 0x34, 0x26, 0xea, 0x2d, 0xc1, 0x96,
    0x86, 0xd4,

    /* U+8D21 "贡" */
    0x5, 0xff, 0x83, 0x5f, 0x37, 0xc1, 0x57, 0x35,
    0xe3, 0xfa, 0x9f, 0xc2, 0xab, 0xed, 0x41, 0xbd,
    0x7a, 0xf, 0xed, 0xf, 0xf9, 0x41, 0xfe, 0x45,
    0x7, 0xdb, 0x43, 0xb0, 0x9b, 0xb5, 0x5d, 0x85,
    0xf0, 0x77, 0x0,

    /* U+8D22 "财" */
    0xf, 0xf5, 0x2, 0x7f, 0x7, 0xfd, 0xe0, 0xff,
    0xe0, 0x49, 0x7c, 0xac, 0x3e, 0xf8, 0xe, 0x1f,
    0x21, 0x21, 0xff, 0xcd, 0x90, 0xf2, 0x1c, 0xc1,
    0xcc, 0x99, 0xa1, 0xf2, 0xbd, 0x30, 0x79, 0xa9,
    0x20, 0xfa, 0xc1, 0x63, 0xb8, 0x58, 0x64, 0x7c,
    0x80,

    /* U+8D23 "责" */
    0xf, 0x48, 0x79, 0xac, 0xd7, 0x5, 0xf8, 0x7f,
    0x1, 0xac, 0x35, 0x61, 0x56, 0x55, 0x60, 0x5f,
    0x81, 0xf5, 0xa, 0x2f, 0xc5, 0x3, 0x7a, 0x9c,
    0x1f, 0xde, 0xf, 0xf9, 0xc3, 0xf2, 0x27, 0xd0,
    0x77, 0x4e, 0xfa, 0x7, 0xaf, 0x4, 0xea, 0x3e,
    0x43, 0xda,

    /* U+8D24 "贤" */
    0xd, 0x87, 0xfd, 0x85, 0xfe, 0xf, 0xd9, 0xe5,
    0x7, 0xf5, 0xcc, 0x1f, 0xf2, 0x21, 0x91, 0x23,
    0xd4, 0xc2, 0xa3, 0xb7, 0xaf, 0x7, 0x5e, 0xbc,
    0x1f, 0xe7, 0xf, 0xfe, 0x6, 0x1f, 0xed, 0x6e,
    0xa0, 0xca, 0xf5, 0x1c, 0xa0, 0x5c, 0x5a, 0x36,
    0x40, 0xb9, 0xf, 0x50,

    /* U+8D25 "败" */
    0xf, 0xcc, 0x1e, 0xfc, 0x87, 0xfb, 0xc1, 0x78,
    0x3e, 0x50, 0x4d, 0xe8, 0x3b, 0x2, 0x78, 0x83,
    0xf4, 0x1f, 0xfc, 0xc, 0x5c, 0x1f, 0xbd, 0x4f,
    0x7, 0x79, 0xc, 0xa0, 0xdb, 0xc8, 0x10, 0xf4,
    0x78, 0x12, 0xa0, 0xa7, 0x69, 0xbc, 0xc0, 0xf0,
    0x19, 0xc1, 0x80,

    /* U+8D26 "账" */
    0xf, 0xb0, 0xfb, 0xf4, 0x1d, 0x6, 0xf4, 0x1d,
    0x7, 0xb0, 0xe9, 0x83, 0xfd, 0xb8, 0x7f, 0xce,
    0x1f, 0xec, 0x7e, 0x43, 0xec, 0xcf, 0x21, 0x21,
    0xe6, 0xd, 0x69, 0x85, 0x21, 0x95, 0xc1, 0xcc,
    0x7, 0x9e, 0x4f, 0x4c, 0x32, 0xd, 0x5e, 0x3c,
    0x0,

    /* U+8D27 "货" */
    0xd, 0x83, 0xf, 0xd2, 0x1a, 0x81, 0xa6, 0xb,
    0x20, 0xb4, 0xe, 0x70, 0x16, 0xca, 0x85, 0xa1,
    0x81, 0x6a, 0xa8, 0x42, 0x7e, 0x41, 0xc1, 0xd6,
    0xf8, 0x3f, 0xc8, 0x7f, 0xf2, 0xb6, 0x66, 0xf,
    0x78, 0xbd, 0x68, 0x3c, 0x50, 0x6d, 0x81, 0xe9,
    0xe, 0xb0,

    /* U+8D28 "质" */
    0xf, 0xca, 0x83, 0x7f, 0xaf, 0x7, 0x7e, 0x79,
    0xe, 0xbe, 0x7f, 0x41, 0x5f, 0x17, 0xd0, 0x6f,
    0x8b, 0xc1, 0xf7, 0xaf, 0x7, 0xfa, 0xf, 0xfe,
    0x3a, 0x19, 0xf, 0xb4, 0xca, 0x7a, 0x9, 0x9b,
    0x9e, 0xa1, 0x8c, 0xd0, 0x38, 0x0,

    /* U+8D29 "贩" */
    0xf, 0xfe, 0x17, 0xe4, 0x26, 0xc2, 0xb0, 0x7f,
    0x83, 0x41, 0x7a, 0x43, 0x90, 0x90, 0xff, 0xe0,
    0x5d, 0xe0, 0xfd, 0x94, 0x43, 0xfc, 0xd8, 0x5a,
    0x1a, 0x82, 0xc, 0x1a, 0x4, 0x83, 0x3e, 0x92,
    0x20, 0xb9, 0x93, 0x77, 0x19, 0x3, 0xb9, 0x50,

    /* U+8D2A "贪" */
    0xf, 0x48, 0x7f, 0x95, 0x87, 0xf5, 0x46, 0x1e,
    0x73, 0xb7, 0x40, 0xf2, 0xb2, 0x69, 0xaa, 0xef,
    0xa1, 0xe0, 0x22, 0xec, 0x45, 0x5, 0x4f, 0xc,
    0x1f, 0x71, 0x40, 0xff, 0x21, 0xff, 0x4a, 0x10,
    0xf3, 0xb7, 0x98, 0x2f, 0x36, 0x5e, 0x30, 0x7c,
    0x87, 0x58,

    /* U+8D2D "购" */
    0xf, 0x90, 0xf7, 0xe0, 0x41, 0xf7, 0x83, 0x75,
    0x20, 0xa0, 0x26, 0xf2, 0x1e, 0x56, 0x28, 0x3e,
    0xd3, 0xf, 0xea, 0xb4, 0x3f, 0xe6, 0x2, 0x16,
    0x8, 0x88, 0x2c, 0x18, 0x81, 0xe, 0x4c, 0xf5,
    0x30, 0xb9, 0xb0, 0xc8, 0x16, 0x14, 0x17, 0x91,
    0x82, 0x82, 0xf4, 0x0,

    /* U+8D2E "贮" */
    0xf, 0xfe, 0x15, 0x70, 0x34, 0x32, 0x79, 0x7,
    0x83, 0xb8, 0x17, 0x9f, 0x7, 0xeb, 0xe0, 0xfd,
    0x21, 0x61, 0xff, 0xdd, 0x71, 0x83, 0xf4, 0xac,
    0xff, 0x46, 0xd5, 0xfe, 0x95, 0xc, 0x1f, 0x0,

    /* U+8D30 "贰" */
    0xf, 0xdb, 0x6, 0x5f, 0x80, 0xc8, 0x3f, 0xe3,
    0x4c, 0x12, 0xf6, 0x56, 0x2, 0xf8, 0x3f, 0xf9,
    0x4b, 0xe1, 0x41, 0xf6, 0xe9, 0xe0, 0xfc, 0x84,
    0xa0, 0xff, 0xe1, 0x21, 0xd2, 0x42, 0x50, 0x42,
    0xea, 0x61, 0x5c, 0xc, 0xd3, 0x41, 0x21, 0x70,
    0x6c, 0x2b, 0x0,

    /* U+8D31 "贱" */
    0xf, 0xd8, 0x7b, 0xf8, 0x2a, 0x7, 0x7a, 0xd,
    0x28, 0x33, 0xa0, 0x46, 0xf, 0xee, 0x2c, 0x3f,
    0xbc, 0x72, 0x1f, 0x98, 0xf9, 0xf, 0xd9, 0x72,
    0x1f, 0x2d, 0xe0, 0xd6, 0x58, 0x25, 0x82, 0x54,
    0x40, 0xc3, 0xda, 0xae, 0xdd, 0x58, 0xa8, 0x11,
    0xc7, 0x41, 0x82, 0xe0, 0xda, 0x0,

    /* U+8D34 "贴" */
    0xf, 0xec, 0x3d, 0xf9, 0xf, 0xf7, 0x83, 0xff,
    0x80, 0xc1, 0xdf, 0x21, 0xfe, 0xf9, 0xf, 0xfe,
    0x9f, 0x81, 0xe3, 0xc1, 0xfe, 0xf8, 0x3b, 0x4d,
    0xf, 0xe9, 0xf0, 0x10, 0xf4, 0xd1, 0x8b, 0xc1,
    0xd8, 0x2c, 0xf8, 0x20,

    /* U+8D35 "贵" */
    0xf, 0x48, 0x7e, 0xf9, 0xbe, 0xc, 0x9e, 0x2e,
    0xf, 0xbc, 0x5c, 0x1a, 0xd6, 0x2, 0xd2, 0x1e,
    0x50, 0x7a, 0x8b, 0xfa, 0x43, 0x7a, 0x9e, 0xf,
    0xec, 0x3f, 0xf8, 0xa, 0xf, 0xc9, 0x36, 0xc1,
    0x93, 0x29, 0xe9, 0x5, 0xf4, 0x15, 0xe0,

    /* U+8D37 "贷" */
    0xc, 0xbd, 0x7, 0xcc, 0x90, 0xd0, 0x37, 0x56,
    0x49, 0x85, 0xa0, 0xf4, 0x8, 0x81, 0xcb, 0xd9,
    0xd8, 0x75, 0x70, 0xe8, 0x67, 0xfc, 0x87, 0xca,
    0x35, 0x7, 0xff, 0x33, 0xc1, 0xfd, 0x12, 0x79,
    0xd, 0x56, 0x6f, 0x8e, 0x7, 0xe8, 0x35, 0xe0,

    /* U+8D38 "贸" */
    0xc, 0x87, 0xeb, 0xe7, 0xf9, 0x1e, 0x8e, 0x58,
    0x77, 0x82, 0x40, 0x82, 0x55, 0xca, 0x2, 0xc,
    0x67, 0xd0, 0xee, 0x96, 0xb0, 0x6f, 0x5f, 0x7,
    0xe8, 0x3f, 0xf9, 0xa, 0xef, 0x50, 0x3a, 0x57,
    0x8a, 0x16, 0x70, 0x56, 0x53, 0x83, 0xea, 0x0,

    /* U+8D39 "费" */
    0xd, 0x3, 0x43, 0x5e, 0x7c, 0x5e, 0x5, 0xe2,
    0xcb, 0x9, 0xf1, 0x65, 0x85, 0x88, 0xa0, 0x2a,
    0x2d, 0xa9, 0xf0, 0x1b, 0x2f, 0x3c, 0x47, 0x1d,
    0x3c, 0x42, 0xc1, 0x61, 0xfe, 0xb4, 0x3e, 0xe0,
    0x5a, 0x13, 0x66, 0xf8, 0xd3, 0xe8, 0x35, 0x10,

    /* U+8D3A "贺" */
    0x9, 0x41, 0xff, 0x78, 0x2f, 0xc0, 0xf2, 0xbc,
    0xf, 0x5, 0xe3, 0x83, 0xfa, 0x56, 0x81, 0x41,
    0x4d, 0xb8, 0xf9, 0xb, 0xc9, 0x6a, 0x20, 0x40,
    0xf3, 0xe8, 0x3f, 0x90, 0xff, 0x90, 0xff, 0x25,
    0x5e, 0x83, 0x26, 0xab, 0x70, 0xb8, 0xe0, 0xb7,
    0x7, 0xa0, 0xf5, 0x80,

    /* U+8D3C "贼" */
    0xf, 0xec, 0x37, 0xe0, 0xeb, 0xa, 0xc3, 0xd2,
    0x17, 0x17, 0xc6, 0xc1, 0xd3, 0xe3, 0xd0, 0x79,
    0x41, 0x61, 0xe8, 0x83, 0xfd, 0x10, 0x24, 0x39,
    0x2, 0x2b, 0x6, 0xac, 0x36, 0x20, 0x4e, 0x42,
    0x80, 0x94, 0x3c, 0xad, 0xb9, 0x60, 0x35, 0x97,
    0x41, 0x66, 0x82, 0x80,

    /* U+8D3E "贾" */
    0x3f, 0xff, 0x80, 0x75, 0x14, 0x29, 0xe0, 0x54,
    0x50, 0xa6, 0x1a, 0x85, 0xa, 0x6, 0x7c, 0xf9,
    0xf2, 0x14, 0xbf, 0xa0, 0xef, 0x53, 0xc1, 0xfd,
    0x87, 0xff, 0x1, 0x41, 0xfe, 0x4a, 0x28, 0x3a,
    0xae, 0xe5, 0x3, 0xd7, 0x80, 0xf4, 0x7, 0xc8,
    0x73, 0x80,

    /* U+8D44 "资" */
    0x10, 0x94, 0x1f, 0x70, 0x29, 0xf9, 0x5, 0x89,
    0xde, 0xf, 0x36, 0x48, 0x10, 0x33, 0x9b, 0x18,
    0x54, 0x2d, 0xa7, 0x22, 0xda, 0xb4, 0x88, 0x60,
    0x27, 0xd4, 0xc3, 0xac, 0xa0, 0x7f, 0xf2, 0xac,
    0x3f, 0xad, 0x3c, 0xa0, 0xbe, 0xa3, 0xf4, 0x17,
    0xa4, 0x33, 0x80,

    /* U+8D4B "赋" */
    0xf, 0xf6, 0x84, 0xfc, 0xfd, 0x1c, 0x1b, 0x7,
    0xd1, 0xa1, 0xb0, 0xfc, 0x87, 0xbf, 0x89, 0xf,
    0x7c, 0x65, 0x87, 0xd8, 0x48, 0x7f, 0x93, 0xe,
    0x50, 0x86, 0xf8, 0x36, 0x68, 0x6d, 0xd, 0x50,
    0x33, 0x5, 0x8, 0x54, 0xf, 0x43, 0x83, 0x2f,
    0x41, 0x42,

    /* U+8D4C "赌" */
    0xf, 0xd8, 0x7a, 0xf8, 0x3f, 0xeb, 0x7, 0x8f,
    0x50, 0x2e, 0x7, 0x8e, 0x60, 0xff, 0x32, 0x1f,
    0x5e, 0x21, 0xc3, 0xd7, 0xf, 0xc1, 0xe7, 0x87,
    0xc1, 0xf9, 0x3e, 0xd, 0x2, 0x63, 0xe0, 0xe7,
    0x82, 0xf8, 0x36, 0xb4, 0xf, 0x82, 0x54, 0x58,
    0x3e, 0x9, 0x82, 0x4c, 0x2c, 0x0,

    /* U+8D54 "赔" */
    0xf, 0xfe, 0x4b, 0x87, 0xbf, 0x1, 0x58, 0x7a,
    0xc1, 0xe4, 0xf2, 0x17, 0x3, 0x7c, 0xe8, 0x7e,
    0xf0, 0x87, 0xf9, 0x52, 0x1f, 0xaf, 0x2d, 0xe0,
    0xf5, 0xff, 0x1, 0xc, 0xff, 0x5, 0x1c, 0x17,
    0xc1, 0xc9, 0x21, 0xfd, 0xaa, 0x80, 0xf8, 0x25,
    0x43, 0x83, 0xe0, 0x98, 0x33, 0x85, 0x80,

    /* U+8D56 "赖" */
    0xf, 0xfe, 0x2c, 0x85, 0x7, 0xff, 0x5, 0x70,
    0x5e, 0x6e, 0x4e, 0xc2, 0xa0, 0xdd, 0x44, 0x17,
    0xd, 0xb, 0x30, 0xca, 0x94, 0x53, 0xf, 0xf2,
    0x41, 0xe5, 0x4e, 0x1f, 0xac, 0x64, 0x3f, 0xb3,
    0xd0, 0x64, 0x2e, 0x48, 0xbb, 0xd, 0x21, 0x78,
    0x72, 0x2, 0x1a, 0xa0, 0x41, 0xd2, 0x68, 0x68,

    /* U+8D5A "赚" */
    0xf, 0x48, 0x20, 0xdf, 0x8e, 0x14, 0x1d, 0xe2,
    0x87, 0x1c, 0x13, 0x14, 0x22, 0xa0, 0xf3, 0x91,
    0x40, 0xff, 0x22, 0x41, 0xe7, 0x33, 0x30, 0xf3,
    0x11, 0x8, 0x1c, 0x50, 0x30, 0x61, 0x40, 0x84,
    0x25, 0x6, 0x4b, 0xc1, 0x70, 0x5b, 0x2c, 0x13,
    0x62, 0xa3, 0x83, 0x9c,

    /* U+8D5B "赛" */
    0xf, 0x21, 0xfc, 0xba, 0x8b, 0x82, 0xa7, 0x44,
    0xa7, 0x40, 0x94, 0x5, 0x1, 0x41, 0x50, 0x3f,
    0x50, 0x14, 0x50, 0xa1, 0x54, 0x7, 0xc9, 0xe5,
    0x7c, 0x5, 0x60, 0xa2, 0x6a, 0x5, 0xa7, 0x4c,
    0x1c, 0xf, 0x40, 0x82, 0xbc, 0x4, 0x58, 0xc,
    0x4, 0x3d, 0x42, 0xa0, 0xcf, 0x8d, 0x5e, 0x30,
    0x9f, 0x41, 0xd6, 0x0,

    /* U+8D5E "赞" */
    0xf, 0xfe, 0x1c, 0xc0, 0xcc, 0x34, 0xce, 0xc,
    0xf0, 0x19, 0x54, 0x62, 0x81, 0x4a, 0x86, 0x2a,
    0x35, 0x1d, 0x8a, 0xf0, 0x1c, 0xd6, 0xda, 0x10,
    0x91, 0x45, 0x10, 0xf8, 0xa1, 0xf4, 0x98, 0x2e,
    0xf2, 0x1f, 0xd2, 0x1f, 0x92, 0xb, 0x43, 0xb9,
    0xfa, 0x42, 0x7d, 0x65, 0xf4, 0x7, 0x90, 0xea,
    0x0,

    /* U+8D60 "赠" */
    0xf, 0x21, 0x21, 0x7e, 0x6, 0x90, 0x6a, 0x14,
    0x2c, 0xd0, 0x78, 0x2a, 0x10, 0x7f, 0x43, 0x87,
    0xe4, 0xd6, 0xf, 0x91, 0x2, 0x1e, 0xeb, 0xc8,
    0x58, 0xd7, 0x81, 0xa4, 0x12, 0x83, 0x20, 0x81,
    0x7a, 0xa, 0x8a, 0x8a, 0xc0, 0x58, 0xb3, 0xf0,
    0x0,

    /* U+8D64 "赤" */
    0xe, 0x70, 0xff, 0xe4, 0x3f, 0x47, 0xe0, 0x9f,
    0xa3, 0xf0, 0x7f, 0xf1, 0x3f, 0x47, 0xf0, 0x3e,
    0x9d, 0xbe, 0xa, 0xf, 0x68, 0x4a, 0x30, 0xdc,
    0x8d, 0x7, 0xd, 0x41, 0xd4, 0x21, 0x98, 0x2a,
    0x61, 0xe4, 0x19, 0x8e, 0xa0, 0xee, 0x3, 0xe0,
    0xe0,

    /* U+8D66 "赦" */
    0xf, 0xfe, 0x36, 0x85, 0x87, 0xff, 0x23, 0xc5,
    0xc1, 0xfb, 0xc5, 0xc0, 0xf8, 0x17, 0x8b, 0xd3,
    0x98, 0x2e, 0x4b, 0x50, 0x7a, 0xc1, 0x44, 0x3e,
    0x42, 0x54, 0x41, 0x95, 0x83, 0x54, 0xa0, 0xa9,
    0xe0, 0x79, 0x20, 0xb1, 0x40, 0x6c, 0x83, 0x70,
    0x6d, 0xd8, 0x12, 0xb1, 0x98, 0xd4, 0x50, 0xf1,
    0x40, 0xb4,

    /* U+8D70 "走" */
    0xf, 0x48, 0x7f, 0xf2, 0xaf, 0x9b, 0xe4, 0x35,
    0xf3, 0x7c, 0x87, 0xff, 0x17, 0xf9, 0xbf, 0x40,
    0xf5, 0xe6, 0xfd, 0x6, 0x83, 0xff, 0x8b, 0x7c,
    0x87, 0xf5, 0xf2, 0x1a, 0x39, 0xf, 0xca, 0xf0,
    0x2f, 0xe0, 0x58, 0x2f, 0xf8,

    /* U+8D76 "赶" */
    0xa, 0x43, 0xff, 0x89, 0xfc, 0x83, 0xcd, 0xde,
    0x2d, 0x7, 0x9b, 0x83, 0xfc, 0x87, 0xfd, 0xe2,
    0xf2, 0x8d, 0x40, 0xf8, 0xf0, 0x7e, 0x60, 0x72,
    0x8d, 0x41, 0xee, 0xf, 0xda, 0x1f, 0xfc, 0x4,
    0xc3, 0x94, 0x1d, 0xc7, 0xe7, 0xe1, 0x87, 0xff,
    0x80,

    /* U+8D77 "起" */
    0x9, 0xc3, 0xff, 0x89, 0xfc, 0x13, 0xc6, 0xfd,
    0x6, 0x78, 0xd0, 0x90, 0xff, 0xe0, 0xa1, 0xbd,
    0x1e, 0x7d, 0x6, 0xf8, 0xf0, 0xf9, 0xd, 0x83,
    0x83, 0x68, 0x7a, 0x81, 0xb0, 0xe4, 0x40, 0xf9,
    0x40, 0x98, 0x47, 0xf0, 0x4f, 0xa9, 0xff, 0x1,
    0x43, 0xff, 0x80,

    /* U+8D85 "超" */
    0xa, 0x43, 0xff, 0x83, 0x83, 0xf9, 0x3, 0xab,
    0xb9, 0xd0, 0x9d, 0xb8, 0xf0, 0x87, 0xb0, 0x91,
    0x10, 0x79, 0x5f, 0x4f, 0x5, 0xd9, 0xc5, 0xb0,
    0x68, 0x1e, 0x6f, 0x7, 0xee, 0xf, 0xc8, 0x7a,
    0xf0, 0x6c, 0xc3, 0x5e, 0xc, 0xf9, 0xf3, 0x78,
    0xc1, 0x2, 0xff, 0xc0,

    /* U+8D8A "越" */
    0xa, 0x43, 0x6a, 0xf, 0xfe, 0xc, 0x82, 0xdb,
    0x42, 0x50, 0x56, 0x3b, 0xe3, 0x70, 0xce, 0x16,
    0x6c, 0xf, 0x37, 0x4, 0xa0, 0xbb, 0x38, 0xe,
    0x1d, 0x3, 0x87, 0x60, 0xfb, 0xc4, 0x16, 0x4,
    0x41, 0x3c, 0x41, 0xd0, 0x3b, 0x71, 0x5, 0x37,
    0xe1, 0xc4, 0xa, 0x2f, 0xfc, 0x0,

    /* U+8D8B "趋" */
    0xf, 0xfe, 0x2e, 0x1b, 0xf, 0xfe, 0x2, 0x1f,
    0x59, 0xe2, 0x3d, 0x5, 0x42, 0xa3, 0xc6, 0x19,
    0x15, 0xe1, 0x10, 0xbc, 0x7f, 0x46, 0x17, 0x2b,
    0xbf, 0x7, 0x40, 0x4f, 0xc1, 0x94, 0x3b, 0xf8,
    0x39, 0x29, 0xd6, 0xd, 0x88, 0x2f, 0xc1, 0x9d,
    0x91, 0x76, 0x4, 0x13, 0x7f, 0xc3, 0x82, 0xff,
    0xc0,

    /* U+8DA3 "趣" */
    0xb, 0xf, 0xfe, 0x1d, 0xf9, 0xd, 0x66, 0xa,
    0x17, 0x2, 0xce, 0x28, 0x48, 0x7f, 0x28, 0xf0,
    0x5e, 0x3c, 0x78, 0x16, 0xf, 0x36, 0x50, 0x84,
    0xc, 0x50, 0xa0, 0x48, 0x75, 0x94, 0x37, 0xf,
    0x6d, 0x6, 0x41, 0xa8, 0xa2, 0x8, 0xc0, 0xf4,
    0xfa, 0x3e, 0x48, 0x7f, 0xf9,

    /* U+8DB3 "足" */
    0xb, 0xff, 0x7, 0xdf, 0xd0, 0x7f, 0xf0, 0x50,
    0xff, 0xe5, 0x7f, 0x83, 0xef, 0xa3, 0xe0, 0xf4,
    0x87, 0xff, 0x1, 0xd, 0xf8, 0x3f, 0xdf, 0x83,
    0x45, 0x30, 0xfd, 0x3f, 0x27, 0xf2, 0xc, 0xf,
    0xfc, 0x80,

    /* U+8DB4 "趴" */
    0x2f, 0x95, 0xf8, 0x3a, 0xd1, 0x5c, 0x1f, 0xf2,
    0x21, 0xeb, 0x43, 0xfd, 0x66, 0x87, 0xf2, 0x4,
    0x3f, 0xd2, 0x50, 0x3f, 0xf8, 0x1c, 0xa0, 0x28,
    0x3f, 0x58, 0x38, 0x36, 0x78, 0x40, 0x84, 0x8a,
    0x88, 0x33, 0x8f, 0xaa, 0x43, 0x41, 0xed, 0xf,
    0x60,

    /* U+8DC3 "跃" */
    0xf, 0xf2, 0x1b, 0xf2, 0xd7, 0x7, 0x79, 0x2d,
    0xb0, 0xe4, 0x2e, 0xf, 0x9b, 0x43, 0xfd, 0x67,
    0xe2, 0xf2, 0xc, 0x2b, 0xc0, 0xb4, 0x3b, 0x42,
    0x43, 0xf6, 0x93, 0xc1, 0xf2, 0x6, 0x44, 0x34,
    0x4f, 0x2, 0x80, 0x57, 0xd2, 0x80, 0xa8, 0x64,
    0x14, 0xd, 0x60,

    /* U+8DCC "跌" */
    0xf, 0xe8, 0x3d, 0xf8, 0x84, 0x3e, 0xf0, 0x14,
    0x21, 0xff, 0x45, 0xa1, 0xbc, 0x4e, 0x79, 0xb,
    0x8c, 0x83, 0xf4, 0x13, 0xe3, 0xe0, 0x90, 0x5c,
    0x82, 0x81, 0xe8, 0x44, 0x50, 0x7f, 0x32, 0x83,
    0xec, 0xd3, 0x82, 0x8a, 0xb6, 0x15, 0x82, 0xf3,
    0x30, 0x52, 0x83, 0xb8, 0x3a, 0x40,

    /* U+8DD1 "跑" */
    0xf, 0x94, 0x1f, 0x7e, 0x30, 0xfe, 0xf0, 0x1b,
    0xf0, 0x7c, 0xaf, 0xc1, 0xde, 0x27, 0xe0, 0xee,
    0x14, 0x78, 0x3d, 0x2, 0xc3, 0x28, 0x24, 0x18,
    0x3c, 0x1f, 0xd8, 0x3b, 0xb0, 0xff, 0x78, 0x60,
    0xeb, 0x5, 0xe4, 0x19, 0xd4, 0x7e, 0xb3, 0xd2,
    0xf, 0xf2,

    /* U+8DDD "距" */
    0x2f, 0xaf, 0xf2, 0xb, 0x41, 0x7e, 0x43, 0xe4,
    0x3e, 0xb4, 0x1f, 0xc0, 0xb3, 0x8f, 0xc1, 0x41,
    0xff, 0xc0, 0x51, 0xc2, 0xe0, 0xf7, 0x15, 0x90,
    0xfd, 0xfa, 0xe, 0xe0, 0xfa, 0x27, 0x8f, 0xf5,
    0xe8, 0x2f, 0xf0,

    /* U+8DDF "跟" */
    0x7, 0xeb, 0xf8, 0x3b, 0x80, 0xfc, 0x1f, 0x20,
    0x6a, 0xf, 0x78, 0xd, 0x30, 0xee, 0x30, 0xff,
    0x42, 0x7, 0xd0, 0x72, 0x38, 0xe7, 0x40, 0xe7,
    0xd, 0xd0, 0x3f, 0xd1, 0x87, 0x9d, 0xd, 0x5,
    0x13, 0xe, 0x6c, 0xb, 0xd2, 0xad, 0x3c, 0x0,

    /* U+8DE8 "跨" */
    0xf, 0xc8, 0x7a, 0xf8, 0x28, 0x3e, 0xb1, 0xf1,
    0xf8, 0x3c, 0xe5, 0xf, 0x5, 0x60, 0x85, 0x10,
    0x54, 0x28, 0x9e, 0x1c, 0x12, 0x27, 0xf9, 0x2,
    0xc, 0xff, 0x83, 0xbb, 0x2f, 0x90, 0xfe, 0xbd,
    0x6, 0x4e, 0x2f, 0x41, 0x24, 0xf0, 0x83, 0xc0,
    0x6e, 0xd, 0xe5, 0x0,

    /* U+8DEF "路" */
    0xf, 0x94, 0x1e, 0xbe, 0x4, 0x1f, 0xac, 0x9,
    0x7a, 0xf, 0xd1, 0x64, 0x1a, 0xcc, 0xee, 0xd,
    0x67, 0xc2, 0x21, 0xa4, 0x27, 0x2d, 0x9, 0x7,
    0xa6, 0x69, 0x87, 0x74, 0x7d, 0x78, 0x3e, 0x4f,
    0x7, 0xb3, 0xc1, 0xf9, 0x15, 0xc0, 0xf0, 0x66,
    0xe0, 0xde, 0xe, 0x43, 0xb0, 0x61, 0x0,

    /* U+8DF3 "跳" */
    0xf, 0xd9, 0x87, 0x7e, 0xf, 0xfb, 0x84, 0x39,
    0xf, 0xa4, 0x34, 0x1b, 0x8b, 0xb, 0x82, 0xd5,
    0xb0, 0x5a, 0x12, 0x1f, 0xfc, 0x18, 0x67, 0xb,
    0x43, 0x9f, 0x28, 0x1c, 0x1e, 0x63, 0xa, 0x2,
    0x2a, 0x58, 0x2d, 0x26, 0xcb, 0xb, 0x51, 0xc9,
    0xe0, 0xbe, 0x0,

    /* U+8E0A "踊" */
    0x7, 0xff, 0xc1, 0x65, 0xab, 0x48, 0x3e, 0x8c,
    0xd0, 0xa3, 0xe4, 0x7c, 0x9, 0xb3, 0xc7, 0x82,
    0xd0, 0xbc, 0x78, 0xa, 0x2c, 0xf1, 0xe0, 0xeb,
    0x14, 0x28, 0x3f, 0x50, 0xa0, 0x77, 0x8f, 0x1e,
    0x6, 0x26, 0x1f, 0xbe, 0x83, 0x2b, 0x44, 0x27,
    0x4, 0xf0,

    /* U+8E0F "踏" */
    0xf, 0xec, 0x3d, 0xf8, 0x3c, 0x86, 0xf1, 0x78,
    0x6c, 0x3e, 0xa2, 0x44, 0x1b, 0xc0, 0xa0, 0x87,
    0x71, 0x72, 0x46, 0x14, 0xe, 0x78, 0x94, 0x4,
    0x36, 0xdf, 0x21, 0xd0, 0xfc, 0x1f, 0xe7, 0xe0,
    0xf6, 0x63, 0xf0, 0x6c, 0x1e, 0x1f, 0x83, 0x7a,
    0x9, 0xf8, 0x20,

    /* U+8E22 "踢" */
    0x7, 0xe7, 0xf8, 0x37, 0x8d, 0xf8, 0x3f, 0x9f,
    0x83, 0xbc, 0x7, 0xe0, 0xdc, 0x79, 0xf8, 0x34,
    0x12, 0xaf, 0x80, 0xa0, 0x33, 0x7e, 0xf, 0xb3,
    0x24, 0x39, 0xb9, 0x41, 0xf7, 0xa6, 0x98, 0x32,
    0x9e, 0x38, 0x73, 0xe4, 0x1e, 0x31,

    /* U+8E29 "踩" */
    0xf, 0xf9, 0x41, 0x7d, 0x7f, 0x83, 0xb3, 0x6d,
    0xf8, 0x3c, 0x90, 0x98, 0x76, 0x8, 0xb, 0x61,
    0x6c, 0x8, 0xd9, 0xa, 0x31, 0x19, 0x10, 0x91,
    0xbd, 0x17, 0x90, 0xd5, 0x82, 0xe4, 0x3e, 0xd1,
    0x83, 0xd5, 0x11, 0x30, 0x20, 0x69, 0x85, 0x11,
    0x71, 0xc1, 0xd4,

    /* U+8E2A "踪" */
    0xf, 0xd4, 0xe, 0xbe, 0xf, 0xfa, 0xc7, 0xca,
    0xf4, 0x1f, 0xbf, 0x41, 0xac, 0x6f, 0xe8, 0x16,
    0x63, 0xfa, 0xa, 0xc, 0xbf, 0x1, 0x46, 0xfa,
    0x9f, 0x7, 0x6c, 0x47, 0x40, 0xe5, 0xc1, 0x61,
    0xb2, 0xac, 0xd, 0x88, 0xdb, 0x6, 0x50, 0xf9,
    0x26, 0xa0, 0x40,

    /* U+8E44 "蹄" */
    0xf, 0xce, 0x1a, 0xf8, 0x3f, 0xd6, 0x5e, 0x8f,
    0x83, 0xac, 0xf3, 0xe0, 0x50, 0x26, 0x10, 0xb9,
    0xa6, 0xac, 0xe3, 0x44, 0xb8, 0xe0, 0x28, 0x69,
    0xc7, 0x61, 0x90, 0x71, 0x88, 0x72, 0x1f, 0xd9,
    0xe0, 0xf9, 0x15, 0xc8, 0x52, 0x3e, 0x81, 0x5,
    0x40,

    /* U+8E48 "蹈" */
    0xf, 0xf9, 0x41, 0x7f, 0xeb, 0xe, 0xf1, 0x45,
    0x4a, 0xf, 0xb3, 0x4f, 0x6, 0xf0, 0xb0, 0x7d,
    0xc7, 0x16, 0xc, 0x28, 0x2b, 0x7, 0xc1, 0x20,
    0x8e, 0x3c, 0x1f, 0x47, 0x8f, 0x7, 0xc9, 0xe3,
    0xc1, 0xd9, 0x87, 0xf4, 0x7a, 0x3f, 0x82, 0xb4,
    0x2f, 0xe0, 0x0,

    /* U+8E72 "蹲" */
    0xf, 0xdf, 0x83, 0x7c, 0x37, 0xcc, 0x1b, 0x19,
    0xf9, 0x60, 0xed, 0x84, 0x90, 0xd9, 0x39, 0x9a,
    0x81, 0xb0, 0x64, 0x43, 0x41, 0x97, 0x82, 0x51,
    0x1, 0x30, 0xfd, 0x8, 0x65, 0x7, 0xa5, 0xe1,
    0x82, 0x6d, 0x2e, 0x38, 0x86, 0x6a, 0x10, 0xde,
    0x90, 0x3d, 0xa0,

    /* U+8EAB "身" */
    0xf, 0x41, 0xfe, 0x65, 0x83, 0xcf, 0x25, 0x30,
    0xfa, 0xb2, 0x1f, 0xfc, 0x34, 0x3a, 0xb2, 0x30,
    0x77, 0xe8, 0xa0, 0x73, 0x4e, 0x24, 0x14, 0x33,
    0x40, 0x85, 0x7a, 0xe6, 0xf, 0x9e, 0x9a, 0x19,
    0xfa, 0xd1, 0xc, 0xdc, 0x83, 0x90, 0x80,

    /* U+8EAC "躬" */
    0xd, 0x21, 0xff, 0x28, 0xfe, 0xb, 0xc7, 0xf8,
    0x3a, 0xa0, 0xff, 0x7c, 0xf, 0x83, 0xd8, 0x13,
    0xe0, 0xec, 0x10, 0x7e, 0xf0, 0x13, 0xe4, 0xcb,
    0x4e, 0xf0, 0x5f, 0x4, 0xa0, 0xfb, 0x60, 0xf2,
    0x5d, 0xa1, 0xfb, 0xcd, 0xa3, 0xe4, 0x8, 0x2e,
    0x1f, 0x40,

    /* U+8EB2 "躲" */
    0xc, 0x87, 0xff, 0x2, 0xc2, 0xf9, 0xd, 0xab,
    0xb, 0xf, 0x94, 0x1f, 0xfc, 0xb, 0x4, 0x8d,
    0x3, 0x50, 0x54, 0xdc, 0x1c, 0x96, 0x41, 0xf4,
    0x17, 0x8f, 0x81, 0x1a, 0x78, 0x2f, 0x2, 0xf0,
    0x48, 0x18, 0x33, 0xa0, 0xa1, 0x28, 0x1d, 0x47,
    0x20, 0xa0, 0x3c, 0x6e, 0x84, 0xe0,

    /* U+8F66 "车" */
    0xe, 0x43, 0xff, 0x83, 0x21, 0xfb, 0xf1, 0x7f,
    0x20, 0xf8, 0xbf, 0xc8, 0x65, 0xd0, 0x7f, 0x50,
    0x3f, 0xe4, 0xf4, 0xfc, 0x86, 0x7e, 0x9f, 0x90,
    0xff, 0xe2, 0x5f, 0xd3, 0xfc, 0x5f, 0xd3, 0xfc,
    0x1f, 0xfd, 0x10,

    /* U+8F68 "轨" */
    0xa, 0xd, 0xa1, 0xe4, 0x3f, 0xd4, 0x2a, 0xf,
    0xfe, 0x44, 0xc4, 0x65, 0xa0, 0x45, 0x16, 0x68,
    0x59, 0x9e, 0x9, 0xa, 0xe3, 0xc1, 0x90, 0xc8,
    0xe8, 0x7c, 0xe5, 0x4, 0x3b, 0x93, 0x68, 0x7,
    0x3d, 0x1, 0x41, 0x90, 0xe7, 0x80, 0xd8, 0x6d,
    0x82, 0xb4,

    /* U+8F6C "转" */
    0xf, 0xfe, 0x26, 0x85, 0x40, 0xf9, 0x2, 0x85,
    0x3, 0xc7, 0x9c, 0x1e, 0x6, 0xde, 0x63, 0xa0,
    0x49, 0x16, 0x5f, 0x9, 0x3e, 0x57, 0xe1, 0xe3,
    0x5b, 0xe0, 0xf7, 0x7c, 0x85, 0xe8, 0xa1, 0x2b,
    0x5, 0xca, 0xa, 0x42, 0x43, 0xd4, 0x50, 0x7f,
    0x9b, 0xc, 0xc1, 0xcc, 0x0,

    /* U+8F6E "轮" */
    0xa, 0xe, 0x83, 0xca, 0xc, 0xa0, 0xee, 0x3d,
    0x13, 0x86, 0xcf, 0xa4, 0x98, 0x24, 0x50, 0xd9,
    0x30, 0x38, 0xce, 0xb, 0xd, 0x47, 0xd0, 0x4c,
    0xb, 0x9d, 0x3, 0xe0, 0xcc, 0xe9, 0xd4, 0x17,
    0x95, 0xa5, 0xa1, 0xbb, 0xc, 0x85, 0x87, 0xe7,
    0xf2, 0x1f, 0xaf, 0xd0,

    /* U+8F6F "软" */
    0x2, 0x1c, 0x87, 0xa0, 0xcc, 0x1a, 0x85, 0x40,
    0x43, 0x60, 0xf8, 0xdf, 0x42, 0x51, 0x43, 0xe7,
    0x2, 0x82, 0x99, 0x11, 0x33, 0xd4, 0x4, 0x7,
    0xc7, 0x82, 0xc3, 0xeb, 0x45, 0x4, 0xd8, 0x25,
    0x7, 0xd9, 0x25, 0x1c, 0xc, 0x1b, 0x54, 0x41,
    0xf3, 0x3, 0x0,

    /* U+8F70 "轰" */
    0xe, 0x83, 0xf9, 0xf9, 0xff, 0x4, 0xd0, 0xaf,
    0x83, 0x38, 0x3c, 0x12, 0x1e, 0x75, 0x7c, 0x1b,
    0xcb, 0x1, 0x6e, 0x7, 0xf2, 0xbf, 0x40, 0xbf,
    0x2b, 0xf0, 0x55, 0x67, 0x3a, 0x83, 0x3e, 0x45,
    0x4c, 0x1f, 0x30, 0xb0, 0x67, 0x3c, 0x6e, 0x68,
    0x3d, 0x5, 0x65, 0x30,

    /* U+8F74 "轴" */
    0xb, 0xe, 0xc3, 0xff, 0x8b, 0xe3, 0xd0, 0x7d,
    0xab, 0xd7, 0x8f, 0x40, 0x74, 0x28, 0xa2, 0x1b,
    0x9, 0x14, 0x4, 0x99, 0xf, 0x99, 0x34, 0xcf,
    0x4, 0xe6, 0x99, 0xc0, 0xb8, 0xd0, 0xc8, 0x3d,
    0x28, 0x3f, 0x21, 0xec, 0xf0, 0x7f, 0x7e, 0x0,

    /* U+8F7B "轻" */
    0xa, 0xf, 0xfe, 0x2, 0x80, 0xff, 0x5, 0xc7,
    0x8f, 0xa0, 0xd9, 0x79, 0xa, 0x81, 0xe4, 0x36,
    0x21, 0x49, 0x85, 0x8e, 0x16, 0x4d, 0xeb, 0xa8,
    0xd, 0x1a, 0x17, 0xa0, 0xed, 0xca, 0x15, 0x3,
    0xca, 0xd6, 0x14, 0x17, 0xa0, 0xff, 0xe1, 0xbf,
    0x1f, 0x7, 0x9f, 0xf8, 0x33, 0x7, 0xf0,

    /* U+8F7D "载" */
    0xd, 0x85, 0x7, 0xff, 0x5, 0x58, 0x6b, 0xc7,
    0xa0, 0x38, 0x57, 0x8f, 0x40, 0xa0, 0x5f, 0x1f,
    0x17, 0x60, 0xe3, 0xf1, 0x76, 0xe, 0x3e, 0x90,
    0x41, 0x66, 0x7a, 0x39, 0xa, 0x33, 0xce, 0xa8,
    0x2b, 0xc5, 0x14, 0x41, 0xbe, 0x3c, 0x64, 0x1b,
    0xe2, 0xf3, 0x96, 0x1f, 0x74, 0x30, 0x80,

    /* U+8F7F "轿" */
    0xb, 0xe, 0x68, 0x1f, 0x3f, 0x44, 0x17, 0x8f,
    0x59, 0xc1, 0xa1, 0xb4, 0x8, 0x72, 0x1b, 0xc5,
    0xe8, 0xa, 0x3, 0x96, 0x70, 0x35, 0x5c, 0x23,
    0x85, 0x6d, 0x3, 0x36, 0x1d, 0xe8, 0x33, 0x81,
    0x94, 0x1f, 0xef, 0x34, 0xf, 0xe9, 0xb, 0x43,
    0xfe, 0x54, 0x1f, 0xd2, 0xa0, 0xb0, 0x80,

    /* U+8F83 "较" */
    0xa, 0x9, 0x83, 0xf2, 0x12, 0x41, 0xde, 0x3b,
    0xca, 0xf8, 0x1a, 0xbb, 0xa6, 0xf8, 0x27, 0x41,
    0x5, 0x84, 0x83, 0x35, 0x13, 0x3, 0x27, 0xc2,
    0x74, 0x5, 0xce, 0x72, 0x83, 0xdb, 0xc9, 0x61,
    0xbc, 0x94, 0x11, 0xd, 0xe9, 0x44, 0xac, 0x3f,
    0x3b, 0xce, 0x87, 0xbb, 0x5, 0x30,

    /* U+8F84 "辄" */
    0x2, 0x83, 0xff, 0x83, 0x83, 0xfe, 0x4e, 0x7a,
    0x39, 0xda, 0x45, 0x30, 0xcc, 0x12, 0x2c, 0x38,
    0x79, 0x52, 0x7, 0xf, 0x63, 0xa1, 0xfd, 0x87,
    0x38, 0x79, 0x90, 0x9c, 0x3c, 0xca, 0x9, 0x30,
    0xe9, 0x99, 0xcc, 0xa0, 0x86, 0xf4, 0x23, 0x87,
    0xfd, 0xe4,

    /* U+8F85 "辅" */
    0xa, 0xe, 0xc4, 0x39, 0xf, 0xb8, 0x1e, 0x3b,
    0xe3, 0x58, 0xd5, 0xdf, 0x1f, 0x20, 0x74, 0xbc,
    0x7a, 0xe, 0xc1, 0x67, 0x20, 0x89, 0xcb, 0x38,
    0x2b, 0x9c, 0xb3, 0xc1, 0xe5, 0x7, 0x21, 0x34,
    0x32, 0xce, 0xb, 0xd3, 0x16, 0x78, 0x29, 0xf,
    0xfe, 0x4b, 0xa1, 0x98, 0x93, 0x78,

    /* U+8F86 "辆" */
    0x2, 0x1f, 0xfc, 0x1d, 0x2f, 0xf9, 0x26, 0x9f,
    0x19, 0xe4, 0x2b, 0x14, 0x22, 0x16, 0xe9, 0x42,
    0x2c, 0x18, 0x85, 0x39, 0x84, 0xa3, 0xc0, 0x60,
    0xef, 0x1e, 0x35, 0x10, 0x7a, 0xc6, 0x34, 0x2f,
    0x1e, 0x39, 0x30, 0xac, 0x42, 0xe0, 0xe4, 0x3c,
    0x81, 0xf, 0xfe, 0x5, 0x10,

    /* U+8F88 "辈" */
    0xe, 0xc1, 0x87, 0xbf, 0x6, 0xfa, 0x7, 0xe0,
    0xdf, 0x40, 0x7e, 0xd, 0xf0, 0x5a, 0xc1, 0x97,
    0x2, 0xa1, 0x7, 0x52, 0xb, 0xca, 0xff, 0x20,
    0xb2, 0xf1, 0xf9, 0xe, 0xbc, 0x7c, 0x87, 0x7d,
    0x1f, 0x21, 0x7f, 0x47, 0xf0, 0x3f, 0xc7, 0xf0,
    0x7f, 0xf0, 0xc0,

    /* U+8F89 "辉" */
    0xb, 0xf, 0xfe, 0x27, 0xfc, 0xc, 0x2c, 0xef,
    0x82, 0x61, 0x62, 0x9, 0x6, 0xe, 0x73, 0xe0,
    0xf9, 0xda, 0x7a, 0x2, 0xa5, 0xa, 0x83, 0xfd,
    0x19, 0xf0, 0x64, 0x17, 0x8f, 0x83, 0xef, 0x8f,
    0x91, 0xb, 0xf1, 0xf2, 0x50, 0x70, 0xfe, 0x51,
    0x7, 0xf0,

    /* U+8F91 "辑" */
    0x9, 0xf, 0xfe, 0xc, 0x17, 0xf0, 0x5e, 0x3d,
    0x17, 0x83, 0x6a, 0xf4, 0x5e, 0xe, 0x74, 0x1d,
    0x58, 0x73, 0x1e, 0xab, 0xc8, 0x91, 0x41, 0xa1,
    0xa3, 0x66, 0x87, 0xf2, 0xa, 0xd, 0x3, 0x5c,
    0x50, 0xbc, 0x1a, 0xf0, 0xa3, 0xe3, 0x43, 0xd3,
    0xd9, 0xa1, 0xee, 0x50, 0x60,

    /* U+8F93 "输" */
    0xf, 0xfe, 0x22, 0x83, 0x61, 0xfb, 0x9, 0x30,
    0xea, 0x32, 0x5b, 0x6, 0xcb, 0xe3, 0x56, 0x81,
    0x9, 0xbf, 0x50, 0x13, 0x9e, 0xa0, 0x2c, 0xb,
    0x4a, 0xda, 0x6, 0xf1, 0x26, 0x1f, 0xce, 0x98,
    0x7c, 0xc8, 0x58, 0x7e, 0xdd, 0x30, 0x61, 0x94,
    0x19, 0x24, 0x3f, 0xd0, 0x30, 0x80,

    /* U+8F94 "辔" */
    0xf, 0xfe, 0x1c, 0x8c, 0x14, 0x81, 0x6a, 0x3e,
    0x58, 0x14, 0xe2, 0xf5, 0x34, 0x12, 0x8b, 0x49,
    0x42, 0x64, 0x2c, 0x68, 0x13, 0x86, 0x1c, 0x26,
    0xf3, 0x6b, 0x67, 0x40, 0x60, 0x6e, 0x15, 0x4e,
    0xa6, 0xf, 0x7f, 0x83, 0xef, 0xf0, 0x7d, 0xfe,
    0x8,

    /* U+8F96 "辖" */
    0xa, 0xd, 0x21, 0xca, 0x9, 0x25, 0x3, 0x8f,
    0xa1, 0xe8, 0x65, 0xe5, 0x6e, 0x87, 0x24, 0x66,
    0x42, 0xbc, 0x1f, 0xda, 0xd1, 0xe3, 0xc0, 0xa2,
    0xba, 0x8a, 0x60, 0x47, 0xf3, 0xf1, 0xe4, 0xdf,
    0x3e, 0x7, 0x96, 0x7, 0xc1, 0xfe, 0xf8, 0x3f,
    0xdf, 0x0,

    /* U+8F9B "辛" */
    0xe, 0xa0, 0x7f, 0xf1, 0x5f, 0xca, 0xfc, 0x3c,
    0x7e, 0x3c, 0x12, 0x21, 0xfe, 0xb0, 0x50, 0x2f,
    0xa7, 0xcd, 0xff, 0x95, 0xfc, 0x1f, 0xfc, 0x1f,
    0xca, 0xfc, 0xf, 0xca, 0xfc, 0x1f, 0xfc, 0xd0,

    /* U+8F9C "辜" */
    0xf, 0x50, 0x3e, 0xfe, 0x57, 0xf0, 0x3f, 0x95,
    0xfc, 0x1b, 0xe5, 0x7c, 0x1f, 0x57, 0x83, 0xe7,
    0xd4, 0xf2, 0x19, 0xd6, 0x2, 0xda, 0x7, 0xca,
    0xf2, 0xbc, 0x83, 0xe5, 0x79, 0x5f, 0x2, 0xb9,
    0x55, 0xc0, 0x6b, 0x2a, 0xb2, 0x17, 0xe5, 0x7e,
    0xf, 0xfe, 0x20,

    /* U+8F9F "辟" */
    0xf, 0xf6, 0x1d, 0xfc, 0x1f, 0xef, 0x8f, 0x8f,
    0x21, 0xf6, 0xfa, 0x88, 0x5f, 0x4, 0x90, 0x75,
    0x59, 0x44, 0x43, 0x20, 0x7c, 0x47, 0x5, 0xf5,
    0xf1, 0xe8, 0x37, 0xd, 0x94, 0xf, 0xcf, 0x1e,
    0x2, 0x1e, 0x50, 0xa0, 0x71, 0x61, 0xfc, 0xa2,
    0xc3, 0xfb, 0x34, 0xc2, 0xc2,

    /* U+8FA3 "辣" */
    0xb, 0x43, 0x61, 0xff, 0xc7, 0xb2, 0xef, 0x1f,
    0x44, 0x73, 0x78, 0xfa, 0x3, 0x78, 0xf1, 0xf0,
    0x10, 0x22, 0x67, 0x5, 0x28, 0xb0, 0xfd, 0xe5,
    0x71, 0x9c, 0x19, 0x6c, 0xc2, 0xb0, 0x59, 0x62,
    0x86, 0xa, 0x82, 0x34, 0x22, 0xb, 0x8a, 0x61,
    0x6c, 0x72, 0x58, 0x77, 0x1a, 0x1e, 0xc3, 0x0,

    /* U+8FA9 "辩" */
    0x4, 0x4, 0x28, 0x3d, 0xe0, 0x40, 0xf0, 0x6e,
    0x3c, 0xdc, 0x78, 0x17, 0x9b, 0x9f, 0x38, 0x58,
    0xb1, 0xc2, 0x12, 0xee, 0x51, 0x21, 0x6c, 0x89,
    0xad, 0x83, 0x8e, 0x7, 0x8f, 0x2, 0xca, 0x1f,
    0x1e, 0x5, 0x94, 0x3b, 0x3c, 0x17, 0x5, 0x61,
    0xe5, 0x82, 0x60, 0xf5, 0x85, 0x40, 0xfb, 0xf,
    0xd8, 0x40,

    /* U+8FB0 "辰" */
    0x7, 0xff, 0x90, 0xdf, 0xfc, 0x87, 0x7f, 0xc1,
    0xf7, 0xfc, 0x1e, 0x43, 0xff, 0x83, 0x7f, 0xe4,
    0x36, 0xae, 0x3c, 0xa0, 0xfc, 0x8e, 0x1f, 0xf3,
    0x50, 0x4a, 0xe, 0x83, 0xd6, 0x15, 0xf5, 0x2,
    0x54, 0x9d, 0x9f, 0x2, 0x2e, 0x50, 0x4e, 0x0,

    /* U+8FB1 "辱" */
    0x7, 0xff, 0xa0, 0xdd, 0x7d, 0xc1, 0xdf, 0xf2,
    0x1d, 0xaf, 0xd4, 0xd, 0x9e, 0x2e, 0x60, 0xfd,
    0x4e, 0xc2, 0x94, 0x79, 0xd3, 0x80, 0xe5, 0x30,
    0x34, 0xc0, 0xd6, 0xf8, 0xb8, 0x17, 0x17, 0xc7,
    0xc1, 0x9f, 0x41, 0xff, 0xc0, 0xab, 0xe,

    /* U+8FB9 "边" */
    0x2, 0x1d, 0x87, 0xd0, 0x7f, 0xf0, 0x6c, 0x3f,
    0xf8, 0xe, 0x7c, 0x7c, 0x1f, 0x7a, 0x39, 0xb,
    0xe0, 0xc8, 0x7b, 0xc1, 0xb0, 0xff, 0xe0, 0xb1,
    0xe0, 0xfd, 0x21, 0xf9, 0x4, 0xcc, 0xa0, 0x99,
    0xcc, 0x78, 0x35, 0xd9, 0xf5, 0x3c, 0xc, 0x2b,
    0xfe, 0x0,

    /* U+8FBD "辽" */
    0xf, 0xfe, 0x26, 0x9f, 0xf0, 0x6e, 0x7f, 0x90,
    0xf4, 0x86, 0x56, 0x1c, 0x87, 0x58, 0x6f, 0x83,
    0x21, 0xef, 0x7, 0xff, 0xae, 0x10, 0x54, 0x1c,
    0xae, 0x85, 0xa1, 0xd6, 0x67, 0xfc, 0x98, 0x57,
    0xfc, 0x80,

    /* U+8FBE "达" */
    0xf, 0xd8, 0x79, 0xc3, 0xff, 0x80, 0xa8, 0x3f,
    0xf8, 0x17, 0x7c, 0x7d, 0x6, 0x6f, 0x8f, 0xa0,
    0x7c, 0x1f, 0xf7, 0x83, 0x2a, 0x43, 0xfd, 0xea,
    0x21, 0xf9, 0x62, 0x81, 0xf3, 0x40, 0x22, 0x14,
    0x3c, 0x85, 0x5, 0x34, 0xd0, 0xca, 0xb, 0x7f,
    0xf8, 0x10, 0x57, 0xfc, 0x0,

    /* U+8FC1 "迁" */
    0xf, 0xfe, 0x27, 0x4, 0xab, 0x83, 0x6a, 0xfa,
    0xf4, 0x1d, 0xbe, 0x84, 0x39, 0x60, 0xff, 0xbd,
    0x3f, 0x1f, 0x81, 0x41, 0xf8, 0xfc, 0x1f, 0xfe,
    0x1d, 0xc2, 0x43, 0xdd, 0x5f, 0x3f, 0x81, 0xa3,
    0xff, 0x80,

    /* U+8FC5 "迅" */
    0xf, 0xfe, 0x1b, 0x83, 0xfc, 0x19, 0x51, 0xe7,
    0xc1, 0xea, 0x4, 0x87, 0xcb, 0x7, 0xff, 0x3,
    0x8f, 0x1c, 0x1c, 0xc0, 0xf1, 0xc1, 0xff, 0xc4,
    0x83, 0xff, 0x80, 0xa0, 0xff, 0x99, 0xb, 0x20,
    0x20, 0x98, 0x1b, 0x9e, 0x7e, 0x70, 0x50, 0xbf,
    0xf0,

    /* U+8FC7 "过" */
    0x10, 0xfd, 0x86, 0xc3, 0xfe, 0x56, 0x1f, 0xf4,
    0xaf, 0xe3, 0x82, 0x9f, 0xe3, 0x9f, 0x81, 0x7,
    0x9f, 0x6, 0xc3, 0xfe, 0x98, 0x3f, 0xea, 0x7,
    0xff, 0x1f, 0x34, 0xe, 0x81, 0xee, 0x9e, 0x87,
    0xce, 0x8f, 0xfe,

    /* U+8FC8 "迈" */
    0xf, 0xfe, 0x1b, 0xa7, 0xfe, 0x3, 0x43, 0xc5,
    0xf8, 0x26, 0xc, 0x87, 0xe4, 0x37, 0xd0, 0x5f,
    0x6, 0xa9, 0xb, 0xc1, 0xca, 0x10, 0xfc, 0x87,
    0xff, 0x6, 0x43, 0xfe, 0x88, 0x1e, 0xd, 0xa,
    0xcb, 0x50, 0x53, 0x4c, 0x17, 0x83, 0x3b, 0x7f,
    0xe0, 0x60, 0x7f, 0xf0,

    /* U+8FCE "迎" */
    0xf, 0xfe, 0x1d, 0x2, 0xb5, 0xc1, 0x4a, 0x33,
    0x6a, 0xd, 0xe0, 0x41, 0x61, 0xe8, 0x3f, 0xef,
    0x83, 0xfe, 0xf0, 0x7f, 0xf4, 0xfc, 0xc, 0x3e,
    0x4b, 0x7, 0x83, 0x47, 0x90, 0xfd, 0x99, 0xf8,
    0xf8, 0x14, 0x2f, 0xa9, 0xf0,

    /* U+8FD0 "运" */
    0x18, 0x3f, 0xf8, 0x9, 0x9f, 0xe8, 0x35, 0xf,
    0xf4, 0x1c, 0xd7, 0xe4, 0x7c, 0x7c, 0xfe, 0x47,
    0x2, 0x80, 0xb8, 0x3f, 0x50, 0xd0, 0xfd, 0xae,
    0x90, 0xfc, 0xf8, 0x60, 0xa3, 0x7e, 0xac, 0x5,
    0x74, 0xff, 0x58, 0xe3, 0xff, 0xc0,

    /* U+8FD1 "近" */
    0xf, 0xfe, 0x1d, 0x3, 0x9b, 0xc1, 0x4a, 0x7,
    0xf8, 0x37, 0x82, 0xe4, 0x3e, 0x82, 0xfe, 0x81,
    0xf0, 0x54, 0x2a, 0x7, 0x83, 0x28, 0x50, 0x7c,
    0x87, 0xff, 0x7, 0x43, 0xff, 0x80, 0xe1, 0xfd,
    0x12, 0x80, 0x87, 0x66, 0x3f, 0x3f, 0x25, 0xb,
    0xff, 0x20,

    /* U+8FD4 "返" */
    0xf, 0xfe, 0x1b, 0x85, 0xff, 0x1, 0x50, 0x5f,
    0xe0, 0xac, 0x3f, 0xf8, 0x28, 0x5f, 0xc1, 0x7c,
    0x17, 0xe0, 0xde, 0x2, 0x5b, 0x21, 0xf6, 0xdc,
    0xc1, 0xf3, 0x88, 0xe1, 0xe4, 0x14, 0xe7, 0xa,
    0x38, 0xf0, 0x28, 0xc, 0xca, 0xbf, 0x50, 0xe2,
    0xff, 0xd0,

    /* U+8FD8 "还" */
    0xf, 0xfe, 0x26, 0xdf, 0xf4, 0x15, 0x5f, 0x3f,
    0x41, 0x30, 0x4a, 0xf, 0xc8, 0x58, 0x7d, 0xf0,
    0x14, 0x28, 0x37, 0x82, 0xb0, 0x50, 0x3c, 0xf0,
    0x1d, 0x83, 0xbc, 0x86, 0xf0, 0x74, 0x1f, 0x21,
    0x6e, 0x12, 0x1e, 0xea, 0xf9, 0xfc, 0xd, 0x1f,
    0xfc, 0x0,

    /* U+8FD9 "这" */
    0xf, 0xfe, 0x26, 0x1a, 0x81, 0xf5, 0x85, 0x28,
    0x3c, 0xb7, 0xc5, 0xe8, 0x34, 0xf7, 0xcf, 0x3,
    0xe0, 0x78, 0x43, 0xbc, 0x14, 0xf4, 0xf, 0xf4,
    0x4, 0x3f, 0xd1, 0x40, 0xfc, 0xee, 0xac, 0x36,
    0x45, 0x82, 0x81, 0x6e, 0x53, 0xf5, 0x83, 0x8b,
    0xff, 0x0,

    /* U+8FDB "进" */
    0x14, 0x16, 0xc, 0x3a, 0x43, 0xfc, 0xd0, 0x24,
    0x8, 0x65, 0x59, 0x65, 0x86, 0xa6, 0x78, 0xf0,
    0x3e, 0xf, 0xf7, 0x8f, 0x1e, 0x3c, 0x86, 0xf1,
    0xe3, 0xc8, 0x7f, 0xf0, 0xd0, 0x70, 0x7c, 0xd3,
    0x90, 0x41, 0x36, 0xd3, 0xeb, 0xe7, 0x3, 0xff,
    0x80,

    /* U+8FDC "远" */
    0xf, 0xfe, 0x26, 0x5, 0xf8, 0x35, 0x9d, 0x76,
    0x19, 0x8b, 0xfa, 0xe, 0x45, 0xf8, 0x2f, 0x9f,
    0x5d, 0xe0, 0xb8, 0x68, 0x45, 0x3, 0xf2, 0x1f,
    0xfc, 0x1a, 0x6, 0xc3, 0xd0, 0x83, 0xc1, 0xb1,
    0x30, 0x74, 0xc1, 0x9e, 0x7f, 0x53, 0x7, 0x17,
    0xfe, 0x0,

    /* U+8FDD "违" */
    0x4, 0x1b, 0x43, 0xe6, 0x14, 0x5, 0x7, 0x6d,
    0x45, 0x60, 0xea, 0x78, 0xbd, 0x7, 0x27, 0x8b,
    0xc8, 0x5f, 0x1e, 0x2f, 0x21, 0x78, 0xf8, 0xbe,
    0x43, 0xbe, 0x2f, 0x21, 0xff, 0xc1, 0x50, 0x48,
    0x79, 0xd0, 0xd3, 0x83, 0x57, 0x5, 0xd5, 0xff,
    0x81, 0xa3, 0xff, 0x80,

    /* U+8FDE "连" */
    0xf, 0xfe, 0x14, 0x1a, 0x43, 0xde, 0x28, 0xd7,
    0x1, 0x6c, 0x17, 0xe0, 0xa5, 0x13, 0x2c, 0x3e,
    0x3, 0xc5, 0x11, 0xc2, 0xb0, 0x79, 0xf, 0x2b,
    0x14, 0x1c, 0xfd, 0x1f, 0x21, 0x3f, 0x8f, 0x90,
    0xa0, 0xff, 0x73, 0x5, 0x86, 0x67, 0xff, 0xa0,

    /* U+8FDF "迟" */
    0xf, 0xfe, 0x1b, 0x85, 0xfe, 0x9, 0x50, 0x5f,
    0x83, 0xac, 0x3f, 0xf8, 0x28, 0x55, 0x83, 0x7c,
    0x1f, 0x41, 0x78, 0x35, 0xd1, 0xf, 0x90, 0xb0,
    0xfe, 0xe1, 0xb0, 0xe4, 0x94, 0x6, 0xc2, 0x65,
    0x83, 0x38, 0x57, 0x67, 0xfc, 0xc, 0x2b, 0xfe,
    0x0,

    /* U+8FEB "迫" */
    0xf, 0xe8, 0x39, 0xc3, 0xa0, 0xf2, 0xa0, 0x79,
    0x5e, 0xd, 0x40, 0xbf, 0x6, 0x58, 0x3f, 0xf8,
    0x1c, 0x17, 0xe0, 0xcc, 0x1b, 0xf0, 0x7f, 0xf6,
    0xbf, 0x7, 0x44, 0x3f, 0x90, 0xb3, 0x37, 0xf3,
    0x82, 0x85, 0xff, 0x80,

    /* U+8FED "迭" */
    0x24, 0x39, 0xc3, 0xb8, 0x2c, 0x3f, 0x2a, 0x9,
    0xf, 0xd6, 0x25, 0xf, 0x7, 0x25, 0x38, 0xf0,
    0x5f, 0xa, 0xf, 0xde, 0x15, 0xe8, 0xf4, 0x1c,
    0xfc, 0x3e, 0x83, 0xf4, 0xe, 0xf, 0x9c, 0xec,
    0xc2, 0xcb, 0xd0, 0x54, 0x6, 0xe3, 0xfe, 0x81,
    0x42, 0xff, 0xc0,

    /* U+8FF0 "述" */
    0xf, 0xd8, 0x86, 0x70, 0xfb, 0xc1, 0x2b, 0xf,
    0x50, 0x35, 0x1f, 0x8f, 0x50, 0x32, 0xbc, 0xb,
    0xd0, 0x3e, 0x2, 0x81, 0x86, 0xf0, 0x56, 0x36,
    0x1f, 0x22, 0x5, 0x41, 0xeb, 0xd, 0x21, 0xcc,
    0x1e, 0xc2, 0xdd, 0x4, 0x1e, 0x98, 0xc0, 0x87,
    0x98, 0xa7, 0xfc, 0x98, 0x4f, 0xfc, 0x80,

    /* U+8FF9 "迹" */
    0x2, 0x1d, 0x87, 0xd4, 0xf, 0xfe, 0x6, 0x3f,
    0x1f, 0x40, 0x54, 0xf8, 0x8b, 0x80, 0xc8, 0x64,
    0x8, 0x6d, 0x18, 0x34, 0x15, 0xc5, 0x3, 0x50,
    0x14, 0x44, 0x39, 0xc, 0x82, 0x88, 0x68, 0x3c,
    0xa9, 0xf, 0xb2, 0xf1, 0xa8, 0x36, 0xe3, 0xe5,
    0x7c, 0x9c, 0x5f, 0xf9,

    /* U+8FFD "追" */
    0xf, 0xc8, 0x7a, 0x81, 0x98, 0x3d, 0x28, 0xf4,
    0x79, 0xd, 0x85, 0xf8, 0x3e, 0x40, 0xb8, 0x3b,
    0xe0, 0x7e, 0x50, 0x5e, 0xb, 0xf9, 0xf, 0xd7,
    0xd4, 0xf, 0xdd, 0x58, 0x7f, 0x57, 0x7, 0x42,
    0x7f, 0x6, 0xcf, 0x15, 0xc6, 0xa, 0x17, 0xfe,
    0x0,

    /* U+9000 "退" */
    0xf, 0xfe, 0x1b, 0x85, 0xfe, 0x9, 0x58, 0x5f,
    0x83, 0xa8, 0x17, 0xe0, 0xca, 0xd, 0xf8, 0x37,
    0xa0, 0xbf, 0x6, 0xa0, 0x6e, 0xf4, 0x1f, 0xef,
    0xa0, 0xff, 0x70, 0x87, 0xf7, 0x39, 0x85, 0x91,
    0x78, 0x16, 0xd, 0xce, 0xff, 0x25, 0xb, 0xff,
    0x20,

    /* U+9001 "送" */
    0xf, 0x21, 0x21, 0xa8, 0x17, 0x2, 0xd, 0x28,
    0x12, 0x48, 0x77, 0x87, 0x35, 0x61, 0xd0, 0xf8,
    0xf8, 0x2f, 0x83, 0xfe, 0xf0, 0x3e, 0x3e, 0x43,
    0xde, 0x55, 0xe4, 0x3e, 0x55, 0xe4, 0x3e, 0xa6,
    0x54, 0x85, 0x97, 0x82, 0x74, 0x1b, 0x97, 0xfc,
    0x94, 0x2f, 0xfc, 0x80,

    /* U+9002 "适" */
    0xf, 0xfe, 0x22, 0x1e, 0x6d, 0xa, 0x87, 0xfc,
    0x85, 0x83, 0xe2, 0x43, 0xa8, 0xfc, 0x7e, 0xd,
    0x3f, 0x17, 0xc1, 0x41, 0xe4, 0x3e, 0x81, 0xe3,
    0xe0, 0xbe, 0xa, 0xb0, 0x6f, 0x6, 0x5c, 0x1f,
    0xea, 0xc1, 0xc8, 0x6f, 0xc1, 0xaa, 0xf1, 0x58,
    0xc1, 0xe7, 0xff, 0x80,

    /* U+9003 "逃" */
    0x14, 0x1b, 0x30, 0xf4, 0x1f, 0xc8, 0x15, 0x4c,
    0x39, 0xc2, 0xb8, 0x42, 0x68, 0x19, 0x20, 0xe8,
    0x2f, 0x85, 0x4, 0xa0, 0xbc, 0xb, 0xb, 0xc1,
    0xe7, 0xc1, 0x72, 0x1c, 0xa9, 0x9, 0xc3, 0xd3,
    0x2, 0x88, 0x59, 0x18, 0x2f, 0x81, 0xd8, 0xfd,
    0x56, 0x9, 0x2f, 0xfc, 0x0,

    /* U+9006 "逆" */
    0xf, 0xfe, 0x1d, 0x0, 0xe8, 0x34, 0x29, 0x43,
    0x42, 0x10, 0xd8, 0xf1, 0xa7, 0x6, 0x55, 0xe3,
    0xcc, 0xf, 0x89, 0xc, 0x85, 0xe0, 0xf2, 0x1f,
    0xcd, 0x96, 0x1f, 0xae, 0x3e, 0xf, 0xcd, 0x87,
    0xd9, 0x4f, 0x7, 0xdb, 0x8a, 0xff, 0x2, 0x85,
    0xff, 0x80,

    /* U+9009 "选" */
    0x6, 0x14, 0x48, 0x7a, 0xc0, 0x88, 0x7c, 0xa1,
    0x32, 0xd0, 0xe8, 0xa6, 0xda, 0x17, 0xc0, 0xe6,
    0xa4, 0x14, 0x5, 0xa0, 0xf2, 0x5, 0x1, 0x46,
    0x4, 0x3f, 0x21, 0xd0, 0x79, 0xa0, 0x39, 0xb,
    0x2a, 0x4c, 0x10, 0x3b, 0x5, 0xf2, 0xa0, 0x69,
    0x7f, 0xe0,

    /* U+900F "透" */
    0x10, 0xf9, 0xb0, 0xd8, 0x3f, 0x5e, 0x9, 0x51,
    0xf0, 0xa0, 0xea, 0x3f, 0xf, 0xc1, 0xcf, 0x6,
    0xf0, 0x3e, 0x6a, 0x67, 0x81, 0xe0, 0xd3, 0x30,
    0x79, 0xa1, 0x23, 0x7, 0xc8, 0xe7, 0x7, 0xdc,
    0xd, 0xc2, 0x8b, 0x90, 0x62, 0xc, 0xc1, 0x7a,
    0x1c, 0x14, 0x2f, 0xfc, 0x0,

    /* U+9010 "逐" */
    0xf, 0xfe, 0x1b, 0x83, 0xff, 0x1, 0x51, 0xf0,
    0xfc, 0x15, 0x81, 0xc8, 0x50, 0x64, 0xe8, 0xec,
    0x17, 0xc5, 0xe4, 0xb4, 0x1e, 0xb, 0x34, 0x3f,
    0x3e, 0xb4, 0xd0, 0xe7, 0xba, 0x3c, 0x1c, 0xfa,
    0x70, 0x61, 0x67, 0x24, 0x41, 0xbb, 0x3d, 0x2b,
    0xe8, 0x92, 0xff, 0xd0,

    /* U+9012 "递" */
    0xe, 0x90, 0x41, 0xb8, 0x15, 0x7, 0xb5, 0x78,
    0x77, 0xd, 0xbf, 0x8c, 0x32, 0x87, 0xe3, 0xd,
    0xc6, 0xf8, 0xf0, 0x50, 0x15, 0xe3, 0xe0, 0xef,
    0x40, 0xe0, 0xfd, 0x40, 0x90, 0xeb, 0x92, 0x98,
    0x13, 0x34, 0x6d, 0x1b, 0xc7, 0xcf, 0xd3, 0x82,
    0xff, 0xa0,

    /* U+9014 "途" */
    0xf, 0xc8, 0x7a, 0x81, 0xd4, 0xe, 0x94, 0x17,
    0x10, 0x77, 0x8b, 0x54, 0xe8, 0x68, 0x27, 0xc3,
    0x83, 0xe2, 0xf3, 0x74, 0x7, 0x81, 0xf3, 0x7a,
    0xf, 0x7a, 0x5a, 0x81, 0xe7, 0x4f, 0x48, 0x73,
    0xe0, 0x9b, 0xb, 0x38, 0xd4, 0x30, 0x37, 0x3c,
    0xf, 0xc0, 0xa1, 0x7f, 0xe0,

    /* U+901A "通" */
    0xf, 0xfe, 0x1d, 0x8f, 0xfd, 0x2, 0x67, 0x99,
    0x18, 0x2b, 0x1d, 0x9b, 0x43, 0x24, 0x23, 0xd0,
    0x1f, 0x3, 0xc7, 0x90, 0xbc, 0x17, 0x8f, 0x7,
    0xf2, 0x85, 0x83, 0xf7, 0x8b, 0x83, 0xfe, 0x43,
    0xd1, 0x20, 0x8b, 0x81, 0x98, 0xfa, 0xd5, 0x25,
    0xb, 0xff, 0x20,

    /* U+901B "逛" */
    0x10, 0xe4, 0x3f, 0x65, 0xd3, 0xf4, 0x5, 0x12,
    0xaa, 0x28, 0xd, 0xd4, 0x5, 0x8, 0x54, 0x4,
    0xe1, 0xf3, 0xae, 0x3c, 0x70, 0x15, 0x18, 0xf1,
    0xc0, 0x8f, 0x32, 0x21, 0xde, 0x38, 0x3f, 0xc8,
    0x18, 0xb2, 0x81, 0x45, 0xb4, 0xf5, 0x1, 0xb8,
    0xaf, 0xf2, 0x50, 0xbf, 0xf2,

    /* U+901D "逝" */
    0xf, 0xfe, 0x1a, 0x82, 0xc3, 0x48, 0x50, 0x73,
    0x62, 0x5, 0x41, 0xa3, 0x83, 0x5d, 0x99, 0x87,
    0xcd, 0x99, 0x58, 0x1f, 0x7, 0x3b, 0x83, 0xc3,
    0x91, 0x22, 0x1c, 0xc4, 0x1f, 0xf2, 0x1f, 0xfc,
    0x18, 0x50, 0x7d, 0x91, 0x18, 0x10, 0xbb, 0x1a,
    0xbc, 0xe0, 0x92, 0xff, 0xc0,

    /* U+901F "速" */
    0xf, 0xd8, 0x79, 0xc3, 0xff, 0x80, 0xa9, 0xf8,
    0xfc, 0x15, 0xbf, 0x17, 0xc1, 0x93, 0xe2, 0xf0,
    0x57, 0x81, 0x67, 0x83, 0x58, 0x56, 0x78, 0x3f,
    0x70, 0x1b, 0xf, 0x9b, 0x3e, 0xf, 0x36, 0x6,
    0xa0, 0xb3, 0xc0, 0x40, 0xc0, 0xef, 0xe7, 0xf0,
    0x24, 0x7f, 0xf0,

    /* U+9020 "造" */
    0x2, 0x1d, 0x87, 0xd4, 0x6, 0x87, 0xed, 0x12,
    0x3e, 0xe, 0xca, 0x67, 0xc1, 0xf4, 0x87, 0xef,
    0x4d, 0xe3, 0xf0, 0x28, 0xae, 0xbd, 0x81, 0x41,
    0x5f, 0x50, 0x3f, 0xab, 0x7, 0xfa, 0xb0, 0x74,
    0x1b, 0xe4, 0x36, 0x76, 0x54, 0x98, 0x38, 0xbf,
    0xf0,

    /* U+9022 "逢" */
    0xf, 0xb0, 0xfd, 0xa0, 0x8f, 0x90, 0xd4, 0x14,
    0x70, 0x86, 0x62, 0xde, 0xc3, 0xc9, 0x45, 0x1c,
    0x83, 0xd3, 0x13, 0x43, 0x7, 0x2a, 0x62, 0x8c,
    0x12, 0x5, 0x85, 0x41, 0xfb, 0xc0, 0xc3, 0xf7,
    0x41, 0xa8, 0x28, 0x7e, 0x2f, 0x40, 0x57, 0x40,
    0x68, 0x75, 0x99, 0xff, 0x3, 0xa, 0xff, 0x80,

    /* U+902E "逮" */
    0x14, 0x1d, 0x87, 0xd0, 0x7f, 0xf0, 0x15, 0x17,
    0x8f, 0x83, 0x5a, 0x28, 0x51, 0x6, 0x57, 0xc7,
    0x8c, 0x1f, 0x1d, 0xa, 0x8, 0x3c, 0x6, 0xce,
    0xf, 0xd6, 0x8f, 0x7, 0xf6, 0x62, 0x1e, 0xa1,
    0x91, 0x86, 0xc1, 0xe9, 0x28, 0x83, 0x73, 0x87,
    0xd4, 0x5, 0xb, 0xff, 0x0,

    /* U+903B "逻" */
    0xf, 0xfe, 0x15, 0xf, 0xfc, 0x8, 0x8f, 0x19,
    0x86, 0x83, 0xff, 0x83, 0x1e, 0x33, 0x3, 0xe3,
    0xd1, 0xf8, 0x61, 0x4, 0x7c, 0x81, 0x40, 0xdf,
    0x84, 0x3b, 0xa7, 0x70, 0x7b, 0x49, 0x90, 0xc8,
    0x2e, 0xd0, 0xd1, 0x25, 0x87, 0x2b, 0xa3, 0x7f,
    0x4e, 0x3f, 0xfa,

    /* U+903C "逼" */
    0x4, 0x3f, 0xf8, 0x2f, 0x38, 0x7b, 0x9, 0x82,
    0xfa, 0xf, 0x21, 0x7d, 0x6, 0xf4, 0xa, 0xf0,
    0x54, 0x4e, 0xbe, 0x2, 0x82, 0xa1, 0x44, 0x3f,
    0x60, 0xc3, 0xfc, 0xc3, 0x21, 0xa1, 0x3f, 0xa0,
    0xa6, 0x88, 0x73, 0x1, 0xdc, 0xff, 0x93, 0xa,
    0xff, 0x90,

    /* U+9047 "遇" */
    0xf, 0xfe, 0x1d, 0x1, 0x7f, 0x82, 0x94, 0x7,
    0x2c, 0x3b, 0x9, 0xcb, 0xf, 0x20, 0x61, 0x83,
    0x36, 0x58, 0x68, 0x26, 0x7, 0x41, 0xa8, 0x3e,
    0xb2, 0x50, 0x7f, 0x44, 0x87, 0xfb, 0xe8, 0x3b,
    0x21, 0x40, 0x9c, 0x1b, 0x83, 0xf0, 0x24, 0xa1,
    0x7f, 0xe4,

    /* U+904D "遍" */
    0x2, 0x5f, 0xf8, 0x29, 0xbf, 0xf0, 0x54, 0x3f,
    0xe4, 0x26, 0x7, 0xf3, 0x86, 0x41, 0xfc, 0x85,
    0xf0, 0x2b, 0xe0, 0x50, 0x2a, 0xf6, 0x5, 0x1,
    0x33, 0x30, 0xf2, 0xc, 0xcc, 0x3d, 0xe3, 0x33,
    0xd, 0xa, 0xd, 0x68, 0x27, 0x2c, 0xc7, 0x80,
    0xe6, 0x7f, 0xc9, 0x85, 0x7f, 0xc8,

    /* U+9053 "道" */
    0xf, 0x21, 0x21, 0xa8, 0x6, 0x41, 0x21, 0x4a,
    0xa1, 0x78, 0xb0, 0xb2, 0xf8, 0xfc, 0x19, 0x3e,
    0x3e, 0xb, 0xe0, 0x5f, 0x83, 0x78, 0x2b, 0xf0,
    0x7f, 0x5f, 0x83, 0xfa, 0xfc, 0x1f, 0xd5, 0xc1,
    0xd1, 0x21, 0xd0, 0x5f, 0xd, 0x7b, 0x4, 0x97,
    0xfe, 0x0,

    /* U+9063 "遣" */
    0x10, 0xf6, 0x1f, 0x60, 0xf8, 0xf9, 0x2, 0xa0,
    0x78, 0xf2, 0x1a, 0xc1, 0xe3, 0xc8, 0x73, 0x2c,
    0x5, 0x69, 0xf5, 0x81, 0x40, 0xd3, 0xc0, 0xd0,
    0xca, 0xf, 0xcb, 0x83, 0xfc, 0xbe, 0xf, 0xdf,
    0x8c, 0x24, 0x35, 0x64, 0x26, 0x7f, 0xf4, 0xb,
    0xab, 0xfe, 0x4c, 0xf, 0xfe, 0x40,

    /* U+9065 "遥" */
    0xf, 0xe5, 0x82, 0xd0, 0x7f, 0x83, 0x70, 0x1d,
    0xa7, 0x83, 0x48, 0xae, 0x2c, 0x32, 0x88, 0x65,
    0x82, 0x50, 0x29, 0xd1, 0x82, 0xa0, 0x3e, 0x3d,
    0x5, 0x83, 0xf1, 0xf8, 0x3b, 0x3c, 0x78, 0xc3,
    0xe9, 0x14, 0x1e, 0x48, 0xdf, 0x20, 0x7b, 0xd2,
    0xfa, 0x1d, 0xbf, 0xf4, 0x0,

    /* U+906D "遭" */
    0x10, 0xcc, 0x61, 0xec, 0xf4, 0xe7, 0xa0, 0x2a,
    0xa4, 0x8a, 0x61, 0x5e, 0x92, 0x28, 0x86, 0x45,
    0x8, 0x86, 0xf8, 0x36, 0x61, 0xbc, 0x5, 0x11,
    0x7, 0xd2, 0x1d, 0x7, 0xcb, 0xc6, 0x1f, 0xfc,
    0x6c, 0x85, 0xc1, 0xdb, 0x87, 0xce, 0xa, 0x17,
    0xfe, 0x0,

    /* U+906E "遮" */
    0x10, 0xf6, 0x87, 0x78, 0x3f, 0xf8, 0x11, 0x1f,
    0x17, 0xa0, 0xbc, 0xd, 0xf3, 0xc1, 0x90, 0x4d,
    0x19, 0x5, 0xe0, 0x60, 0xc0, 0x82, 0xc2, 0x4d,
    0x20, 0xf2, 0x15, 0x87, 0xed, 0x5d, 0xc8, 0x79,
    0xe2, 0x22, 0xa, 0xa, 0x11, 0x41, 0x66, 0xd3,
    0x77, 0x41, 0xc5, 0xff, 0x80,

    /* U+9075 "遵" */
    0xf, 0x28, 0x8, 0x67, 0x1a, 0xfc, 0x5, 0x4f,
    0x1, 0x5e, 0xa, 0xca, 0x8, 0xc1, 0xc8, 0x13,
    0x10, 0xd7, 0x5, 0x8, 0x77, 0x21, 0x70, 0x79,
    0x40, 0x43, 0x21, 0xf2, 0xf8, 0x12, 0x19, 0xcb,
    0xc5, 0xa0, 0xc8, 0xf3, 0x88, 0x5b, 0x9e, 0x60,
    0x79, 0x38, 0xbf, 0xf2,

    /* U+907F "避" */
    0x14, 0x1f, 0x48, 0x68, 0x7e, 0x43, 0xca, 0x87,
    0x7c, 0xd8, 0x56, 0x1b, 0x7a, 0x6, 0x47, 0x4e,
    0x88, 0x3e, 0x1f, 0x3a, 0x40, 0xf0, 0x5e, 0xa3,
    0x40, 0xfd, 0x13, 0x40, 0xef, 0x5, 0x34, 0xe,
    0x51, 0x7, 0xe8, 0x26, 0xc3, 0xd9, 0xbb, 0x4d,
    0xb4, 0xa1, 0x7f, 0xe4,

    /* U+9080 "邀" */
    0xf, 0x21, 0x21, 0xb8, 0x68, 0x8e, 0x1b, 0x54,
    0x31, 0x87, 0x3a, 0x28, 0xa, 0xf0, 0x3c, 0xa,
    0x11, 0xb0, 0x25, 0x14, 0x4, 0x28, 0x29, 0x40,
    0x49, 0x9, 0xf2, 0xb, 0xd4, 0x9, 0xc7, 0x28,
    0xa0, 0xfd, 0x4c, 0x1b, 0x61, 0xa4, 0xd6, 0x94,
    0xd, 0x5b, 0xcc, 0x8, 0x4b, 0xff, 0xc3, 0x82,
    0xff, 0xc0,

    /* U+9083 "邃" */
    0x10, 0xed, 0xf, 0x79, 0xf8, 0xbe, 0xa, 0x47,
    0xbb, 0xc8, 0x4c, 0x9e, 0x3f, 0x5, 0xe3, 0x93,
    0x24, 0x29, 0x54, 0x38, 0xb0, 0xd2, 0x19, 0xd8,
    0x2f, 0x34, 0x47, 0xc8, 0x58, 0x28, 0x21, 0xfe,
    0x58, 0x51, 0x87, 0x74, 0xd5, 0x38, 0x5c, 0x7c,
    0xf, 0xc0, 0x9b, 0xff, 0x80,

    /* U+90A3 "那" */
    0x1f, 0xf1, 0xf8, 0xf, 0x8f, 0x5, 0xc1, 0xff,
    0xc1, 0xe0, 0xbc, 0x78, 0x32, 0x82, 0xe3, 0x82,
    0x50, 0x79, 0xe, 0x58, 0x2e, 0x79, 0xa, 0x81,
    0x65, 0xa1, 0x90, 0xf2, 0x1f, 0xf6, 0x81, 0xc0,
    0xd0, 0x11, 0x78, 0x40, 0xc8, 0x51, 0xf0, 0x7e,
    0x90, 0xf6, 0x18,

    /* U+90B9 "邹" */
    0xf, 0xfe, 0x2b, 0x85, 0x7c, 0x86, 0xcf, 0x23,
    0xa8, 0x29, 0xe1, 0x9, 0xa, 0x73, 0x42, 0xa0,
    0x5c, 0xb6, 0x12, 0x19, 0xa8, 0xb0, 0x72, 0x17,
    0xe8, 0x35, 0x2, 0xbe, 0x83, 0x21, 0xaf, 0xa0,
    0xad, 0x5, 0xfa, 0xa, 0xa0, 0x5f, 0xa0, 0xc8,
    0x7e, 0x70, 0xf0,

    /* U+90BB "邻" */
    0xc, 0x87, 0xfc, 0xc1, 0x7e, 0x82, 0x8c, 0x2f,
    0x18, 0x13, 0x70, 0x91, 0x4, 0xa9, 0x40, 0xa0,
    0x36, 0x8c, 0x84, 0x82, 0x84, 0x1d, 0x60, 0xbd,
    0x4c, 0x24, 0x4f, 0xca, 0xd, 0x60, 0xa9, 0x82,
    0x70, 0xa1, 0x83, 0x44, 0x14, 0xc1, 0xb8, 0x3a,
    0x50, 0x78,

    /* U+90C1 "郁" */
    0xd, 0x7, 0xff, 0x1, 0xe, 0xfc, 0xb, 0x9f,
    0xa3, 0x50, 0x2c, 0xfd, 0x1, 0xc2, 0x8f, 0xa0,
    0xc8, 0x4a, 0xa9, 0x4, 0x1b, 0x2, 0x83, 0x42,
    0xa, 0x3e, 0x83, 0x50, 0x8, 0xfa, 0xc, 0x87,
    0x3e, 0x83, 0x21, 0xcf, 0xa0, 0xba, 0x7, 0xe4,
    0x1e, 0x43, 0xdd, 0x87, 0xe6, 0x3c, 0x98, 0x60,

    /* U+90CA "郊" */
    0xd, 0x21, 0xff, 0xc3, 0x7f, 0x17, 0x9b, 0xe7,
    0x51, 0x6c, 0xde, 0x3, 0x81, 0x6e, 0xe, 0x41,
    0x41, 0xb0, 0x41, 0x68, 0x20, 0x64, 0x27, 0x52,
    0xbc, 0xb, 0xb, 0x43, 0xca, 0x9, 0x2, 0x4,
    0x42, 0x6b, 0x1, 0xec, 0xa9, 0x68, 0x1e, 0xb,
    0x41, 0x40, 0xe0,

    /* U+90E8 "部" */
    0xd, 0x21, 0xff, 0xc5, 0xfc, 0xb, 0xcd, 0xe0,
    0x79, 0x5, 0x1f, 0x18, 0x56, 0x12, 0x84, 0x39,
    0x41, 0x95, 0x40, 0xc8, 0x5e, 0x62, 0xe0, 0x28,
    0x1f, 0xf4, 0xe, 0xb, 0xf9, 0xf, 0xef, 0x90,
    0xff, 0xe2, 0xd8, 0x77, 0xc8, 0x57, 0x83, 0x7c,
    0x87, 0xc0,

    /* U+90FD "都" */
    0xd, 0x87, 0xff, 0x1b, 0xf0, 0x5e, 0x3e, 0x8f,
    0x6, 0xf1, 0xc4, 0x9, 0x5, 0xe3, 0x88, 0xc,
    0xb, 0xc3, 0xe8, 0x43, 0xac, 0x7c, 0x5, 0x81,
    0xa7, 0xa0, 0xd4, 0x7, 0x83, 0xff, 0x87, 0xe8,
    0x3f, 0xef, 0x82, 0xb4, 0x3b, 0xe0, 0xae, 0xe,
    0xf8, 0x3f, 0xd8, 0x59, 0x86,

    /* U+914D "配" */
    0x3f, 0xfe, 0xb, 0xcc, 0x7f, 0x6, 0x66, 0x28,
    0x1f, 0x60, 0x40, 0x87, 0xec, 0xcc, 0x7c, 0x1f,
    0x21, 0x6e, 0x1d, 0x20, 0x83, 0x61, 0xd1, 0xc1,
    0xfe, 0xfa, 0xf, 0xeb, 0xe8, 0x3b, 0xa, 0xfa,
    0xc, 0x86, 0xbe, 0x89, 0xe8, 0x9, 0x9, 0xcf,
    0x90,

    /* U+9152 "酒" */
    0xf, 0xfe, 0x1b, 0xbf, 0xfc, 0x6, 0x9f, 0x19,
    0xf0, 0x15, 0xbe, 0x33, 0xc1, 0x50, 0xc, 0x44,
    0x1b, 0x60, 0x22, 0x21, 0xdc, 0x5, 0x7, 0xf2,
    0xb, 0x2c, 0x39, 0xc5, 0x87, 0xe, 0xf0, 0x1f,
    0xc1, 0xca, 0x1f, 0xe0, 0xdc, 0x7, 0xf8, 0x34,
    0x81, 0xfe, 0x8,

    /* U+9157 "酗" */
    0xf, 0xfe, 0x17, 0xf9, 0x86, 0x7, 0x86, 0xd2,
    0xd, 0x63, 0x47, 0x73, 0x2, 0x4, 0xc5, 0x61,
    0x95, 0x85, 0x88, 0x7b, 0xe, 0x42, 0x7c, 0x85,
    0x98, 0x4b, 0x40, 0xd8, 0x3b, 0xe0, 0x2e, 0xb,
    0xf0, 0x51, 0x5, 0x7a, 0xb, 0xd0, 0x57, 0xa0,
    0x5f, 0x2, 0x40, 0xd1, 0xb,

    /* U+916C "酬" */
    0xf, 0xd8, 0x1c, 0xff, 0x20, 0xc2, 0xf0, 0x3c,
    0x87, 0xac, 0x1a, 0x1f, 0x90, 0x3e, 0x23, 0xf,
    0xf2, 0x21, 0x28, 0x58, 0x3f, 0x79, 0x23, 0x20,
    0x91, 0x10, 0xfc, 0xd1, 0x10, 0xf9, 0xf2, 0x50,
    0x3c, 0xf9, 0x42, 0x41, 0x9f, 0x9c, 0x8, 0x54,
    0xa, 0xc, 0xe0,

    /* U+9171 "酱" */
    0xf, 0xfe, 0x2c, 0x83, 0xe, 0x70, 0xd9, 0xf2,
    0x2c, 0x79, 0xb4, 0x41, 0xcf, 0xa9, 0xb8, 0x3d,
    0x25, 0x8e, 0x17, 0x32, 0xd4, 0xd, 0xfc, 0x37,
    0xe3, 0x83, 0xf5, 0x84, 0xc7, 0x8, 0x79, 0x94,
    0x21, 0xf9, 0x3c, 0x1f, 0xcb, 0xe0, 0xf3, 0xfe,
    0x8,

    /* U+9177 "酷" */
    0xf, 0xe7, 0xb, 0xfc, 0x41, 0xde, 0x1b, 0x1c,
    0x81, 0x63, 0x68, 0x58, 0x48, 0x12, 0x98, 0x85,
    0x8e, 0x46, 0x28, 0x18, 0x33, 0xc3, 0xe0, 0x2b,
    0x48, 0x34, 0x7, 0x70, 0x3e, 0x42, 0x6f, 0x4,
    0xa0, 0xcd, 0x41, 0xfc, 0xfc, 0x17, 0x83, 0x56,
    0xb, 0xc1, 0x48, 0x59, 0x83, 0x0,

    /* U+9178 "酸" */
    0xf, 0xca, 0xc, 0xff, 0x89, 0x50, 0x1e, 0x4f,
    0x42, 0x30, 0x28, 0x9c, 0xe, 0x88, 0x4a, 0x1c,
    0x61, 0x83, 0xed, 0xc1, 0xc8, 0x79, 0xe3, 0xa2,
    0x7, 0x54, 0x9e, 0x90, 0x95, 0x24, 0x6a, 0xc,
    0xd1, 0x9b, 0x60, 0xd7, 0x95, 0x1, 0xe, 0xa9,
    0x3b, 0x38, 0x2b, 0xe2, 0xca, 0x0,

    /* U+9192 "醒" */
    0x3f, 0xcf, 0xe8, 0x1e, 0x7, 0x87, 0xd0, 0x4c,
    0x9, 0x1f, 0x41, 0x90, 0x38, 0xf9, 0xc, 0x81,
    0x3, 0xe7, 0x9, 0x41, 0xd9, 0xa1, 0xb9, 0x33,
    0x28, 0x1e, 0x5a, 0x87, 0x83, 0x51, 0x1f, 0x18,
    0x66, 0x8a, 0xa6, 0x48, 0x4f, 0x93, 0xd1, 0xe4,
    0xd, 0x47, 0xf9,

    /* U+91C7 "采" */
    0xf, 0xf9, 0xf, 0x96, 0xa7, 0x6, 0xfa, 0xfe,
    0x83, 0x6f, 0x80, 0xb6, 0x1e, 0x89, 0x5, 0x3,
    0xa4, 0x8, 0xc1, 0xf6, 0x28, 0x50, 0x77, 0xe8,
    0xfe, 0xb, 0xe4, 0x2b, 0xe0, 0xe8, 0x8a, 0x21,
    0xd7, 0xa0, 0x3d, 0xa0, 0x8d, 0xe, 0xec, 0x14,
    0xf, 0xcc, 0x0,

    /* U+91CA "释" */
    0xf, 0xfe, 0x22, 0xbd, 0x7f, 0x20, 0xba, 0x73,
    0x70, 0x85, 0xc, 0x51, 0xa0, 0x54, 0x20, 0x99,
    0x41, 0x40, 0x47, 0x33, 0x81, 0xe1, 0xca, 0x74,
    0xc0, 0x81, 0x5, 0x9d, 0x85, 0x14, 0x7c, 0x7a,
    0x7, 0xf, 0xe3, 0xe0, 0x28, 0x2f, 0x8f, 0x81,
    0x7, 0xff, 0x38,

    /* U+91CC "里" */
    0x5, 0xff, 0xa0, 0xe7, 0xd3, 0xe8, 0x3c, 0xfa,
    0x7d, 0x7, 0x9a, 0x2a, 0x88, 0x7c, 0xac, 0x56,
    0x1e, 0x7d, 0x3e, 0x83, 0xaf, 0xa7, 0xe8, 0x3f,
    0x61, 0xfd, 0xf9, 0x5f, 0x90, 0xbf, 0x4f, 0xe4,
    0x1f, 0xd3, 0xfc, 0x9f, 0xff, 0xc0, 0x40,

    /* U+91CD "重" */
    0xf, 0xca, 0xa0, 0x6f, 0xfe, 0x83, 0x7e, 0x55,
    0x10, 0xcf, 0xe5, 0x7e, 0x80, 0xeb, 0x85, 0xa8,
    0x19, 0xf0, 0x3c, 0x61, 0xea, 0x25, 0x10, 0xfb,
    0xd3, 0xe4, 0x3e, 0xf4, 0xf9, 0xf, 0x54, 0x95,
    0x83, 0x56, 0x4a, 0xc1, 0xaf, 0xa7, 0xe8, 0x2f,
    0xe9, 0xfe, 0x40,

    /* U+91CE "野" */
    0x2f, 0xeb, 0xf0, 0x54, 0x32, 0xf4, 0x1f, 0xea,
    0xb0, 0xa8, 0x60, 0x94, 0x1a, 0x86, 0x50, 0x64,
    0x14, 0x32, 0x84, 0x15, 0xc7, 0x83, 0x28, 0x3f,
    0xec, 0x1e, 0x8f, 0x21, 0xef, 0x47, 0x90, 0xf2,
    0xb2, 0xf0, 0x7a, 0xcb, 0xf0, 0x85, 0xd1, 0x40,
    0xf0, 0x40,

    /* U+91CF "量" */
    0xb, 0xff, 0x7, 0xcb, 0xe0, 0xfd, 0xfe, 0xf,
    0xd5, 0xe0, 0xe6, 0x5f, 0xd4, 0x3, 0xaf, 0xe2,
    0xe, 0x58, 0x58, 0x3e, 0xf0, 0x3c, 0x1f, 0xa8,
    0x94, 0x43, 0xb5, 0x80, 0xb0, 0x6d, 0x70, 0x17,
    0x69, 0xff, 0xfc, 0x4,

    /* U+91D1 "金" */
    0xf, 0xfe, 0x4e, 0x1f, 0xfc, 0xc, 0x83, 0xfd,
    0xbb, 0x7, 0xcf, 0x43, 0x60, 0xcf, 0x17, 0xc3,
    0xc0, 0xdf, 0xa3, 0xf0, 0x54, 0xf, 0xe8, 0x37,
    0xd1, 0xf4, 0x1d, 0x3e, 0x3c, 0xc1, 0xcb, 0x5,
    0x7, 0xef, 0x1, 0x20, 0xef, 0x9c, 0x9f, 0x82,
    0xff, 0xf8,

    /* U+9274 "鉴" */
    0xf, 0xfe, 0x33, 0x2, 0xf, 0xb0, 0xca, 0xf,
    0xfe, 0x4, 0x7c, 0x87, 0xdb, 0xbe, 0x43, 0xea,
    0x16, 0x86, 0x40, 0xd8, 0x34, 0x34, 0x47, 0x68,
    0x7a, 0xc1, 0xc7, 0x90, 0x39, 0x71, 0x5b, 0xc3,
    0xd3, 0x8a, 0x7a, 0xc3, 0x6c, 0x4a, 0x83, 0x7c,
    0xc4, 0xaf, 0x81, 0xff, 0xfc, 0x0,

    /* U+9488 "针" */
    0xf, 0xfe, 0x2e, 0x1d, 0x87, 0x94, 0x1f, 0xfc,
    0xd, 0xf0, 0x7f, 0x9f, 0x83, 0xfa, 0x28, 0x87,
    0xf2, 0xc7, 0xe3, 0xe0, 0x50, 0xef, 0x8f, 0x81,
    0x65, 0x87, 0xf7, 0x8f, 0x7, 0xff, 0x39, 0x83,
    0xff, 0x81, 0x61, 0xff, 0x79, 0xf, 0xc0,

    /* U+9489 "钉" */
    0xa, 0xf, 0xf9, 0x40, 0xbf, 0xc0, 0xcf, 0x5e,
    0x3e, 0x3, 0xf0, 0x7e, 0x8f, 0x83, 0xf3, 0x96,
    0x1f, 0xb0, 0xff, 0xe0, 0x78, 0xb0, 0xfd, 0xe3,
    0xc1, 0xff, 0xcc, 0x60, 0xff, 0xa0, 0xff, 0xae,
    0x1c, 0x30,

    /* U+9493 "钓" */
    0x9, 0xd, 0x7, 0x98, 0x32, 0x1e, 0xcf, 0x8,
    0xb8, 0xf, 0xc6, 0x7d, 0x11, 0xf0, 0xd5, 0x81,
    0xcb, 0x83, 0xec, 0x35, 0xd0, 0x37, 0x8b, 0x6,
    0xa1, 0x3c, 0x78, 0x2b, 0xf, 0xf9, 0x8c, 0x33,
    0x7, 0x61, 0xd6, 0x12, 0x28, 0x2b, 0x42, 0xb4,

    /* U+949B "钛" */
    0x9, 0xe, 0x43, 0xcc, 0x19, 0x83, 0xd9, 0xe0,
    0x90, 0xf3, 0xf0, 0xe2, 0xc0, 0x8f, 0xad, 0x57,
    0x80, 0xe5, 0xd1, 0x45, 0x1, 0x87, 0x9c, 0x3b,
    0xc5, 0x84, 0x87, 0x78, 0xf0, 0x81, 0x41, 0xfd,
    0x3e, 0x83, 0xcc, 0x90, 0x7f, 0x45, 0xd, 0xb0,
    0xd7, 0x94, 0x12, 0x83, 0x23, 0x7, 0x40,

    /* U+949F "钟" */
    0xf, 0xfe, 0x26, 0x1d, 0x87, 0x28, 0x3f, 0xed,
    0xf0, 0x7f, 0x3f, 0x5e, 0x3d, 0x11, 0xf1, 0x67,
    0x91, 0xcb, 0xf, 0xd2, 0x4, 0x3f, 0x78, 0xf1,
    0x67, 0x81, 0x42, 0x85, 0x9e, 0x43, 0xd2, 0x1a,
    0xc, 0xe1, 0xff, 0x50, 0x3f, 0xde, 0x43, 0xe0,

    /* U+94A0 "钠" */
    0xf, 0xfe, 0x1b, 0x7, 0x61, 0xff, 0xc6, 0x9f,
    0x7, 0xfb, 0xfc, 0x7c, 0x47, 0xa3, 0xc7, 0x85,
    0x65, 0x0, 0x86, 0x70, 0x21, 0xc8, 0x5e, 0x3c,
    0x9, 0x90, 0x78, 0xf1, 0x13, 0x87, 0xe6, 0x28,
    0x1c, 0xc6, 0x87, 0xeb, 0xf, 0xf5, 0xa1, 0xad,
    0x9, 0x6, 0x15, 0xc0,

    /* U+94A2 "钢" */
    0x9, 0xf, 0xf9, 0xc1, 0xff, 0x3, 0x7c, 0x7f,
    0x4, 0xfc, 0x20, 0x60, 0x47, 0xa0, 0x65, 0x8a,
    0xce, 0x15, 0x88, 0xe1, 0xe8, 0x82, 0xf1, 0xe0,
    0xd8, 0x5e, 0x3c, 0x9, 0x41, 0xfc, 0xa9, 0x83,
    0xd1, 0xc7, 0x83, 0xb0, 0x48, 0xa0, 0xd7, 0x6,
    0xb4, 0x24, 0x18, 0x57, 0x0,

    /* U+94A7 "钧" */
    0x9, 0xc, 0x87, 0x98, 0x27, 0xf, 0x67, 0x8d,
    0xfc, 0x7, 0xe1, 0xbd, 0x2, 0x3e, 0xf, 0x23,
    0x97, 0x93, 0xd, 0x86, 0xe5, 0x41, 0x78, 0xb0,
    0xa8, 0x17, 0x8f, 0x1, 0xa6, 0x1f, 0xbb, 0x8c,
    0x33, 0x16, 0x88, 0x74, 0x5, 0x4, 0x85, 0x70,
    0x2f, 0x20,

    /* U+94A9 "钩" */
    0x9, 0xf, 0xf9, 0x82, 0x90, 0xf6, 0x78, 0x7a,
    0x82, 0x7e, 0x7, 0xca, 0x23, 0xe5, 0x6b, 0x1,
    0xcb, 0xb4, 0x8, 0x30, 0xd0, 0x7d, 0xe2, 0xde,
    0xc3, 0x78, 0xf0, 0x8c, 0x21, 0xe4, 0x94, 0x1e,
    0x67, 0xe8, 0x3d, 0x7, 0x21, 0xd7, 0x5, 0xe4,
    0x32, 0x1d, 0xe8,

    /* U+94AE "钮" */
    0x9, 0xf, 0xfe, 0x3, 0x2, 0xfe, 0x42, 0xcf,
    0x59, 0xe0, 0xe6, 0xf0, 0x79, 0x4, 0x5c, 0x1f,
    0xcc, 0x50, 0x3f, 0xa4, 0x4b, 0x3c, 0x1a, 0xcf,
    0x50, 0xa0, 0x6f, 0x1e, 0x2, 0xc1, 0xff, 0xc9,
    0xb3, 0xf, 0xe7, 0x75, 0x78, 0xc3, 0x4d, 0xff,
    0x0,

    /* U+94B1 "钱" */
    0xf, 0xfe, 0x2e, 0x1b, 0xf, 0x94, 0x1d, 0x61,
    0xd3, 0xe0, 0xa6, 0xe, 0xf8, 0x47, 0xd, 0x1e,
    0x9c, 0xcc, 0xa, 0xca, 0x31, 0x28, 0xe, 0x4,
    0x63, 0xe8, 0x1e, 0x3c, 0x63, 0xb0, 0x3c, 0x79,
    0x51, 0x21, 0xfe, 0x5b, 0xf, 0x38, 0x31, 0xf,
    0xaa, 0xed, 0xb4, 0x2f, 0x3, 0x4c, 0x8,

    /* U+94BB "钻" */
    0xf, 0xfe, 0x2e, 0x1d, 0x87, 0x94, 0x1f, 0xfc,
    0xd, 0xf0, 0x7f, 0x9f, 0x83, 0x7c, 0x8, 0xf8,
    0x37, 0xc0, 0x72, 0xc3, 0xfb, 0xf, 0xfe, 0xf,
    0x8b, 0xbc, 0x78, 0x2f, 0x1f, 0x3f, 0x7, 0xff,
    0x25, 0xf0, 0x7f, 0xd4, 0xdf, 0x83, 0xde, 0x47,
    0xe0, 0x80,

    /* U+94BE "钾" */
    0x9, 0xf, 0xfe, 0x4, 0x7, 0xf9, 0x2, 0x7c,
    0xe6, 0x1a, 0x9f, 0x7, 0xc9, 0x70, 0xe6, 0x15,
    0xa, 0xe, 0x61, 0x40, 0xdc, 0x3e, 0xf0, 0xe3,
    0x98, 0x54, 0x29, 0xb9, 0x87, 0xe6, 0xb, 0x43,
    0xa4, 0x3f, 0xd6, 0x87, 0xf7, 0x90, 0xf8,

    /* U+94C1 "铁" */
    0x2, 0x1e, 0x83, 0xda, 0x14, 0xa0, 0xf3, 0x62,
    0x80, 0xa0, 0xea, 0x19, 0x14, 0x9, 0x70, 0xd1,
    0xf0, 0x53, 0xe4, 0x43, 0xe6, 0x31, 0xa3, 0x50,
    0x18, 0xf5, 0x4, 0xa0, 0x38, 0xe0, 0xa4, 0x3f,
    0xd2, 0x4, 0x3d, 0x2d, 0x14, 0xf, 0xba, 0x1,
    0x20, 0x9f, 0x1a, 0x16, 0x0,

    /* U+94C3 "铃" */
    0xf, 0xfe, 0x2a, 0x19, 0xc3, 0xce, 0x1b, 0xf,
    0xb7, 0xc0, 0x54, 0x1c, 0xde, 0x3a, 0x28, 0x28,
    0xbb, 0x7b, 0x91, 0x51, 0x75, 0x2b, 0x86, 0x40,
    0xa0, 0x49, 0x82, 0xcb, 0x7d, 0x78, 0x2f, 0x1e,
    0x7e, 0x50, 0x7f, 0x48, 0xc1, 0xe6, 0x3b, 0x43,
    0xeb, 0x1c, 0x3f, 0x79, 0xb, 0x43, 0xff, 0x83,
    0x84,

    /* U+94C5 "铅" */
    0xf, 0xfe, 0x26, 0x17, 0xe0, 0xc8, 0x77, 0x83,
    0xb3, 0xc1, 0xfc, 0xde, 0xf, 0xc9, 0xd0, 0x3f,
    0x4a, 0x39, 0x3, 0xe2, 0x86, 0xa8, 0x17, 0x8b,
    0x2e, 0xfd, 0x3, 0xc7, 0x93, 0xd0, 0x7f, 0xf1,
    0xd8, 0x3f, 0xeb, 0x7, 0xa0, 0xef, 0x20, 0xf4,
    0x0,

    /* U+94F2 "铲" */
    0x9, 0xd, 0x21, 0xe6, 0xd, 0xc8, 0x76, 0x7a,
    0x9b, 0xe8, 0x27, 0xe9, 0xec, 0x81, 0x9f, 0x1e,
    0x3c, 0x13, 0x1f, 0x9d, 0xf0, 0x30, 0x20, 0xbf,
    0x81, 0x42, 0x81, 0xfd, 0xc7, 0x7, 0xff, 0x5,
    0xf, 0xfe, 0x7, 0x84, 0x3f, 0x27, 0x83, 0xfe,
    0xca, 0x7, 0xff, 0x3, 0x43, 0xe0,

    /* U+94F8 "铸" */
    0x2, 0x1c, 0x87, 0xa0, 0xe8, 0x3e, 0xa3, 0xe3,
    0xe4, 0x4f, 0x3e, 0x3e, 0x49, 0x3, 0xe3, 0xe1,
    0x1a, 0x3a, 0xbe, 0x1d, 0x5d, 0xab, 0xe8, 0xd5,
    0xc5, 0xe6, 0x86, 0xaf, 0x17, 0x9a, 0x6, 0x6d,
    0xb2, 0x81, 0xbc, 0x72, 0x1e, 0x48, 0x74, 0x3a,
    0xe0, 0xd8, 0x80,

    /* U+94FA "铺" */
    0x2, 0x83, 0xb4, 0x3b, 0xc, 0x82, 0xb, 0x7b,
    0xd1, 0x30, 0x1f, 0x5f, 0x1e, 0x84, 0x37, 0xc7,
    0x81, 0x1e, 0x4a, 0x10, 0x56, 0x69, 0xe0, 0xeb,
    0x38, 0x3f, 0x78, 0xe2, 0x82, 0x1f, 0xde, 0x30,
    0xf2, 0x8f, 0x18, 0x7a, 0x43, 0xfc, 0xe1, 0xd0,
    0x74, 0xc, 0x1d, 0x80,

    /* U+94FE "链" */
    0xf, 0xe4, 0x3d, 0x41, 0x3, 0x87, 0x91, 0x9e,
    0x7d, 0x7, 0x7a, 0xcf, 0xa0, 0x41, 0xb5, 0x50,
    0x25, 0x4, 0x9a, 0xd2, 0x39, 0xea, 0x70, 0xe1,
    0x65, 0x11, 0x61, 0x40, 0xdb, 0xc7, 0x95, 0xe0,
    0xe7, 0x3c, 0xaf, 0x4, 0xd0, 0x43, 0xfc, 0xca,
    0x8a, 0x7, 0x75, 0xbf, 0xc1, 0xda, 0x3f, 0xc0,

    /* U+9501 "锁" */
    0xf, 0xfe, 0x2c, 0x1d, 0x87, 0x90, 0xb8, 0x2d,
    0xa, 0x7e, 0x51, 0x28, 0x37, 0xc2, 0xf, 0x5,
    0x1e, 0xa3, 0x14, 0x2, 0xb2, 0x85, 0xb8, 0x4e,
    0x4, 0x32, 0x1d, 0xe3, 0xc1, 0xfd, 0xe3, 0xc0,
    0x43, 0xff, 0x83, 0xa1, 0xf9, 0xe1, 0xf4, 0x1e,
    0xa3, 0x46, 0xa0, 0xde, 0x3c, 0x8e, 0x0,

    /* U+9504 "锄" */
    0xf, 0xfe, 0x24, 0x1e, 0xc3, 0x21, 0x7c, 0x1e,
    0xde, 0x30, 0xf9, 0xf4, 0x14, 0x70, 0x87, 0x61,
    0x28, 0x8f, 0x44, 0x46, 0xb, 0x3c, 0x21, 0xf4,
    0x59, 0x84, 0x81, 0x8a, 0x18, 0x48, 0x7f, 0x94,
    0x21, 0xc8, 0x96, 0x1e, 0xe2, 0x2, 0x1c, 0xd3,
    0x8f, 0x50, 0x29, 0x43, 0x9e, 0x0,

    /* U+9505 "锅" */
    0x9, 0xf, 0xf9, 0xc1, 0x7f, 0x5, 0x3c, 0x7e,
    0x9, 0x3d, 0x8, 0x10, 0xa3, 0xc9, 0xf9, 0xa,
    0x76, 0x8d, 0x40, 0xc2, 0x7c, 0xde, 0x8e, 0x7c,
    0xe5, 0xc0, 0xe7, 0xe0, 0x61, 0xfe, 0x93, 0xe,
    0x6a, 0x68, 0xe1, 0xe9, 0xc1, 0x61, 0x3c, 0x1d,
    0xd8, 0x73, 0x5, 0xe4,

    /* U+9508 "锈" */
    0x2, 0x83, 0xcc, 0x1b, 0xa, 0xfe, 0xc, 0xdb,
    0xd0, 0x90, 0xef, 0x15, 0x1f, 0x1, 0x9, 0xd0,
    0xac, 0x11, 0xe6, 0x62, 0x81, 0x50, 0xe3, 0x5a,
    0xc1, 0x43, 0x4f, 0x39, 0x83, 0x8e, 0x8a, 0xc4,
    0x3f, 0xd8, 0x34, 0x39, 0x42, 0x8c, 0x43, 0xb3,
    0x43, 0xf3, 0x5c, 0x5a, 0x1c, 0x9a, 0xb, 0x80,

    /* U+950B "锋" */
    0x2, 0x83, 0x41, 0xf6, 0x1a, 0x6a, 0xe, 0xb8,
    0x4d, 0x41, 0x9f, 0x5a, 0x16, 0x12, 0x2c, 0x4c,
    0x86, 0x8b, 0x28, 0xb7, 0x1, 0xc8, 0xbc, 0xf0,
    0x4e, 0x79, 0xb3, 0xb0, 0x78, 0xea, 0x4a, 0x21,
    0xfd, 0x87, 0xf5, 0x3a, 0x14, 0xc3, 0xd7, 0xc7,
    0xc1, 0xb8, 0x3f, 0x80,

    /* U+9519 "错" */
    0x3, 0x5, 0x83, 0xf, 0xf9, 0x2, 0x1b, 0x7b,
    0x2c, 0x90, 0x9f, 0x59, 0xe3, 0x40, 0x87, 0xff,
    0x6, 0x3d, 0x67, 0x8f, 0x1, 0xce, 0xff, 0x80,
    0xe7, 0xae, 0x9e, 0xb, 0xc7, 0x8a, 0xb0, 0xff,
    0x5f, 0x7, 0xcc, 0x5f, 0x7, 0xd4, 0x2f, 0x83,
    0xde, 0x5, 0xf0, 0x40,

    /* U+9523 "锣" */
    0x9, 0xf, 0xf9, 0xc7, 0xfe, 0x6, 0xdb, 0x99,
    0x84, 0xf6, 0x21, 0xe8, 0xf0, 0xc6, 0x60, 0x5b,
    0x7c, 0x7e, 0x3c, 0x1a, 0x3e, 0x4e, 0x7a, 0x35,
    0x5, 0xce, 0xa8, 0x40, 0x87, 0x5b, 0x56, 0x1d,
    0x40, 0x4c, 0x1c, 0x9b, 0x4d, 0xc, 0xf3, 0x78,
    0x30,

    /* U+9524 "锤" */
    0x2, 0x1f, 0x90, 0xda, 0x6, 0x9f, 0x6, 0x6d,
    0x3c, 0x70, 0x77, 0x8a, 0x8f, 0x81, 0x20, 0x62,
    0x23, 0x16, 0xf0, 0x88, 0x84, 0xd1, 0xdc, 0xcc,
    0xc1, 0x47, 0x22, 0x23, 0x7, 0x3a, 0x84, 0x43,
    0xf5, 0x99, 0x98, 0x67, 0xbe, 0x3e, 0xe, 0xcf,
    0x8f, 0x41, 0x38, 0x3f, 0xd0,

    /* U+952E "键" */
    0xf, 0xfe, 0x24, 0x87, 0x48, 0x7e, 0xf5, 0x1e,
    0xc, 0xdc, 0xc, 0xa, 0xd, 0xe4, 0x18, 0x90,
    0x24, 0xa, 0xc0, 0x88, 0x15, 0xd0, 0x3d, 0x82,
    0x55, 0xf, 0x2, 0x41, 0xab, 0xe2, 0x1a, 0x2,
    0x56, 0x7c, 0xdc, 0x1f, 0x3e, 0x6f, 0x6, 0x60,
    0x5b, 0x78, 0x2d, 0x1f, 0x9b, 0xc1, 0x37, 0x8f,
    0xf0,

    /* U+952F "锯" */
    0x9, 0xf, 0xf9, 0xc1, 0xfe, 0xb, 0x74, 0xfc,
    0x19, 0x50, 0x17, 0x4, 0x92, 0x8b, 0xb4, 0x11,
    0xc9, 0xcf, 0x1, 0x89, 0x3c, 0xde, 0x6, 0x49,
    0xe6, 0xf1, 0x42, 0x47, 0x6c, 0x3f, 0xde, 0xf,
    0x50, 0x3f, 0xf8, 0x49, 0xe0, 0xee, 0x20, 0x78,
    0x3e, 0x93, 0x6, 0x0,

    /* U+9539 "锹" */
    0xf, 0xfe, 0x23, 0x6, 0x8d, 0xd, 0x82, 0xf0,
    0x7e, 0x57, 0xa2, 0x40, 0x86, 0xf2, 0x81, 0x2,
    0x4, 0x15, 0x98, 0x48, 0x13, 0xe4, 0x93, 0xc0,
    0xb3, 0x41, 0xc6, 0x82, 0xcd, 0x40, 0x43, 0xbc,
    0x79, 0x20, 0x61, 0xfa, 0x9, 0x41, 0xf6, 0x15,
    0x88, 0x49, 0x84, 0x8d, 0x2, 0x56, 0x83, 0x85,
    0x0,

    /* U+9547 "镇" */
    0xf, 0xe8, 0x3d, 0x85, 0x53, 0x50, 0x7d, 0xe1,
    0xf4, 0x4, 0xf3, 0xca, 0xa0, 0x5b, 0xe4, 0x68,
    0x84, 0xb7, 0x80, 0xf8, 0x33, 0x36, 0x12, 0xc1,
    0xa6, 0xe1, 0xa2, 0x1b, 0x57, 0x7, 0xfd, 0x9a,
    0xa8, 0x9a, 0x17, 0x79, 0xa3, 0xe4, 0x24, 0xb1,
    0x47, 0x5, 0x77, 0xa0, 0x5e, 0x0,

    /* U+954D "镍" */
    0xf, 0xfe, 0x2a, 0x1d, 0x87, 0x9c, 0x14, 0xca,
    0x6, 0xdf, 0x2, 0x9a, 0x19, 0xbc, 0x35, 0x6,
    0x4d, 0x43, 0xf0, 0x69, 0x58, 0x1f, 0x83, 0x31,
    0x23, 0x50, 0x67, 0x3b, 0xe8, 0x82, 0xf1, 0x94,
    0x4a, 0x61, 0xeb, 0x42, 0xf0, 0x75, 0xaa, 0x2c,
    0x3c, 0xaa, 0x1, 0xb0, 0xd7, 0x68, 0x4e, 0x0,

    /* U+955C "镜" */
    0x2, 0x83, 0x41, 0xf7, 0x81, 0x46, 0xa0, 0xe7,
    0x86, 0x1c, 0x33, 0xea, 0x20, 0x50, 0x48, 0x56,
    0xca, 0xe0, 0x47, 0x89, 0x75, 0x0, 0xe7, 0x44,
    0xc, 0x13, 0x9c, 0x5, 0x7, 0x78, 0xe2, 0xa4,
    0x3f, 0x9a, 0x94, 0x1e, 0x68, 0xc5, 0x41, 0xd6,
    0xb8, 0x8, 0x6a, 0xd9, 0xda, 0x19, 0x5e, 0x3,
    0xe8,

    /* U+957F "长" */
    0xd, 0x87, 0xff, 0x19, 0xc3, 0xfe, 0xa8, 0x3f,
    0xac, 0xd0, 0xfd, 0xb4, 0xf, 0xf5, 0xa1, 0xf7,
    0xc5, 0xff, 0x3, 0xe3, 0xc7, 0xf0, 0x7e, 0x50,
    0x7f, 0xf0, 0x28, 0x87, 0xfc, 0xf4, 0xf, 0xd7,
    0x8f, 0xc1, 0xef, 0x40, 0x78,

    /* U+95E8 "门" */
    0x2, 0x1f, 0xf4, 0xaf, 0xf0, 0x54, 0x7f, 0x82,
    0xd8, 0x3f, 0xe4, 0x3f, 0xff, 0xe1, 0xff, 0xcd,
    0x70, 0x0,

    /* U+95ED "闭" */
    0x2, 0x1f, 0xea, 0x1f, 0xd2, 0x69, 0x35, 0x3a,
    0x62, 0xf0, 0x7f, 0xf0, 0xbf, 0x1e, 0x82, 0xf8,
    0x1e, 0x83, 0xb8, 0x3f, 0x72, 0x1f, 0x72, 0x1f,
    0xb5, 0x61, 0xfc, 0xf8, 0x3f, 0xf8, 0x16, 0xc8,
    0x7a, 0xe0,

    /* U+95EE "问" */
    0xf, 0xfe, 0x17, 0x8f, 0xf0, 0x5b, 0xfe, 0xb,
    0x2c, 0x3f, 0xef, 0xc1, 0xf2, 0x78, 0x43, 0xff,
    0xa9, 0xe0, 0xfc, 0xaf, 0x48, 0x7d, 0x1, 0xf,
    0xfe, 0x65, 0x80,

    /* U+95F2 "闲" */
    0x2, 0x1f, 0xf4, 0xdf, 0xe0, 0xba, 0x7f, 0x1,
    0xcc, 0x18, 0x7f, 0x90, 0xfd, 0x7a, 0x3d, 0x6,
    0xb4, 0x17, 0x7, 0x2a, 0x24, 0x39, 0xa2, 0x70,
    0x77, 0x21, 0x61, 0xd2, 0x1f, 0xfc, 0x24, 0x3f,
    0xe8, 0x18, 0x0,

    /* U+95F4 "间" */
    0x14, 0x1f, 0xcc, 0x9f, 0xe0, 0x50, 0xfe, 0x35,
    0x61, 0xfe, 0xfe, 0xf, 0xbe, 0xf, 0xdf, 0x7,
    0xef, 0x83, 0xff, 0x8f, 0xf0, 0x7e, 0xf8, 0x3e,
    0xc2, 0xc3, 0xfe, 0xb7, 0x43, 0xd7, 0x0,

    /* U+95F8 "闸" */
    0x10, 0xff, 0xb3, 0xfe, 0x15, 0x7f, 0x89, 0xa0,
    0x7c, 0x8f, 0xf8, 0x3d, 0x14, 0xf, 0xb2, 0x81,
    0xf4, 0x50, 0x39, 0x32, 0x88, 0x77, 0x8f, 0x41,
    0xff, 0xd1, 0xc0, 0xe6, 0x87, 0x9f, 0x0,

    /* U+95F9 "闹" */
    0x2, 0x1f, 0xf5, 0xf, 0xf2, 0xc, 0x6f, 0xc0,
    0x72, 0x20, 0xfd, 0x71, 0xf4, 0x1a, 0xf1, 0x7a,
    0xe, 0xf1, 0x78, 0x3e, 0xcb, 0xf, 0xfe, 0x57,
    0x83, 0xec, 0x1f, 0x7, 0xe5, 0x6, 0x43, 0xa0,
    0x38, 0x0,

    /* U+9601 "阁" */
    0x10, 0xff, 0xb8, 0xbf, 0xc3, 0x9, 0xfc, 0x9,
    0xb7, 0xe0, 0xf2, 0xdc, 0x87, 0x76, 0xd4, 0x1d,
    0xe1, 0x41, 0xf9, 0xce, 0xe4, 0x36, 0xb, 0x34,
    0x34, 0x54, 0x21, 0xf7, 0xc1, 0xfd, 0xf8, 0x3e,
    0xc3, 0x58, 0x34, 0x3d, 0x78,

    /* U+9605 "阅" */
    0x20, 0xff, 0xbc, 0x5f, 0xe0, 0x33, 0x7f, 0x3,
    0x57, 0xc, 0x1f, 0x4a, 0xb0, 0xfb, 0x22, 0xf,
    0xdf, 0x7, 0xf7, 0xc1, 0xfb, 0x33, 0xf, 0x90,
    0xca, 0xc, 0xd0, 0x1c, 0x86, 0xa2, 0x7c, 0x1d,
    0xa1, 0xac, 0x1a, 0x1e, 0xbc, 0x0,

    /* U+9610 "阐" */
    0x20, 0xff, 0x91, 0xff, 0x14, 0x57, 0xf1, 0x1e,
    0x8a, 0x4, 0x88, 0xc8, 0x86, 0xc9, 0x88, 0x39,
    0x89, 0xf, 0x30, 0xa0, 0xef, 0x3, 0xd0, 0x55,
    0x8a, 0xc0, 0xbe, 0x3e, 0x83, 0xfc, 0x87, 0xa0,
    0x51, 0xc3, 0x20, 0xb8,

    /* U+9614 "阔" */
    0x20, 0xff, 0xbc, 0xdf, 0xe1, 0x59, 0x7d, 0x60,
    0x98, 0x6f, 0x83, 0x30, 0xed, 0x3, 0x39, 0xcd,
    0xc1, 0x33, 0xe6, 0xe0, 0xcc, 0xed, 0x87, 0x20,
    0x7c, 0x1e, 0xb1, 0xf0, 0x72, 0x20, 0xf0, 0x73,
    0x8e, 0xc, 0x3f, 0xe7, 0x0,

    /* U+961F "队" */
    0xf, 0xb0, 0xdf, 0xa0, 0xfd, 0x66, 0x1f, 0xc8,
    0x87, 0xf5, 0x87, 0xfd, 0x7, 0xfb, 0x50, 0x88,
    0x7a, 0xcc, 0xc3, 0xf9, 0xd0, 0xee, 0x9a, 0x38,
    0x6f, 0x44, 0x42, 0x1a, 0x70, 0xa8, 0x86, 0xc3,
    0x37, 0x92, 0xf, 0x30,

    /* U+9632 "防" */
    0xf, 0xa8, 0x1b, 0xf0, 0x7f, 0xac, 0x3f, 0xf8,
    0x13, 0xf2, 0xbe, 0x9, 0xbc, 0x7f, 0x6, 0x43,
    0xfe, 0xe0, 0xab, 0x7, 0xf7, 0x83, 0xbc, 0x19,
    0x58, 0x6f, 0x89, 0xf, 0xf9, 0xc1, 0x87, 0xda,
    0x82, 0xc3, 0xb6, 0x2d, 0x40, 0xd3, 0x81, 0x78,
    0x20,

    /* U+9633 "阳" */
    0xfd, 0x7f, 0x81, 0x66, 0x7e, 0x9, 0x42, 0x1f,
    0x9a, 0x7, 0xfd, 0x81, 0xf, 0x3a, 0x8b, 0xe0,
    0xeb, 0x3f, 0x4, 0x98, 0x7f, 0xb2, 0xf, 0xcf,
    0x1, 0xf, 0xfa, 0xf8, 0x3f, 0x7e, 0x0,

    /* U+9634 "阴" */
    0x7f, 0x1f, 0xd0, 0x38, 0x2b, 0xd2, 0x15, 0x0,
    0x87, 0x91, 0x7, 0xd0, 0x7e, 0xfa, 0x9, 0x50,
    0x7f, 0xa4, 0x15, 0x83, 0x21, 0x7c, 0x85, 0x50,
    0x16, 0xc2, 0xb5, 0x7, 0xfd, 0x40, 0xff, 0x90,
    0x72, 0xb0, 0xb0, 0xbd, 0x0,

    /* U+9635 "阵" */
    0xf, 0x21, 0xef, 0xc0, 0x90, 0xf7, 0x16, 0x5f,
    0x41, 0x54, 0x9f, 0xa0, 0x22, 0x31, 0x7, 0xca,
    0x16, 0xe, 0x68, 0xe, 0x3c, 0x84, 0x83, 0xe3,
    0xc8, 0x14, 0x75, 0x15, 0x20, 0x9f, 0x81, 0xf2,
    0x3c, 0xb4, 0x2c, 0x1f, 0xfc, 0xf0,

    /* U+9636 "阶" */
    0xf, 0x90, 0xef, 0xc1, 0x48, 0x77, 0x5, 0x90,
    0x7b, 0x88, 0xdc, 0x32, 0xd3, 0x93, 0xa1, 0xa1,
    0xd, 0x40, 0x2d, 0x28, 0x5b, 0xa, 0x10, 0xfe,
    0x50, 0x88, 0x7e, 0xa0, 0x7f, 0x9d, 0x41, 0xff,
    0x34, 0xf, 0xf5, 0x10, 0x90, 0x80,

    /* U+963B "阻" */
    0xfc, 0x7f, 0x5, 0xc1, 0x7c, 0x1d, 0xc1, 0xfe,
    0x50, 0x7f, 0x21, 0xbe, 0xc, 0xac, 0x1f, 0x7,
    0x42, 0x1f, 0x90, 0xdf, 0x6, 0xf2, 0x8f, 0x83,
    0x5c, 0x1f, 0xfc, 0xbf, 0x1f, 0x1e,

    /* U+963F "阿" */
    0xff, 0xfe, 0x1, 0xcf, 0xf4, 0x60, 0xf0, 0x7f,
    0x96, 0xfc, 0x19, 0xd, 0xc1, 0xcd, 0x87, 0xf9,
    0xf, 0xf2, 0x82, 0xb0, 0xee, 0x80, 0xc3, 0xd6,
    0xad, 0xb0, 0xff, 0xe5, 0xf2, 0x61, 0xf7, 0xa0,

    /* U+9644 "附" */
    0xf, 0xfe, 0x3a, 0x81, 0x81, 0xfa, 0x20, 0xfd,
    0xb8, 0x10, 0xfc, 0xa9, 0x70, 0x84, 0xa1, 0x2a,
    0x24, 0x19, 0x83, 0xe3, 0x41, 0x2c, 0x61, 0xfa,
    0xa, 0xc3, 0xfe, 0x43, 0xee, 0x81, 0x61, 0xef,
    0x7, 0xff, 0x4a, 0xd0, 0x38, 0x54, 0x2e, 0x0,

    /* U+9646 "陆" */
    0xf, 0xb0, 0xdf, 0x90, 0xfd, 0xe3, 0xe3, 0xe0,
    0xa6, 0xf1, 0x78, 0xa, 0x83, 0x21, 0xf2, 0xc2,
    0xc0, 0x6b, 0x8a, 0xc0, 0x55, 0xe3, 0xcc, 0x1b,
    0x43, 0x20, 0xb8, 0x3f, 0xad, 0xf, 0xfe, 0xd,
    0x9e, 0xf, 0x5f, 0xc0,

    /* U+9648 "陈" */
    0xf, 0x21, 0xdf, 0x40, 0x83, 0xdc, 0x78, 0xfc,
    0x15, 0x32, 0xfc, 0x4, 0x33, 0x87, 0xe9, 0xf,
    0x9a, 0x2b, 0x3e, 0x40, 0xaf, 0x8f, 0x92, 0xc1,
    0x81, 0xc2, 0xbe, 0x40, 0xd8, 0x6d, 0x82, 0x44,
    0x2a, 0x7, 0x68, 0x48, 0x30, 0xec, 0x3b, 0xc1,
    0x80,

    /* U+964D "降" */
    0xf, 0x41, 0xdf, 0x85, 0x7, 0xa8, 0x91, 0xf2,
    0x15, 0xa0, 0xe1, 0x6, 0x37, 0x76, 0x1e, 0xd9,
    0x20, 0xb7, 0xc6, 0x47, 0x2, 0x1b, 0x65, 0x46,
    0x9b, 0x97, 0x5, 0x40, 0xfe, 0xf1, 0x39, 0x79,
    0x9, 0xf8, 0xbc, 0x87, 0xff, 0x3, 0x43, 0xb4,
    0x20,

    /* U+9650 "限" */
    0x3f, 0x5f, 0xc1, 0xb5, 0x17, 0xc1, 0xe6, 0x2f,
    0x83, 0x90, 0xaf, 0x83, 0x90, 0xff, 0xe0, 0xd0,
    0xbe, 0xf, 0x28, 0xb3, 0xd0, 0x4c, 0x87, 0x61,
    0xb2, 0x9, 0xe8, 0x15, 0x3, 0x42, 0x1f, 0x36,
    0xda, 0x1d, 0xb6, 0xaf, 0x0,

    /* U+9661 "陡" */
    0xf, 0xd8, 0x77, 0xe0, 0xff, 0x73, 0xf1, 0xe8,
    0x35, 0x3e, 0x3d, 0x4, 0x87, 0xff, 0xa, 0xf8,
    0xf9, 0x2, 0x8f, 0x8f, 0x90, 0xb1, 0x40, 0x43,
    0x9c, 0xf0, 0x2d, 0xb, 0x63, 0x7, 0x90, 0xac,
    0x64, 0x3f, 0xb7, 0xc7, 0xd0, 0x66, 0x2f, 0xd1,
    0x82, 0xf, 0xc0,

    /* U+9664 "除" */
    0xf, 0xa4, 0x3b, 0xf0, 0xa8, 0x3d, 0xa8, 0xb6,
    0xf, 0x3e, 0x88, 0x83, 0x44, 0x5e, 0x56, 0x16,
    0x7c, 0x5f, 0x4, 0xa9, 0x46, 0xa0, 0xec, 0xf0,
    0xf9, 0xb, 0xbe, 0x27, 0x42, 0xf3, 0x20, 0xe0,
    0xe7, 0x83, 0x58, 0x66, 0x43, 0x30, 0x72, 0x62,
    0x4, 0x18, 0x6f, 0x7, 0x0,

    /* U+9668 "陨" */
    0xfc, 0x7f, 0x5, 0xe0, 0xbe, 0xe, 0x50, 0x2a,
    0xc, 0xd0, 0xbe, 0x83, 0x95, 0x5d, 0x81, 0xa0,
    0xf7, 0x6, 0x4c, 0x12, 0x19, 0x41, 0xc8, 0x74,
    0xe1, 0xf9, 0xe7, 0xcf, 0xa0, 0xea, 0x36, 0x41,
    0xa2, 0x80, 0xa1, 0x82, 0x88, 0x64,

    /* U+9669 "险" */
    0xf, 0x90, 0xdf, 0x90, 0x41, 0xd6, 0x26, 0x41,
    0xd2, 0x46, 0x41, 0x9b, 0x72, 0x30, 0xd2, 0x7c,
    0x90, 0x26, 0xdf, 0xa8, 0x4, 0xa1, 0xc, 0x1d,
    0x3a, 0x70, 0x3c, 0x8e, 0xb8, 0x1e, 0x8b, 0x84,
    0x39, 0xf5, 0xce, 0x84, 0xff, 0xc8,

    /* U+966A "陪" */
    0xf, 0xb0, 0xef, 0xc1, 0xfe, 0xe1, 0xf1, 0xf2,
    0x16, 0xb5, 0xe2, 0x42, 0x63, 0x84, 0x42, 0x42,
    0x46, 0x81, 0x9b, 0xe2, 0x2f, 0x4, 0x9f, 0xf8,
    0xa, 0x7, 0xf8, 0x2f, 0x40, 0xfc, 0x1a, 0x88,
    0x7f, 0xf0, 0xff, 0x7, 0xf7, 0xe0, 0x80,

    /* U+9675 "陵" */
    0xf, 0xb0, 0xef, 0xa0, 0xff, 0x6f, 0xe3, 0xe4,
    0x25, 0x7c, 0x7c, 0x81, 0x1f, 0x8f, 0xc1, 0x9d,
    0xb3, 0xd0, 0x15, 0x44, 0x2f, 0x41, 0x69, 0xcf,
    0xe0, 0x3b, 0x65, 0xe4, 0x3a, 0xd2, 0x82, 0x13,
    0x15, 0xd8, 0x7e, 0xa2, 0x68, 0x77, 0x1d, 0xde,
    0x30, 0x7a, 0x9, 0xb0,

    /* U+9676 "陶" */
    0xf, 0x41, 0xf7, 0xd2, 0x83, 0xf6, 0xf1, 0xfc,
    0x19, 0xc7, 0xf0, 0x69, 0xe7, 0xd0, 0x76, 0xab,
    0x38, 0x39, 0x52, 0x89, 0x41, 0xda, 0x60, 0xc3,
    0x9d, 0x51, 0x21, 0xd9, 0x8, 0x87, 0xa8, 0xd,
    0xc3, 0xfb, 0xa7, 0x68, 0x7f, 0x73, 0x83, 0xf,
    0x5e, 0x40,

    /* U+9677 "陷" */
    0xf, 0x21, 0xef, 0xa3, 0x43, 0xda, 0x6, 0xf8,
    0x33, 0x3, 0xe0, 0xc8, 0x38, 0x8, 0x6c, 0x96,
    0x28, 0x14, 0x7e, 0x8a, 0x5, 0x75, 0xb8, 0x3e,
    0xd2, 0x81, 0x36, 0x60, 0xd0, 0x9d, 0x14, 0x38,
    0x7d, 0xfa, 0xf, 0xbf, 0x40,

    /* U+9686 "隆" */
    0xf, 0x41, 0xef, 0xa2, 0x7e, 0x42, 0xdd, 0x45,
    0x4, 0x32, 0x5d, 0x60, 0xc8, 0xec, 0xc, 0x3d,
    0x75, 0x8f, 0x1, 0x46, 0x39, 0x70, 0x5b, 0x1b,
    0x79, 0x5, 0x8f, 0x9b, 0xc1, 0xdf, 0x9b, 0xc1,
    0x50, 0x1e, 0x6f, 0x7, 0x5f, 0x37, 0xc1, 0xaf,
    0xfc, 0x0,

    /* U+968F "随" */
    0xf, 0xfe, 0xf, 0xe0, 0x98, 0x3a, 0x54, 0xf3,
    0xe8, 0x27, 0x3c, 0x7d, 0x3, 0x18, 0x8f, 0x83,
    0x95, 0xa5, 0x3, 0x4d, 0x38, 0x3f, 0x42, 0x15,
    0x3, 0x5a, 0x13, 0xe0, 0xdd, 0x3, 0xa0, 0xcb,
    0xde, 0x38, 0x33, 0x4d, 0xba, 0x61, 0x3a, 0x7f,
    0x80,

    /* U+9690 "隐" */
    0xf, 0x90, 0xf7, 0xe1, 0x83, 0xed, 0x44, 0x7a,
    0xe, 0x6c, 0xa0, 0x7a, 0x65, 0x79, 0x30, 0xa6,
    0x17, 0x83, 0xab, 0xe4, 0x39, 0x47, 0xe1, 0xa,
    0xd1, 0xcb, 0x82, 0xb1, 0x16, 0xf0, 0x69, 0x40,
    0xd1, 0x82, 0xf0, 0x3e, 0x28, 0x12, 0xf, 0xd0,
    0x0,

    /* U+9694 "隔" */
    0xfa, 0xff, 0xc0, 0xdf, 0x7, 0x38, 0x4a, 0x7,
    0xd2, 0x12, 0x1b, 0xe8, 0x3f, 0x57, 0x82, 0x55,
    0xd7, 0xc1, 0x60, 0xd8, 0x90, 0xa8, 0x8, 0x6d,
    0xb, 0xa0, 0x1e, 0x60, 0x94, 0xb, 0x3c, 0x1f,
    0xfc, 0xbc, 0xec, 0xc2, 0xc3, 0x79, 0x0,

    /* U+969C "障" */
    0xf, 0xb0, 0xef, 0xaf, 0x8f, 0xa0, 0x6f, 0x8b,
    0xc7, 0x4, 0xa1, 0x88, 0x39, 0x56, 0x9a, 0x78,
    0x1b, 0x45, 0xf6, 0x9, 0x40, 0xfc, 0x86, 0xe1,
    0xac, 0x19, 0xd0, 0x54, 0x87, 0x72, 0xbb, 0x20,
    0x95, 0x6a, 0x15, 0x61, 0xaf, 0x8f, 0xc1, 0xff,
    0xc2, 0xc3, 0xd8, 0x70,

    /* U+96C0 "雀" */
    0xf, 0xb0, 0xff, 0x68, 0x56, 0x1c, 0xea, 0xb,
    0x74, 0xf, 0x56, 0x57, 0x1, 0x94, 0x1b, 0x1c,
    0x1f, 0x4a, 0x99, 0x41, 0x78, 0x26, 0x1a, 0x83,
    0xaf, 0x2b, 0xe8, 0x3a, 0xf2, 0xbd, 0x7, 0x96,
    0x2, 0xb0, 0xf7, 0xca, 0xf2, 0x1e, 0xa9, 0x54,
    0xf0, 0x77, 0xff, 0x0,

    /* U+96C4 "雄" */
    0x9, 0xf, 0xfe, 0xc, 0x14, 0x92, 0x1f, 0xc8,
    0x14, 0x17, 0x8f, 0x45, 0x9e, 0x7, 0x1e, 0x4f,
    0x1e, 0xb, 0x48, 0x1e, 0x38, 0x24, 0xa6, 0x71,
    0xc0, 0x41, 0x86, 0x43, 0xa8, 0xa0, 0xbc, 0x70,
    0xb0, 0xc0, 0xf1, 0xc3, 0x44, 0x50, 0x7e, 0x95,
    0x99, 0xe3, 0xc9, 0x7a, 0x99, 0xfc, 0x80,

    /* U+96C5 "雅" */
    0xf, 0xd0, 0xa0, 0xaf, 0xe4, 0x18, 0x68, 0xe7,
    0x9d, 0xb0, 0xf9, 0x28, 0x50, 0x3e, 0x85, 0xa,
    0x6, 0x72, 0xf, 0x1c, 0xf, 0x23, 0x94, 0x38,
    0x32, 0x82, 0x50, 0x7e, 0xc2, 0xf1, 0xe0, 0xa8,
    0x1a, 0xcf, 0x1, 0x60, 0xff, 0xac, 0x3a, 0xcf,
    0x26, 0x53, 0x5, 0xf9,

    /* U+96C6 "集" */
    0xc, 0x87, 0xff, 0x2, 0xc1, 0x40, 0xfc, 0xaf,
    0x2b, 0xe8, 0x2c, 0xa8, 0x6b, 0x2, 0x81, 0xff,
    0xc0, 0x92, 0xa1, 0xa6, 0x1e, 0xa8, 0xab, 0x43,
    0xbe, 0x7f, 0x80, 0xe2, 0xff, 0x1, 0xf4, 0x19,
    0xf8, 0x35, 0x19, 0x99, 0xa, 0xce, 0x3, 0xeb,
    0x4b, 0x83, 0xcf, 0x90,

    /* U+96C7 "雇" */
    0x3f, 0xfe, 0x8f, 0xff, 0xa1, 0xff, 0xf0, 0x6f,
    0xfa, 0xe, 0xff, 0xa0, 0xee, 0x38, 0xf8, 0x24,
    0xce, 0x3e, 0xc, 0xaa, 0x8a, 0x82, 0x62, 0xa2,
    0x98, 0x37, 0x19, 0x29, 0x81, 0xc3, 0xfc, 0x88,
    0x19, 0x2a, 0xc8, 0x2b, 0xfe,

    /* U+96D5 "雕" */
    0xf, 0xe4, 0x42, 0x7f, 0xce, 0x41, 0xdb, 0xc6,
    0x21, 0xe5, 0x40, 0x54, 0x68, 0x7f, 0x51, 0xd0,
    0xb1, 0xc6, 0x8c, 0x1a, 0x2c, 0x14, 0x20, 0xca,
    0xc3, 0x90, 0xe8, 0x70, 0x51, 0x82, 0x43, 0xd4,
    0x20, 0x62, 0x38, 0x64, 0x27, 0xa8, 0x2a, 0x3a,
    0x28, 0x1d, 0xb, 0xe4, 0x82, 0xf3, 0x21, 0x80,

    /* U+96E8 "雨" */
    0xff, 0xfe, 0x1, 0xfd, 0x3f, 0xc1, 0xec, 0x3f,
    0x7e, 0x57, 0xe4, 0x2f, 0xa7, 0xe0, 0xef, 0x20,
    0xf2, 0x1d, 0xeb, 0x3b, 0xe, 0x4f, 0xa, 0x83,
    0xbd, 0x67, 0xa0, 0xeb, 0xa, 0xf0, 0x7d, 0x61,
    0x21, 0xf9, 0x8b, 0x10,

    /* U+96EA "雪" */
    0x3f, 0xf9, 0x1a, 0xc5, 0x60, 0x5f, 0x8f, 0xd0,
    0x4a, 0xcd, 0x41, 0x37, 0x91, 0xf4, 0xa, 0x79,
    0x2f, 0x38, 0x2f, 0x2a, 0xf2, 0x17, 0xe7, 0xf0,
    0x52, 0xfc, 0x1d, 0xff, 0x6, 0xaf, 0xc1, 0xbf,
    0xf0, 0x40,

    /* U+96F6 "零" */
    0x7, 0xff, 0x21, 0xbf, 0x17, 0xc8, 0x5f, 0xc5,
    0xf8, 0x34, 0xac, 0x95, 0x6, 0x57, 0x82, 0xb5,
    0x5, 0x34, 0x4f, 0x5c, 0x19, 0xda, 0x2b, 0xc1,
    0x9b, 0x4d, 0x5e, 0x90, 0x7d, 0x4f, 0x5f, 0x5,
    0x7a, 0xbb, 0x94, 0x15, 0xe3, 0xe8, 0x3f, 0xf8,
    0x1d, 0x87, 0xfd, 0xe4, 0x20,

    /* U+96F7 "雷" */
    0x3f, 0xfc, 0xf, 0xc5, 0xf8, 0xfe, 0x2f, 0xe1,
    0x2, 0x41, 0x23, 0xd4, 0xa, 0xb2, 0x7c, 0xa3,
    0xe7, 0x25, 0x4c, 0xb4, 0x6, 0xf1, 0x7a, 0x42,
    0xbc, 0x5e, 0x83, 0x5e, 0x3e, 0x83, 0x5e, 0x3e,
    0x83, 0x5f, 0xe8, 0x2d, 0xf, 0x38,

    /* U+96FE "雾" */
    0x2f, 0xff, 0x7, 0xff, 0xd, 0x40, 0x44, 0x8,
    0x8e, 0xac, 0xd4, 0x28, 0x9c, 0xd3, 0xe8, 0x36,
    0xb5, 0x41, 0x9f, 0x42, 0x9, 0xa, 0x28, 0x28,
    0xbd, 0x1a, 0x28, 0x5d, 0xc0, 0xa6, 0xab, 0xf,
    0xd3, 0x28, 0xc2, 0xbd, 0x41, 0xd4, 0x15, 0xc8,
    0x1f, 0x4,

    /* U+9700 "需" */
    0x3f, 0xfc, 0x15, 0x65, 0x56, 0x4a, 0x7c, 0xaf,
    0xe3, 0x5d, 0x22, 0xbc, 0x35, 0x81, 0xd1, 0x41,
    0xf6, 0x1e, 0xf5, 0x7e, 0xf1, 0xfc, 0xdf, 0xc0,
    0xfc, 0xdf, 0x83, 0x78, 0xf1, 0xe0, 0xff, 0xe4,
    0x40, 0x9d, 0x0,

    /* U+9707 "震" */
    0x7, 0xff, 0x82, 0x97, 0x1, 0x74, 0x4, 0x50,
    0xcb, 0x8, 0x3c, 0xac, 0x15, 0xb0, 0xfb, 0x3e,
    0xe, 0x95, 0x52, 0xda, 0x1a, 0x5f, 0xb4, 0x3f,
    0xf8, 0xd2, 0xfd, 0xe0, 0x2b, 0x3c, 0x3a, 0x60,
    0xb0, 0x34, 0x37, 0x2, 0x39, 0xe6, 0x8f, 0x87,
    0x3d, 0x20, 0x6f, 0x0,

    /* U+9709 "霉" */
    0x5, 0xff, 0xc1, 0x22, 0xc0, 0x5d, 0x3, 0xd,
    0x21, 0x90, 0x50, 0x3b, 0x7, 0x83, 0x28, 0x18,
    0x7f, 0xcd, 0x4a, 0xa0, 0x2c, 0x5f, 0xa8, 0xb,
    0x3c, 0xa3, 0x30, 0xbc, 0x50, 0xc, 0xac, 0x1c,
    0x72, 0x5b, 0x61, 0xdc, 0x96, 0xc8, 0x4f, 0xf0,
    0x1d, 0x0,

    /* U+971E "霞" */
    0x3f, 0xfa, 0xb, 0xf1, 0x7d, 0x3, 0xf8, 0xbf,
    0x40, 0x95, 0xb, 0xc0, 0x8f, 0x20, 0xfe, 0x13,
    0xca, 0x3e, 0x50, 0xca, 0xa0, 0xb4, 0x1a, 0x80,
    0xbd, 0x21, 0xa8, 0xb, 0xd0, 0x72, 0xc2, 0x1f,
    0xfc, 0xc, 0x48, 0x27, 0xe5, 0x8, 0x79, 0x45,
    0xdb, 0x60,

    /* U+9752 "青" */
    0xe, 0x70, 0xf7, 0xe8, 0xfc, 0x9f, 0xa3, 0xf2,
    0xf, 0xa3, 0xe4, 0xd, 0x49, 0x50, 0x9f, 0x87,
    0xf0, 0x25, 0xfd, 0xa1, 0x5f, 0xc1, 0xeb, 0xf8,
    0x3d, 0x7f, 0x7, 0xaf, 0xe0, 0xf5, 0xfc, 0x1f,
    0xeb, 0x10,

    /* U+9759 "静" */
    0xf, 0xfe, 0x24, 0x85, 0x21, 0xbc, 0xdc, 0x3a,
    0x17, 0x87, 0xe4, 0x90, 0x38, 0xfa, 0xa1, 0x3,
    0xb7, 0xaf, 0x18, 0x28, 0x77, 0xc6, 0x14, 0xb8,
    0xf1, 0x98, 0x5e, 0x2f, 0x19, 0x85, 0xe1, 0xa1,
    0x7, 0x78, 0x18, 0x38, 0x37, 0x85, 0x42, 0x83,
    0x78, 0x3f, 0xf8, 0x18, 0x1d, 0xe, 0xcf, 0xf,
    0x4,

    /* U+975E "非" */
    0xe, 0xc1, 0x87, 0xff, 0x5a, 0xf8, 0x37, 0xd0,
    0x2f, 0x83, 0x7d, 0x7, 0xff, 0x17, 0xe0, 0xdf,
    0x6, 0xf8, 0x37, 0xc1, 0xcc, 0x61, 0xfb, 0xe0,
    0x60, 0xfc, 0xf, 0x42, 0x17, 0xe0, 0x9d, 0x83,
    0xf9, 0xa6, 0x1f, 0xc0,

    /* U+9760 "靠" */
    0xb, 0x5, 0x3, 0xec, 0xf2, 0xbe, 0x40, 0x95,
    0x2a, 0xa0, 0xb7, 0xe5, 0x7e, 0x4a, 0x2c, 0x5,
    0xa4, 0x33, 0x59, 0xf, 0x25, 0xe8, 0x42, 0x75,
    0x1e, 0x15, 0xa3, 0x50, 0x6a, 0x90, 0x7c, 0x1b,
    0xe0, 0x21, 0x90, 0xe8, 0xf8, 0x3a, 0xb1, 0x2d,
    0x87, 0xfd, 0x81, 0xc3, 0x0,

    /* U+9762 "面" */
    0x3f, 0xff, 0x80, 0x7f, 0x4f, 0xf0, 0x2b, 0x9a,
    0xc1, 0x3e, 0x68, 0xf9, 0xc, 0xa1, 0x40, 0x43,
    0xf7, 0x83, 0xfe, 0xf0, 0x7f, 0xde, 0xf, 0xfb,
    0xc1, 0xff, 0xc9, 0xf1, 0xe2, 0xc3, 0xbf, 0xf0,
    0x6c, 0x3f, 0x60,

    /* U+9769 "革" */
    0xf, 0xfe, 0x1e, 0x13, 0x86, 0x50, 0xb0, 0x14,
    0x54, 0x56, 0x28, 0xde, 0x17, 0x1e, 0x42, 0xb0,
    0x70, 0x67, 0xa2, 0xa9, 0x87, 0x79, 0x5e, 0xf,
    0x51, 0x54, 0xc, 0xde, 0x57, 0xa0, 0x7a, 0xa5,
    0x55, 0xff, 0x2b, 0xf8, 0x3f, 0xf9, 0x80,

    /* U+9773 "靳" */
    0xf, 0xfe, 0x24, 0x98, 0x66, 0xc3, 0x61, 0x3f,
    0xc0, 0xd5, 0x9e, 0x79, 0xb, 0x54, 0x78, 0x3f,
    0x65, 0x0, 0xd6, 0x3, 0x25, 0x1, 0x3e, 0x9,
    0x89, 0x10, 0x28, 0x27, 0x30, 0xfe, 0x60, 0x70,
    0x7e, 0xb4, 0xf8, 0x3e, 0xf4, 0x79, 0x83, 0xca,
    0x3, 0xa1, 0xff, 0xc0, 0x60, 0xfe, 0x73, 0xb,
    0x8,

    /* U+9774 "靴" */
    0x6, 0x50, 0x8, 0x7f, 0xf0, 0x67, 0xd, 0x9a,
    0xb0, 0xfd, 0x92, 0xb4, 0x43, 0xcc, 0xe4, 0x84,
    0x81, 0x3, 0xc1, 0xbc, 0xc, 0x1a, 0xc1, 0x50,
    0x24, 0x88, 0x32, 0x15, 0x96, 0x87, 0xe5, 0x1,
    0x41, 0xf3, 0xe2, 0xf0, 0x74, 0xaa, 0x15, 0x7,
    0x21, 0xff, 0xc0, 0xc4, 0x2d, 0x5, 0xf, 0x80,

    /* U+97E6 "韦" */
    0xf, 0x68, 0x7f, 0xf1, 0xef, 0xc5, 0xfa, 0x2f,
    0xc5, 0xfa, 0x7, 0xe2, 0xfc, 0x17, 0xe2, 0xfc,
    0x1f, 0xfc, 0x3f, 0xe2, 0xfc, 0x9f, 0xc5, 0xf2,
    0x1f, 0xfc, 0xb5, 0xc1, 0xfe, 0x90, 0xff, 0x3c,
    0x0,

    /* U+97E7 "韧" */
    0xb, 0xf, 0xf9, 0xd, 0x7f, 0x1c, 0x79, 0xb3,
    0xc0, 0xf1, 0xe4, 0x3e, 0xb3, 0xca, 0x83, 0xac,
    0xf2, 0x19, 0x9, 0x10, 0x78, 0x3b, 0x8b, 0x83,
    0xef, 0x1c, 0x5a, 0x4, 0x3b, 0x3, 0x87, 0xca,
    0xa2, 0x8c, 0x39, 0xe6, 0x3, 0x87, 0xd9, 0x62,

    /* U+97ED "韭" */
    0xe, 0xd3, 0xf, 0xfe, 0xb3, 0xf0, 0x6f, 0x90,
    0x3f, 0x6, 0xf9, 0xb, 0xe0, 0xdf, 0x6, 0xf8,
    0x37, 0xc1, 0xff, 0xc5, 0xbe, 0xd, 0xf4, 0xb,
    0xe0, 0xdf, 0x41, 0xff, 0xc4, 0xfc, 0x59, 0xf8,
    0x1f, 0xff, 0xc0, 0x0,

    /* U+97F3 "音" */
    0xe, 0xa0, 0x7f, 0xf1, 0xbf, 0x2b, 0xf0, 0x38,
    0xfc, 0x78, 0x26, 0xc1, 0xa1, 0x7d, 0x1e, 0x1f,
    0xf5, 0x7b, 0xe0, 0x75, 0xec, 0x3a, 0xfd, 0x7,
    0xaf, 0xd0, 0x7a, 0xfd, 0x7, 0xaf, 0xd0, 0x7a,
    0xfd, 0x7, 0x68, 0x67, 0x0,

    /* U+9875 "页" */
    0x3f, 0xfe, 0x8f, 0xe2, 0xfd, 0x7, 0x22, 0x1f,
    0xae, 0x3e, 0x83, 0xd7, 0x7a, 0xf, 0xed, 0xf,
    0xf9, 0xf, 0xfe, 0xa, 0x1f, 0xe4, 0x43, 0xf4,
    0x53, 0xe8, 0x33, 0x53, 0x6e, 0x17, 0x79, 0xb,
    0x60, 0x79, 0xf, 0x50,

    /* U+9876 "顶" */
    0x7f, 0x5f, 0xe9, 0xd3, 0xbc, 0x5e, 0x81, 0xa3,
    0xe2, 0xf0, 0x7c, 0xf7, 0x83, 0xfd, 0x7, 0xff,
    0x99, 0x21, 0xf, 0x35, 0x1e, 0xf, 0xa1, 0xa8,
    0x1d, 0xf1, 0x81, 0x51, 0xe7, 0xd0, 0x6a, 0x0,

    /* U+9877 "顷" */
    0x71, 0xff, 0xc1, 0x9f, 0x8b, 0xe0, 0xf5, 0xe,
    0x81, 0xbc, 0xa1, 0x2, 0x1b, 0xc0, 0xb2, 0xf,
    0xfe, 0x5e, 0x1f, 0xa0, 0x9c, 0x3d, 0x81, 0xc,
    0x84, 0xf3, 0x69, 0x84, 0xc0, 0xb6, 0x72, 0xf,
    0x70, 0x50, 0x0,

    /* U+9879 "项" */
    0xe, 0xbf, 0xd0, 0x3f, 0x5e, 0x3e, 0x81, 0xce,
    0x78, 0xf8, 0x3f, 0xbb, 0xc1, 0xff, 0x68, 0x7f,
    0xf2, 0x59, 0x2, 0x1e, 0xa1, 0xa1, 0x21, 0xef,
    0x20, 0x44, 0x42, 0x83, 0x37, 0xc1, 0xe6, 0xcc,
    0xb6, 0xe, 0xf4, 0x1b, 0xc0,

    /* U+987A "顺" */
    0x34, 0x18, 0x7f, 0x90, 0x5f, 0xd0, 0x50, 0x2f,
    0x1e, 0x83, 0xeb, 0x28, 0x1f, 0x9a, 0x68, 0x7f,
    0x32, 0x1f, 0xfd, 0x84, 0x3c, 0x87, 0x68, 0x7f,
    0x95, 0x69, 0x43, 0x34, 0xcc, 0xa2, 0x19, 0x82,
    0xa0,

    /* U+987B "须" */
    0xf, 0xfe, 0x2d, 0x3f, 0xf0, 0x4a, 0xbe, 0x6f,
    0x81, 0x4c, 0x1e, 0x6f, 0x1, 0x31, 0x7, 0x4c,
    0x26, 0x30, 0xec, 0x3d, 0x28, 0x2c, 0x3d, 0x92,
    0x1b, 0xe, 0xa1, 0x20, 0x43, 0xc9, 0xc8, 0x6a,
    0x4, 0xf2, 0x79, 0x44, 0x15, 0x15, 0x6c, 0x4e,
    0xd, 0x7, 0xa0, 0xa8, 0x0,

    /* U+987D "顽" */
    0x3f, 0xaf, 0xe8, 0xfe, 0xbc, 0x7a, 0xf, 0x3e,
    0x3c, 0x9f, 0xe3, 0xe0, 0xb2, 0x2c, 0x18, 0x7e,
    0x43, 0xff, 0x96, 0x87, 0xff, 0x9, 0xd4, 0x12,
    0x21, 0x5d, 0x5c, 0xa, 0xc, 0x6a, 0xe4, 0x92,
    0x6a, 0x6, 0x0,

    /* U+987E "顾" */
    0x7, 0xff, 0xc8, 0x5f, 0xe9, 0xf2, 0x1b, 0xe3,
    0x9e, 0xc, 0x98, 0x5e, 0x90, 0xff, 0xb4, 0x3f,
    0xf9, 0x28, 0x7f, 0xf0, 0x78, 0xa, 0xc, 0xa0,
    0x42, 0xbd, 0x40, 0x61, 0x79, 0x14, 0x60, 0x65,
    0x76, 0xe4, 0xa3, 0x4, 0xb, 0xb, 0x40,

    /* U+9882 "颂" */
    0xc, 0x9f, 0xf0, 0x4a, 0x8f, 0x47, 0xc1, 0x4a,
    0x9e, 0x3c, 0x82, 0x49, 0xdf, 0x90, 0x9b, 0x2c,
    0x18, 0x76, 0x81, 0xf, 0xf7, 0x21, 0xff, 0x2a,
    0x43, 0xfb, 0x32, 0x4, 0x87, 0x2b, 0xd3, 0xbe,
    0x10, 0x50, 0xd, 0x4e, 0x61, 0xe4, 0xd0, 0x50,

    /* U+9884 "预" */
    0x3f, 0x3f, 0xf0, 0x3c, 0x8f, 0xa3, 0xe0, 0x3b,
    0x81, 0x85, 0x4, 0xc4, 0x51, 0x5c, 0x7, 0x87,
    0x18, 0x82, 0x78, 0x83, 0x21, 0xfd, 0x7, 0xff,
    0x1, 0x41, 0xff, 0xc4, 0x50, 0x7f, 0xae, 0xf4,
    0x1f, 0x99, 0x54, 0x41, 0x44, 0x6a, 0x1f, 0x2,
    0xe1, 0xd0, 0xd0,

    /* U+9886 "领" */
    0x9, 0xf, 0xfe, 0xc, 0x9f, 0xe8, 0x24, 0x9f,
    0x47, 0xa0, 0xa9, 0xd3, 0x8f, 0x5, 0xdd, 0x8f,
    0x61, 0xa6, 0xb, 0x20, 0xeb, 0xce, 0x1f, 0xdf,
    0x21, 0xff, 0x23, 0x81, 0xf, 0xbd, 0x19, 0xb4,
    0xd, 0x30, 0x8c, 0x41, 0xd2, 0xbb, 0x29, 0x87,
    0x45, 0x84, 0xe0,

    /* U+9888 "颈" */
    0x3f, 0x5f, 0xe8, 0x1f, 0x1f, 0x4f, 0xa0, 0xd2,
    0xae, 0x7c, 0x19, 0x70, 0xf6, 0x19, 0xbd, 0x39,
    0x7, 0x50, 0x12, 0x1f, 0xd7, 0xa0, 0xfe, 0xf1,
    0xe0, 0x21, 0xfc, 0xc0, 0xd1, 0xa, 0xcf, 0x43,
    0xe0, 0xdf, 0x47, 0x6e, 0x40, 0x43, 0x58, 0x56,
    0x0,

    /* U+9893 "颓" */
    0xe, 0x43, 0xfb, 0xfa, 0xff, 0x27, 0x95, 0x4f,
    0x1f, 0x27, 0x95, 0xb6, 0x7a, 0x6, 0x14, 0xaa,
    0x72, 0x9, 0x69, 0x18, 0x3d, 0x7c, 0x87, 0xeb,
    0xa6, 0x1f, 0xf7, 0x7, 0xff, 0x5, 0x16, 0x2,
    0x83, 0xea, 0x9e, 0x80, 0x90, 0x3e, 0x6c, 0xc1,
    0xc0, 0x8a, 0x2, 0x80,

    /* U+9897 "颗" */
    0x2f, 0xd7, 0xf4, 0x5, 0xa3, 0xc7, 0xa0, 0x2d,
    0x16, 0x78, 0x26, 0x61, 0xa6, 0x19, 0x98, 0xc,
    0x1a, 0x8a, 0xb0, 0xfb, 0x95, 0x40, 0xfb, 0x46,
    0xc3, 0xe5, 0x8e, 0x50, 0x11, 0xbc, 0x45, 0xb8,
    0x1c, 0x35, 0x1b, 0x50, 0x79, 0x30, 0x78,

    /* U+9898 "题" */
    0x1f, 0xd7, 0xf4, 0x15, 0xb, 0xc7, 0xa0, 0xbc,
    0xb, 0x3c, 0x1b, 0xc0, 0x7b, 0x9, 0x5e, 0x42,
    0x83, 0x6b, 0xb0, 0xfb, 0x95, 0xe1, 0xf, 0x43,
    0xde, 0x68, 0x1c, 0xf4, 0x6e, 0x4, 0x20, 0x4c,
    0x64, 0x78, 0xe7, 0xea, 0x10, 0xdf, 0xf8,

    /* U+989D "额" */
    0x9, 0xf, 0xfe, 0xc, 0x7, 0xfa, 0x7, 0x8f,
    0xe3, 0xd0, 0x54, 0xe2, 0xca, 0x5, 0xd3, 0xa3,
    0x3a, 0x16, 0xea, 0x2, 0xc1, 0xb3, 0x70, 0xfe,
    0x55, 0xe4, 0x3f, 0x65, 0xa8, 0x3f, 0x47, 0x82,
    0x43, 0xff, 0x81, 0xcf, 0x7, 0x78, 0x11, 0x74,
    0xd, 0xf8, 0xc1, 0x86, 0xc2, 0xe0, 0xd0,

    /* U+98A4 "颤" */
    0xd, 0x7, 0xfb, 0xe7, 0xff, 0x2, 0xbe, 0xf1,
    0xe0, 0x77, 0xd7, 0x67, 0x82, 0x50, 0xa0, 0x54,
    0x1e, 0x43, 0xa0, 0xe4, 0x24, 0x3f, 0x41, 0xd0,
    0x7f, 0x2c, 0x21, 0xff, 0xc2, 0xc0, 0xa0, 0xcb,
    0xa, 0x15, 0x1, 0x70, 0x15, 0x4f, 0x3, 0xfc,
    0x59, 0x28, 0x96, 0x3, 0x85, 0x20,

    /* U+98CE "风" */
    0x7, 0xfe, 0xf, 0x5f, 0xc1, 0xff, 0xc0, 0x43,
    0xf6, 0x8, 0x3f, 0x36, 0x28, 0x3f, 0x2b, 0x83,
    0xfd, 0x84, 0xa0, 0xfa, 0xa0, 0xfe, 0xe5, 0x5e,
    0xa, 0x65, 0x12, 0x21, 0x35, 0x5, 0xa7, 0x44,
    0x3f, 0x67, 0x40, 0xfe, 0xd0,

    /* U+98DE "飞" */
    0x3f, 0xf0, 0x77, 0xfc, 0x1f, 0xfc, 0x37, 0xf,
    0xf5, 0x30, 0xff, 0x38, 0x7f, 0xd6, 0x87, 0xf9,
    0xa0, 0x7f, 0x2d, 0x87, 0xf7, 0x83, 0xfe, 0x50,
    0x10, 0xfe, 0xb6, 0xf, 0xe6, 0xa0,

    /* U+98DF "食" */
    0xf, 0x21, 0xff, 0x34, 0xf, 0xe6, 0xd8, 0x3e,
    0xed, 0xcd, 0xa, 0xc8, 0x99, 0xb4, 0x19, 0x65,
    0xb4, 0x4, 0x5, 0xe1, 0x60, 0xdf, 0xc1, 0xfa,
    0xb8, 0x3f, 0x79, 0x5c, 0x87, 0xe8, 0xe0, 0xe4,
    0xa7, 0x42, 0x42, 0xd3, 0x87, 0xb4,

    /* U+9910 "餐" */
    0xd, 0x87, 0xff, 0xb, 0xfe, 0xd, 0x60, 0x75,
    0x10, 0x50, 0xa0, 0x5a, 0x21, 0x5a, 0xf5, 0xd8,
    0x5c, 0xbc, 0x4e, 0x14, 0xa1, 0x2, 0xb8, 0x14,
    0xc5, 0xe2, 0x32, 0xd1, 0xac, 0x36, 0x1f, 0xfc,
    0x76, 0xb1, 0x87, 0xd4, 0x44, 0x43, 0xb3, 0x3e,
    0x57, 0x5, 0xe9, 0x43, 0x7a, 0x0,

    /* U+9965 "饥" */
    0x3, 0x7, 0xff, 0x3, 0xd, 0xf8, 0x39, 0x5e,
    0x7, 0x83, 0x93, 0xc1, 0xfe, 0xa9, 0x41, 0xfd,
    0x2d, 0x7, 0xf2, 0x1f, 0xfd, 0x44, 0x3f, 0xeb,
    0xc8, 0x64, 0x3d, 0xb0, 0x6d, 0xb, 0xb4, 0x36,
    0xa0, 0xea, 0x5, 0xf0,

    /* U+996D "饭" */
    0xf, 0xfe, 0x23, 0x87, 0x36, 0x1c, 0x85, 0xfc,
    0x1a, 0x7c, 0x9c, 0x87, 0xbc, 0x21, 0xfb, 0x66,
    0x7, 0xac, 0x26, 0x58, 0xd, 0x3, 0x41, 0xef,
    0x7, 0xf9, 0x15, 0x21, 0xfc, 0x8a, 0x83, 0xcd,
    0xe0, 0xff, 0x5a, 0xa2, 0xc3, 0xae, 0x99, 0x36,
    0x19, 0x37, 0x80, 0xe0,

    /* U+9970 "饰" */
    0xf, 0x90, 0xfc, 0xe1, 0x68, 0x7d, 0xa1, 0x37,
    0xe4, 0xa, 0xf2, 0x6f, 0xc8, 0x9a, 0xa8, 0x21,
    0xd4, 0x7a, 0xb3, 0xe0, 0x4c, 0x89, 0x9e, 0x9,
    0xf, 0xfe, 0x9c, 0x1f, 0xfc, 0xf, 0x6, 0x70,
    0xe7, 0x48, 0xf, 0x83, 0x41, 0x21, 0xe0,

    /* U+9971 "饱" */
    0xf, 0x94, 0x1f, 0x30, 0x5e, 0xf, 0xb0, 0xca,
    0xfa, 0x9, 0x5e, 0x4f, 0xa0, 0x93, 0x8c, 0xf4,
    0x1a, 0x9b, 0x25, 0x10, 0xd2, 0x6, 0x10, 0xf2,
    0x19, 0x2c, 0x3f, 0xf8, 0x4e, 0x1f, 0x20, 0xa2,
    0xb0, 0xef, 0x6, 0xf9, 0x9, 0xe0, 0x7e, 0x50,
    0x50, 0x5f, 0xe0,

    /* U+9972 "饲" */
    0x9, 0xf, 0xf9, 0xc1, 0xfe, 0x81, 0x8a, 0xfe,
    0x42, 0x7d, 0x4f, 0xc1, 0x2c, 0x37, 0xe0, 0xae,
    0xe1, 0x60, 0xd2, 0xc5, 0x60, 0xc8, 0x75, 0x87,
    0xfd, 0x61, 0xfc, 0x8c, 0x1f, 0xa9, 0xce, 0x1f,
    0xb4, 0x3f, 0xb8, 0x3b, 0x70,

    /* U+9976 "饶" */
    0x9, 0xa, 0xf, 0xce, 0x12, 0x1f, 0xb0, 0x92,
    0x9e, 0x82, 0x57, 0x41, 0x1a, 0x1, 0x33, 0xd0,
    0x48, 0x54, 0x65, 0x63, 0x98, 0x23, 0x3f, 0x5e,
    0x40, 0x86, 0x6e, 0x44, 0x39, 0xa1, 0x15, 0x7,
    0x90, 0x22, 0xc1, 0x9d, 0xd0, 0xc8, 0x75, 0xb0,
    0x6d, 0x3, 0xce, 0x7, 0xca, 0xd, 0xe0, 0xaf,
    0x80,

    /* U+997A "饺" */
    0xf, 0xc8, 0x7e, 0xc3, 0x58, 0x79, 0x40, 0xa2,
    0x54, 0x16, 0xfe, 0x23, 0xc1, 0x3c, 0xac, 0x4d,
    0x6, 0xa2, 0x8c, 0x44, 0xa, 0x90, 0x49, 0x40,
    0x90, 0xd1, 0x9, 0x7, 0xe4, 0xd0, 0xff, 0xa2,
    0xf, 0xd0, 0x23, 0xe, 0x4f, 0x5d, 0xba, 0x12,
    0xb8, 0xd2, 0xa0, 0xd1, 0xc1, 0x9c,

    /* U+997C "饼" */
    0xf, 0xa0, 0x94, 0x1b, 0xd, 0x2, 0x42, 0x50,
    0x5a, 0xa4, 0x36, 0xfa, 0x84, 0xac, 0x27, 0xc5,
    0xe, 0x70, 0x48, 0xa0, 0xfe, 0x7c, 0xc1, 0xb4,
    0x2d, 0xb, 0x8d, 0x34, 0x3d, 0xc7, 0x3a, 0x1f,
    0x90, 0xff, 0x45, 0x87, 0xf7, 0xa5, 0x7, 0xeb,
    0xc4, 0x1f, 0xc9, 0x40, 0x98, 0x0,

    /* U+997F "饿" */
    0xa, 0xd, 0x50, 0x72, 0x81, 0x68, 0x30, 0xe4,
    0x35, 0x8a, 0xb, 0x7d, 0x21, 0x78, 0x27, 0x85,
    0x78, 0x18, 0x35, 0x14, 0x16, 0xa0, 0x1a, 0x2b,
    0x68, 0xf0, 0x20, 0xf5, 0x96, 0x1e, 0x75, 0x4a,
    0x83, 0xce, 0xe0, 0x83, 0xcc, 0x16, 0x4, 0x24,
    0xa0, 0x55, 0x82, 0x6c, 0xd7, 0x80,

    /* U+9986 "馆" */
    0xf, 0xc8, 0x79, 0xc3, 0xb0, 0xed, 0x7, 0xa3,
    0xe0, 0x2b, 0xc7, 0xf0, 0x13, 0x57, 0xfc, 0x4f,
    0x40, 0x7a, 0xa, 0x81, 0xf2, 0x12, 0x1e, 0xf8,
    0x3f, 0xdf, 0x83, 0xfb, 0xf2, 0x19, 0x81, 0xf2,
    0x1d, 0x40, 0x7c, 0x86, 0xb0, 0xbe, 0x40,

    /* U+9988 "馈" */
    0x4, 0x1d, 0x21, 0xe5, 0x1, 0x6d, 0x41, 0xf3,
    0x41, 0xa0, 0x49, 0x79, 0x86, 0xd, 0xb1, 0x98,
    0xe8, 0x15, 0x94, 0x50, 0x15, 0xf, 0xcc, 0x1e,
    0x83, 0xdb, 0xbe, 0xf, 0xf9, 0xf, 0xe4, 0x3f,
    0xf8, 0xf, 0xd3, 0xd0, 0x37, 0x7a, 0x2f, 0x58,
    0x4b, 0x1c, 0x7, 0x80,

    /* U+9996 "首" */
    0x3, 0x6, 0x90, 0xc9, 0x1, 0x60, 0x5e, 0x57,
    0xa3, 0xeb, 0xf4, 0x7f, 0x2, 0xf4, 0x7c, 0x19,
    0xaf, 0x7, 0x97, 0xc1, 0xef, 0xf0, 0x7b, 0xfc,
    0x1e, 0xff, 0x7, 0xbf, 0xc1, 0xef, 0xf0, 0x7b,
    0xfc, 0x1d, 0x87, 0xb0, 0x0,

    /* U+9999 "香" */
    0xf, 0xe6, 0xc, 0xd3, 0xfe, 0xc, 0xfe, 0x3d,
    0x21, 0xba, 0x78, 0xfe, 0xb, 0xe4, 0x35, 0xe0,
    0xe5, 0x66, 0xc8, 0x67, 0xa0, 0x55, 0x68, 0xc9,
    0x67, 0xa8, 0xe3, 0xc7, 0xf2, 0x50, 0x3b, 0xf9,
    0xf, 0xdf, 0xc8, 0x7e, 0xfe, 0x43, 0xf7, 0xf2,
    0x18,

    /* U+9A6C "马" */
    0x3f, 0xf0, 0x6e, 0x9f, 0x83, 0xde, 0xf, 0xf3,
    0x84, 0x87, 0xc8, 0x64, 0x3d, 0xfa, 0x7c, 0x83,
    0xff, 0x7, 0xff, 0xb, 0xff, 0x80, 0xff, 0xf0,
    0x7f, 0xf0, 0x14, 0x1f, 0xdd, 0x80,

    /* U+9A70 "驰" */
    0xf, 0xec, 0x37, 0xe4, 0x3f, 0x7c, 0x21, 0xfd,
    0x86, 0xc3, 0xff, 0x82, 0x9e, 0x9, 0xa, 0x33,
    0x9, 0x59, 0xe2, 0xe, 0x7e, 0xf, 0xfa, 0x82,
    0x12, 0x15, 0xe8, 0x3b, 0x41, 0x68, 0x77, 0x78,
    0x32, 0x83, 0xb4, 0x2e, 0xc7, 0xe6,

    /* U+9A71 "驱" */
    0x3f, 0x37, 0xf4, 0x7c, 0x81, 0xfd, 0xc, 0x21,
    0x60, 0xc1, 0xe0, 0x26, 0xca, 0xf, 0xe9, 0xb0,
    0x36, 0x61, 0x42, 0xf, 0xc1, 0xb0, 0xf2, 0x83,
    0x34, 0x5, 0xc1, 0xa5, 0x82, 0xb1, 0x36, 0x14,
    0x49, 0xe3, 0xc0, 0x90, 0xb5, 0x17, 0xf0, 0x5e,
    0x2f, 0xf0,

    /* U+9A74 "驴" */
    0xf, 0xca, 0xd, 0xfa, 0x3, 0x6, 0xee, 0x7,
    0x8f, 0x23, 0x87, 0x7c, 0x1e, 0xf0, 0x7e, 0xc3,
    0xc8, 0x79, 0xd9, 0x2f, 0x9, 0x7c, 0x83, 0xf0,
    0x4d, 0x87, 0xf7, 0x12, 0x1f, 0xbd, 0x21, 0xff,
    0xc0, 0x4d, 0xf, 0xdd, 0x18, 0x3f, 0x79, 0xc3,
    0xc0,

    /* U+9A76 "驶" */
    0xf, 0xec, 0x3a, 0xfc, 0x1f, 0xd3, 0xc9, 0xe3,
    0xd0, 0x48, 0x74, 0x51, 0xe, 0xf0, 0x11, 0x41,
    0x21, 0xe4, 0x50, 0x76, 0xd1, 0xcf, 0x20, 0x7e,
    0x7d, 0x15, 0x6, 0x60, 0x70, 0x7b, 0xf2, 0xa4,
    0x3d, 0xe9, 0xf, 0xfe, 0x24, 0xdc, 0x1d, 0x74,
    0x27, 0x38, 0x2b, 0x68, 0x15, 0xc0,

    /* U+9A7B "驻" */
    0xf, 0xfe, 0x45, 0x3, 0xbf, 0x24, 0xc1, 0xbe,
    0x10, 0x48, 0x76, 0x17, 0xa3, 0xd0, 0x10, 0xbd,
    0x3e, 0x84, 0x3f, 0xf8, 0x1b, 0x10, 0x7e, 0xa7,
    0x37, 0x3e, 0x9, 0xa, 0xe7, 0xc0, 0xf0, 0x7f,
    0xde, 0x44, 0x3f, 0xec, 0xf4, 0xfc, 0x16, 0xdf,
    0xf0,

    /* U+9A7E "驾" */
    0xd, 0x7, 0xfc, 0xa0, 0xbf, 0x3, 0xd1, 0xe4,
    0xf0, 0x5e, 0x2c, 0x43, 0xe9, 0x10, 0xa8, 0x16,
    0x47, 0x17, 0xa0, 0x7d, 0x37, 0x45, 0x4, 0xef,
    0xe0, 0xfc, 0xd6, 0x28, 0x86, 0xbf, 0x59, 0x83,
    0xd5, 0xe4, 0xc1, 0xff, 0x42, 0x83, 0xfb, 0xc8,

    /* U+9A82 "骂" */
    0x3f, 0x3f, 0xa0, 0xbc, 0x83, 0xd0, 0x6f, 0x20,
    0xf4, 0x15, 0x66, 0xb8, 0x6b, 0x75, 0x4, 0xf4,
    0xfc, 0x21, 0xbc, 0x1f, 0xe5, 0x7e, 0x3c, 0x83,
    0xff, 0x3, 0xff, 0x91, 0xff, 0xe4, 0x3f, 0xde,
    0x40,

    /* U+9A84 "骄" */
    0xf, 0xe6, 0x81, 0x7e, 0x7e, 0x88, 0x2f, 0x87,
    0xd3, 0x7, 0x60, 0xbd, 0x3e, 0x83, 0xd6, 0x91,
    0xc0, 0x58, 0x27, 0x54, 0x16, 0xc7, 0xa0, 0x66,
    0xb, 0xd3, 0xc0, 0xa6, 0x13, 0x61, 0xfe, 0xec,
    0x3f, 0xef, 0x26, 0x1f, 0xfc, 0x4, 0x90, 0xfc,
    0xe1, 0x41, 0xf9, 0xf3, 0x5, 0x84,

    /* U+9A86 "骆" */
    0xf, 0xc8, 0x7b, 0xf0, 0x18, 0x3d, 0xd8, 0x51,
    0xf0, 0x68, 0x24, 0x75, 0x4, 0xa0, 0xa8, 0xb4,
    0x1b, 0x13, 0x55, 0x3, 0x76, 0xc4, 0xa9, 0xa,
    0xb3, 0x9d, 0x58, 0x4f, 0x8d, 0xf4, 0x60, 0xf1,
    0x85, 0xf0, 0x6f, 0x41, 0xff, 0xc0, 0x54, 0x83,
    0xe0, 0xf4, 0x40, 0xf4, 0x1c, 0xf8, 0x18, 0x1c,
    0x0,

    /* U+9A8C "验" */
    0xf, 0xca, 0xe, 0xfc, 0x15, 0x87, 0x76, 0x12,
    0x21, 0xce, 0x1a, 0xec, 0x3c, 0xb6, 0xa0, 0x61,
    0x78, 0x1c, 0x79, 0xa0, 0x1a, 0x38, 0x54, 0xe0,
    0x7c, 0x94, 0x44, 0x39, 0xd7, 0xf, 0x82, 0xf8,
    0x1f, 0x2c, 0x17, 0x4, 0xe2, 0x1f, 0x27, 0xae,
    0x3c, 0x17, 0x4f, 0xfc, 0x0,

    /* U+9A8F "骏" */
    0xf, 0xc8, 0x7b, 0xf2, 0x8, 0x43, 0x6e, 0x27,
    0x1e, 0xc, 0x84, 0x96, 0x4, 0xa, 0x9, 0xbd,
    0x44, 0x3e, 0x64, 0x12, 0xd, 0xce, 0xe4, 0xe0,
    0x5f, 0x1c, 0x5d, 0x86, 0x51, 0x26, 0xe1, 0x3c,
    0xf, 0x12, 0x82, 0xec, 0x9, 0x30, 0x69, 0x34,
    0xac, 0x87, 0x6f, 0x8d, 0xf8, 0x37, 0x9e, 0xa,
    0xc0,

    /* U+9A91 "骑" */
    0xf, 0xfe, 0x56, 0x1b, 0xf2, 0x4, 0x3b, 0xb1,
    0xb8, 0xf0, 0x50, 0x56, 0x96, 0x1f, 0x59, 0x79,
    0x14, 0x12, 0xb3, 0x41, 0xb9, 0xa7, 0xce, 0x5f,
    0x12, 0xd1, 0x5, 0x40, 0xa0, 0xeb, 0x20, 0x90,
    0xef, 0x4a, 0x6, 0x1c, 0x8f, 0x8f, 0x83, 0xd2,
    0x82, 0xb4,

    /* U+9A9A "骚" */
    0x3f, 0x3f, 0xe0, 0xbb, 0x1c, 0xa8, 0x3a, 0xd,
    0x4e, 0x81, 0x90, 0xc8, 0xc8, 0x48, 0x74, 0x32,
    0x16, 0xe7, 0x8d, 0xf8, 0x17, 0xc4, 0xe6, 0xe1,
    0x3c, 0x16, 0x61, 0xbe, 0x82, 0xcc, 0x37, 0x8,
    0xf8, 0xd0, 0xe7, 0x5a, 0x36, 0xd, 0x37, 0xd,
    0x10, 0xde, 0x2e, 0x8a, 0xc0,

    /* U+9AA8 "骨" */
    0x7, 0xfc, 0x87, 0x7a, 0xa0, 0xfe, 0x83, 0xd6,
    0x78, 0xa1, 0x63, 0x5f, 0xb0, 0xd4, 0xfd, 0x20,
    0xd3, 0xac, 0xc, 0x37, 0xf0, 0x7d, 0xfc, 0x1f,
    0x7f, 0x7, 0xdf, 0xc1, 0xfe, 0xb1, 0xd, 0x85,
    0x78, 0x20,

    /* U+9AD8 "高" */
    0xe, 0x60, 0xe7, 0xf4, 0xfe, 0x9a, 0xff, 0x62,
    0x57, 0xb5, 0x4, 0xfe, 0x43, 0xcf, 0xe4, 0x3d,
    0x5e, 0xc2, 0xeb, 0xf6, 0x83, 0x97, 0xb0, 0xec,
    0xf9, 0xf, 0x9a, 0x83, 0xeb, 0xf8, 0x3f, 0xe7,
    0x13, 0xf, 0x3e, 0x0,

    /* U+9AE6 "髦" */
    0xf, 0xf9, 0xd, 0xfc, 0x97, 0x83, 0xf9, 0xb8,
    0x43, 0x2e, 0x3a, 0x68, 0x20, 0xe8, 0xef, 0x3,
    0x6, 0x3d, 0xf8, 0x10, 0x31, 0xd7, 0x5, 0x8b,
    0x81, 0xc1, 0xd5, 0x22, 0xa8, 0x84, 0xd3, 0x5,
    0xe8, 0x33, 0xd8, 0x2f, 0x53, 0x7, 0xac, 0x17,
    0xe0, 0xbe, 0xa1, 0x7e, 0x40,

    /* U+9B3C "鬼" */
    0xf, 0xa0, 0xff, 0xe0, 0x41, 0xfe, 0xf9, 0x5f,
    0x83, 0xdf, 0x1f, 0x7, 0xdf, 0x1f, 0x7, 0xdf,
    0x1f, 0x7, 0xcb, 0xb, 0x7, 0xd5, 0x15, 0x21,
    0xde, 0x92, 0x84, 0x1f, 0x58, 0x3a, 0x7, 0xa1,
    0x37, 0x78, 0x2d, 0xc4, 0xbc, 0x17, 0x9c, 0x1b,
    0x4c, 0x8f, 0x41, 0x3f, 0xc0,

    /* U+9B41 "魁" */
    0xf, 0xfe, 0x36, 0x1c, 0xe1, 0xd2, 0x7, 0x43,
    0xbc, 0xaf, 0x2a, 0xf, 0x59, 0x82, 0x81, 0xeb,
    0x31, 0xd0, 0xf5, 0x98, 0xd8, 0x7a, 0xcc, 0xd,
    0x98, 0x38, 0x12, 0xb9, 0x30, 0xb4, 0x51, 0xe8,
    0x39, 0xc9, 0xe0, 0x90, 0x22, 0x16, 0x8a, 0x81,
    0x41, 0x68, 0xf2, 0x6, 0x4b, 0xff, 0x0,

    /* U+9B42 "魂" */
    0xf, 0xe8, 0x3f, 0xf8, 0x18, 0x7a, 0xf9, 0xf0,
    0xf8, 0x2b, 0xe4, 0xe3, 0xc, 0xbc, 0x71, 0x86,
    0xe9, 0xe3, 0xc6, 0x1a, 0x8d, 0xf, 0x18, 0x77,
    0x93, 0x92, 0x81, 0x95, 0x26, 0xc, 0x32, 0x2b,
    0x1c, 0x1c, 0x8, 0x86, 0x11, 0x60, 0x7d, 0x2b,
    0x7, 0x83, 0xca, 0x80, 0xf9, 0xe, 0x74, 0x17,
    0xa0,

    /* U+9B45 "魅" */
    0xf, 0xfe, 0x36, 0x19, 0x83, 0xca, 0xf, 0xfb,
    0x9f, 0x14, 0x68, 0x1b, 0x30, 0x71, 0xc1, 0xb3,
    0x1f, 0x1c, 0x1b, 0x31, 0xd0, 0x61, 0xb3, 0xe,
    0x50, 0x58, 0x28, 0x4b, 0x41, 0xe6, 0x86, 0x48,
    0x4a, 0x10, 0x41, 0x61, 0x78, 0x8, 0x1c, 0x40,
    0xb0, 0x28, 0x89, 0x25, 0x94, 0xff, 0x9, 0x81,
    0xff, 0xc0,

    /* U+9B4F "魏" */
    0xf, 0xe4, 0x39, 0xa7, 0x91, 0x83, 0xf3, 0xbc,
    0x78, 0x29, 0x6e, 0x33, 0xd, 0xa0, 0x63, 0x30,
    0xd0, 0xa2, 0x33, 0xd, 0xc7, 0x41, 0x10, 0xd6,
    0xd9, 0x47, 0xd, 0xc, 0x1d, 0x90, 0x12, 0xd0,
    0x24, 0x28, 0xe, 0xe5, 0x8c, 0xa0, 0x63, 0x41,
    0x35, 0x3, 0xea, 0x39, 0xd8, 0x5c, 0x7, 0x3,
    0xf0,

    /* U+9B54 "魔" */
    0xf, 0xb0, 0xfd, 0xfc, 0x7f, 0x6, 0xf1, 0xf8,
    0xf0, 0x6f, 0x1e, 0xb3, 0xc1, 0xb4, 0x54, 0x7,
    0xd, 0x2, 0x24, 0xf0, 0x69, 0x35, 0x8b, 0xc,
    0x8a, 0x16, 0xf, 0xfe, 0x32, 0x22, 0x85, 0x83,
    0x93, 0xc4, 0x6b, 0x8b, 0x1d, 0x44, 0xb, 0xb,
    0xa8, 0xb, 0x11, 0xbe, 0x41, 0xfc, 0x0,

    /* U+9C7C "鱼" */
    0xc, 0x87, 0xff, 0x2, 0xf, 0xf9, 0x3f, 0x7,
    0xd7, 0xca, 0xf, 0x67, 0xca, 0xd0, 0xb2, 0xa2,
    0x88, 0x4c, 0x4, 0xa, 0xc, 0xa2, 0xe3, 0xc8,
    0x7a, 0xf1, 0xe4, 0x3d, 0x78, 0xf2, 0x1d, 0xff,
    0x90, 0x7f, 0xff, 0x0, 0xff, 0xfe, 0x0,

    /* U+9C81 "鲁" */
    0xc, 0xc1, 0xff, 0x4f, 0xd0, 0x73, 0x8b, 0xc,
    0x15, 0x4, 0x5f, 0x5, 0x87, 0xfd, 0x7, 0xff,
    0x1, 0x60, 0x28, 0x8, 0x9e, 0xf, 0xde, 0x28,
    0xbf, 0xa8, 0x19, 0xac, 0x87, 0xff, 0x21, 0xac,
    0x87, 0xd7, 0xf0, 0x40,

    /* U+9C8D "鲍" */
    0x9, 0xc, 0x87, 0xce, 0x1a, 0xf, 0xa7, 0x44,
    0xfa, 0x2, 0x62, 0x53, 0xd2, 0x8, 0xce, 0x2f,
    0x8, 0x11, 0x82, 0xb0, 0xe8, 0x62, 0x2, 0x1f,
    0x30, 0x54, 0x30, 0xff, 0x7a, 0x70, 0xcc, 0x1d,
    0x7, 0x7a, 0x50, 0x5f, 0x25, 0xc4, 0x9f, 0x94,
    0x5c, 0x83, 0xfc, 0x0,

    /* U+9C9C "鲜" */
    0xa, 0xc, 0x81, 0xe, 0x43, 0x71, 0x21, 0x47,
    0x81, 0x8, 0x84, 0xf2, 0x3b, 0x18, 0x33, 0x9d,
    0xf1, 0xe0, 0x26, 0x60, 0x61, 0x40, 0x8c, 0xc3,
    0xfe, 0xcc, 0xc, 0x28, 0x3f, 0xf8, 0xd9, 0x97,
    0x8f, 0x20, 0xfd, 0x4f, 0x1e, 0x41, 0x7c, 0x1f,
    0xf5, 0xe4, 0x3e,

    /* U+9CA4 "鲤" */
    0xa, 0xf, 0xfe, 0xa, 0x17, 0xf8, 0x28, 0xf0,
    0x33, 0x83, 0x3a, 0x80, 0x8e, 0x16, 0x6a, 0x8c,
    0xc3, 0x44, 0x69, 0x16, 0x12, 0x46, 0xc, 0xe0,
    0xe8, 0x8f, 0x1f, 0x7, 0xff, 0x1a, 0x27, 0xc7,
    0xc1, 0x74, 0x57, 0x8f, 0x81, 0x78, 0x9f, 0x1f,
    0x25, 0xc9, 0x7f, 0x90,

    /* U+9CC4 "鳄" */
    0xf, 0xfe, 0x26, 0x15, 0xeb, 0xc8, 0x13, 0xc0,
    0x80, 0xa0, 0xaa, 0xb, 0x9, 0x4, 0x50, 0xf0,
    0xe2, 0x88, 0xcc, 0x5a, 0x50, 0x6c, 0xc1, 0x5b,
    0xd, 0x99, 0x5d, 0xe0, 0xb3, 0x28, 0xfe, 0x7,
    0x58, 0xdf, 0x83, 0xba, 0x17, 0xa0, 0xdf, 0xc1,
    0xb4, 0x2e, 0x43, 0x5b, 0x7, 0xfa, 0xf0, 0x40,

    /* U+9E1F "鸟" */
    0xf, 0xfe, 0x24, 0x87, 0xef, 0x37, 0xc8, 0x77,
    0x7c, 0x1f, 0xbc, 0x12, 0x1e, 0xa2, 0x83, 0xf9,
    0x38, 0x3d, 0xf4, 0xde, 0x41, 0xff, 0x81, 0xff,
    0xc0, 0x7f, 0xf8, 0x3f, 0xf9, 0x7e, 0x40,

    /* U+9E21 "鸡" */
    0xf, 0xc8, 0x7f, 0xcc, 0xa0, 0xbf, 0x3c, 0xf4,
    0x7, 0xc1, 0x4d, 0x2, 0x90, 0x20, 0x60, 0xd4,
    0x43, 0x45, 0x85, 0x40, 0xf4, 0x84, 0x88, 0x2d,
    0xb8, 0x32, 0x7f, 0x38, 0x28, 0xdf, 0xc1, 0x2d,
    0x3f, 0xc8, 0x28, 0x4, 0x3c, 0x92, 0x8, 0x2f,
    0x20,

    /* U+9E23 "鸣" */
    0xf, 0xa0, 0xfe, 0x5e, 0x7, 0xe2, 0x85, 0x10,
    0x78, 0x29, 0xd0, 0xfc, 0x81, 0xf, 0xee, 0x10,
    0xfc, 0xf0, 0x4a, 0xb, 0xd4, 0xd3, 0xc9, 0xfc,
    0x8d, 0x3f, 0xd0, 0x20, 0x3f, 0xd2, 0x83, 0xf2,
    0x1f, 0xf5, 0xa0,

    /* U+9E25 "鸥" */
    0xf, 0xa4, 0x2f, 0xe0, 0x21, 0xdf, 0xe2, 0xe0,
    0x60, 0xc9, 0xe0, 0x9d, 0x40, 0xef, 0x2, 0x6c,
    0xe, 0x86, 0x84, 0x2d, 0x41, 0x22, 0xad, 0x5a,
    0xa, 0xdf, 0x82, 0xd4, 0x5f, 0x42, 0x31, 0xdf,
    0x41, 0x3f, 0x82, 0x41, 0xfe, 0x7, 0x40,

    /* U+9E26 "鸦" */
    0xf, 0xcc, 0x1b, 0xf9, 0x30, 0xee, 0xc8, 0xd5,
    0xe0, 0x30, 0x75, 0x30, 0xb4, 0x39, 0x83, 0x2a,
    0x2c, 0xa, 0xa, 0x88, 0xe1, 0x70, 0x14, 0xc,
    0x1a, 0xa8, 0xa, 0x1, 0xfd, 0x2, 0x51, 0xff,
    0xa, 0xc1, 0xfe, 0x37, 0xf, 0x91, 0x40, 0x71,
    0xb, 0xc8,

    /* U+9E2D "鸭" */
    0xf, 0x94, 0x17, 0xf0, 0x3c, 0x1a, 0x30, 0x6a,
    0xf0, 0x7e, 0xa6, 0x14, 0x61, 0x3a, 0x81, 0x18,
    0x74, 0x1f, 0xf3, 0x2, 0x30, 0xb5, 0x6f, 0x8f,
    0x1f, 0x90, 0xf7, 0xf0, 0x7d, 0xfc, 0x87, 0xf2,
    0x4, 0x3f, 0x79, 0xb, 0xe, 0xb8,

    /* U+9E2F "鸯" */
    0xf, 0x28, 0x3f, 0xaf, 0x53, 0xd0, 0x79, 0xa1,
    0x50, 0x77, 0x8a, 0x15, 0x3e, 0x7, 0xd0, 0xc3,
    0xf0, 0x6a, 0x95, 0xba, 0x17, 0x92, 0x3c, 0x36,
    0xf, 0x33, 0x78, 0xbc, 0x1e, 0xb7, 0x43, 0xf5,
    0xb0, 0xf8, 0x3b, 0xaf, 0x61, 0xdd, 0x7c, 0x87,
    0x7f, 0xc5, 0x0,

    /* U+9E3D "鸽" */
    0xf, 0xfe, 0x26, 0x85, 0x21, 0xc9, 0xe, 0xde,
    0xa, 0xac, 0xf, 0x82, 0xd6, 0xc1, 0x68, 0x4a,
    0xf4, 0x13, 0xa0, 0xbe, 0x82, 0xc8, 0xf, 0xe0,
    0x73, 0xe0, 0xbc, 0x3f, 0xa4, 0x3d, 0x7f, 0x7,
    0xd7, 0xf0, 0x6f, 0x7, 0xbc, 0x17, 0x83, 0x3a,
    0x80,

    /* U+9E45 "鹅" */
    0x9, 0x90, 0xb0, 0xcd, 0x1d, 0x10, 0xed, 0x9e,
    0xa3, 0xc0, 0x90, 0xa1, 0x58, 0x5b, 0x34, 0x71,
    0xb, 0x66, 0x89, 0xe0, 0xe9, 0x23, 0x4, 0x5,
    0xd2, 0x33, 0x46, 0x3c, 0x77, 0xc8, 0xe8, 0x6f,
    0xc6, 0x17, 0x3, 0xf0, 0x73, 0x74, 0x43, 0xa7,
    0x48, 0x56, 0xa0,

    /* U+9E4F "鹏" */
    0xf, 0xe4, 0x37, 0xcf, 0x95, 0x28, 0x2c, 0x27,
    0x8a, 0x7, 0xf9, 0x83, 0x61, 0x20, 0x83, 0xb0,
    0x90, 0x38, 0x7f, 0xc9, 0x5, 0x84, 0xe6, 0xc8,
    0x20, 0x93, 0xe4, 0x24, 0x9, 0xf8, 0x3d, 0x83,
    0xf0, 0x16, 0x1c, 0x39, 0x5e, 0x82, 0x51, 0x69,
    0x3f, 0x38, 0x2e, 0x0,

    /* U+9E64 "鹤" */
    0x9, 0xc, 0xa0, 0xf6, 0x81, 0xf2, 0x81, 0xe6,
    0xf4, 0x9c, 0x14, 0x50, 0x9, 0x5, 0x58, 0x88,
    0x43, 0xa2, 0x80, 0x64, 0x63, 0x3c, 0xa, 0x86,
    0x33, 0x8e, 0x9c, 0x26, 0x77, 0xe7, 0xb, 0x3b,
    0xf0, 0x76, 0x77, 0xe4, 0x36, 0x78, 0x8, 0x10,
    0xbf, 0x2, 0xd0,

    /* U+9E70 "鹰" */
    0xf, 0x21, 0xfd, 0x5d, 0xd7, 0x4, 0xe8, 0x16,
    0xf8, 0x32, 0x42, 0xa, 0x7, 0x46, 0x28, 0x58,
    0x3d, 0x7, 0xfd, 0x8, 0xa1, 0x60, 0xf6, 0x1d,
    0xa1, 0xec, 0x74, 0x3f, 0xa5, 0x43, 0x4, 0x82,
    0x2, 0x12, 0x81, 0xb4, 0x5d, 0xca, 0x3, 0x4f,
    0xe7, 0x42, 0xc3, 0xf7, 0x80,

    /* U+9E7F "鹿" */
    0xf, 0xb0, 0xff, 0xe5, 0x7f, 0x1f, 0xa0, 0xde,
    0x3c, 0x7d, 0x6, 0xf1, 0xe3, 0xe0, 0xef, 0x1e,
    0x3c, 0x1e, 0xf1, 0xe3, 0xc1, 0xef, 0xfe, 0xe,
    0x70, 0xb0, 0x48, 0x7b, 0xd1, 0xf2, 0x4, 0xf,
    0xa2, 0xd8, 0x1a, 0x37, 0x84, 0x8, 0x1a, 0x2,
    0xdf, 0xa0, 0x67, 0xa4, 0xbe, 0x40,

    /* U+9EA6 "麦" */
    0xf, 0x48, 0x7c, 0xd6, 0x6b, 0x82, 0x7f, 0xf,
    0xe0, 0xd5, 0x86, 0xac, 0x35, 0x65, 0x56, 0xa,
    0xfc, 0xaf, 0xa4, 0x1f, 0x95, 0x7e, 0x9, 0x6c,
    0x6a, 0xd4, 0x1a, 0x4f, 0x44, 0x19, 0xce, 0xda,
    0x7, 0x3c, 0x24, 0xa0, 0xe5, 0x5e, 0xbf, 0x21,
    0x7f, 0x23, 0xde, 0x0,

    /* U+9EBB "麻" */
    0xf, 0xb0, 0xfc, 0xbc, 0x2f, 0x5, 0x5c, 0x57,
    0x6, 0xf1, 0xf4, 0x78, 0x3f, 0xf8, 0xd6, 0x7a,
    0x87, 0x83, 0x50, 0xb9, 0x2c, 0x3a, 0x28, 0x24,
    0x1f, 0xb3, 0x40, 0x86, 0xe0, 0x66, 0x50, 0x8,
    0xa0, 0x70, 0x18, 0x15, 0x5, 0x21, 0x20, 0x50,
    0x7f, 0xc0,

    /* U+9EC4 "黄" */
    0xa, 0x80, 0xa0, 0x7f, 0xf1, 0x3c, 0xaf, 0x2b,
    0xc0, 0xf2, 0xbc, 0xaf, 0x15, 0x3, 0xc0, 0xae,
    0x58, 0xb, 0x50, 0x2f, 0x2b, 0xc1, 0xef, 0x2b,
    0xc1, 0xef, 0x2b, 0xc1, 0xef, 0x2b, 0xc1, 0xdc,
    0x5a, 0xa0, 0x9a, 0x92, 0x28, 0x3f, 0x21, 0x58,
    0x80,

    /* U+9ED1 "黑" */
    0x2f, 0xfe, 0xc, 0xae, 0x7a, 0x7, 0x64, 0x14,
    0x1f, 0x41, 0x32, 0x1d, 0x6c, 0xd3, 0xd, 0x7d,
    0x1f, 0x82, 0x7e, 0x8f, 0xc1, 0x3f, 0x47, 0xe0,
    0x3f, 0xa3, 0xf8, 0x77, 0x7c, 0xf3, 0x82, 0x7,
    0x2, 0x48, 0x48, 0x41, 0x2, 0x46, 0xa, 0x4,
    0xc,

    /* U+9ED8 "默" */
    0xf, 0xec, 0x3b, 0xfc, 0x15, 0x3, 0x30, 0x86,
    0x90, 0xcc, 0x21, 0xd0, 0x65, 0x9, 0xe3, 0xa0,
    0x4a, 0x13, 0xc0, 0xe0, 0x7a, 0x3c, 0x1f, 0xae,
    0x38, 0x43, 0xd6, 0x88, 0x88, 0x85, 0xe1, 0x3,
    0xe7, 0x9, 0x41, 0x2e, 0xd0, 0x99, 0x9a, 0x22,
    0x42, 0x84, 0xc1, 0x3, 0x46, 0x20, 0x38, 0x6c,

    /* U+9F13 "鼓" */
    0xd, 0x87, 0x61, 0xff, 0xc6, 0xf8, 0xf8, 0x3e,
    0xf8, 0xf3, 0xe3, 0xd0, 0xf8, 0xfe, 0x3d, 0xf,
    0xf2, 0x21, 0xef, 0xeb, 0x8e, 0xd, 0xf1, 0x2b,
    0x70, 0xdf, 0x2, 0x45, 0x4, 0xdb, 0x1, 0xe0,
    0xd4, 0x16, 0xf, 0xc9, 0x9d, 0xe, 0x80, 0xbb,
    0xe0, 0x46, 0x25, 0x10, 0xb8, 0x29,

    /* U+9F20 "鼠" */
    0xe, 0x50, 0x7f, 0x7e, 0x7f, 0x41, 0xd7, 0x1f,
    0x21, 0xeb, 0xca, 0xf2, 0x1e, 0xbc, 0xaf, 0x21,
    0xeb, 0xfc, 0xe1, 0xdd, 0x94, 0xc4, 0x39, 0xf0,
    0x3c, 0x1f, 0x36, 0x36, 0x1f, 0x3c, 0x3e, 0xf,
    0x9e, 0x1f, 0x2a, 0x2, 0x53, 0x29, 0x9a, 0x9,
    0x38, 0x1e, 0x94, 0x0,

    /* U+9F3B "鼻" */
    0xf, 0xfe, 0x46, 0x87, 0xf5, 0xe2, 0xf8, 0x3f,
    0xf9, 0x4b, 0x83, 0xff, 0x92, 0x88, 0x65, 0x83,
    0x68, 0x14, 0x7, 0xf, 0x28, 0xa, 0xf, 0xfe,
    0x3e, 0x87, 0xe7, 0x4f, 0x95, 0xe5, 0x7c, 0x85,
    0x30, 0x7f, 0x78, 0xc3, 0xf8,

    /* U+9F50 "齐" */
    0xf, 0x21, 0xff, 0xc1, 0x90, 0xfb, 0xf8, 0xbf,
    0x81, 0xf2, 0xbc, 0x3f, 0x7, 0x47, 0xa8, 0x1f,
    0x94, 0xc, 0x3c, 0xde, 0xbf, 0xa0, 0xbf, 0x82,
    0x7d, 0x2, 0x43, 0xf3, 0x7, 0x78, 0x3f, 0xe5,
    0x83, 0xfd, 0x50, 0x7f, 0x93, 0x43, 0xf8,

    /* U+9F7F "齿" */
    0xf, 0x61, 0xf5, 0x3, 0xff, 0x87, 0xf8, 0x3f,
    0x7e, 0x3c, 0xaf, 0x1f, 0xeb, 0xea, 0x7d, 0x66,
    0x83, 0xc0, 0x70, 0xff, 0xe3, 0x2a, 0xf, 0xdd,
    0x90, 0x77, 0xa4, 0x8c, 0x32, 0x5f, 0x28, 0x2b,
    0xfe, 0x80,

    /* U+9F84 "龄" */
    0xf, 0xfe, 0x36, 0x1b, 0xf, 0xfe, 0x3d, 0x1,
    0xc4, 0x41, 0xfb, 0x95, 0x28, 0xb, 0x67, 0xa3,
    0xa2, 0x3f, 0xd1, 0x82, 0x80, 0x86, 0x38, 0xc7,
    0x2, 0x62, 0x5d, 0x30, 0xe5, 0x67, 0xca, 0xd,
    0x9a, 0x19, 0x83, 0x39, 0xf, 0xa0, 0xe7, 0xd0,
    0xec, 0x1a, 0x9e, 0x82, 0x98, 0x25, 0x1, 0x82,
    0xa0, 0x0,

    /* U+9F99 "龙" */
    0xe, 0x90, 0xff, 0xe1, 0xba, 0x1f, 0xf3, 0x40,
    0xfe, 0xc0, 0xc1, 0xbf, 0x2b, 0xeb, 0xc0, 0xfc,
    0xcd, 0xf8, 0x3f, 0xea, 0x7, 0xca, 0x4, 0xc1,
    0xe4, 0x29, 0xc3, 0xeb, 0x15, 0x87, 0x9e, 0x73,
    0xb, 0x5, 0x6f, 0x37, 0xc8, 0x3c, 0xf1, 0x7e,
    0x80,

    /* U+9F9F "龟" */
    0xf, 0xfe, 0x3e, 0x87, 0xfd, 0x97, 0xc1, 0xf4,
    0x7c, 0x21, 0xed, 0x3e, 0x1f, 0x5, 0xa7, 0xc7,
    0xc1, 0xb8, 0xf8, 0xf8, 0x3e, 0xf8, 0xf8, 0x3e,
    0xf8, 0xf8, 0x3e, 0xf4, 0x7a, 0xf, 0x40, 0x42,
    0x63, 0x9, 0xf, 0x96, 0xf, 0xdf, 0xa8,

    /* U+FF01 "！" */
    0x5, 0x86, 0xc3, 0x94, 0x60, 0x60,

    /* U+FF08 "（" */
    0xf, 0x60, 0x50, 0x28, 0x21, 0x68, 0x7f, 0xf0,
    0xb0, 0x94, 0x19, 0x5, 0x0, 0xb0,

    /* U+FF09 "）" */
    0xe, 0xc2, 0x50, 0x38, 0x8, 0x81, 0xc3, 0xff,
    0x8c, 0xc2, 0x15, 0x5, 0x80,

    /* U+FF0C "，" */
    0x57, 0x45, 0x40,

    /* U+FF1A "：" */
    0x6, 0xe8, 0x79, 0x24,

    /* U+FF1B "；" */
    0x3, 0xb8, 0x7c, 0xa9, 0x18,

    /* U+FF1F "？" */
    0xf, 0xf7, 0xd0, 0x5b, 0xe3, 0xa, 0x4, 0x16,
    0x12, 0x1e, 0x6c, 0x33, 0x61, 0xda, 0x1e, 0xe0,
    0xff, 0xe1, 0x50, 0x20
};


/*---------------------
 *  GLYPH DESCRIPTION
 *--------------------*/

static const lv_font_fmt_txt_glyph_dsc_t glyph_dsc[] = {
    {.bitmap_index = 0, .adv_w = 0, .box_w = 0, .box_h = 0, .ofs_x = 0, .ofs_y = 0} /* id = 0 reserved */,
    {.bitmap_index = 0, .adv_w = 62, .box_w = 0, .box_h = 0, .ofs_x = 0, .ofs_y = 0},
    {.bitmap_index = 0, .adv_w = 62, .box_w = 2, .box_h = 11, .ofs_x = 1, .ofs_y = 0},
    {.bitmap_index = 5, .adv_w = 80, .box_w = 5, .box_h = 4, .ofs_x = 0, .ofs_y = 7},
    {.bitmap_index = 10, .adv_w = 125, .box_w = 8, .box_h = 11, .ofs_x = 0, .ofs_y = 0},
    {.bitmap_index = 31, .adv_w = 125, .box_w = 8, .box_h = 14, .ofs_x = 0, .ofs_y = -2},
    {.bitmap_index = 59, .adv_w = 199, .box_w = 11, .box_h = 11, .ofs_x = 1, .ofs_y = 0},
    {.bitmap_index = 90, .adv_w = 149, .box_w = 10, .box_h = 12, .ofs_x = 0, .ofs_y = -1},
    {.bitmap_index = 119, .adv_w = 43, .box_w = 3, .box_h = 4, .ofs_x = 0, .ofs_y = 7},
    {.bitmap_index = 122, .adv_w = 75, .box_w = 5, .box_h = 14, .ofs_x = 0, .ofs_y = -3},
    {.bitmap_index = 138, .adv_w = 75, .box_w = 4, .box_h = 14, .ofs_x = 0, .ofs_y = -3},
    {.bitmap_index = 152, .adv_w = 87, .box_w = 5, .box_h = 5, .ofs_x = 0, .ofs_y = 6},
    {.bitmap_index = 159, .adv_w = 131, .box_w = 8, .box_h = 8, .ofs_x = 0, .ofs_y = 2},
    {.bitmap_index = 174, .adv_w = 62, .box_w = 2, .box_h = 5, .ofs_x = 1, .ofs_y = -3},
    {.bitmap_index = 177, .adv_w = 75, .box_w = 5, .box_h = 3, .ofs_x = 0, .ofs_y = 3},
    {.bitmap_index = 181, .adv_w = 62, .box_w = 2, .box_h = 2, .ofs_x = 1, .ofs_y = 0},
    {.bitmap_index = 183, .adv_w = 62, .box_w = 4, .box_h = 11, .ofs_x = 0, .ofs_y = 0},
    {.bitmap_index = 196, .adv_w = 125, .box_w = 8, .box_h = 11, .ofs_x = 0, .ofs_y = 0},
    {.bitmap_index = 216, .adv_w = 125, .box_w = 5, .box_h = 11, .ofs_x = 1, .ofs_y = 0},
    {.bitmap_index = 225, .adv_w = 125, .box_w = 8, .box_h = 11, .ofs_x = 0, .ofs_y = 0},
    {.bitmap_index = 246, .adv_w = 125, .box_w = 8, .box_h = 11, .ofs_x = 0, .ofs_y = 0},
    {.bitmap_index = 269, .adv_w = 125, .box_w = 8, .box_h = 11, .ofs_x = 0, .ofs_y = 0},
    {.bitmap_index = 288, .adv_w = 125, .box_w = 8, .box_h = 11, .ofs_x = 0, .ofs_y = 0},
    {.bitmap_index = 310, .adv_w = 125, .box_w = 8, .box_h = 11, .ofs_x = 0, .ofs_y = 0},
    {.bitmap_index = 333, .adv_w = 125, .box_w = 8, .box_h = 11, .ofs_x = 0, .ofs_y = 0},
    {.bitmap_index = 352, .adv_w = 125, .box_w = 8, .box_h = 11, .ofs_x = 0, .ofs_y = 0},
    {.bitmap_index = 375, .adv_w = 125, .box_w = 8, .box_h = 11, .ofs_x = 0, .ofs_y = 0},
    {.bitmap_index = 398, .adv_w = 62, .box_w = 2, .box_h = 8, .ofs_x = 1, .ofs_y = 0},
    {.bitmap_index = 403, .adv_w = 62, .box_w = 2, .box_h = 11, .ofs_x = 1, .ofs_y = -3},
    {.bitmap_index = 409, .adv_w = 131, .box_w = 8, .box_h = 8, .ofs_x = 0, .ofs_y = 1},
    {.bitmap_index = 425, .adv_w = 131, .box_w = 8, .box_h = 5, .ofs_x = 0, .ofs_y = 3},
    {.bitmap_index = 434, .adv_w = 131, .box_w = 8, .box_h = 8, .ofs_x = 0, .ofs_y = 1},
    {.bitmap_index = 449, .adv_w = 125, .box_w = 8, .box_h = 11, .ofs_x = 0, .ofs_y = 0},
    {.bitmap_index = 469, .adv_w = 227, .box_w = 14, .box_h = 14, .ofs_x = 0, .ofs_y = -3},
    {.bitmap_index = 518, .adv_w = 149, .box_w = 11, .box_h = 11, .ofs_x = -1, .ofs_y = 0},
    {.bitmap_index = 546, .adv_w = 149, .box_w = 8, .box_h = 11, .ofs_x = 1, .ofs_y = 0},
    {.bitmap_index = 567, .adv_w = 162, .box_w = 10, .box_h = 11, .ofs_x = 0, .ofs_y = 0},
    {.bitmap_index = 592, .adv_w = 162, .box_w = 9, .box_h = 11, .ofs_x = 1, .ofs_y = 0},
    {.bitmap_index = 611, .adv_w = 149, .box_w = 8, .box_h = 11, .ofs_x = 1, .ofs_y = 0},
    {.bitmap_index = 629, .adv_w = 137, .box_w = 7, .box_h = 11, .ofs_x = 1, .ofs_y = 0},
    {.bitmap_index = 643, .adv_w = 174, .box_w = 10, .box_h = 11, .ofs_x = 0, .ofs_y = 0},
    {.bitmap_index = 670, .adv_w = 162, .box_w = 8, .box_h = 11, .ofs_x = 1, .ofs_y = 0},
    {.bitmap_index = 682, .adv_w = 62, .box_w = 2, .box_h = 11, .ofs_x = 1, .ofs_y = 0},
    {.bitmap_index = 686, .adv_w = 112, .box_w = 6, .box_h = 11, .ofs_x = 0, .ofs_y = 0},
    {.bitmap_index = 695, .adv_w = 149, .box_w = 9, .box_h = 11, .ofs_x = 1, .ofs_y = 0},
    {.bitmap_index = 717, .adv_w = 125, .box_w = 7, .box_h = 11, .ofs_x = 1, .ofs_y = 0},
    {.bitmap_index = 724, .adv_w = 187, .box_w = 10, .box_h = 11, .ofs_x = 1, .ofs_y = 0},
    {.bitmap_index = 749, .adv_w = 162, .box_w = 8, .box_h = 11, .ofs_x = 1, .ofs_y = 0},
    {.bitmap_index = 768, .adv_w = 174, .box_w = 11, .box_h = 11, .ofs_x = 0, .ofs_y = 0},
    {.bitmap_index = 796, .adv_w = 149, .box_w = 8, .box_h = 11, .ofs_x = 1, .ofs_y = 0},
    {.bitmap_index = 813, .adv_w = 174, .box_w = 11, .box_h = 12, .ofs_x = 0, .ofs_y = -1},
    {.bitmap_index = 844, .adv_w = 162, .box_w = 9, .box_h = 11, .ofs_x = 1, .ofs_y = 0},
    {.bitmap_index = 866, .adv_w = 149, .box_w = 9, .box_h = 11, .ofs_x = 0, .ofs_y = 0},
    {.bitmap_index = 892, .adv_w = 137, .box_w = 9, .box_h = 11, .ofs_x = 0, .ofs_y = 0},
    {.bitmap_index = 901, .adv_w = 162, .box_w = 8, .box_h = 11, .ofs_x = 1, .ofs_y = 0},
    {.bitmap_index = 914, .adv_w = 149, .box_w = 10, .box_h = 11, .ofs_x = 0, .ofs_y = 0},
    {.bitmap_index = 940, .adv_w = 211, .box_w = 14, .box_h = 11, .ofs_x = 0, .ofs_y = 0},
    {.bitmap_index = 978, .adv_w = 149, .box_w = 10, .box_h = 11, .ofs_x = 0, .ofs_y = 0},
    {.bitmap_index = 1005, .adv_w = 149, .box_w = 10, .box_h = 11, .ofs_x = 0, .ofs_y = 0},
    {.bitmap_index = 1024, .adv_w = 137, .box_w = 9, .box_h = 11, .ofs_x = 0, .ofs_y = 0},
    {.bitmap_index = 1046, .adv_w = 62, .box_w = 4, .box_h = 14, .ofs_x = 0, .ofs_y = -3},
    {.bitmap_index = 1054, .adv_w = 62, .box_w = 4, .box_h = 11, .ofs_x = 0, .ofs_y = 0},
    {.bitmap_index = 1066, .adv_w = 62, .box_w = 3, .box_h = 14, .ofs_x = 0, .ofs_y = -3},
    {.bitmap_index = 1071, .adv_w = 105, .box_w = 7, .box_h = 6, .ofs_x = 0, .ofs_y = 5},
    {.bitmap_index = 1082, .adv_w = 112, .box_w = 9, .box_h = 1, .ofs_x = -1, .ofs_y = -2},
    {.bitmap_index = 1084, .adv_w = 75, .box_w = 4, .box_h = 3, .ofs_x = 0, .ofs_y = 9},
    {.bitmap_index = 1087, .adv_w = 125, .box_w = 8, .box_h = 8, .ofs_x = 0, .ofs_y = 0},
    {.bitmap_index = 1104, .adv_w = 125, .box_w = 8, .box_h = 11, .ofs_x = 0, .ofs_y = 0},
    {.bitmap_index = 1123, .adv_w = 112, .box_w = 7, .box_h = 8, .ofs_x = 0, .ofs_y = 0},
    {.bitmap_index = 1137, .adv_w = 125, .box_w = 7, .box_h = 11, .ofs_x = 0, .ofs_y = 0},
    {.bitmap_index = 1155, .adv_w = 125, .box_w = 8, .box_h = 8, .ofs_x = 0, .ofs_y = 0},
    {.bitmap_index = 1171, .adv_w = 62, .box_w = 5, .box_h = 11, .ofs_x = 0, .ofs_y = 0},
    {.bitmap_index = 1180, .adv_w = 125, .box_w = 7, .box_h = 11, .ofs_x = 0, .ofs_y = -3},
    {.bitmap_index = 1200, .adv_w = 125, .box_w = 7, .box_h = 11, .ofs_x = 0, .ofs_y = 0},
    {.bitmap_index = 1212, .adv_w = 50, .box_w = 3, .box_h = 11, .ofs_x = 0, .ofs_y = 0},
    {.bitmap_index = 1218, .adv_w = 50, .box_w = 4, .box_h = 14, .ofs_x = -1, .ofs_y = -3},
    {.bitmap_index = 1227, .adv_w = 112, .box_w = 7, .box_h = 11, .ofs_x = 0, .ofs_y = 0},
    {.bitmap_index = 1243, .adv_w = 50, .box_w = 3, .box_h = 11, .ofs_x = 0, .ofs_y = 0},
    {.bitmap_index = 1247, .adv_w = 187, .box_w = 11, .box_h = 8, .ofs_x = 0, .ofs_y = 0},
    {.bitmap_index = 1261, .adv_w = 125, .box_w = 7, .box_h = 8, .ofs_x = 0, .ofs_y = 0},
    {.bitmap_index = 1271, .adv_w = 125, .box_w = 8, .box_h = 8, .ofs_x = 0, .ofs_y = 0},
    {.bitmap_index = 1287, .adv_w = 125, .box_w = 8, .box_h = 11, .ofs_x = 0, .ofs_y = -3},
    {.bitmap_index = 1307, .adv_w = 125, .box_w = 7, .box_h = 11, .ofs_x = 0, .ofs_y = -3},
    {.bitmap_index = 1325, .adv_w = 75, .box_w = 5, .box_h = 8, .ofs_x = 0, .ofs_y = 0},
    {.bitmap_index = 1333, .adv_w = 112, .box_w = 7, .box_h = 8, .ofs_x = 0, .ofs_y = 0},
    {.bitmap_index = 1349, .adv_w = 62, .box_w = 4, .box_h = 11, .ofs_x = 0, .ofs_y = 0},
    {.bitmap_index = 1358, .adv_w = 125, .box_w = 7, .box_h = 8, .ofs_x = 0, .ofs_y = 0},
    {.bitmap_index = 1367, .adv_w = 112, .box_w = 7, .box_h = 8, .ofs_x = 0, .ofs_y = 0},
    {.bitmap_index = 1382, .adv_w = 162, .box_w = 11, .box_h = 8, .ofs_x = 0, .ofs_y = 0},
    {.bitmap_index = 1405, .adv_w = 112, .box_w = 7, .box_h = 8, .ofs_x = 0, .ofs_y = 0},
    {.bitmap_index = 1420, .adv_w = 112, .box_w = 7, .box_h = 11, .ofs_x = 0, .ofs_y = -3},
    {.bitmap_index = 1439, .adv_w = 112, .box_w = 7, .box_h = 8, .ofs_x = 0, .ofs_y = 0},
    {.bitmap_index = 1453, .adv_w = 75, .box_w = 5, .box_h = 14, .ofs_x = 0, .ofs_y = -3},
    {.bitmap_index = 1470, .adv_w = 58, .box_w = 2, .box_h = 14, .ofs_x = 1, .ofs_y = -3},
    {.bitmap_index = 1474, .adv_w = 75, .box_w = 5, .box_h = 14, .ofs_x = 0, .ofs_y = -3},
    {.bitmap_index = 1491, .adv_w = 131, .box_w = 8, .box_h = 4, .ofs_x = 0, .ofs_y = 3},
    {.bitmap_index = 1499, .adv_w = 62, .box_w = 2, .box_h = 2, .ofs_x = 1, .ofs_y = 5},
    {.bitmap_index = 1501, .adv_w = 131, .box_w = 7, .box_h = 7, .ofs_x = 1, .ofs_y = 2},
    {.bitmap_index = 1514, .adv_w = 131, .box_w = 8, .box_h = 6, .ofs_x = 0, .ofs_y = 2},
    {.bitmap_index = 1526, .adv_w = 224, .box_w = 16, .box_h = 2, .ofs_x = -1, .ofs_y = 3},
    {.bitmap_index = 1533, .adv_w = 50, .box_w = 3, .box_h = 4, .ofs_x = 0, .ofs_y = 7},
    {.bitmap_index = 1536, .adv_w = 50, .box_w = 3, .box_h = 4, .ofs_x = 0, .ofs_y = 7},
    {.bitmap_index = 1539, .adv_w = 75, .box_w = 5, .box_h = 4, .ofs_x = 0, .ofs_y = 7},
    {.bitmap_index = 1545, .adv_w = 75, .box_w = 5, .box_h = 4, .ofs_x = 0, .ofs_y = 7},
    {.bitmap_index = 1551, .adv_w = 224, .box_w = 12, .box_h = 2, .ofs_x = 1, .ofs_y = 0},
    {.bitmap_index = 1558, .adv_w = 224, .box_w = 4, .box_h = 5, .ofs_x = 1, .ofs_y = -2},
    {.bitmap_index = 1564, .adv_w = 224, .box_w = 5, .box_h = 5, .ofs_x = 1, .ofs_y = -1},
    {.bitmap_index = 1570, .adv_w = 224, .box_w = 7, .box_h = 13, .ofs_x = 7, .ofs_y = -1},
    {.bitmap_index = 1593, .adv_w = 224, .box_w = 7, .box_h = 13, .ofs_x = 0, .ofs_y = -1},
    {.bitmap_index = 1616, .adv_w = 224, .box_w = 5, .box_h = 13, .ofs_x = 8, .ofs_y = -1},
    {.bitmap_index = 1628, .adv_w = 224, .box_w = 5, .box_h = 13, .ofs_x = 1, .ofs_y = -1},
    {.bitmap_index = 1640, .adv_w = 224, .box_w = 12, .box_h = 3, .ofs_x = 1, .ofs_y = 4},
    {.bitmap_index = 1647, .adv_w = 224, .box_w = 12, .box_h = 12, .ofs_x = 1, .ofs_y = -1},
    {.bitmap_index = 1661, .adv_w = 224, .box_w = 12, .box_h = 13, .ofs_x = 1, .ofs_y = -1},
    {.bitmap_index = 1685, .adv_w = 224, .box_w = 14, .box_h = 13, .ofs_x = 0, .ofs_y = -2},
    {.bitmap_index = 1723, .adv_w = 224, .box_w = 13, .box_h = 14, .ofs_x = 1, .ofs_y = -2},
    {.bitmap_index = 1759, .adv_w = 224, .box_w = 12, .box_h = 10, .ofs_x = 1, .ofs_y = 0},
    {.bitmap_index = 1778, .adv_w = 224, .box_w = 12, .box_h = 12, .ofs_x = 1, .ofs_y = 0},
    {.bitmap_index = 1791, .adv_w = 224, .box_w = 12, .box_h = 12, .ofs_x = 1, .ofs_y = -1},
    {.bitmap_index = 1812, .adv_w = 224, .box_w = 13, .box_h = 12, .ofs_x = 1, .ofs_y = -1},
    {.bitmap_index = 1841, .adv_w = 224, .box_w = 14, .box_h = 13, .ofs_x = 0, .ofs_y = -1},
    {.bitmap_index = 1876, .adv_w = 224, .box_w = 12, .box_h = 12, .ofs_x = 1, .ofs_y = -1},
    {.bitmap_index = 1907, .adv_w = 224, .box_w = 12, .box_h = 13, .ofs_x = 1, .ofs_y = -1},
    {.bitmap_index = 1941, .adv_w = 224, .box_w = 13, .box_h = 12, .ofs_x = 1, .ofs_y = -1},
    {.bitmap_index = 1968, .adv_w = 224, .box_w = 14, .box_h = 13, .ofs_x = 0, .ofs_y = -1},
    {.bitmap_index = 1998, .adv_w = 224, .box_w = 12, .box_h = 13, .ofs_x = 1, .ofs_y = -1},
    {.bitmap_index = 2024, .adv_w = 224, .box_w = 14, .box_h = 12, .ofs_x = 0, .ofs_y = -1},
    {.bitmap_index = 2060, .adv_w = 224, .box_w = 13, .box_h = 12, .ofs_x = 0, .ofs_y = -1},
    {.bitmap_index = 2089, .adv_w = 224, .box_w = 13, .box_h = 13, .ofs_x = 0, .ofs_y = -1},
    {.bitmap_index = 2121, .adv_w = 224, .box_w = 13, .box_h = 14, .ofs_x = 0, .ofs_y = -2},
    {.bitmap_index = 2163, .adv_w = 224, .box_w = 13, .box_h = 13, .ofs_x = 0, .ofs_y = -1},
    {.bitmap_index = 2204, .adv_w = 224, .box_w = 13, .box_h = 13, .ofs_x = 0, .ofs_y = -1},
    {.bitmap_index = 2243, .adv_w = 224, .box_w = 13, .box_h = 13, .ofs_x = 0, .ofs_y = -2},
    {.bitmap_index = 2281, .adv_w = 224, .box_w = 13, .box_h = 12, .ofs_x = 0, .ofs_y = -1},
    {.bitmap_index = 2309, .adv_w = 224, .box_w = 14, .box_h = 13, .ofs_x = 0, .ofs_y = -1},
    {.bitmap_index = 2348, .adv_w = 224, .box_w = 14, .box_h = 13, .ofs_x = 0, .ofs_y = -1},
    {.bitmap_index = 2375, .adv_w = 224, .box_w = 11, .box_h = 13, .ofs_x = 1, .ofs_y = -1},
    {.bitmap_index = 2398, .adv_w = 224, .box_w = 12, .box_h = 13, .ofs_x = 1, .ofs_y = -1},
    {.bitmap_index = 2431, .adv_w = 224, .box_w = 12, .box_h = 14, .ofs_x = 1, .ofs_y = -1},
    {.bitmap_index = 2465, .adv_w = 224, .box_w = 14, .box_h = 13, .ofs_x = 0, .ofs_y = -2},
    {.bitmap_index = 2506, .adv_w = 224, .box_w = 11, .box_h = 15, .ofs_x = 1, .ofs_y = -2},
    {.bitmap_index = 2542, .adv_w = 224, .box_w = 13, .box_h = 13, .ofs_x = 1, .ofs_y = -1},
    {.bitmap_index = 2575, .adv_w = 224, .box_w = 13, .box_h = 13, .ofs_x = 0, .ofs_y = -2},
    {.bitmap_index = 2613, .adv_w = 224, .box_w = 13, .box_h = 13, .ofs_x = 1, .ofs_y = -1},
    {.bitmap_index = 2651, .adv_w = 224, .box_w = 13, .box_h = 13, .ofs_x = 1, .ofs_y = -1},
    {.bitmap_index = 2691, .adv_w = 224, .box_w = 14, .box_h = 13, .ofs_x = 0, .ofs_y = -1},
    {.bitmap_index = 2730, .adv_w = 224, .box_w = 13, .box_h = 13, .ofs_x = 1, .ofs_y = -1},
    {.bitmap_index = 2761, .adv_w = 224, .box_w = 13, .box_h = 13, .ofs_x = 0, .ofs_y = -1},
    {.bitmap_index = 2794, .adv_w = 224, .box_w = 12, .box_h = 13, .ofs_x = 1, .ofs_y = -1},
    {.bitmap_index = 2822, .adv_w = 224, .box_w = 14, .box_h = 13, .ofs_x = 0, .ofs_y = -1},
    {.bitmap_index = 2859, .adv_w = 224, .box_w = 14, .box_h = 13, .ofs_x = 0, .ofs_y = -1},
    {.bitmap_index = 2900, .adv_w = 224, .box_w = 12, .box_h = 14, .ofs_x = 1, .ofs_y = -2},
    {.bitmap_index = 2935, .adv_w = 224, .box_w = 14, .box_h = 13, .ofs_x = 0, .ofs_y = -1},
    {.bitmap_index = 2975, .adv_w = 224, .box_w = 14, .box_h = 13, .ofs_x = 0, .ofs_y = -1},
    {.bitmap_index = 3019, .adv_w = 224, .box_w = 11, .box_h = 12, .ofs_x = 2, .ofs_y = -1},
    {.bitmap_index = 3046, .adv_w = 224, .box_w = 13, .box_h = 13, .ofs_x = 1, .ofs_y = -1},
    {.bitmap_index = 3078, .adv_w = 224, .box_w = 13, .box_h = 13, .ofs_x = 0, .ofs_y = -1},
    {.bitmap_index = 3114, .adv_w = 224, .box_w = 13, .box_h = 13, .ofs_x = 1, .ofs_y = -1},
    {.bitmap_index = 3151, .adv_w = 224, .box_w = 11, .box_h = 13, .ofs_x = 1, .ofs_y = -1},
    {.bitmap_index = 3185, .adv_w = 224, .box_w = 13, .box_h = 13, .ofs_x = 0, .ofs_y = -1},
    {.bitmap_index = 3217, .adv_w = 224, .box_w = 13, .box_h = 12, .ofs_x = 0, .ofs_y = -1},
    {.bitmap_index = 3254, .adv_w = 224, .box_w = 14, .box_h = 13, .ofs_x = 0, .ofs_y = -1},
    {.bitmap_index = 3290, .adv_w = 224, .box_w = 14, .box_h = 14, .ofs_x = 0, .ofs_y = -2},
    {.bitmap_index = 3334, .adv_w = 224, .box_w = 10, .box_h = 13, .ofs_x = 2, .ofs_y = -2},
    {.bitmap_index = 3351, .adv_w = 224, .box_w = 14, .box_h = 13, .ofs_x = 0, .ofs_y = -1},
    {.bitmap_index = 3391, .adv_w = 224, .box_w = 14, .box_h = 14, .ofs_x = 0, .ofs_y = -2},
    {.bitmap_index = 3437, .adv_w = 224, .box_w = 12, .box_h = 9, .ofs_x = 1, .ofs_y = 1},
    {.bitmap_index = 3451, .adv_w = 224, .box_w = 12, .box_h = 13, .ofs_x = 1, .ofs_y = -2},
    {.bitmap_index = 3476, .adv_w = 224, .box_w = 13, .box_h = 12, .ofs_x = 0, .ofs_y = -1},
    {.bitmap_index = 3507, .adv_w = 224, .box_w = 14, .box_h = 12, .ofs_x = 0, .ofs_y = -1},
    {.bitmap_index = 3541, .adv_w = 224, .box_w = 13, .box_h = 12, .ofs_x = 1, .ofs_y = -1},
    {.bitmap_index = 3574, .adv_w = 224, .box_w = 12, .box_h = 11, .ofs_x = 1, .ofs_y = 0},
    {.bitmap_index = 3602, .adv_w = 224, .box_w = 13, .box_h = 12, .ofs_x = 0, .ofs_y = -1},
    {.bitmap_index = 3636, .adv_w = 224, .box_w = 14, .box_h = 13, .ofs_x = 0, .ofs_y = -1},
    {.bitmap_index = 3675, .adv_w = 224, .box_w = 13, .box_h = 13, .ofs_x = 1, .ofs_y = -1},
    {.bitmap_index = 3713, .adv_w = 224, .box_w = 13, .box_h = 14, .ofs_x = 0, .ofs_y = -1},
    {.bitmap_index = 3747, .adv_w = 224, .box_w = 14, .box_h = 13, .ofs_x = 0, .ofs_y = -1},
    {.bitmap_index = 3784, .adv_w = 224, .box_w = 12, .box_h = 13, .ofs_x = 1, .ofs_y = -1},
    {.bitmap_index = 3815, .adv_w = 224, .box_w = 13, .box_h = 14, .ofs_x = 0, .ofs_y = -2},
    {.bitmap_index = 3856, .adv_w = 224, .box_w = 13, .box_h = 13, .ofs_x = 0, .ofs_y = -1},
    {.bitmap_index = 3897, .adv_w = 224, .box_w = 13, .box_h = 12, .ofs_x = 1, .ofs_y = -1},
    {.bitmap_index = 3926, .adv_w = 224, .box_w = 14, .box_h = 13, .ofs_x = 0, .ofs_y = -1},
    {.bitmap_index = 3964, .adv_w = 224, .box_w = 14, .box_h = 14, .ofs_x = 0, .ofs_y = -2},
    {.bitmap_index = 3993, .adv_w = 224, .box_w = 14, .box_h = 13, .ofs_x = 0, .ofs_y = -1},
    {.bitmap_index = 4025, .adv_w = 224, .box_w = 14, .box_h = 14, .ofs_x = 0, .ofs_y = -2},
    {.bitmap_index = 4069, .adv_w = 224, .box_w = 14, .box_h = 14, .ofs_x = 0, .ofs_y = -1},
    {.bitmap_index = 4101, .adv_w = 224, .box_w = 14, .box_h = 14, .ofs_x = 0, .ofs_y = -1},
    {.bitmap_index = 4144, .adv_w = 224, .box_w = 14, .box_h = 14, .ofs_x = 0, .ofs_y = -2},
    {.bitmap_index = 4184, .adv_w = 224, .box_w = 14, .box_h = 13, .ofs_x = 0, .ofs_y = -1},
    {.bitmap_index = 4222, .adv_w = 224, .box_w = 14, .box_h = 13, .ofs_x = 0, .ofs_y = -1},
    {.bitmap_index = 4261, .adv_w = 224, .box_w = 14, .box_h = 13, .ofs_x = 0, .ofs_y = -1},
    {.bitmap_index = 4294, .adv_w = 224, .box_w = 14, .box_h = 14, .ofs_x = 0, .ofs_y = -1},
    {.bitmap_index = 4335, .adv_w = 224, .box_w = 14, .box_h = 14, .ofs_x = 0, .ofs_y = -2},
    {.bitmap_index = 4379, .adv_w = 224, .box_w = 14, .box_h = 14, .ofs_x = 0, .ofs_y = -1},
    {.bitmap_index = 4418, .adv_w = 224, .box_w = 13, .box_h = 13, .ofs_x = 0, .ofs_y = -1},
    {.bitmap_index = 4447, .adv_w = 224, .box_w = 14, .box_h = 14, .ofs_x = 0, .ofs_y = -1},
    {.bitmap_index = 4490, .adv_w = 224, .box_w = 14, .box_h = 14, .ofs_x = 0, .ofs_y = -1},
    {.bitmap_index = 4525, .adv_w = 224, .box_w = 13, .box_h = 12, .ofs_x = 1, .ofs_y = -1},
    {.bitmap_index = 4560, .adv_w = 224, .box_w = 14, .box_h = 14, .ofs_x = 0, .ofs_y = -2},
    {.bitmap_index = 4605, .adv_w = 224, .box_w = 13, .box_h = 13, .ofs_x = 0, .ofs_y = -1},
    {.bitmap_index = 4633, .adv_w = 224, .box_w = 13, .box_h = 14, .ofs_x = 0, .ofs_y = -1},
    {.bitmap_index = 4669, .adv_w = 224, .box_w = 14, .box_h = 14, .ofs_x = 0, .ofs_y = -2},
    {.bitmap_index = 4703, .adv_w = 224, .box_w = 14, .box_h = 13, .ofs_x = 0, .ofs_y = -1},
    {.bitmap_index = 4738, .adv_w = 224, .box_w = 14, .box_h = 13, .ofs_x = 0, .ofs_y = -1},
    {.bitmap_index = 4779, .adv_w = 224, .box_w = 14, .box_h = 14, .ofs_x = 0, .ofs_y = -2},
    {.bitmap_index = 4824, .adv_w = 224, .box_w = 14, .box_h = 13, .ofs_x = 0, .ofs_y = -1},
    {.bitmap_index = 4860, .adv_w = 224, .box_w = 14, .box_h = 13, .ofs_x = 0, .ofs_y = -1},
    {.bitmap_index = 4897, .adv_w = 224, .box_w = 14, .box_h = 15, .ofs_x = 0, .ofs_y = -2},
    {.bitmap_index = 4944, .adv_w = 224, .box_w = 14, .box_h = 14, .ofs_x = 0, .ofs_y = -1},
    {.bitmap_index = 4988, .adv_w = 224, .box_w = 14, .box_h = 14, .ofs_x = 0, .ofs_y = -1},
    {.bitmap_index = 5032, .adv_w = 224, .box_w = 14, .box_h = 14, .ofs_x = 0, .ofs_y = -1},
    {.bitmap_index = 5075, .adv_w = 224, .box_w = 14, .box_h = 15, .ofs_x = 0, .ofs_y = -2},
    {.bitmap_index = 5122, .adv_w = 224, .box_w = 14, .box_h = 15, .ofs_x = 0, .ofs_y = -2},
    {.bitmap_index = 5168, .adv_w = 224, .box_w = 14, .box_h = 13, .ofs_x = 0, .ofs_y = -1},
    {.bitmap_index = 5206, .adv_w = 224, .box_w = 14, .box_h = 13, .ofs_x = 0, .ofs_y = -1},
    {.bitmap_index = 5244, .adv_w = 224, .box_w = 13, .box_h = 14, .ofs_x = 0, .ofs_y = -1},
    {.bitmap_index = 5285, .adv_w = 224, .box_w = 13, .box_h = 14, .ofs_x = 0, .ofs_y = -2},
    {.bitmap_index = 5327, .adv_w = 224, .box_w = 13, .box_h = 13, .ofs_x = 0, .ofs_y = -1},
    {.bitmap_index = 5366, .adv_w = 224, .box_w = 14, .box_h = 13, .ofs_x = 0, .ofs_y = -1},
    {.bitmap_index = 5407, .adv_w = 224, .box_w = 13, .box_h = 14, .ofs_x = 0, .ofs_y = -2},
    {.bitmap_index = 5442, .adv_w = 224, .box_w = 14, .box_h = 13, .ofs_x = 0, .ofs_y = -1},
    {.bitmap_index = 5480, .adv_w = 224, .box_w = 13, .box_h = 13, .ofs_x = 0, .ofs_y = -1},
    {.bitmap_index = 5519, .adv_w = 224, .box_w = 13, .box_h = 13, .ofs_x = 0, .ofs_y = -1},
    {.bitmap_index = 5554, .adv_w = 224, .box_w = 14, .box_h = 13, .ofs_x = 0, .ofs_y = -1},
    {.bitmap_index = 5595, .adv_w = 224, .box_w = 14, .box_h = 14, .ofs_x = 0, .ofs_y = -1},
    {.bitmap_index = 5638, .adv_w = 224, .box_w = 14, .box_h = 13, .ofs_x = 0, .ofs_y = -1},
    {.bitmap_index = 5681, .adv_w = 224, .box_w = 14, .box_h = 13, .ofs_x = 0, .ofs_y = -1},
    {.bitmap_index = 5721, .adv_w = 224, .box_w = 14, .box_h = 15, .ofs_x = 0, .ofs_y = -2},
    {.bitmap_index = 5768, .adv_w = 224, .box_w = 14, .box_h = 14, .ofs_x = 0, .ofs_y = -1},
    {.bitmap_index = 5808, .adv_w = 224, .box_w = 14, .box_h = 14, .ofs_x = 0, .ofs_y = -1},
    {.bitmap_index = 5853, .adv_w = 224, .box_w = 13, .box_h = 14, .ofs_x = 0, .ofs_y = -1},
    {.bitmap_index = 5895, .adv_w = 224, .box_w = 14, .box_h = 13, .ofs_x = 0, .ofs_y = -1},
    {.bitmap_index = 5929, .adv_w = 224, .box_w = 13, .box_h = 14, .ofs_x = 0, .ofs_y = -2},
    {.bitmap_index = 5970, .adv_w = 224, .box_w = 13, .box_h = 13, .ofs_x = 0, .ofs_y = -1},
    {.bitmap_index = 6010, .adv_w = 224, .box_w = 15, .box_h = 13, .ofs_x = 0, .ofs_y = -1},
    {.bitmap_index = 6055, .adv_w = 224, .box_w = 14, .box_h = 13, .ofs_x = 0, .ofs_y = -1},
    {.bitmap_index = 6094, .adv_w = 224, .box_w = 13, .box_h = 15, .ofs_x = 0, .ofs_y = -2},
    {.bitmap_index = 6137, .adv_w = 224, .box_w = 14, .box_h = 13, .ofs_x = 0, .ofs_y = -1},
    {.bitmap_index = 6179, .adv_w = 224, .box_w = 14, .box_h = 14, .ofs_x = 0, .ofs_y = -1},
    {.bitmap_index = 6224, .adv_w = 224, .box_w = 14, .box_h = 15, .ofs_x = 0, .ofs_y = -2},
    {.bitmap_index = 6273, .adv_w = 224, .box_w = 14, .box_h = 15, .ofs_x = 0, .ofs_y = -2},
    {.bitmap_index = 6316, .adv_w = 224, .box_w = 13, .box_h = 15, .ofs_x = 0, .ofs_y = -2},
    {.bitmap_index = 6357, .adv_w = 224, .box_w = 14, .box_h = 14, .ofs_x = 0, .ofs_y = -2},
    {.bitmap_index = 6402, .adv_w = 224, .box_w = 14, .box_h = 13, .ofs_x = 0, .ofs_y = -1},
    {.bitmap_index = 6445, .adv_w = 224, .box_w = 14, .box_h = 13, .ofs_x = 0, .ofs_y = -1},
    {.bitmap_index = 6486, .adv_w = 224, .box_w = 14, .box_h = 13, .ofs_x = 0, .ofs_y = -1},
    {.bitmap_index = 6528, .adv_w = 224, .box_w = 14, .box_h = 13, .ofs_x = 0, .ofs_y = -1},
    {.bitmap_index = 6568, .adv_w = 224, .box_w = 14, .box_h = 14, .ofs_x = 0, .ofs_y = -1},
    {.bitmap_index = 6616, .adv_w = 224, .box_w = 14, .box_h = 13, .ofs_x = 0, .ofs_y = -1},
    {.bitmap_index = 6661, .adv_w = 224, .box_w = 14, .box_h = 14, .ofs_x = 0, .ofs_y = -1},
    {.bitmap_index = 6701, .adv_w = 224, .box_w = 15, .box_h = 13, .ofs_x = 0, .ofs_y = -1},
    {.bitmap_index = 6744, .adv_w = 224, .box_w = 14, .box_h = 13, .ofs_x = 0, .ofs_y = -1},
    {.bitmap_index = 6782, .adv_w = 224, .box_w = 14, .box_h = 13, .ofs_x = 0, .ofs_y = -1},
    {.bitmap_index = 6824, .adv_w = 224, .box_w = 14, .box_h = 14, .ofs_x = 0, .ofs_y = -1},
    {.bitmap_index = 6864, .adv_w = 224, .box_w = 13, .box_h = 13, .ofs_x = 0, .ofs_y = -1},
    {.bitmap_index = 6904, .adv_w = 224, .box_w = 14, .box_h = 14, .ofs_x = 0, .ofs_y = -2},
    {.bitmap_index = 6951, .adv_w = 224, .box_w = 13, .box_h = 14, .ofs_x = 0, .ofs_y = -1},
    {.bitmap_index = 6993, .adv_w = 224, .box_w = 14, .box_h = 14, .ofs_x = 0, .ofs_y = -2},
    {.bitmap_index = 7037, .adv_w = 224, .box_w = 14, .box_h = 13, .ofs_x = 0, .ofs_y = -1},
    {.bitmap_index = 7076, .adv_w = 224, .box_w = 13, .box_h = 14, .ofs_x = 0, .ofs_y = -1},
    {.bitmap_index = 7117, .adv_w = 224, .box_w = 13, .box_h = 13, .ofs_x = 0, .ofs_y = -1},
    {.bitmap_index = 7157, .adv_w = 224, .box_w = 14, .box_h = 14, .ofs_x = 0, .ofs_y = -2},
    {.bitmap_index = 7204, .adv_w = 224, .box_w = 14, .box_h = 14, .ofs_x = 0, .ofs_y = -1},
    {.bitmap_index = 7243, .adv_w = 224, .box_w = 14, .box_h = 13, .ofs_x = 0, .ofs_y = -1},
    {.bitmap_index = 7287, .adv_w = 224, .box_w = 14, .box_h = 14, .ofs_x = 0, .ofs_y = -2},
    {.bitmap_index = 7332, .adv_w = 224, .box_w = 13, .box_h = 15, .ofs_x = 0, .ofs_y = -2},
    {.bitmap_index = 7377, .adv_w = 224, .box_w = 13, .box_h = 13, .ofs_x = 0, .ofs_y = -1},
    {.bitmap_index = 7416, .adv_w = 224, .box_w = 14, .box_h = 13, .ofs_x = 0, .ofs_y = -1},
    {.bitmap_index = 7458, .adv_w = 224, .box_w = 14, .box_h = 14, .ofs_x = 0, .ofs_y = -2},
    {.bitmap_index = 7505, .adv_w = 224, .box_w = 13, .box_h = 14, .ofs_x = 0, .ofs_y = -1},
    {.bitmap_index = 7543, .adv_w = 224, .box_w = 14, .box_h = 15, .ofs_x = 0, .ofs_y = -2},
    {.bitmap_index = 7593, .adv_w = 224, .box_w = 14, .box_h = 15, .ofs_x = 0, .ofs_y = -2},
    {.bitmap_index = 7635, .adv_w = 224, .box_w = 14, .box_h = 15, .ofs_x = 0, .ofs_y = -2},
    {.bitmap_index = 7685, .adv_w = 224, .box_w = 13, .box_h = 13, .ofs_x = 0, .ofs_y = -1},
    {.bitmap_index = 7724, .adv_w = 224, .box_w = 14, .box_h = 14, .ofs_x = 0, .ofs_y = -1},
    {.bitmap_index = 7769, .adv_w = 224, .box_w = 13, .box_h = 14, .ofs_x = 0, .ofs_y = -1},
    {.bitmap_index = 7811, .adv_w = 224, .box_w = 13, .box_h = 14, .ofs_x = 0, .ofs_y = -1},
    {.bitmap_index = 7854, .adv_w = 224, .box_w = 14, .box_h = 13, .ofs_x = 0, .ofs_y = -1},
    {.bitmap_index = 7898, .adv_w = 224, .box_w = 14, .box_h = 14, .ofs_x = 0, .ofs_y = -2},
    {.bitmap_index = 7947, .adv_w = 224, .box_w = 14, .box_h = 13, .ofs_x = 0, .ofs_y = -1},
    {.bitmap_index = 7986, .adv_w = 224, .box_w = 14, .box_h = 13, .ofs_x = 0, .ofs_y = -1},
    {.bitmap_index = 8030, .adv_w = 224, .box_w = 14, .box_h = 14, .ofs_x = 0, .ofs_y = -2},
    {.bitmap_index = 8059, .adv_w = 224, .box_w = 13, .box_h = 12, .ofs_x = 1, .ofs_y = -1},
    {.bitmap_index = 8089, .adv_w = 224, .box_w = 12, .box_h = 12, .ofs_x = 1, .ofs_y = -1},
    {.bitmap_index = 8117, .adv_w = 224, .box_w = 14, .box_h = 14, .ofs_x = 0, .ofs_y = -2},
    {.bitmap_index = 8159, .adv_w = 224, .box_w = 14, .box_h = 13, .ofs_x = 0, .ofs_y = -1},
    {.bitmap_index = 8201, .adv_w = 224, .box_w = 13, .box_h = 14, .ofs_x = 1, .ofs_y = -1},
    {.bitmap_index = 8240, .adv_w = 224, .box_w = 13, .box_h = 13, .ofs_x = 1, .ofs_y = -1},
    {.bitmap_index = 8279, .adv_w = 224, .box_w = 13, .box_h = 13, .ofs_x = 1, .ofs_y = -1},
    {.bitmap_index = 8316, .adv_w = 224, .box_w = 14, .box_h = 14, .ofs_x = 0, .ofs_y = -2},
    {.bitmap_index = 8361, .adv_w = 224, .box_w = 13, .box_h = 14, .ofs_x = 1, .ofs_y = -2},
    {.bitmap_index = 8403, .adv_w = 224, .box_w = 13, .box_h = 14, .ofs_x = 0, .ofs_y = -2},
    {.bitmap_index = 8445, .adv_w = 224, .box_w = 14, .box_h = 14, .ofs_x = 0, .ofs_y = -2},
    {.bitmap_index = 8490, .adv_w = 224, .box_w = 13, .box_h = 12, .ofs_x = 1, .ofs_y = -1},
    {.bitmap_index = 8519, .adv_w = 224, .box_w = 13, .box_h = 13, .ofs_x = 0, .ofs_y = -1},
    {.bitmap_index = 8554, .adv_w = 224, .box_w = 14, .box_h = 12, .ofs_x = 0, .ofs_y = -1},
    {.bitmap_index = 8584, .adv_w = 224, .box_w = 14, .box_h = 13, .ofs_x = 0, .ofs_y = -1},
    {.bitmap_index = 8626, .adv_w = 224, .box_w = 14, .box_h = 13, .ofs_x = 0, .ofs_y = -1},
    {.bitmap_index = 8661, .adv_w = 224, .box_w = 13, .box_h = 13, .ofs_x = 0, .ofs_y = -1},
    {.bitmap_index = 8696, .adv_w = 224, .box_w = 13, .box_h = 14, .ofs_x = 0, .ofs_y = -2},
    {.bitmap_index = 8738, .adv_w = 224, .box_w = 14, .box_h = 13, .ofs_x = 0, .ofs_y = -1},
    {.bitmap_index = 8775, .adv_w = 224, .box_w = 14, .box_h = 14, .ofs_x = 0, .ofs_y = -2},
    {.bitmap_index = 8818, .adv_w = 224, .box_w = 14, .box_h = 12, .ofs_x = 0, .ofs_y = -1},
    {.bitmap_index = 8855, .adv_w = 224, .box_w = 14, .box_h = 14, .ofs_x = 0, .ofs_y = -1},
    {.bitmap_index = 8898, .adv_w = 224, .box_w = 14, .box_h = 14, .ofs_x = 0, .ofs_y = -2},
    {.bitmap_index = 8943, .adv_w = 224, .box_w = 14, .box_h = 13, .ofs_x = 0, .ofs_y = -1},
    {.bitmap_index = 8989, .adv_w = 224, .box_w = 13, .box_h = 13, .ofs_x = 0, .ofs_y = -1},
    {.bitmap_index = 9028, .adv_w = 224, .box_w = 12, .box_h = 14, .ofs_x = 1, .ofs_y = -2},
    {.bitmap_index = 9061, .adv_w = 224, .box_w = 14, .box_h = 13, .ofs_x = 0, .ofs_y = -1},
    {.bitmap_index = 9097, .adv_w = 224, .box_w = 14, .box_h = 13, .ofs_x = 0, .ofs_y = -2},
    {.bitmap_index = 9137, .adv_w = 224, .box_w = 14, .box_h = 12, .ofs_x = 0, .ofs_y = -1},
    {.bitmap_index = 9173, .adv_w = 224, .box_w = 12, .box_h = 13, .ofs_x = 1, .ofs_y = -1},
    {.bitmap_index = 9203, .adv_w = 224, .box_w = 14, .box_h = 12, .ofs_x = 0, .ofs_y = -1},
    {.bitmap_index = 9232, .adv_w = 224, .box_w = 14, .box_h = 12, .ofs_x = 0, .ofs_y = -1},
    {.bitmap_index = 9266, .adv_w = 224, .box_w = 13, .box_h = 12, .ofs_x = 0, .ofs_y = -1},
    {.bitmap_index = 9298, .adv_w = 224, .box_w = 14, .box_h = 14, .ofs_x = 0, .ofs_y = -2},
    {.bitmap_index = 9342, .adv_w = 224, .box_w = 14, .box_h = 12, .ofs_x = 0, .ofs_y = -1},
    {.bitmap_index = 9381, .adv_w = 224, .box_w = 14, .box_h = 14, .ofs_x = 0, .ofs_y = -2},
    {.bitmap_index = 9426, .adv_w = 224, .box_w = 14, .box_h = 14, .ofs_x = 0, .ofs_y = -2},
    {.bitmap_index = 9471, .adv_w = 224, .box_w = 13, .box_h = 13, .ofs_x = 0, .ofs_y = -1},
    {.bitmap_index = 9507, .adv_w = 224, .box_w = 14, .box_h = 14, .ofs_x = 0, .ofs_y = -2},
    {.bitmap_index = 9553, .adv_w = 224, .box_w = 14, .box_h = 12, .ofs_x = 0, .ofs_y = -1},
    {.bitmap_index = 9594, .adv_w = 224, .box_w = 14, .box_h = 13, .ofs_x = 0, .ofs_y = -1},
    {.bitmap_index = 9635, .adv_w = 224, .box_w = 14, .box_h = 13, .ofs_x = 0, .ofs_y = -1},
    {.bitmap_index = 9676, .adv_w = 224, .box_w = 14, .box_h = 13, .ofs_x = 0, .ofs_y = -1},
    {.bitmap_index = 9720, .adv_w = 224, .box_w = 14, .box_h = 14, .ofs_x = 0, .ofs_y = -2},
    {.bitmap_index = 9769, .adv_w = 224, .box_w = 14, .box_h = 13, .ofs_x = 0, .ofs_y = -1},
    {.bitmap_index = 9815, .adv_w = 224, .box_w = 14, .box_h = 13, .ofs_x = 0, .ofs_y = -1},
    {.bitmap_index = 9856, .adv_w = 224, .box_w = 14, .box_h = 13, .ofs_x = 0, .ofs_y = -1},
    {.bitmap_index = 9901, .adv_w = 224, .box_w = 14, .box_h = 14, .ofs_x = 0, .ofs_y = -2},
    {.bitmap_index = 9950, .adv_w = 224, .box_w = 14, .box_h = 13, .ofs_x = 0, .ofs_y = -1},
    {.bitmap_index = 9996, .adv_w = 224, .box_w = 14, .box_h = 14, .ofs_x = 0, .ofs_y = -2},
    {.bitmap_index = 10047, .adv_w = 224, .box_w = 14, .box_h = 12, .ofs_x = 0, .ofs_y = -1},
    {.bitmap_index = 10070, .adv_w = 224, .box_w = 13, .box_h = 12, .ofs_x = 1, .ofs_y = -1},
    {.bitmap_index = 10100, .adv_w = 224, .box_w = 13, .box_h = 13, .ofs_x = 0, .ofs_y = -2},
    {.bitmap_index = 10136, .adv_w = 224, .box_w = 14, .box_h = 15, .ofs_x = 0, .ofs_y = -2},
    {.bitmap_index = 10182, .adv_w = 224, .box_w = 14, .box_h = 14, .ofs_x = 0, .ofs_y = -2},
    {.bitmap_index = 10222, .adv_w = 224, .box_w = 14, .box_h = 13, .ofs_x = 0, .ofs_y = -2},
    {.bitmap_index = 10260, .adv_w = 224, .box_w = 12, .box_h = 13, .ofs_x = 1, .ofs_y = -1},
    {.bitmap_index = 10294, .adv_w = 224, .box_w = 12, .box_h = 12, .ofs_x = 1, .ofs_y = -1},
    {.bitmap_index = 10314, .adv_w = 224, .box_w = 11, .box_h = 13, .ofs_x = 2, .ofs_y = -1},
    {.bitmap_index = 10340, .adv_w = 224, .box_w = 12, .box_h = 13, .ofs_x = 1, .ofs_y = -1},
    {.bitmap_index = 10369, .adv_w = 224, .box_w = 12, .box_h = 12, .ofs_x = 1, .ofs_y = -1},
    {.bitmap_index = 10404, .adv_w = 224, .box_w = 11, .box_h = 12, .ofs_x = 1, .ofs_y = -1},
    {.bitmap_index = 10433, .adv_w = 224, .box_w = 13, .box_h = 13, .ofs_x = 1, .ofs_y = -2},
    {.bitmap_index = 10473, .adv_w = 224, .box_w = 13, .box_h = 12, .ofs_x = 0, .ofs_y = -1},
    {.bitmap_index = 10508, .adv_w = 224, .box_w = 13, .box_h = 14, .ofs_x = 0, .ofs_y = -2},
    {.bitmap_index = 10535, .adv_w = 224, .box_w = 13, .box_h = 14, .ofs_x = 0, .ofs_y = -2},
    {.bitmap_index = 10576, .adv_w = 224, .box_w = 12, .box_h = 14, .ofs_x = 1, .ofs_y = -2},
    {.bitmap_index = 10614, .adv_w = 224, .box_w = 13, .box_h = 15, .ofs_x = 0, .ofs_y = -2},
    {.bitmap_index = 10655, .adv_w = 224, .box_w = 12, .box_h = 14, .ofs_x = 1, .ofs_y = -2},
    {.bitmap_index = 10691, .adv_w = 224, .box_w = 13, .box_h = 14, .ofs_x = 0, .ofs_y = -1},
    {.bitmap_index = 10729, .adv_w = 224, .box_w = 13, .box_h = 13, .ofs_x = 0, .ofs_y = -1},
    {.bitmap_index = 10767, .adv_w = 224, .box_w = 13, .box_h = 14, .ofs_x = 0, .ofs_y = -2},
    {.bitmap_index = 10806, .adv_w = 224, .box_w = 13, .box_h = 14, .ofs_x = 0, .ofs_y = -2},
    {.bitmap_index = 10846, .adv_w = 224, .box_w = 13, .box_h = 14, .ofs_x = 0, .ofs_y = -2},
    {.bitmap_index = 10885, .adv_w = 224, .box_w = 12, .box_h = 14, .ofs_x = 1, .ofs_y = -2},
    {.bitmap_index = 10923, .adv_w = 224, .box_w = 13, .box_h = 13, .ofs_x = 0, .ofs_y = -1},
    {.bitmap_index = 10963, .adv_w = 224, .box_w = 12, .box_h = 14, .ofs_x = 1, .ofs_y = -2},
    {.bitmap_index = 11001, .adv_w = 224, .box_w = 13, .box_h = 14, .ofs_x = 0, .ofs_y = -2},
    {.bitmap_index = 11036, .adv_w = 224, .box_w = 13, .box_h = 15, .ofs_x = 1, .ofs_y = -2},
    {.bitmap_index = 11085, .adv_w = 224, .box_w = 13, .box_h = 14, .ofs_x = 0, .ofs_y = -2},
    {.bitmap_index = 11126, .adv_w = 224, .box_w = 13, .box_h = 14, .ofs_x = 0, .ofs_y = -2},
    {.bitmap_index = 11169, .adv_w = 224, .box_w = 13, .box_h = 14, .ofs_x = 0, .ofs_y = -2},
    {.bitmap_index = 11210, .adv_w = 224, .box_w = 12, .box_h = 15, .ofs_x = 1, .ofs_y = -2},
    {.bitmap_index = 11251, .adv_w = 224, .box_w = 13, .box_h = 14, .ofs_x = 0, .ofs_y = -1},
    {.bitmap_index = 11292, .adv_w = 224, .box_w = 13, .box_h = 14, .ofs_x = 0, .ofs_y = -2},
    {.bitmap_index = 11334, .adv_w = 224, .box_w = 13, .box_h = 13, .ofs_x = 0, .ofs_y = -1},
    {.bitmap_index = 11370, .adv_w = 224, .box_w = 13, .box_h = 14, .ofs_x = 0, .ofs_y = -2},
    {.bitmap_index = 11411, .adv_w = 224, .box_w = 12, .box_h = 14, .ofs_x = 1, .ofs_y = -2},
    {.bitmap_index = 11448, .adv_w = 224, .box_w = 13, .box_h = 14, .ofs_x = 0, .ofs_y = -2},
    {.bitmap_index = 11491, .adv_w = 224, .box_w = 13, .box_h = 13, .ofs_x = 0, .ofs_y = -1},
    {.bitmap_index = 11522, .adv_w = 224, .box_w = 14, .box_h = 14, .ofs_x = 0, .ofs_y = -2},
    {.bitmap_index = 11566, .adv_w = 224, .box_w = 13, .box_h = 14, .ofs_x = 0, .ofs_y = -2},
    {.bitmap_index = 11604, .adv_w = 224, .box_w = 12, .box_h = 13, .ofs_x = 1, .ofs_y = -1},
    {.bitmap_index = 11636, .adv_w = 224, .box_w = 14, .box_h = 14, .ofs_x = 0, .ofs_y = -2},
    {.bitmap_index = 11681, .adv_w = 224, .box_w = 13, .box_h = 14, .ofs_x = 1, .ofs_y = -2},
    {.bitmap_index = 11726, .adv_w = 224, .box_w = 13, .box_h = 15, .ofs_x = 0, .ofs_y = -2},
    {.bitmap_index = 11769, .adv_w = 224, .box_w = 14, .box_h = 14, .ofs_x = 0, .ofs_y = -2},
    {.bitmap_index = 11814, .adv_w = 224, .box_w = 14, .box_h = 14, .ofs_x = 0, .ofs_y = -2},
    {.bitmap_index = 11863, .adv_w = 224, .box_w = 13, .box_h = 14, .ofs_x = 0, .ofs_y = -2},
    {.bitmap_index = 11907, .adv_w = 224, .box_w = 13, .box_h = 13, .ofs_x = 0, .ofs_y = -1},
    {.bitmap_index = 11947, .adv_w = 224, .box_w = 13, .box_h = 14, .ofs_x = 0, .ofs_y = -2},
    {.bitmap_index = 11990, .adv_w = 224, .box_w = 14, .box_h = 14, .ofs_x = 0, .ofs_y = -2},
    {.bitmap_index = 12039, .adv_w = 224, .box_w = 14, .box_h = 15, .ofs_x = 0, .ofs_y = -2},
    {.bitmap_index = 12088, .adv_w = 224, .box_w = 13, .box_h = 13, .ofs_x = 1, .ofs_y = -1},
    {.bitmap_index = 12130, .adv_w = 224, .box_w = 12, .box_h = 13, .ofs_x = 1, .ofs_y = -1},
    {.bitmap_index = 12163, .adv_w = 224, .box_w = 13, .box_h = 13, .ofs_x = 0, .ofs_y = -1},
    {.bitmap_index = 12200, .adv_w = 224, .box_w = 12, .box_h = 14, .ofs_x = 1, .ofs_y = -1},
    {.bitmap_index = 12241, .adv_w = 224, .box_w = 13, .box_h = 13, .ofs_x = 1, .ofs_y = -1},
    {.bitmap_index = 12278, .adv_w = 224, .box_w = 14, .box_h = 13, .ofs_x = 0, .ofs_y = -1},
    {.bitmap_index = 12318, .adv_w = 224, .box_w = 13, .box_h = 13, .ofs_x = 0, .ofs_y = -1},
    {.bitmap_index = 12359, .adv_w = 224, .box_w = 13, .box_h = 13, .ofs_x = 0, .ofs_y = -1},
    {.bitmap_index = 12397, .adv_w = 224, .box_w = 14, .box_h = 13, .ofs_x = 0, .ofs_y = -1},
    {.bitmap_index = 12429, .adv_w = 224, .box_w = 14, .box_h = 12, .ofs_x = 0, .ofs_y = -1},
    {.bitmap_index = 12457, .adv_w = 224, .box_w = 14, .box_h = 13, .ofs_x = 0, .ofs_y = -1},
    {.bitmap_index = 12499, .adv_w = 224, .box_w = 12, .box_h = 12, .ofs_x = 1, .ofs_y = -1},
    {.bitmap_index = 12530, .adv_w = 224, .box_w = 13, .box_h = 12, .ofs_x = 1, .ofs_y = -1},
    {.bitmap_index = 12560, .adv_w = 224, .box_w = 13, .box_h = 12, .ofs_x = 1, .ofs_y = -1},
    {.bitmap_index = 12592, .adv_w = 224, .box_w = 13, .box_h = 12, .ofs_x = 1, .ofs_y = -1},
    {.bitmap_index = 12629, .adv_w = 224, .box_w = 13, .box_h = 12, .ofs_x = 1, .ofs_y = -1},
    {.bitmap_index = 12658, .adv_w = 224, .box_w = 13, .box_h = 12, .ofs_x = 1, .ofs_y = -1},
    {.bitmap_index = 12692, .adv_w = 224, .box_w = 12, .box_h = 12, .ofs_x = 1, .ofs_y = -1},
    {.bitmap_index = 12725, .adv_w = 224, .box_w = 13, .box_h = 12, .ofs_x = 1, .ofs_y = -1},
    {.bitmap_index = 12762, .adv_w = 224, .box_w = 12, .box_h = 13, .ofs_x = 1, .ofs_y = -1},
    {.bitmap_index = 12774, .adv_w = 224, .box_w = 12, .box_h = 13, .ofs_x = 1, .ofs_y = -1},
    {.bitmap_index = 12796, .adv_w = 224, .box_w = 13, .box_h = 13, .ofs_x = 1, .ofs_y = -1},
    {.bitmap_index = 12827, .adv_w = 224, .box_w = 12, .box_h = 13, .ofs_x = 1, .ofs_y = -1},
    {.bitmap_index = 12852, .adv_w = 224, .box_w = 12, .box_h = 13, .ofs_x = 1, .ofs_y = -1},
    {.bitmap_index = 12883, .adv_w = 224, .box_w = 13, .box_h = 14, .ofs_x = 0, .ofs_y = -1},
    {.bitmap_index = 12918, .adv_w = 224, .box_w = 14, .box_h = 13, .ofs_x = 0, .ofs_y = -1},
    {.bitmap_index = 12958, .adv_w = 224, .box_w = 13, .box_h = 13, .ofs_x = 0, .ofs_y = -1},
    {.bitmap_index = 12994, .adv_w = 224, .box_w = 13, .box_h = 13, .ofs_x = 0, .ofs_y = -1},
    {.bitmap_index = 13034, .adv_w = 224, .box_w = 13, .box_h = 13, .ofs_x = 0, .ofs_y = -1},
    {.bitmap_index = 13073, .adv_w = 224, .box_w = 8, .box_h = 13, .ofs_x = 5, .ofs_y = -1},
    {.bitmap_index = 13089, .adv_w = 224, .box_w = 11, .box_h = 14, .ofs_x = 2, .ofs_y = -2},
    {.bitmap_index = 13113, .adv_w = 224, .box_w = 12, .box_h = 13, .ofs_x = 1, .ofs_y = -1},
    {.bitmap_index = 13140, .adv_w = 224, .box_w = 14, .box_h = 13, .ofs_x = 0, .ofs_y = -1},
    {.bitmap_index = 13182, .adv_w = 224, .box_w = 13, .box_h = 13, .ofs_x = 1, .ofs_y = -1},
    {.bitmap_index = 13215, .adv_w = 224, .box_w = 13, .box_h = 12, .ofs_x = 0, .ofs_y = -1},
    {.bitmap_index = 13245, .adv_w = 224, .box_w = 11, .box_h = 13, .ofs_x = 2, .ofs_y = -1},
    {.bitmap_index = 13271, .adv_w = 224, .box_w = 13, .box_h = 13, .ofs_x = 0, .ofs_y = -1},
    {.bitmap_index = 13309, .adv_w = 224, .box_w = 13, .box_h = 12, .ofs_x = 0, .ofs_y = -1},
    {.bitmap_index = 13343, .adv_w = 224, .box_w = 13, .box_h = 14, .ofs_x = 0, .ofs_y = -2},
    {.bitmap_index = 13385, .adv_w = 224, .box_w = 14, .box_h = 13, .ofs_x = 0, .ofs_y = -1},
    {.bitmap_index = 13429, .adv_w = 224, .box_w = 13, .box_h = 12, .ofs_x = 0, .ofs_y = -1},
    {.bitmap_index = 13448, .adv_w = 224, .box_w = 13, .box_h = 12, .ofs_x = 0, .ofs_y = -1},
    {.bitmap_index = 13473, .adv_w = 224, .box_w = 13, .box_h = 13, .ofs_x = 0, .ofs_y = -2},
    {.bitmap_index = 13512, .adv_w = 224, .box_w = 13, .box_h = 13, .ofs_x = 0, .ofs_y = -2},
    {.bitmap_index = 13548, .adv_w = 224, .box_w = 13, .box_h = 12, .ofs_x = 0, .ofs_y = -1},
    {.bitmap_index = 13578, .adv_w = 224, .box_w = 14, .box_h = 12, .ofs_x = 0, .ofs_y = -1},
    {.bitmap_index = 13614, .adv_w = 224, .box_w = 14, .box_h = 13, .ofs_x = 0, .ofs_y = -2},
    {.bitmap_index = 13653, .adv_w = 224, .box_w = 13, .box_h = 13, .ofs_x = 0, .ofs_y = -2},
    {.bitmap_index = 13691, .adv_w = 224, .box_w = 14, .box_h = 13, .ofs_x = 0, .ofs_y = -2},
    {.bitmap_index = 13733, .adv_w = 224, .box_w = 13, .box_h = 13, .ofs_x = 1, .ofs_y = -1},
    {.bitmap_index = 13767, .adv_w = 224, .box_w = 13, .box_h = 13, .ofs_x = 0, .ofs_y = -2},
    {.bitmap_index = 13806, .adv_w = 224, .box_w = 14, .box_h = 14, .ofs_x = 0, .ofs_y = -1},
    {.bitmap_index = 13851, .adv_w = 224, .box_w = 12, .box_h = 12, .ofs_x = 1, .ofs_y = -1},
    {.bitmap_index = 13884, .adv_w = 224, .box_w = 14, .box_h = 14, .ofs_x = 0, .ofs_y = -1},
    {.bitmap_index = 13925, .adv_w = 224, .box_w = 14, .box_h = 12, .ofs_x = 0, .ofs_y = -1},
    {.bitmap_index = 13966, .adv_w = 224, .box_w = 14, .box_h = 13, .ofs_x = 0, .ofs_y = -2},
    {.bitmap_index = 14002, .adv_w = 224, .box_w = 14, .box_h = 13, .ofs_x = 0, .ofs_y = -1},
    {.bitmap_index = 14044, .adv_w = 224, .box_w = 14, .box_h = 14, .ofs_x = 0, .ofs_y = -2},
    {.bitmap_index = 14091, .adv_w = 224, .box_w = 14, .box_h = 12, .ofs_x = 0, .ofs_y = -1},
    {.bitmap_index = 14130, .adv_w = 224, .box_w = 13, .box_h = 13, .ofs_x = 1, .ofs_y = -1},
    {.bitmap_index = 14170, .adv_w = 224, .box_w = 14, .box_h = 13, .ofs_x = 0, .ofs_y = -1},
    {.bitmap_index = 14212, .adv_w = 224, .box_w = 14, .box_h = 13, .ofs_x = 0, .ofs_y = -1},
    {.bitmap_index = 14257, .adv_w = 224, .box_w = 14, .box_h = 12, .ofs_x = 0, .ofs_y = -1},
    {.bitmap_index = 14296, .adv_w = 224, .box_w = 10, .box_h = 10, .ofs_x = 2, .ofs_y = 0},
    {.bitmap_index = 14306, .adv_w = 224, .box_w = 12, .box_h = 13, .ofs_x = 1, .ofs_y = -1},
    {.bitmap_index = 14329, .adv_w = 224, .box_w = 13, .box_h = 12, .ofs_x = 0, .ofs_y = -1},
    {.bitmap_index = 14356, .adv_w = 224, .box_w = 13, .box_h = 13, .ofs_x = 1, .ofs_y = -1},
    {.bitmap_index = 14382, .adv_w = 224, .box_w = 12, .box_h = 13, .ofs_x = 1, .ofs_y = -2},
    {.bitmap_index = 14413, .adv_w = 224, .box_w = 12, .box_h = 12, .ofs_x = 1, .ofs_y = -1},
    {.bitmap_index = 14436, .adv_w = 224, .box_w = 12, .box_h = 13, .ofs_x = 1, .ofs_y = -1},
    {.bitmap_index = 14466, .adv_w = 224, .box_w = 13, .box_h = 14, .ofs_x = 0, .ofs_y = -2},
    {.bitmap_index = 14502, .adv_w = 224, .box_w = 12, .box_h = 13, .ofs_x = 1, .ofs_y = -1},
    {.bitmap_index = 14534, .adv_w = 224, .box_w = 12, .box_h = 13, .ofs_x = 1, .ofs_y = -1},
    {.bitmap_index = 14561, .adv_w = 224, .box_w = 14, .box_h = 12, .ofs_x = 0, .ofs_y = -1},
    {.bitmap_index = 14596, .adv_w = 224, .box_w = 12, .box_h = 12, .ofs_x = 1, .ofs_y = -1},
    {.bitmap_index = 14624, .adv_w = 224, .box_w = 12, .box_h = 12, .ofs_x = 1, .ofs_y = -1},
    {.bitmap_index = 14656, .adv_w = 224, .box_w = 12, .box_h = 13, .ofs_x = 1, .ofs_y = -1},
    {.bitmap_index = 14692, .adv_w = 224, .box_w = 14, .box_h = 14, .ofs_x = 0, .ofs_y = -2},
    {.bitmap_index = 14734, .adv_w = 224, .box_w = 14, .box_h = 15, .ofs_x = 0, .ofs_y = -2},
    {.bitmap_index = 14774, .adv_w = 224, .box_w = 11, .box_h = 12, .ofs_x = 2, .ofs_y = -1},
    {.bitmap_index = 14800, .adv_w = 224, .box_w = 12, .box_h = 12, .ofs_x = 1, .ofs_y = -1},
    {.bitmap_index = 14825, .adv_w = 224, .box_w = 12, .box_h = 13, .ofs_x = 0, .ofs_y = -1},
    {.bitmap_index = 14857, .adv_w = 224, .box_w = 14, .box_h = 13, .ofs_x = 0, .ofs_y = -1},
    {.bitmap_index = 14893, .adv_w = 224, .box_w = 12, .box_h = 13, .ofs_x = 1, .ofs_y = -1},
    {.bitmap_index = 14922, .adv_w = 224, .box_w = 12, .box_h = 13, .ofs_x = 1, .ofs_y = -1},
    {.bitmap_index = 14948, .adv_w = 224, .box_w = 12, .box_h = 12, .ofs_x = 1, .ofs_y = -1},
    {.bitmap_index = 14973, .adv_w = 224, .box_w = 12, .box_h = 12, .ofs_x = 1, .ofs_y = -1},
    {.bitmap_index = 15004, .adv_w = 224, .box_w = 14, .box_h = 13, .ofs_x = 0, .ofs_y = -2},
    {.bitmap_index = 15044, .adv_w = 224, .box_w = 14, .box_h = 13, .ofs_x = 0, .ofs_y = -2},
    {.bitmap_index = 15079, .adv_w = 224, .box_w = 13, .box_h = 13, .ofs_x = 1, .ofs_y = -1},
    {.bitmap_index = 15114, .adv_w = 224, .box_w = 13, .box_h = 12, .ofs_x = 1, .ofs_y = -1},
    {.bitmap_index = 15152, .adv_w = 224, .box_w = 14, .box_h = 14, .ofs_x = 0, .ofs_y = -1},
    {.bitmap_index = 15192, .adv_w = 224, .box_w = 13, .box_h = 14, .ofs_x = 1, .ofs_y = -2},
    {.bitmap_index = 15231, .adv_w = 224, .box_w = 13, .box_h = 14, .ofs_x = 1, .ofs_y = -2},
    {.bitmap_index = 15272, .adv_w = 224, .box_w = 13, .box_h = 14, .ofs_x = 0, .ofs_y = -2},
    {.bitmap_index = 15308, .adv_w = 224, .box_w = 13, .box_h = 14, .ofs_x = 1, .ofs_y = -2},
    {.bitmap_index = 15348, .adv_w = 224, .box_w = 13, .box_h = 13, .ofs_x = 1, .ofs_y = -2},
    {.bitmap_index = 15388, .adv_w = 224, .box_w = 13, .box_h = 13, .ofs_x = 1, .ofs_y = -1},
    {.bitmap_index = 15427, .adv_w = 224, .box_w = 12, .box_h = 14, .ofs_x = 1, .ofs_y = -2},
    {.bitmap_index = 15467, .adv_w = 224, .box_w = 12, .box_h = 14, .ofs_x = 1, .ofs_y = -2},
    {.bitmap_index = 15504, .adv_w = 224, .box_w = 14, .box_h = 13, .ofs_x = 0, .ofs_y = -2},
    {.bitmap_index = 15542, .adv_w = 224, .box_w = 14, .box_h = 12, .ofs_x = 0, .ofs_y = -1},
    {.bitmap_index = 15577, .adv_w = 224, .box_w = 12, .box_h = 12, .ofs_x = 1, .ofs_y = -1},
    {.bitmap_index = 15607, .adv_w = 224, .box_w = 13, .box_h = 13, .ofs_x = 0, .ofs_y = -1},
    {.bitmap_index = 15641, .adv_w = 224, .box_w = 12, .box_h = 14, .ofs_x = 1, .ofs_y = -2},
    {.bitmap_index = 15675, .adv_w = 224, .box_w = 12, .box_h = 13, .ofs_x = 1, .ofs_y = -2},
    {.bitmap_index = 15709, .adv_w = 224, .box_w = 12, .box_h = 13, .ofs_x = 1, .ofs_y = -1},
    {.bitmap_index = 15742, .adv_w = 224, .box_w = 12, .box_h = 12, .ofs_x = 1, .ofs_y = -1},
    {.bitmap_index = 15774, .adv_w = 224, .box_w = 13, .box_h = 13, .ofs_x = 0, .ofs_y = -2},
    {.bitmap_index = 15812, .adv_w = 224, .box_w = 13, .box_h = 13, .ofs_x = 1, .ofs_y = -1},
    {.bitmap_index = 15853, .adv_w = 224, .box_w = 12, .box_h = 12, .ofs_x = 1, .ofs_y = -1},
    {.bitmap_index = 15879, .adv_w = 224, .box_w = 12, .box_h = 13, .ofs_x = 1, .ofs_y = -1},
    {.bitmap_index = 15915, .adv_w = 224, .box_w = 14, .box_h = 14, .ofs_x = 0, .ofs_y = -1},
    {.bitmap_index = 15954, .adv_w = 224, .box_w = 12, .box_h = 12, .ofs_x = 1, .ofs_y = -1},
    {.bitmap_index = 15984, .adv_w = 224, .box_w = 13, .box_h = 13, .ofs_x = 0, .ofs_y = -1},
    {.bitmap_index = 16022, .adv_w = 224, .box_w = 13, .box_h = 13, .ofs_x = 1, .ofs_y = -1},
    {.bitmap_index = 16063, .adv_w = 224, .box_w = 12, .box_h = 14, .ofs_x = 1, .ofs_y = -2},
    {.bitmap_index = 16096, .adv_w = 224, .box_w = 12, .box_h = 13, .ofs_x = 1, .ofs_y = -1},
    {.bitmap_index = 16136, .adv_w = 224, .box_w = 13, .box_h = 13, .ofs_x = 1, .ofs_y = -1},
    {.bitmap_index = 16176, .adv_w = 224, .box_w = 12, .box_h = 14, .ofs_x = 1, .ofs_y = -2},
    {.bitmap_index = 16213, .adv_w = 224, .box_w = 12, .box_h = 13, .ofs_x = 1, .ofs_y = -1},
    {.bitmap_index = 16251, .adv_w = 224, .box_w = 14, .box_h = 13, .ofs_x = 0, .ofs_y = -1},
    {.bitmap_index = 16293, .adv_w = 224, .box_w = 12, .box_h = 12, .ofs_x = 1, .ofs_y = -1},
    {.bitmap_index = 16326, .adv_w = 224, .box_w = 14, .box_h = 14, .ofs_x = 0, .ofs_y = -2},
    {.bitmap_index = 16368, .adv_w = 224, .box_w = 12, .box_h = 13, .ofs_x = 1, .ofs_y = -2},
    {.bitmap_index = 16398, .adv_w = 224, .box_w = 13, .box_h = 13, .ofs_x = 1, .ofs_y = -1},
    {.bitmap_index = 16437, .adv_w = 224, .box_w = 13, .box_h = 13, .ofs_x = 1, .ofs_y = -1},
    {.bitmap_index = 16474, .adv_w = 224, .box_w = 13, .box_h = 13, .ofs_x = 1, .ofs_y = -1},
    {.bitmap_index = 16511, .adv_w = 224, .box_w = 12, .box_h = 15, .ofs_x = 1, .ofs_y = -2},
    {.bitmap_index = 16545, .adv_w = 224, .box_w = 13, .box_h = 13, .ofs_x = 1, .ofs_y = -1},
    {.bitmap_index = 16585, .adv_w = 224, .box_w = 12, .box_h = 12, .ofs_x = 1, .ofs_y = -1},
    {.bitmap_index = 16619, .adv_w = 224, .box_w = 13, .box_h = 12, .ofs_x = 1, .ofs_y = -1},
    {.bitmap_index = 16654, .adv_w = 224, .box_w = 13, .box_h = 13, .ofs_x = 1, .ofs_y = -2},
    {.bitmap_index = 16694, .adv_w = 224, .box_w = 13, .box_h = 12, .ofs_x = 1, .ofs_y = -1},
    {.bitmap_index = 16728, .adv_w = 224, .box_w = 13, .box_h = 13, .ofs_x = 0, .ofs_y = -1},
    {.bitmap_index = 16768, .adv_w = 224, .box_w = 12, .box_h = 14, .ofs_x = 1, .ofs_y = -1},
    {.bitmap_index = 16804, .adv_w = 224, .box_w = 13, .box_h = 13, .ofs_x = 1, .ofs_y = -1},
    {.bitmap_index = 16844, .adv_w = 224, .box_w = 14, .box_h = 14, .ofs_x = 0, .ofs_y = -2},
    {.bitmap_index = 16887, .adv_w = 224, .box_w = 13, .box_h = 14, .ofs_x = 1, .ofs_y = -2},
    {.bitmap_index = 16928, .adv_w = 224, .box_w = 14, .box_h = 14, .ofs_x = 0, .ofs_y = -2},
    {.bitmap_index = 16970, .adv_w = 224, .box_w = 13, .box_h = 13, .ofs_x = 1, .ofs_y = -1},
    {.bitmap_index = 17009, .adv_w = 224, .box_w = 12, .box_h = 12, .ofs_x = 1, .ofs_y = -1},
    {.bitmap_index = 17042, .adv_w = 224, .box_w = 12, .box_h = 13, .ofs_x = 1, .ofs_y = -1},
    {.bitmap_index = 17079, .adv_w = 224, .box_w = 12, .box_h = 14, .ofs_x = 1, .ofs_y = -2},
    {.bitmap_index = 17118, .adv_w = 224, .box_w = 12, .box_h = 12, .ofs_x = 1, .ofs_y = -1},
    {.bitmap_index = 17149, .adv_w = 224, .box_w = 12, .box_h = 14, .ofs_x = 1, .ofs_y = -1},
    {.bitmap_index = 17188, .adv_w = 224, .box_w = 12, .box_h = 13, .ofs_x = 1, .ofs_y = -1},
    {.bitmap_index = 17224, .adv_w = 224, .box_w = 12, .box_h = 13, .ofs_x = 1, .ofs_y = -1},
    {.bitmap_index = 17262, .adv_w = 224, .box_w = 13, .box_h = 13, .ofs_x = 1, .ofs_y = -1},
    {.bitmap_index = 17302, .adv_w = 224, .box_w = 13, .box_h = 13, .ofs_x = 1, .ofs_y = -2},
    {.bitmap_index = 17340, .adv_w = 224, .box_w = 12, .box_h = 14, .ofs_x = 1, .ofs_y = -2},
    {.bitmap_index = 17379, .adv_w = 224, .box_w = 13, .box_h = 14, .ofs_x = 1, .ofs_y = -2},
    {.bitmap_index = 17424, .adv_w = 224, .box_w = 12, .box_h = 14, .ofs_x = 1, .ofs_y = -2},
    {.bitmap_index = 17465, .adv_w = 224, .box_w = 13, .box_h = 13, .ofs_x = 1, .ofs_y = -1},
    {.bitmap_index = 17504, .adv_w = 224, .box_w = 12, .box_h = 14, .ofs_x = 1, .ofs_y = -2},
    {.bitmap_index = 17539, .adv_w = 224, .box_w = 13, .box_h = 13, .ofs_x = 1, .ofs_y = -1},
    {.bitmap_index = 17576, .adv_w = 224, .box_w = 12, .box_h = 12, .ofs_x = 1, .ofs_y = -1},
    {.bitmap_index = 17609, .adv_w = 224, .box_w = 12, .box_h = 14, .ofs_x = 1, .ofs_y = -2},
    {.bitmap_index = 17650, .adv_w = 224, .box_w = 13, .box_h = 15, .ofs_x = 1, .ofs_y = -2},
    {.bitmap_index = 17695, .adv_w = 224, .box_w = 13, .box_h = 12, .ofs_x = 1, .ofs_y = -1},
    {.bitmap_index = 17733, .adv_w = 224, .box_w = 12, .box_h = 14, .ofs_x = 1, .ofs_y = -2},
    {.bitmap_index = 17775, .adv_w = 224, .box_w = 13, .box_h = 14, .ofs_x = 1, .ofs_y = -1},
    {.bitmap_index = 17817, .adv_w = 224, .box_w = 14, .box_h = 14, .ofs_x = 0, .ofs_y = -2},
    {.bitmap_index = 17863, .adv_w = 224, .box_w = 13, .box_h = 14, .ofs_x = 1, .ofs_y = -2},
    {.bitmap_index = 17907, .adv_w = 224, .box_w = 12, .box_h = 13, .ofs_x = 1, .ofs_y = -1},
    {.bitmap_index = 17943, .adv_w = 224, .box_w = 13, .box_h = 14, .ofs_x = 1, .ofs_y = -2},
    {.bitmap_index = 17988, .adv_w = 224, .box_w = 13, .box_h = 13, .ofs_x = 1, .ofs_y = -2},
    {.bitmap_index = 18029, .adv_w = 224, .box_w = 14, .box_h = 12, .ofs_x = 0, .ofs_y = -1},
    {.bitmap_index = 18072, .adv_w = 224, .box_w = 13, .box_h = 12, .ofs_x = 1, .ofs_y = -1},
    {.bitmap_index = 18108, .adv_w = 224, .box_w = 12, .box_h = 13, .ofs_x = 1, .ofs_y = -1},
    {.bitmap_index = 18147, .adv_w = 224, .box_w = 13, .box_h = 14, .ofs_x = 1, .ofs_y = -2},
    {.bitmap_index = 18190, .adv_w = 224, .box_w = 14, .box_h = 14, .ofs_x = 0, .ofs_y = -2},
    {.bitmap_index = 18239, .adv_w = 224, .box_w = 12, .box_h = 13, .ofs_x = 1, .ofs_y = -2},
    {.bitmap_index = 18268, .adv_w = 224, .box_w = 12, .box_h = 12, .ofs_x = 1, .ofs_y = -1},
    {.bitmap_index = 18294, .adv_w = 224, .box_w = 12, .box_h = 13, .ofs_x = 1, .ofs_y = -2},
    {.bitmap_index = 18327, .adv_w = 224, .box_w = 12, .box_h = 12, .ofs_x = 1, .ofs_y = -1},
    {.bitmap_index = 18358, .adv_w = 224, .box_w = 12, .box_h = 12, .ofs_x = 1, .ofs_y = -1},
    {.bitmap_index = 18390, .adv_w = 224, .box_w = 12, .box_h = 12, .ofs_x = 1, .ofs_y = -1},
    {.bitmap_index = 18423, .adv_w = 224, .box_w = 12, .box_h = 13, .ofs_x = 1, .ofs_y = -1},
    {.bitmap_index = 18457, .adv_w = 224, .box_w = 12, .box_h = 12, .ofs_x = 1, .ofs_y = -1},
    {.bitmap_index = 18490, .adv_w = 224, .box_w = 12, .box_h = 12, .ofs_x = 1, .ofs_y = -1},
    {.bitmap_index = 18520, .adv_w = 224, .box_w = 12, .box_h = 12, .ofs_x = 1, .ofs_y = -1},
    {.bitmap_index = 18550, .adv_w = 224, .box_w = 12, .box_h = 12, .ofs_x = 1, .ofs_y = -1},
    {.bitmap_index = 18583, .adv_w = 224, .box_w = 12, .box_h = 13, .ofs_x = 1, .ofs_y = -2},
    {.bitmap_index = 18618, .adv_w = 224, .box_w = 12, .box_h = 12, .ofs_x = 1, .ofs_y = -1},
    {.bitmap_index = 18648, .adv_w = 224, .box_w = 12, .box_h = 13, .ofs_x = 1, .ofs_y = -2},
    {.bitmap_index = 18685, .adv_w = 224, .box_w = 12, .box_h = 13, .ofs_x = 1, .ofs_y = -1},
    {.bitmap_index = 18702, .adv_w = 224, .box_w = 14, .box_h = 12, .ofs_x = 0, .ofs_y = -1},
    {.bitmap_index = 18742, .adv_w = 224, .box_w = 13, .box_h = 13, .ofs_x = 0, .ofs_y = -1},
    {.bitmap_index = 18777, .adv_w = 224, .box_w = 12, .box_h = 12, .ofs_x = 1, .ofs_y = -1},
    {.bitmap_index = 18811, .adv_w = 224, .box_w = 14, .box_h = 12, .ofs_x = 0, .ofs_y = -1},
    {.bitmap_index = 18849, .adv_w = 224, .box_w = 13, .box_h = 13, .ofs_x = 0, .ofs_y = -2},
    {.bitmap_index = 18884, .adv_w = 224, .box_w = 13, .box_h = 12, .ofs_x = 0, .ofs_y = -1},
    {.bitmap_index = 18921, .adv_w = 224, .box_w = 13, .box_h = 13, .ofs_x = 0, .ofs_y = -1},
    {.bitmap_index = 18959, .adv_w = 224, .box_w = 14, .box_h = 14, .ofs_x = 0, .ofs_y = -2},
    {.bitmap_index = 19001, .adv_w = 224, .box_w = 14, .box_h = 12, .ofs_x = 0, .ofs_y = -1},
    {.bitmap_index = 19036, .adv_w = 224, .box_w = 12, .box_h = 12, .ofs_x = 1, .ofs_y = -1},
    {.bitmap_index = 19070, .adv_w = 224, .box_w = 14, .box_h = 14, .ofs_x = 0, .ofs_y = -2},
    {.bitmap_index = 19110, .adv_w = 224, .box_w = 14, .box_h = 14, .ofs_x = 0, .ofs_y = -2},
    {.bitmap_index = 19156, .adv_w = 224, .box_w = 14, .box_h = 13, .ofs_x = 0, .ofs_y = -1},
    {.bitmap_index = 19197, .adv_w = 224, .box_w = 14, .box_h = 13, .ofs_x = 0, .ofs_y = -1},
    {.bitmap_index = 19234, .adv_w = 224, .box_w = 14, .box_h = 13, .ofs_x = 0, .ofs_y = -1},
    {.bitmap_index = 19275, .adv_w = 224, .box_w = 13, .box_h = 12, .ofs_x = 0, .ofs_y = -1},
    {.bitmap_index = 19309, .adv_w = 224, .box_w = 14, .box_h = 12, .ofs_x = 0, .ofs_y = -1},
    {.bitmap_index = 19343, .adv_w = 224, .box_w = 14, .box_h = 12, .ofs_x = 0, .ofs_y = -1},
    {.bitmap_index = 19379, .adv_w = 224, .box_w = 14, .box_h = 12, .ofs_x = 0, .ofs_y = -1},
    {.bitmap_index = 19416, .adv_w = 224, .box_w = 12, .box_h = 13, .ofs_x = 1, .ofs_y = -1},
    {.bitmap_index = 19454, .adv_w = 224, .box_w = 14, .box_h = 13, .ofs_x = 0, .ofs_y = -1},
    {.bitmap_index = 19497, .adv_w = 224, .box_w = 14, .box_h = 14, .ofs_x = 0, .ofs_y = -2},
    {.bitmap_index = 19540, .adv_w = 224, .box_w = 13, .box_h = 12, .ofs_x = 1, .ofs_y = -1},
    {.bitmap_index = 19575, .adv_w = 224, .box_w = 14, .box_h = 13, .ofs_x = 0, .ofs_y = -1},
    {.bitmap_index = 19618, .adv_w = 224, .box_w = 14, .box_h = 13, .ofs_x = 0, .ofs_y = -2},
    {.bitmap_index = 19661, .adv_w = 224, .box_w = 14, .box_h = 12, .ofs_x = 0, .ofs_y = -1},
    {.bitmap_index = 19700, .adv_w = 224, .box_w = 14, .box_h = 14, .ofs_x = 0, .ofs_y = -2},
    {.bitmap_index = 19747, .adv_w = 224, .box_w = 14, .box_h = 13, .ofs_x = 0, .ofs_y = -1},
    {.bitmap_index = 19789, .adv_w = 224, .box_w = 14, .box_h = 13, .ofs_x = 0, .ofs_y = -1},
    {.bitmap_index = 19830, .adv_w = 224, .box_w = 14, .box_h = 14, .ofs_x = 0, .ofs_y = -1},
    {.bitmap_index = 19874, .adv_w = 224, .box_w = 13, .box_h = 13, .ofs_x = 1, .ofs_y = -1},
    {.bitmap_index = 19915, .adv_w = 224, .box_w = 14, .box_h = 13, .ofs_x = 0, .ofs_y = -1},
    {.bitmap_index = 19957, .adv_w = 224, .box_w = 13, .box_h = 13, .ofs_x = 0, .ofs_y = -1},
    {.bitmap_index = 19998, .adv_w = 224, .box_w = 14, .box_h = 13, .ofs_x = 0, .ofs_y = -1},
    {.bitmap_index = 20043, .adv_w = 224, .box_w = 14, .box_h = 13, .ofs_x = 0, .ofs_y = -1},
    {.bitmap_index = 20084, .adv_w = 224, .box_w = 14, .box_h = 14, .ofs_x = 0, .ofs_y = -1},
    {.bitmap_index = 20128, .adv_w = 224, .box_w = 14, .box_h = 14, .ofs_x = 0, .ofs_y = -2},
    {.bitmap_index = 20173, .adv_w = 224, .box_w = 14, .box_h = 13, .ofs_x = 0, .ofs_y = -1},
    {.bitmap_index = 20219, .adv_w = 224, .box_w = 14, .box_h = 13, .ofs_x = 0, .ofs_y = -1},
    {.bitmap_index = 20261, .adv_w = 224, .box_w = 14, .box_h = 14, .ofs_x = 0, .ofs_y = -2},
    {.bitmap_index = 20307, .adv_w = 224, .box_w = 14, .box_h = 13, .ofs_x = 0, .ofs_y = -1},
    {.bitmap_index = 20351, .adv_w = 224, .box_w = 13, .box_h = 13, .ofs_x = 0, .ofs_y = -1},
    {.bitmap_index = 20390, .adv_w = 224, .box_w = 14, .box_h = 13, .ofs_x = 0, .ofs_y = -1},
    {.bitmap_index = 20432, .adv_w = 224, .box_w = 14, .box_h = 13, .ofs_x = 0, .ofs_y = -1},
    {.bitmap_index = 20476, .adv_w = 224, .box_w = 14, .box_h = 15, .ofs_x = 0, .ofs_y = -2},
    {.bitmap_index = 20524, .adv_w = 224, .box_w = 14, .box_h = 13, .ofs_x = 0, .ofs_y = -1},
    {.bitmap_index = 20570, .adv_w = 224, .box_w = 14, .box_h = 13, .ofs_x = 0, .ofs_y = -1},
    {.bitmap_index = 20606, .adv_w = 224, .box_w = 13, .box_h = 13, .ofs_x = 0, .ofs_y = -1},
    {.bitmap_index = 20641, .adv_w = 224, .box_w = 14, .box_h = 13, .ofs_x = 0, .ofs_y = -1},
    {.bitmap_index = 20684, .adv_w = 224, .box_w = 13, .box_h = 14, .ofs_x = 0, .ofs_y = -2},
    {.bitmap_index = 20725, .adv_w = 224, .box_w = 13, .box_h = 13, .ofs_x = 0, .ofs_y = -1},
    {.bitmap_index = 20765, .adv_w = 224, .box_w = 14, .box_h = 14, .ofs_x = 0, .ofs_y = -2},
    {.bitmap_index = 20810, .adv_w = 224, .box_w = 14, .box_h = 13, .ofs_x = 0, .ofs_y = -1},
    {.bitmap_index = 20850, .adv_w = 224, .box_w = 11, .box_h = 13, .ofs_x = 1, .ofs_y = -1},
    {.bitmap_index = 20882, .adv_w = 224, .box_w = 14, .box_h = 14, .ofs_x = 0, .ofs_y = -1},
    {.bitmap_index = 20923, .adv_w = 224, .box_w = 12, .box_h = 13, .ofs_x = 1, .ofs_y = -1},
    {.bitmap_index = 20961, .adv_w = 224, .box_w = 14, .box_h = 13, .ofs_x = 0, .ofs_y = -1},
    {.bitmap_index = 21003, .adv_w = 224, .box_w = 13, .box_h = 14, .ofs_x = 0, .ofs_y = -2},
    {.bitmap_index = 21049, .adv_w = 224, .box_w = 13, .box_h = 13, .ofs_x = 1, .ofs_y = -1},
    {.bitmap_index = 21083, .adv_w = 224, .box_w = 13, .box_h = 12, .ofs_x = 1, .ofs_y = -1},
    {.bitmap_index = 21114, .adv_w = 224, .box_w = 13, .box_h = 13, .ofs_x = 1, .ofs_y = -1},
    {.bitmap_index = 21150, .adv_w = 224, .box_w = 13, .box_h = 13, .ofs_x = 1, .ofs_y = -1},
    {.bitmap_index = 21184, .adv_w = 224, .box_w = 14, .box_h = 13, .ofs_x = 0, .ofs_y = -1},
    {.bitmap_index = 21222, .adv_w = 224, .box_w = 13, .box_h = 13, .ofs_x = 1, .ofs_y = -1},
    {.bitmap_index = 21260, .adv_w = 224, .box_w = 13, .box_h = 13, .ofs_x = 0, .ofs_y = -1},
    {.bitmap_index = 21296, .adv_w = 224, .box_w = 14, .box_h = 14, .ofs_x = 0, .ofs_y = -2},
    {.bitmap_index = 21344, .adv_w = 224, .box_w = 14, .box_h = 13, .ofs_x = 0, .ofs_y = -1},
    {.bitmap_index = 21385, .adv_w = 224, .box_w = 14, .box_h = 13, .ofs_x = 0, .ofs_y = -1},
    {.bitmap_index = 21427, .adv_w = 224, .box_w = 14, .box_h = 13, .ofs_x = 0, .ofs_y = -1},
    {.bitmap_index = 21467, .adv_w = 224, .box_w = 14, .box_h = 13, .ofs_x = 0, .ofs_y = -1},
    {.bitmap_index = 21511, .adv_w = 224, .box_w = 14, .box_h = 13, .ofs_x = 0, .ofs_y = -1},
    {.bitmap_index = 21552, .adv_w = 224, .box_w = 14, .box_h = 14, .ofs_x = 0, .ofs_y = -2},
    {.bitmap_index = 21601, .adv_w = 224, .box_w = 14, .box_h = 13, .ofs_x = 0, .ofs_y = -1},
    {.bitmap_index = 21646, .adv_w = 224, .box_w = 14, .box_h = 14, .ofs_x = 0, .ofs_y = -2},
    {.bitmap_index = 21692, .adv_w = 224, .box_w = 14, .box_h = 14, .ofs_x = 0, .ofs_y = -1},
    {.bitmap_index = 21738, .adv_w = 224, .box_w = 14, .box_h = 13, .ofs_x = 0, .ofs_y = -1},
    {.bitmap_index = 21780, .adv_w = 224, .box_w = 14, .box_h = 13, .ofs_x = 0, .ofs_y = -1},
    {.bitmap_index = 21824, .adv_w = 224, .box_w = 14, .box_h = 14, .ofs_x = 0, .ofs_y = -2},
    {.bitmap_index = 21871, .adv_w = 224, .box_w = 12, .box_h = 13, .ofs_x = 1, .ofs_y = -1},
    {.bitmap_index = 21906, .adv_w = 224, .box_w = 14, .box_h = 13, .ofs_x = 0, .ofs_y = -1},
    {.bitmap_index = 21951, .adv_w = 224, .box_w = 14, .box_h = 13, .ofs_x = 0, .ofs_y = -1},
    {.bitmap_index = 21994, .adv_w = 224, .box_w = 14, .box_h = 14, .ofs_x = 0, .ofs_y = -2},
    {.bitmap_index = 22039, .adv_w = 224, .box_w = 13, .box_h = 15, .ofs_x = 0, .ofs_y = -2},
    {.bitmap_index = 22083, .adv_w = 224, .box_w = 13, .box_h = 14, .ofs_x = 0, .ofs_y = -2},
    {.bitmap_index = 22124, .adv_w = 224, .box_w = 13, .box_h = 13, .ofs_x = 0, .ofs_y = -1},
    {.bitmap_index = 22164, .adv_w = 224, .box_w = 14, .box_h = 13, .ofs_x = 0, .ofs_y = -1},
    {.bitmap_index = 22209, .adv_w = 224, .box_w = 14, .box_h = 14, .ofs_x = 0, .ofs_y = -2},
    {.bitmap_index = 22255, .adv_w = 224, .box_w = 13, .box_h = 14, .ofs_x = 0, .ofs_y = -2},
    {.bitmap_index = 22300, .adv_w = 224, .box_w = 14, .box_h = 15, .ofs_x = 0, .ofs_y = -2},
    {.bitmap_index = 22350, .adv_w = 224, .box_w = 13, .box_h = 13, .ofs_x = 0, .ofs_y = -1},
    {.bitmap_index = 22391, .adv_w = 224, .box_w = 14, .box_h = 14, .ofs_x = 0, .ofs_y = -2},
    {.bitmap_index = 22440, .adv_w = 224, .box_w = 13, .box_h = 14, .ofs_x = 1, .ofs_y = -2},
    {.bitmap_index = 22487, .adv_w = 224, .box_w = 14, .box_h = 14, .ofs_x = 0, .ofs_y = -2},
    {.bitmap_index = 22536, .adv_w = 224, .box_w = 14, .box_h = 14, .ofs_x = 0, .ofs_y = -2},
    {.bitmap_index = 22583, .adv_w = 224, .box_w = 14, .box_h = 13, .ofs_x = 0, .ofs_y = -1},
    {.bitmap_index = 22625, .adv_w = 224, .box_w = 14, .box_h = 13, .ofs_x = 0, .ofs_y = -1},
    {.bitmap_index = 22665, .adv_w = 224, .box_w = 13, .box_h = 13, .ofs_x = 0, .ofs_y = -1},
    {.bitmap_index = 22709, .adv_w = 224, .box_w = 13, .box_h = 14, .ofs_x = 0, .ofs_y = -2},
    {.bitmap_index = 22754, .adv_w = 224, .box_w = 14, .box_h = 14, .ofs_x = 0, .ofs_y = -2},
    {.bitmap_index = 22801, .adv_w = 224, .box_w = 14, .box_h = 14, .ofs_x = 0, .ofs_y = -2},
    {.bitmap_index = 22846, .adv_w = 224, .box_w = 13, .box_h = 14, .ofs_x = 0, .ofs_y = -2},
    {.bitmap_index = 22891, .adv_w = 224, .box_w = 14, .box_h = 14, .ofs_x = 0, .ofs_y = -2},
    {.bitmap_index = 22940, .adv_w = 224, .box_w = 14, .box_h = 14, .ofs_x = 0, .ofs_y = -2},
    {.bitmap_index = 22987, .adv_w = 224, .box_w = 14, .box_h = 13, .ofs_x = 0, .ofs_y = -1},
    {.bitmap_index = 23028, .adv_w = 224, .box_w = 14, .box_h = 14, .ofs_x = 0, .ofs_y = -2},
    {.bitmap_index = 23077, .adv_w = 224, .box_w = 14, .box_h = 14, .ofs_x = 0, .ofs_y = -2},
    {.bitmap_index = 23127, .adv_w = 224, .box_w = 14, .box_h = 14, .ofs_x = 0, .ofs_y = -2},
    {.bitmap_index = 23175, .adv_w = 224, .box_w = 14, .box_h = 14, .ofs_x = 0, .ofs_y = -2},
    {.bitmap_index = 23223, .adv_w = 224, .box_w = 14, .box_h = 14, .ofs_x = 0, .ofs_y = -2},
    {.bitmap_index = 23272, .adv_w = 224, .box_w = 13, .box_h = 13, .ofs_x = 0, .ofs_y = -2},
    {.bitmap_index = 23314, .adv_w = 224, .box_w = 13, .box_h = 13, .ofs_x = 0, .ofs_y = -1},
    {.bitmap_index = 23355, .adv_w = 224, .box_w = 14, .box_h = 14, .ofs_x = 0, .ofs_y = -2},
    {.bitmap_index = 23405, .adv_w = 224, .box_w = 14, .box_h = 15, .ofs_x = 0, .ofs_y = -2},
    {.bitmap_index = 23457, .adv_w = 224, .box_w = 14, .box_h = 14, .ofs_x = 0, .ofs_y = -2},
    {.bitmap_index = 23507, .adv_w = 224, .box_w = 12, .box_h = 12, .ofs_x = 1, .ofs_y = -1},
    {.bitmap_index = 23531, .adv_w = 224, .box_w = 13, .box_h = 13, .ofs_x = 1, .ofs_y = -1},
    {.bitmap_index = 23567, .adv_w = 224, .box_w = 12, .box_h = 13, .ofs_x = 1, .ofs_y = -1},
    {.bitmap_index = 23600, .adv_w = 224, .box_w = 14, .box_h = 13, .ofs_x = 0, .ofs_y = -1},
    {.bitmap_index = 23639, .adv_w = 224, .box_w = 14, .box_h = 13, .ofs_x = 0, .ofs_y = -1},
    {.bitmap_index = 23679, .adv_w = 224, .box_w = 14, .box_h = 14, .ofs_x = 0, .ofs_y = -2},
    {.bitmap_index = 23725, .adv_w = 224, .box_w = 13, .box_h = 13, .ofs_x = 0, .ofs_y = -1},
    {.bitmap_index = 23763, .adv_w = 224, .box_w = 14, .box_h = 12, .ofs_x = 0, .ofs_y = -1},
    {.bitmap_index = 23799, .adv_w = 224, .box_w = 14, .box_h = 14, .ofs_x = 0, .ofs_y = -2},
    {.bitmap_index = 23842, .adv_w = 224, .box_w = 12, .box_h = 13, .ofs_x = 1, .ofs_y = -1},
    {.bitmap_index = 23875, .adv_w = 224, .box_w = 14, .box_h = 14, .ofs_x = 0, .ofs_y = -2},
    {.bitmap_index = 23921, .adv_w = 224, .box_w = 13, .box_h = 14, .ofs_x = 0, .ofs_y = -2},
    {.bitmap_index = 23967, .adv_w = 224, .box_w = 13, .box_h = 14, .ofs_x = 1, .ofs_y = -1},
    {.bitmap_index = 23996, .adv_w = 224, .box_w = 12, .box_h = 13, .ofs_x = 1, .ofs_y = -1},
    {.bitmap_index = 24028, .adv_w = 224, .box_w = 13, .box_h = 13, .ofs_x = 1, .ofs_y = -1},
    {.bitmap_index = 24068, .adv_w = 224, .box_w = 14, .box_h = 13, .ofs_x = 0, .ofs_y = -1},
    {.bitmap_index = 24102, .adv_w = 224, .box_w = 12, .box_h = 14, .ofs_x = 1, .ofs_y = -2},
    {.bitmap_index = 24136, .adv_w = 224, .box_w = 12, .box_h = 14, .ofs_x = 1, .ofs_y = -2},
    {.bitmap_index = 24176, .adv_w = 224, .box_w = 13, .box_h = 13, .ofs_x = 1, .ofs_y = -1},
    {.bitmap_index = 24212, .adv_w = 224, .box_w = 13, .box_h = 14, .ofs_x = 1, .ofs_y = -2},
    {.bitmap_index = 24250, .adv_w = 224, .box_w = 12, .box_h = 13, .ofs_x = 1, .ofs_y = -1},
    {.bitmap_index = 24287, .adv_w = 224, .box_w = 13, .box_h = 13, .ofs_x = 1, .ofs_y = -1},
    {.bitmap_index = 24323, .adv_w = 224, .box_w = 12, .box_h = 14, .ofs_x = 1, .ofs_y = -2},
    {.bitmap_index = 24357, .adv_w = 224, .box_w = 12, .box_h = 14, .ofs_x = 1, .ofs_y = -2},
    {.bitmap_index = 24393, .adv_w = 224, .box_w = 13, .box_h = 13, .ofs_x = 0, .ofs_y = -1},
    {.bitmap_index = 24429, .adv_w = 224, .box_w = 13, .box_h = 13, .ofs_x = 0, .ofs_y = -1},
    {.bitmap_index = 24468, .adv_w = 224, .box_w = 14, .box_h = 13, .ofs_x = 0, .ofs_y = -1},
    {.bitmap_index = 24506, .adv_w = 224, .box_w = 12, .box_h = 13, .ofs_x = 1, .ofs_y = -1},
    {.bitmap_index = 24539, .adv_w = 224, .box_w = 13, .box_h = 13, .ofs_x = 1, .ofs_y = -1},
    {.bitmap_index = 24579, .adv_w = 224, .box_w = 12, .box_h = 13, .ofs_x = 1, .ofs_y = -1},
    {.bitmap_index = 24611, .adv_w = 224, .box_w = 14, .box_h = 14, .ofs_x = 0, .ofs_y = -2},
    {.bitmap_index = 24655, .adv_w = 224, .box_w = 13, .box_h = 13, .ofs_x = 1, .ofs_y = -1},
    {.bitmap_index = 24689, .adv_w = 224, .box_w = 12, .box_h = 13, .ofs_x = 1, .ofs_y = -1},
    {.bitmap_index = 24725, .adv_w = 224, .box_w = 13, .box_h = 13, .ofs_x = 0, .ofs_y = -1},
    {.bitmap_index = 24766, .adv_w = 224, .box_w = 12, .box_h = 13, .ofs_x = 1, .ofs_y = -1},
    {.bitmap_index = 24800, .adv_w = 224, .box_w = 14, .box_h = 14, .ofs_x = 0, .ofs_y = -2},
    {.bitmap_index = 24846, .adv_w = 224, .box_w = 14, .box_h = 13, .ofs_x = 0, .ofs_y = -1},
    {.bitmap_index = 24889, .adv_w = 224, .box_w = 14, .box_h = 14, .ofs_x = 0, .ofs_y = -2},
    {.bitmap_index = 24933, .adv_w = 224, .box_w = 12, .box_h = 13, .ofs_x = 1, .ofs_y = -1},
    {.bitmap_index = 24970, .adv_w = 224, .box_w = 13, .box_h = 14, .ofs_x = 0, .ofs_y = -2},
    {.bitmap_index = 25012, .adv_w = 224, .box_w = 13, .box_h = 14, .ofs_x = 0, .ofs_y = -2},
    {.bitmap_index = 25053, .adv_w = 224, .box_w = 14, .box_h = 14, .ofs_x = 0, .ofs_y = -2},
    {.bitmap_index = 25101, .adv_w = 224, .box_w = 13, .box_h = 14, .ofs_x = 1, .ofs_y = -2},
    {.bitmap_index = 25143, .adv_w = 224, .box_w = 14, .box_h = 14, .ofs_x = 0, .ofs_y = -2},
    {.bitmap_index = 25188, .adv_w = 224, .box_w = 12, .box_h = 14, .ofs_x = 1, .ofs_y = -2},
    {.bitmap_index = 25224, .adv_w = 224, .box_w = 14, .box_h = 14, .ofs_x = 0, .ofs_y = -2},
    {.bitmap_index = 25272, .adv_w = 224, .box_w = 14, .box_h = 14, .ofs_x = 0, .ofs_y = -2},
    {.bitmap_index = 25318, .adv_w = 224, .box_w = 14, .box_h = 14, .ofs_x = 0, .ofs_y = -2},
    {.bitmap_index = 25366, .adv_w = 224, .box_w = 14, .box_h = 14, .ofs_x = 0, .ofs_y = -2},
    {.bitmap_index = 25409, .adv_w = 224, .box_w = 13, .box_h = 13, .ofs_x = 0, .ofs_y = -1},
    {.bitmap_index = 25453, .adv_w = 224, .box_w = 12, .box_h = 13, .ofs_x = 1, .ofs_y = -1},
    {.bitmap_index = 25480, .adv_w = 224, .box_w = 13, .box_h = 13, .ofs_x = 0, .ofs_y = -1},
    {.bitmap_index = 25517, .adv_w = 224, .box_w = 13, .box_h = 13, .ofs_x = 1, .ofs_y = -1},
    {.bitmap_index = 25552, .adv_w = 224, .box_w = 13, .box_h = 12, .ofs_x = 0, .ofs_y = -1},
    {.bitmap_index = 25584, .adv_w = 224, .box_w = 13, .box_h = 12, .ofs_x = 0, .ofs_y = -1},
    {.bitmap_index = 25618, .adv_w = 224, .box_w = 14, .box_h = 13, .ofs_x = 0, .ofs_y = -1},
    {.bitmap_index = 25659, .adv_w = 224, .box_w = 14, .box_h = 13, .ofs_x = 0, .ofs_y = -1},
    {.bitmap_index = 25699, .adv_w = 224, .box_w = 14, .box_h = 15, .ofs_x = 0, .ofs_y = -2},
    {.bitmap_index = 25748, .adv_w = 224, .box_w = 14, .box_h = 14, .ofs_x = 0, .ofs_y = -1},
    {.bitmap_index = 25794, .adv_w = 224, .box_w = 14, .box_h = 13, .ofs_x = 0, .ofs_y = -1},
    {.bitmap_index = 25838, .adv_w = 224, .box_w = 13, .box_h = 13, .ofs_x = 1, .ofs_y = -1},
    {.bitmap_index = 25867, .adv_w = 224, .box_w = 14, .box_h = 13, .ofs_x = 0, .ofs_y = -1},
    {.bitmap_index = 25905, .adv_w = 224, .box_w = 13, .box_h = 13, .ofs_x = 0, .ofs_y = -1},
    {.bitmap_index = 25945, .adv_w = 224, .box_w = 13, .box_h = 13, .ofs_x = 0, .ofs_y = -1},
    {.bitmap_index = 25985, .adv_w = 224, .box_w = 13, .box_h = 14, .ofs_x = 0, .ofs_y = -2},
    {.bitmap_index = 26027, .adv_w = 224, .box_w = 13, .box_h = 13, .ofs_x = 0, .ofs_y = -1},
    {.bitmap_index = 26063, .adv_w = 224, .box_w = 14, .box_h = 13, .ofs_x = 0, .ofs_y = -1},
    {.bitmap_index = 26107, .adv_w = 224, .box_w = 13, .box_h = 12, .ofs_x = 0, .ofs_y = -1},
    {.bitmap_index = 26136, .adv_w = 224, .box_w = 13, .box_h = 12, .ofs_x = 0, .ofs_y = -1},
    {.bitmap_index = 26168, .adv_w = 224, .box_w = 14, .box_h = 12, .ofs_x = 0, .ofs_y = -1},
    {.bitmap_index = 26204, .adv_w = 224, .box_w = 13, .box_h = 12, .ofs_x = 0, .ofs_y = -1},
    {.bitmap_index = 26240, .adv_w = 224, .box_w = 14, .box_h = 13, .ofs_x = 0, .ofs_y = -2},
    {.bitmap_index = 26282, .adv_w = 224, .box_w = 12, .box_h = 13, .ofs_x = 1, .ofs_y = -2},
    {.bitmap_index = 26317, .adv_w = 224, .box_w = 14, .box_h = 12, .ofs_x = 0, .ofs_y = -1},
    {.bitmap_index = 26354, .adv_w = 224, .box_w = 13, .box_h = 13, .ofs_x = 0, .ofs_y = -2},
    {.bitmap_index = 26392, .adv_w = 224, .box_w = 13, .box_h = 13, .ofs_x = 0, .ofs_y = -2},
    {.bitmap_index = 26429, .adv_w = 224, .box_w = 13, .box_h = 13, .ofs_x = 0, .ofs_y = -2},
    {.bitmap_index = 26465, .adv_w = 224, .box_w = 12, .box_h = 12, .ofs_x = 0, .ofs_y = -1},
    {.bitmap_index = 26499, .adv_w = 224, .box_w = 13, .box_h = 13, .ofs_x = 0, .ofs_y = -2},
    {.bitmap_index = 26537, .adv_w = 224, .box_w = 14, .box_h = 13, .ofs_x = 0, .ofs_y = -2},
    {.bitmap_index = 26578, .adv_w = 224, .box_w = 13, .box_h = 13, .ofs_x = 0, .ofs_y = -2},
    {.bitmap_index = 26617, .adv_w = 224, .box_w = 13, .box_h = 13, .ofs_x = 0, .ofs_y = -2},
    {.bitmap_index = 26655, .adv_w = 224, .box_w = 14, .box_h = 13, .ofs_x = 0, .ofs_y = -2},
    {.bitmap_index = 26699, .adv_w = 224, .box_w = 13, .box_h = 12, .ofs_x = 0, .ofs_y = -1},
    {.bitmap_index = 26735, .adv_w = 224, .box_w = 14, .box_h = 13, .ofs_x = 0, .ofs_y = -2},
    {.bitmap_index = 26775, .adv_w = 224, .box_w = 12, .box_h = 14, .ofs_x = 1, .ofs_y = -2},
    {.bitmap_index = 26814, .adv_w = 224, .box_w = 12, .box_h = 13, .ofs_x = 1, .ofs_y = -1},
    {.bitmap_index = 26845, .adv_w = 224, .box_w = 14, .box_h = 13, .ofs_x = 0, .ofs_y = -1},
    {.bitmap_index = 26885, .adv_w = 224, .box_w = 11, .box_h = 13, .ofs_x = 1, .ofs_y = -1},
    {.bitmap_index = 26917, .adv_w = 224, .box_w = 12, .box_h = 13, .ofs_x = 1, .ofs_y = -1},
    {.bitmap_index = 26951, .adv_w = 224, .box_w = 12, .box_h = 14, .ofs_x = 1, .ofs_y = -2},
    {.bitmap_index = 26987, .adv_w = 224, .box_w = 13, .box_h = 14, .ofs_x = 0, .ofs_y = -2},
    {.bitmap_index = 27025, .adv_w = 224, .box_w = 13, .box_h = 13, .ofs_x = 1, .ofs_y = -1},
    {.bitmap_index = 27068, .adv_w = 224, .box_w = 14, .box_h = 13, .ofs_x = 0, .ofs_y = -1},
    {.bitmap_index = 27109, .adv_w = 224, .box_w = 13, .box_h = 14, .ofs_x = 1, .ofs_y = -1},
    {.bitmap_index = 27151, .adv_w = 224, .box_w = 13, .box_h = 14, .ofs_x = 1, .ofs_y = -1},
    {.bitmap_index = 27194, .adv_w = 224, .box_w = 14, .box_h = 13, .ofs_x = 0, .ofs_y = -1},
    {.bitmap_index = 27236, .adv_w = 224, .box_w = 13, .box_h = 13, .ofs_x = 0, .ofs_y = -1},
    {.bitmap_index = 27273, .adv_w = 224, .box_w = 13, .box_h = 14, .ofs_x = 0, .ofs_y = -2},
    {.bitmap_index = 27318, .adv_w = 224, .box_w = 14, .box_h = 14, .ofs_x = 0, .ofs_y = -2},
    {.bitmap_index = 27365, .adv_w = 224, .box_w = 14, .box_h = 14, .ofs_x = 0, .ofs_y = -2},
    {.bitmap_index = 27414, .adv_w = 224, .box_w = 12, .box_h = 14, .ofs_x = 0, .ofs_y = -2},
    {.bitmap_index = 27433, .adv_w = 224, .box_w = 13, .box_h = 14, .ofs_x = 0, .ofs_y = -2},
    {.bitmap_index = 27468, .adv_w = 224, .box_w = 12, .box_h = 10, .ofs_x = 1, .ofs_y = 0},
    {.bitmap_index = 27481, .adv_w = 224, .box_w = 13, .box_h = 13, .ofs_x = 0, .ofs_y = -1},
    {.bitmap_index = 27513, .adv_w = 224, .box_w = 14, .box_h = 12, .ofs_x = 0, .ofs_y = -1},
    {.bitmap_index = 27549, .adv_w = 224, .box_w = 11, .box_h = 12, .ofs_x = 2, .ofs_y = -1},
    {.bitmap_index = 27575, .adv_w = 224, .box_w = 14, .box_h = 12, .ofs_x = 0, .ofs_y = -1},
    {.bitmap_index = 27609, .adv_w = 224, .box_w = 14, .box_h = 11, .ofs_x = 0, .ofs_y = 0},
    {.bitmap_index = 27645, .adv_w = 224, .box_w = 14, .box_h = 13, .ofs_x = 0, .ofs_y = -1},
    {.bitmap_index = 27687, .adv_w = 224, .box_w = 12, .box_h = 11, .ofs_x = 1, .ofs_y = 0},
    {.bitmap_index = 27711, .adv_w = 224, .box_w = 13, .box_h = 12, .ofs_x = 1, .ofs_y = -1},
    {.bitmap_index = 27738, .adv_w = 224, .box_w = 10, .box_h = 13, .ofs_x = 2, .ofs_y = -1},
    {.bitmap_index = 27757, .adv_w = 224, .box_w = 11, .box_h = 13, .ofs_x = 1, .ofs_y = -1},
    {.bitmap_index = 27779, .adv_w = 224, .box_w = 12, .box_h = 13, .ofs_x = 1, .ofs_y = -1},
    {.bitmap_index = 27806, .adv_w = 224, .box_w = 13, .box_h = 13, .ofs_x = 0, .ofs_y = -1},
    {.bitmap_index = 27841, .adv_w = 224, .box_w = 12, .box_h = 13, .ofs_x = 1, .ofs_y = -1},
    {.bitmap_index = 27870, .adv_w = 224, .box_w = 13, .box_h = 14, .ofs_x = 1, .ofs_y = -2},
    {.bitmap_index = 27910, .adv_w = 224, .box_w = 12, .box_h = 13, .ofs_x = 1, .ofs_y = -1},
    {.bitmap_index = 27939, .adv_w = 224, .box_w = 14, .box_h = 13, .ofs_x = 0, .ofs_y = -1},
    {.bitmap_index = 27981, .adv_w = 224, .box_w = 12, .box_h = 15, .ofs_x = 1, .ofs_y = -2},
    {.bitmap_index = 28019, .adv_w = 224, .box_w = 12, .box_h = 13, .ofs_x = 1, .ofs_y = -1},
    {.bitmap_index = 28049, .adv_w = 224, .box_w = 12, .box_h = 13, .ofs_x = 1, .ofs_y = -1},
    {.bitmap_index = 28084, .adv_w = 224, .box_w = 13, .box_h = 13, .ofs_x = 1, .ofs_y = -1},
    {.bitmap_index = 28119, .adv_w = 224, .box_w = 12, .box_h = 13, .ofs_x = 1, .ofs_y = -1},
    {.bitmap_index = 28156, .adv_w = 224, .box_w = 13, .box_h = 13, .ofs_x = 0, .ofs_y = -1},
    {.bitmap_index = 28193, .adv_w = 224, .box_w = 13, .box_h = 13, .ofs_x = 0, .ofs_y = -1},
    {.bitmap_index = 28236, .adv_w = 224, .box_w = 12, .box_h = 13, .ofs_x = 1, .ofs_y = -1},
    {.bitmap_index = 28274, .adv_w = 224, .box_w = 12, .box_h = 13, .ofs_x = 1, .ofs_y = -1},
    {.bitmap_index = 28309, .adv_w = 224, .box_w = 13, .box_h = 13, .ofs_x = 1, .ofs_y = -1},
    {.bitmap_index = 28346, .adv_w = 224, .box_w = 14, .box_h = 13, .ofs_x = 0, .ofs_y = -1},
    {.bitmap_index = 28388, .adv_w = 224, .box_w = 12, .box_h = 12, .ofs_x = 1, .ofs_y = -1},
    {.bitmap_index = 28407, .adv_w = 224, .box_w = 13, .box_h = 12, .ofs_x = 0, .ofs_y = -1},
    {.bitmap_index = 28434, .adv_w = 224, .box_w = 12, .box_h = 13, .ofs_x = 1, .ofs_y = -1},
    {.bitmap_index = 28463, .adv_w = 224, .box_w = 13, .box_h = 13, .ofs_x = 1, .ofs_y = -1},
    {.bitmap_index = 28499, .adv_w = 224, .box_w = 12, .box_h = 13, .ofs_x = 1, .ofs_y = -1},
    {.bitmap_index = 28533, .adv_w = 224, .box_w = 13, .box_h = 13, .ofs_x = 0, .ofs_y = -1},
    {.bitmap_index = 28571, .adv_w = 224, .box_w = 13, .box_h = 14, .ofs_x = 0, .ofs_y = -2},
    {.bitmap_index = 28615, .adv_w = 224, .box_w = 12, .box_h = 13, .ofs_x = 1, .ofs_y = -1},
    {.bitmap_index = 28653, .adv_w = 224, .box_w = 13, .box_h = 14, .ofs_x = 0, .ofs_y = -2},
    {.bitmap_index = 28679, .adv_w = 224, .box_w = 14, .box_h = 14, .ofs_x = 0, .ofs_y = -2},
    {.bitmap_index = 28723, .adv_w = 224, .box_w = 14, .box_h = 14, .ofs_x = 0, .ofs_y = -2},
    {.bitmap_index = 28763, .adv_w = 224, .box_w = 13, .box_h = 14, .ofs_x = 0, .ofs_y = -2},
    {.bitmap_index = 28802, .adv_w = 224, .box_w = 14, .box_h = 13, .ofs_x = 0, .ofs_y = -1},
    {.bitmap_index = 28841, .adv_w = 224, .box_w = 14, .box_h = 13, .ofs_x = 0, .ofs_y = -1},
    {.bitmap_index = 28882, .adv_w = 224, .box_w = 14, .box_h = 14, .ofs_x = 0, .ofs_y = -2},
    {.bitmap_index = 28928, .adv_w = 224, .box_w = 14, .box_h = 13, .ofs_x = 0, .ofs_y = -1},
    {.bitmap_index = 28963, .adv_w = 224, .box_w = 13, .box_h = 14, .ofs_x = 0, .ofs_y = -2},
    {.bitmap_index = 29003, .adv_w = 224, .box_w = 14, .box_h = 14, .ofs_x = 0, .ofs_y = -2},
    {.bitmap_index = 29045, .adv_w = 224, .box_w = 13, .box_h = 13, .ofs_x = 0, .ofs_y = -1},
    {.bitmap_index = 29085, .adv_w = 224, .box_w = 14, .box_h = 14, .ofs_x = 0, .ofs_y = -2},
    {.bitmap_index = 29130, .adv_w = 224, .box_w = 14, .box_h = 14, .ofs_x = 0, .ofs_y = -2},
    {.bitmap_index = 29173, .adv_w = 224, .box_w = 13, .box_h = 13, .ofs_x = 0, .ofs_y = -1},
    {.bitmap_index = 29211, .adv_w = 224, .box_w = 14, .box_h = 13, .ofs_x = 0, .ofs_y = -1},
    {.bitmap_index = 29254, .adv_w = 224, .box_w = 14, .box_h = 14, .ofs_x = 0, .ofs_y = -2},
    {.bitmap_index = 29301, .adv_w = 224, .box_w = 14, .box_h = 13, .ofs_x = 0, .ofs_y = -1},
    {.bitmap_index = 29345, .adv_w = 224, .box_w = 14, .box_h = 13, .ofs_x = 0, .ofs_y = -1},
    {.bitmap_index = 29387, .adv_w = 224, .box_w = 14, .box_h = 13, .ofs_x = 0, .ofs_y = -1},
    {.bitmap_index = 29430, .adv_w = 224, .box_w = 14, .box_h = 14, .ofs_x = 0, .ofs_y = -2},
    {.bitmap_index = 29475, .adv_w = 224, .box_w = 14, .box_h = 13, .ofs_x = 0, .ofs_y = -1},
    {.bitmap_index = 29518, .adv_w = 224, .box_w = 14, .box_h = 13, .ofs_x = 0, .ofs_y = -1},
    {.bitmap_index = 29559, .adv_w = 224, .box_w = 14, .box_h = 13, .ofs_x = 0, .ofs_y = -1},
    {.bitmap_index = 29604, .adv_w = 224, .box_w = 13, .box_h = 12, .ofs_x = 0, .ofs_y = -1},
    {.bitmap_index = 29635, .adv_w = 224, .box_w = 14, .box_h = 12, .ofs_x = 0, .ofs_y = -1},
    {.bitmap_index = 29671, .adv_w = 224, .box_w = 13, .box_h = 14, .ofs_x = 0, .ofs_y = -2},
    {.bitmap_index = 29712, .adv_w = 224, .box_w = 14, .box_h = 12, .ofs_x = 0, .ofs_y = -1},
    {.bitmap_index = 29750, .adv_w = 224, .box_w = 13, .box_h = 14, .ofs_x = 1, .ofs_y = -1},
    {.bitmap_index = 29790, .adv_w = 224, .box_w = 10, .box_h = 12, .ofs_x = 2, .ofs_y = -1},
    {.bitmap_index = 29815, .adv_w = 224, .box_w = 11, .box_h = 13, .ofs_x = 1, .ofs_y = -1},
    {.bitmap_index = 29843, .adv_w = 224, .box_w = 12, .box_h = 14, .ofs_x = 1, .ofs_y = -1},
    {.bitmap_index = 29884, .adv_w = 224, .box_w = 13, .box_h = 13, .ofs_x = 1, .ofs_y = -2},
    {.bitmap_index = 29924, .adv_w = 224, .box_w = 13, .box_h = 14, .ofs_x = 1, .ofs_y = -2},
    {.bitmap_index = 29969, .adv_w = 224, .box_w = 14, .box_h = 13, .ofs_x = 0, .ofs_y = -1},
    {.bitmap_index = 30010, .adv_w = 224, .box_w = 14, .box_h = 13, .ofs_x = 0, .ofs_y = -1},
    {.bitmap_index = 30052, .adv_w = 224, .box_w = 14, .box_h = 13, .ofs_x = 0, .ofs_y = -2},
    {.bitmap_index = 30097, .adv_w = 224, .box_w = 13, .box_h = 13, .ofs_x = 0, .ofs_y = -1},
    {.bitmap_index = 30138, .adv_w = 224, .box_w = 14, .box_h = 12, .ofs_x = 0, .ofs_y = -1},
    {.bitmap_index = 30180, .adv_w = 224, .box_w = 13, .box_h = 14, .ofs_x = 0, .ofs_y = -2},
    {.bitmap_index = 30211, .adv_w = 224, .box_w = 12, .box_h = 13, .ofs_x = 1, .ofs_y = -1},
    {.bitmap_index = 30244, .adv_w = 224, .box_w = 14, .box_h = 12, .ofs_x = 0, .ofs_y = -1},
    {.bitmap_index = 30284, .adv_w = 224, .box_w = 14, .box_h = 13, .ofs_x = 0, .ofs_y = -1},
    {.bitmap_index = 30327, .adv_w = 224, .box_w = 14, .box_h = 13, .ofs_x = 0, .ofs_y = -1},
    {.bitmap_index = 30369, .adv_w = 224, .box_w = 14, .box_h = 13, .ofs_x = 0, .ofs_y = -1},
    {.bitmap_index = 30416, .adv_w = 224, .box_w = 14, .box_h = 14, .ofs_x = 0, .ofs_y = -2},
    {.bitmap_index = 30463, .adv_w = 224, .box_w = 14, .box_h = 13, .ofs_x = 0, .ofs_y = -1},
    {.bitmap_index = 30505, .adv_w = 224, .box_w = 13, .box_h = 14, .ofs_x = 0, .ofs_y = -2},
    {.bitmap_index = 30547, .adv_w = 224, .box_w = 14, .box_h = 14, .ofs_x = 0, .ofs_y = -2},
    {.bitmap_index = 30594, .adv_w = 224, .box_w = 14, .box_h = 13, .ofs_x = 0, .ofs_y = -1},
    {.bitmap_index = 30633, .adv_w = 224, .box_w = 14, .box_h = 13, .ofs_x = 0, .ofs_y = -1},
    {.bitmap_index = 30662, .adv_w = 224, .box_w = 14, .box_h = 13, .ofs_x = 0, .ofs_y = -1},
    {.bitmap_index = 30704, .adv_w = 224, .box_w = 14, .box_h = 14, .ofs_x = 0, .ofs_y = -1},
    {.bitmap_index = 30749, .adv_w = 224, .box_w = 14, .box_h = 13, .ofs_x = 0, .ofs_y = -1},
    {.bitmap_index = 30791, .adv_w = 224, .box_w = 12, .box_h = 14, .ofs_x = 1, .ofs_y = -2},
    {.bitmap_index = 30825, .adv_w = 224, .box_w = 14, .box_h = 15, .ofs_x = 0, .ofs_y = -2},
    {.bitmap_index = 30874, .adv_w = 224, .box_w = 14, .box_h = 14, .ofs_x = 0, .ofs_y = -2},
    {.bitmap_index = 30924, .adv_w = 224, .box_w = 14, .box_h = 13, .ofs_x = 0, .ofs_y = -1},
    {.bitmap_index = 30966, .adv_w = 224, .box_w = 13, .box_h = 13, .ofs_x = 0, .ofs_y = -1},
    {.bitmap_index = 31007, .adv_w = 224, .box_w = 13, .box_h = 14, .ofs_x = 0, .ofs_y = -2},
    {.bitmap_index = 31052, .adv_w = 224, .box_w = 14, .box_h = 14, .ofs_x = 0, .ofs_y = -1},
    {.bitmap_index = 31099, .adv_w = 224, .box_w = 14, .box_h = 14, .ofs_x = 0, .ofs_y = -1},
    {.bitmap_index = 31146, .adv_w = 224, .box_w = 14, .box_h = 15, .ofs_x = 0, .ofs_y = -2},
    {.bitmap_index = 31198, .adv_w = 224, .box_w = 14, .box_h = 13, .ofs_x = 0, .ofs_y = -1},
    {.bitmap_index = 31236, .adv_w = 224, .box_w = 14, .box_h = 13, .ofs_x = 0, .ofs_y = -1},
    {.bitmap_index = 31278, .adv_w = 224, .box_w = 14, .box_h = 13, .ofs_x = 0, .ofs_y = -1},
    {.bitmap_index = 31315, .adv_w = 224, .box_w = 14, .box_h = 12, .ofs_x = 0, .ofs_y = -1},
    {.bitmap_index = 31357, .adv_w = 224, .box_w = 14, .box_h = 13, .ofs_x = 0, .ofs_y = -1},
    {.bitmap_index = 31396, .adv_w = 224, .box_w = 14, .box_h = 13, .ofs_x = 0, .ofs_y = -1},
    {.bitmap_index = 31437, .adv_w = 224, .box_w = 13, .box_h = 13, .ofs_x = 0, .ofs_y = -1},
    {.bitmap_index = 31462, .adv_w = 224, .box_w = 14, .box_h = 13, .ofs_x = 0, .ofs_y = -1},
    {.bitmap_index = 31501, .adv_w = 224, .box_w = 14, .box_h = 14, .ofs_x = 0, .ofs_y = -2},
    {.bitmap_index = 31544, .adv_w = 224, .box_w = 14, .box_h = 14, .ofs_x = 0, .ofs_y = -2},
    {.bitmap_index = 31585, .adv_w = 224, .box_w = 14, .box_h = 13, .ofs_x = 0, .ofs_y = -1},
    {.bitmap_index = 31626, .adv_w = 224, .box_w = 14, .box_h = 13, .ofs_x = 0, .ofs_y = -1},
    {.bitmap_index = 31667, .adv_w = 224, .box_w = 13, .box_h = 13, .ofs_x = 1, .ofs_y = -1},
    {.bitmap_index = 31708, .adv_w = 224, .box_w = 14, .box_h = 13, .ofs_x = 0, .ofs_y = -1},
    {.bitmap_index = 31743, .adv_w = 224, .box_w = 14, .box_h = 13, .ofs_x = 0, .ofs_y = -1},
    {.bitmap_index = 31787, .adv_w = 224, .box_w = 14, .box_h = 13, .ofs_x = 0, .ofs_y = -1},
    {.bitmap_index = 31830, .adv_w = 224, .box_w = 14, .box_h = 13, .ofs_x = 0, .ofs_y = -1},
    {.bitmap_index = 31877, .adv_w = 224, .box_w = 13, .box_h = 14, .ofs_x = 0, .ofs_y = -1},
    {.bitmap_index = 31911, .adv_w = 224, .box_w = 14, .box_h = 14, .ofs_x = 0, .ofs_y = -1},
    {.bitmap_index = 31954, .adv_w = 224, .box_w = 14, .box_h = 14, .ofs_x = 0, .ofs_y = -1},
    {.bitmap_index = 31998, .adv_w = 224, .box_w = 14, .box_h = 14, .ofs_x = 0, .ofs_y = -1},
    {.bitmap_index = 32037, .adv_w = 224, .box_w = 14, .box_h = 13, .ofs_x = 0, .ofs_y = -1},
    {.bitmap_index = 32083, .adv_w = 224, .box_w = 14, .box_h = 13, .ofs_x = 0, .ofs_y = -1},
    {.bitmap_index = 32121, .adv_w = 224, .box_w = 13, .box_h = 13, .ofs_x = 0, .ofs_y = -1},
    {.bitmap_index = 32155, .adv_w = 224, .box_w = 14, .box_h = 13, .ofs_x = 0, .ofs_y = -1},
    {.bitmap_index = 32197, .adv_w = 224, .box_w = 14, .box_h = 13, .ofs_x = 0, .ofs_y = -1},
    {.bitmap_index = 32240, .adv_w = 224, .box_w = 14, .box_h = 14, .ofs_x = 0, .ofs_y = -2},
    {.bitmap_index = 32287, .adv_w = 224, .box_w = 14, .box_h = 12, .ofs_x = 0, .ofs_y = -1},
    {.bitmap_index = 32327, .adv_w = 224, .box_w = 14, .box_h = 13, .ofs_x = 0, .ofs_y = -1},
    {.bitmap_index = 32363, .adv_w = 224, .box_w = 14, .box_h = 13, .ofs_x = 0, .ofs_y = -1},
    {.bitmap_index = 32406, .adv_w = 224, .box_w = 14, .box_h = 14, .ofs_x = 0, .ofs_y = -1},
    {.bitmap_index = 32439, .adv_w = 224, .box_w = 14, .box_h = 14, .ofs_x = 0, .ofs_y = -2},
    {.bitmap_index = 32482, .adv_w = 224, .box_w = 14, .box_h = 12, .ofs_x = 0, .ofs_y = -1},
    {.bitmap_index = 32522, .adv_w = 224, .box_w = 14, .box_h = 13, .ofs_x = 0, .ofs_y = -1},
    {.bitmap_index = 32566, .adv_w = 224, .box_w = 14, .box_h = 14, .ofs_x = 0, .ofs_y = -1},
    {.bitmap_index = 32608, .adv_w = 224, .box_w = 14, .box_h = 12, .ofs_x = 0, .ofs_y = -1},
    {.bitmap_index = 32646, .adv_w = 224, .box_w = 14, .box_h = 12, .ofs_x = 0, .ofs_y = -1},
    {.bitmap_index = 32687, .adv_w = 224, .box_w = 13, .box_h = 14, .ofs_x = 0, .ofs_y = -1},
    {.bitmap_index = 32728, .adv_w = 224, .box_w = 14, .box_h = 14, .ofs_x = 0, .ofs_y = -2},
    {.bitmap_index = 32767, .adv_w = 224, .box_w = 14, .box_h = 13, .ofs_x = 0, .ofs_y = -1},
    {.bitmap_index = 32813, .adv_w = 224, .box_w = 14, .box_h = 14, .ofs_x = 0, .ofs_y = -1},
    {.bitmap_index = 32857, .adv_w = 224, .box_w = 14, .box_h = 13, .ofs_x = 0, .ofs_y = -1},
    {.bitmap_index = 32897, .adv_w = 224, .box_w = 13, .box_h = 13, .ofs_x = 0, .ofs_y = -1},
    {.bitmap_index = 32940, .adv_w = 224, .box_w = 14, .box_h = 13, .ofs_x = 0, .ofs_y = -1},
    {.bitmap_index = 32984, .adv_w = 224, .box_w = 14, .box_h = 14, .ofs_x = 0, .ofs_y = -1},
    {.bitmap_index = 33027, .adv_w = 224, .box_w = 14, .box_h = 13, .ofs_x = 0, .ofs_y = -1},
    {.bitmap_index = 33072, .adv_w = 224, .box_w = 14, .box_h = 11, .ofs_x = 0, .ofs_y = 0},
    {.bitmap_index = 33108, .adv_w = 224, .box_w = 14, .box_h = 14, .ofs_x = 0, .ofs_y = -1},
    {.bitmap_index = 33153, .adv_w = 224, .box_w = 14, .box_h = 13, .ofs_x = 0, .ofs_y = -1},
    {.bitmap_index = 33196, .adv_w = 224, .box_w = 14, .box_h = 14, .ofs_x = 0, .ofs_y = -1},
    {.bitmap_index = 33239, .adv_w = 224, .box_w = 14, .box_h = 13, .ofs_x = 0, .ofs_y = -1},
    {.bitmap_index = 33284, .adv_w = 224, .box_w = 14, .box_h = 14, .ofs_x = 0, .ofs_y = -2},
    {.bitmap_index = 33326, .adv_w = 224, .box_w = 14, .box_h = 13, .ofs_x = 0, .ofs_y = -1},
    {.bitmap_index = 33371, .adv_w = 224, .box_w = 14, .box_h = 14, .ofs_x = 0, .ofs_y = -2},
    {.bitmap_index = 33415, .adv_w = 224, .box_w = 14, .box_h = 15, .ofs_x = 0, .ofs_y = -2},
    {.bitmap_index = 33464, .adv_w = 224, .box_w = 14, .box_h = 13, .ofs_x = 0, .ofs_y = -1},
    {.bitmap_index = 33508, .adv_w = 224, .box_w = 13, .box_h = 13, .ofs_x = 0, .ofs_y = -1},
    {.bitmap_index = 33546, .adv_w = 224, .box_w = 14, .box_h = 15, .ofs_x = 0, .ofs_y = -2},
    {.bitmap_index = 33591, .adv_w = 224, .box_w = 14, .box_h = 13, .ofs_x = 0, .ofs_y = -1},
    {.bitmap_index = 33636, .adv_w = 224, .box_w = 14, .box_h = 14, .ofs_x = 0, .ofs_y = -1},
    {.bitmap_index = 33681, .adv_w = 224, .box_w = 14, .box_h = 13, .ofs_x = 0, .ofs_y = -1},
    {.bitmap_index = 33725, .adv_w = 224, .box_w = 14, .box_h = 13, .ofs_x = 0, .ofs_y = -1},
    {.bitmap_index = 33773, .adv_w = 224, .box_w = 14, .box_h = 13, .ofs_x = 0, .ofs_y = -1},
    {.bitmap_index = 33816, .adv_w = 224, .box_w = 14, .box_h = 13, .ofs_x = 0, .ofs_y = -1},
    {.bitmap_index = 33860, .adv_w = 224, .box_w = 13, .box_h = 14, .ofs_x = 0, .ofs_y = -2},
    {.bitmap_index = 33900, .adv_w = 224, .box_w = 14, .box_h = 13, .ofs_x = 0, .ofs_y = -1},
    {.bitmap_index = 33944, .adv_w = 224, .box_w = 14, .box_h = 14, .ofs_x = 0, .ofs_y = -2},
    {.bitmap_index = 33990, .adv_w = 224, .box_w = 14, .box_h = 14, .ofs_x = 0, .ofs_y = -2},
    {.bitmap_index = 34035, .adv_w = 224, .box_w = 14, .box_h = 14, .ofs_x = 0, .ofs_y = -2},
    {.bitmap_index = 34082, .adv_w = 224, .box_w = 14, .box_h = 13, .ofs_x = 0, .ofs_y = -1},
    {.bitmap_index = 34121, .adv_w = 224, .box_w = 14, .box_h = 13, .ofs_x = 0, .ofs_y = -1},
    {.bitmap_index = 34164, .adv_w = 224, .box_w = 14, .box_h = 14, .ofs_x = 0, .ofs_y = -2},
    {.bitmap_index = 34212, .adv_w = 224, .box_w = 14, .box_h = 14, .ofs_x = 0, .ofs_y = -1},
    {.bitmap_index = 34259, .adv_w = 224, .box_w = 14, .box_h = 13, .ofs_x = 0, .ofs_y = -1},
    {.bitmap_index = 34303, .adv_w = 224, .box_w = 14, .box_h = 14, .ofs_x = 0, .ofs_y = -2},
    {.bitmap_index = 34348, .adv_w = 224, .box_w = 13, .box_h = 14, .ofs_x = 1, .ofs_y = -1},
    {.bitmap_index = 34389, .adv_w = 224, .box_w = 14, .box_h = 14, .ofs_x = 0, .ofs_y = -2},
    {.bitmap_index = 34434, .adv_w = 224, .box_w = 13, .box_h = 14, .ofs_x = 0, .ofs_y = -2},
    {.bitmap_index = 34480, .adv_w = 224, .box_w = 14, .box_h = 13, .ofs_x = 0, .ofs_y = -1},
    {.bitmap_index = 34523, .adv_w = 224, .box_w = 14, .box_h = 13, .ofs_x = 0, .ofs_y = -1},
    {.bitmap_index = 34565, .adv_w = 224, .box_w = 12, .box_h = 15, .ofs_x = 1, .ofs_y = -2},
    {.bitmap_index = 34607, .adv_w = 224, .box_w = 14, .box_h = 14, .ofs_x = 0, .ofs_y = -2},
    {.bitmap_index = 34656, .adv_w = 224, .box_w = 14, .box_h = 14, .ofs_x = 0, .ofs_y = -2},
    {.bitmap_index = 34707, .adv_w = 224, .box_w = 14, .box_h = 13, .ofs_x = 0, .ofs_y = -1},
    {.bitmap_index = 34754, .adv_w = 224, .box_w = 14, .box_h = 14, .ofs_x = 0, .ofs_y = -2},
    {.bitmap_index = 34805, .adv_w = 224, .box_w = 13, .box_h = 14, .ofs_x = 0, .ofs_y = -2},
    {.bitmap_index = 34840, .adv_w = 224, .box_w = 14, .box_h = 13, .ofs_x = 0, .ofs_y = -2},
    {.bitmap_index = 34881, .adv_w = 224, .box_w = 14, .box_h = 14, .ofs_x = 0, .ofs_y = -2},
    {.bitmap_index = 34923, .adv_w = 224, .box_w = 13, .box_h = 12, .ofs_x = 0, .ofs_y = -1},
    {.bitmap_index = 34957, .adv_w = 224, .box_w = 12, .box_h = 13, .ofs_x = 1, .ofs_y = -1},
    {.bitmap_index = 34990, .adv_w = 224, .box_w = 13, .box_h = 13, .ofs_x = 0, .ofs_y = -1},
    {.bitmap_index = 35021, .adv_w = 224, .box_w = 14, .box_h = 13, .ofs_x = 0, .ofs_y = -1},
    {.bitmap_index = 35054, .adv_w = 224, .box_w = 14, .box_h = 14, .ofs_x = 0, .ofs_y = -2},
    {.bitmap_index = 35088, .adv_w = 224, .box_w = 13, .box_h = 14, .ofs_x = 0, .ofs_y = -2},
    {.bitmap_index = 35122, .adv_w = 224, .box_w = 13, .box_h = 14, .ofs_x = 0, .ofs_y = -2},
    {.bitmap_index = 35165, .adv_w = 224, .box_w = 14, .box_h = 14, .ofs_x = 0, .ofs_y = -2},
    {.bitmap_index = 35209, .adv_w = 224, .box_w = 14, .box_h = 14, .ofs_x = 0, .ofs_y = -2},
    {.bitmap_index = 35246, .adv_w = 224, .box_w = 13, .box_h = 14, .ofs_x = 0, .ofs_y = -2},
    {.bitmap_index = 35285, .adv_w = 224, .box_w = 13, .box_h = 14, .ofs_x = 0, .ofs_y = -2},
    {.bitmap_index = 35324, .adv_w = 224, .box_w = 13, .box_h = 13, .ofs_x = 0, .ofs_y = -1},
    {.bitmap_index = 35359, .adv_w = 224, .box_w = 13, .box_h = 14, .ofs_x = 0, .ofs_y = -2},
    {.bitmap_index = 35404, .adv_w = 224, .box_w = 14, .box_h = 14, .ofs_x = 0, .ofs_y = -2},
    {.bitmap_index = 35445, .adv_w = 224, .box_w = 14, .box_h = 13, .ofs_x = 0, .ofs_y = -1},
    {.bitmap_index = 35477, .adv_w = 224, .box_w = 14, .box_h = 14, .ofs_x = 0, .ofs_y = -2},
    {.bitmap_index = 35522, .adv_w = 224, .box_w = 14, .box_h = 14, .ofs_x = 0, .ofs_y = -2},
    {.bitmap_index = 35563, .adv_w = 224, .box_w = 14, .box_h = 14, .ofs_x = 0, .ofs_y = -2},
    {.bitmap_index = 35608, .adv_w = 224, .box_w = 14, .box_h = 14, .ofs_x = 0, .ofs_y = -1},
    {.bitmap_index = 35654, .adv_w = 224, .box_w = 14, .box_h = 12, .ofs_x = 0, .ofs_y = -1},
    {.bitmap_index = 35695, .adv_w = 224, .box_w = 14, .box_h = 13, .ofs_x = 0, .ofs_y = -1},
    {.bitmap_index = 35734, .adv_w = 224, .box_w = 14, .box_h = 13, .ofs_x = 0, .ofs_y = -1},
    {.bitmap_index = 35775, .adv_w = 224, .box_w = 14, .box_h = 13, .ofs_x = 0, .ofs_y = -1},
    {.bitmap_index = 35811, .adv_w = 224, .box_w = 14, .box_h = 14, .ofs_x = 0, .ofs_y = -2},
    {.bitmap_index = 35851, .adv_w = 224, .box_w = 14, .box_h = 14, .ofs_x = 0, .ofs_y = -1},
    {.bitmap_index = 35894, .adv_w = 224, .box_w = 14, .box_h = 14, .ofs_x = 0, .ofs_y = -2},
    {.bitmap_index = 35938, .adv_w = 224, .box_w = 14, .box_h = 14, .ofs_x = 0, .ofs_y = -2},
    {.bitmap_index = 35980, .adv_w = 224, .box_w = 14, .box_h = 15, .ofs_x = 0, .ofs_y = -2},
    {.bitmap_index = 36025, .adv_w = 224, .box_w = 14, .box_h = 13, .ofs_x = 0, .ofs_y = -1},
    {.bitmap_index = 36067, .adv_w = 224, .box_w = 14, .box_h = 14, .ofs_x = 0, .ofs_y = -2},
    {.bitmap_index = 36115, .adv_w = 224, .box_w = 14, .box_h = 15, .ofs_x = 0, .ofs_y = -2},
    {.bitmap_index = 36163, .adv_w = 224, .box_w = 14, .box_h = 14, .ofs_x = 0, .ofs_y = -1},
    {.bitmap_index = 36207, .adv_w = 224, .box_w = 13, .box_h = 14, .ofs_x = 0, .ofs_y = -2},
    {.bitmap_index = 36244, .adv_w = 224, .box_w = 14, .box_h = 14, .ofs_x = 0, .ofs_y = -2},
    {.bitmap_index = 36286, .adv_w = 224, .box_w = 14, .box_h = 14, .ofs_x = 0, .ofs_y = -2},
    {.bitmap_index = 36331, .adv_w = 224, .box_w = 14, .box_h = 15, .ofs_x = 0, .ofs_y = -2},
    {.bitmap_index = 36374, .adv_w = 224, .box_w = 14, .box_h = 14, .ofs_x = 0, .ofs_y = -1},
    {.bitmap_index = 36417, .adv_w = 224, .box_w = 14, .box_h = 15, .ofs_x = 0, .ofs_y = -2},
    {.bitmap_index = 36465, .adv_w = 224, .box_w = 12, .box_h = 14, .ofs_x = 1, .ofs_y = -2},
    {.bitmap_index = 36501, .adv_w = 224, .box_w = 13, .box_h = 14, .ofs_x = 0, .ofs_y = -2},
    {.bitmap_index = 36536, .adv_w = 224, .box_w = 14, .box_h = 14, .ofs_x = 0, .ofs_y = -2},
    {.bitmap_index = 36582, .adv_w = 224, .box_w = 13, .box_h = 13, .ofs_x = 0, .ofs_y = -1},
    {.bitmap_index = 36623, .adv_w = 224, .box_w = 14, .box_h = 13, .ofs_x = 0, .ofs_y = -1},
    {.bitmap_index = 36659, .adv_w = 224, .box_w = 14, .box_h = 14, .ofs_x = 0, .ofs_y = -1},
    {.bitmap_index = 36703, .adv_w = 224, .box_w = 14, .box_h = 13, .ofs_x = 0, .ofs_y = -1},
    {.bitmap_index = 36743, .adv_w = 224, .box_w = 12, .box_h = 15, .ofs_x = 1, .ofs_y = -2},
    {.bitmap_index = 36783, .adv_w = 224, .box_w = 14, .box_h = 14, .ofs_x = 0, .ofs_y = -2},
    {.bitmap_index = 36823, .adv_w = 224, .box_w = 14, .box_h = 15, .ofs_x = 0, .ofs_y = -2},
    {.bitmap_index = 36872, .adv_w = 224, .box_w = 13, .box_h = 15, .ofs_x = 0, .ofs_y = -2},
    {.bitmap_index = 36916, .adv_w = 224, .box_w = 13, .box_h = 14, .ofs_x = 0, .ofs_y = -2},
    {.bitmap_index = 36953, .adv_w = 224, .box_w = 14, .box_h = 14, .ofs_x = 0, .ofs_y = -2},
    {.bitmap_index = 36999, .adv_w = 224, .box_w = 13, .box_h = 14, .ofs_x = 0, .ofs_y = -2},
    {.bitmap_index = 37042, .adv_w = 224, .box_w = 13, .box_h = 14, .ofs_x = 0, .ofs_y = -2},
    {.bitmap_index = 37083, .adv_w = 224, .box_w = 14, .box_h = 15, .ofs_x = 0, .ofs_y = -2},
    {.bitmap_index = 37124, .adv_w = 224, .box_w = 14, .box_h = 13, .ofs_x = 0, .ofs_y = -1},
    {.bitmap_index = 37166, .adv_w = 224, .box_w = 14, .box_h = 15, .ofs_x = 0, .ofs_y = -2},
    {.bitmap_index = 37212, .adv_w = 224, .box_w = 14, .box_h = 14, .ofs_x = 0, .ofs_y = -2},
    {.bitmap_index = 37258, .adv_w = 224, .box_w = 14, .box_h = 14, .ofs_x = 0, .ofs_y = -2},
    {.bitmap_index = 37301, .adv_w = 224, .box_w = 14, .box_h = 14, .ofs_x = 0, .ofs_y = -1},
    {.bitmap_index = 37345, .adv_w = 224, .box_w = 14, .box_h = 15, .ofs_x = 0, .ofs_y = -2},
    {.bitmap_index = 37391, .adv_w = 224, .box_w = 14, .box_h = 13, .ofs_x = 0, .ofs_y = -1},
    {.bitmap_index = 37432, .adv_w = 224, .box_w = 14, .box_h = 13, .ofs_x = 0, .ofs_y = -1},
    {.bitmap_index = 37472, .adv_w = 224, .box_w = 13, .box_h = 14, .ofs_x = 0, .ofs_y = -2},
    {.bitmap_index = 37514, .adv_w = 224, .box_w = 14, .box_h = 14, .ofs_x = 0, .ofs_y = -2},
    {.bitmap_index = 37562, .adv_w = 224, .box_w = 14, .box_h = 15, .ofs_x = 0, .ofs_y = -2},
    {.bitmap_index = 37612, .adv_w = 224, .box_w = 14, .box_h = 14, .ofs_x = 0, .ofs_y = -2},
    {.bitmap_index = 37659, .adv_w = 224, .box_w = 13, .box_h = 14, .ofs_x = 0, .ofs_y = -2},
    {.bitmap_index = 37699, .adv_w = 224, .box_w = 14, .box_h = 14, .ofs_x = 0, .ofs_y = -1},
    {.bitmap_index = 37743, .adv_w = 224, .box_w = 14, .box_h = 14, .ofs_x = 0, .ofs_y = -1},
    {.bitmap_index = 37788, .adv_w = 224, .box_w = 13, .box_h = 13, .ofs_x = 0, .ofs_y = -1},
    {.bitmap_index = 37827, .adv_w = 224, .box_w = 14, .box_h = 15, .ofs_x = 0, .ofs_y = -2},
    {.bitmap_index = 37877, .adv_w = 224, .box_w = 14, .box_h = 14, .ofs_x = 0, .ofs_y = -2},
    {.bitmap_index = 37924, .adv_w = 224, .box_w = 14, .box_h = 14, .ofs_x = 0, .ofs_y = -2},
    {.bitmap_index = 37971, .adv_w = 224, .box_w = 14, .box_h = 14, .ofs_x = 0, .ofs_y = -2},
    {.bitmap_index = 38018, .adv_w = 224, .box_w = 14, .box_h = 15, .ofs_x = 0, .ofs_y = -2},
    {.bitmap_index = 38069, .adv_w = 224, .box_w = 13, .box_h = 14, .ofs_x = 0, .ofs_y = -2},
    {.bitmap_index = 38112, .adv_w = 224, .box_w = 14, .box_h = 14, .ofs_x = 0, .ofs_y = -2},
    {.bitmap_index = 38156, .adv_w = 224, .box_w = 14, .box_h = 13, .ofs_x = 0, .ofs_y = -1},
    {.bitmap_index = 38198, .adv_w = 224, .box_w = 14, .box_h = 14, .ofs_x = 0, .ofs_y = -2},
    {.bitmap_index = 38243, .adv_w = 224, .box_w = 14, .box_h = 13, .ofs_x = 0, .ofs_y = -1},
    {.bitmap_index = 38289, .adv_w = 224, .box_w = 13, .box_h = 13, .ofs_x = 0, .ofs_y = -1},
    {.bitmap_index = 38328, .adv_w = 224, .box_w = 14, .box_h = 14, .ofs_x = 0, .ofs_y = -1},
    {.bitmap_index = 38375, .adv_w = 224, .box_w = 14, .box_h = 15, .ofs_x = 0, .ofs_y = -2},
    {.bitmap_index = 38423, .adv_w = 224, .box_w = 14, .box_h = 14, .ofs_x = 0, .ofs_y = -2},
    {.bitmap_index = 38468, .adv_w = 224, .box_w = 14, .box_h = 15, .ofs_x = 0, .ofs_y = -2},
    {.bitmap_index = 38515, .adv_w = 224, .box_w = 14, .box_h = 15, .ofs_x = 0, .ofs_y = -2},
    {.bitmap_index = 38564, .adv_w = 224, .box_w = 14, .box_h = 14, .ofs_x = 0, .ofs_y = -1},
    {.bitmap_index = 38610, .adv_w = 224, .box_w = 14, .box_h = 13, .ofs_x = 0, .ofs_y = -1},
    {.bitmap_index = 38650, .adv_w = 224, .box_w = 13, .box_h = 14, .ofs_x = 1, .ofs_y = -2},
    {.bitmap_index = 38693, .adv_w = 224, .box_w = 13, .box_h = 15, .ofs_x = 0, .ofs_y = -2},
    {.bitmap_index = 38738, .adv_w = 224, .box_w = 14, .box_h = 14, .ofs_x = 0, .ofs_y = -2},
    {.bitmap_index = 38783, .adv_w = 224, .box_w = 14, .box_h = 14, .ofs_x = 0, .ofs_y = -2},
    {.bitmap_index = 38828, .adv_w = 224, .box_w = 14, .box_h = 13, .ofs_x = 0, .ofs_y = -1},
    {.bitmap_index = 38872, .adv_w = 224, .box_w = 14, .box_h = 14, .ofs_x = 0, .ofs_y = -2},
    {.bitmap_index = 38921, .adv_w = 224, .box_w = 14, .box_h = 13, .ofs_x = 0, .ofs_y = -1},
    {.bitmap_index = 38962, .adv_w = 224, .box_w = 14, .box_h = 15, .ofs_x = 0, .ofs_y = -2},
    {.bitmap_index = 39010, .adv_w = 224, .box_w = 14, .box_h = 14, .ofs_x = 0, .ofs_y = -1},
    {.bitmap_index = 39056, .adv_w = 224, .box_w = 14, .box_h = 15, .ofs_x = 0, .ofs_y = -2},
    {.bitmap_index = 39106, .adv_w = 224, .box_w = 14, .box_h = 15, .ofs_x = 0, .ofs_y = -2},
    {.bitmap_index = 39157, .adv_w = 224, .box_w = 14, .box_h = 14, .ofs_x = 0, .ofs_y = -2},
    {.bitmap_index = 39199, .adv_w = 224, .box_w = 14, .box_h = 14, .ofs_x = 0, .ofs_y = -2},
    {.bitmap_index = 39246, .adv_w = 224, .box_w = 14, .box_h = 15, .ofs_x = 0, .ofs_y = -2},
    {.bitmap_index = 39293, .adv_w = 224, .box_w = 14, .box_h = 13, .ofs_x = 0, .ofs_y = -1},
    {.bitmap_index = 39336, .adv_w = 224, .box_w = 14, .box_h = 13, .ofs_x = 0, .ofs_y = -1},
    {.bitmap_index = 39379, .adv_w = 224, .box_w = 14, .box_h = 15, .ofs_x = 0, .ofs_y = -2},
    {.bitmap_index = 39429, .adv_w = 224, .box_w = 13, .box_h = 13, .ofs_x = 0, .ofs_y = -1},
    {.bitmap_index = 39468, .adv_w = 224, .box_w = 14, .box_h = 14, .ofs_x = 0, .ofs_y = -2},
    {.bitmap_index = 39517, .adv_w = 224, .box_w = 14, .box_h = 14, .ofs_x = 0, .ofs_y = -2},
    {.bitmap_index = 39565, .adv_w = 224, .box_w = 13, .box_h = 15, .ofs_x = 1, .ofs_y = -2},
    {.bitmap_index = 39608, .adv_w = 224, .box_w = 14, .box_h = 15, .ofs_x = 0, .ofs_y = -2},
    {.bitmap_index = 39659, .adv_w = 224, .box_w = 14, .box_h = 14, .ofs_x = 0, .ofs_y = -2},
    {.bitmap_index = 39707, .adv_w = 224, .box_w = 13, .box_h = 14, .ofs_x = 0, .ofs_y = -2},
    {.bitmap_index = 39752, .adv_w = 224, .box_w = 13, .box_h = 14, .ofs_x = 0, .ofs_y = -2},
    {.bitmap_index = 39797, .adv_w = 224, .box_w = 14, .box_h = 15, .ofs_x = 0, .ofs_y = -2},
    {.bitmap_index = 39847, .adv_w = 224, .box_w = 14, .box_h = 15, .ofs_x = 0, .ofs_y = -2},
    {.bitmap_index = 39896, .adv_w = 224, .box_w = 14, .box_h = 14, .ofs_x = 0, .ofs_y = -2},
    {.bitmap_index = 39942, .adv_w = 224, .box_w = 14, .box_h = 13, .ofs_x = 0, .ofs_y = -1},
    {.bitmap_index = 39987, .adv_w = 224, .box_w = 14, .box_h = 13, .ofs_x = 0, .ofs_y = -1},
    {.bitmap_index = 40031, .adv_w = 224, .box_w = 14, .box_h = 15, .ofs_x = 0, .ofs_y = -2},
    {.bitmap_index = 40080, .adv_w = 224, .box_w = 14, .box_h = 13, .ofs_x = 0, .ofs_y = -1},
    {.bitmap_index = 40122, .adv_w = 224, .box_w = 14, .box_h = 15, .ofs_x = 0, .ofs_y = -2},
    {.bitmap_index = 40172, .adv_w = 224, .box_w = 14, .box_h = 14, .ofs_x = 0, .ofs_y = -2},
    {.bitmap_index = 40221, .adv_w = 224, .box_w = 14, .box_h = 14, .ofs_x = 0, .ofs_y = -1},
    {.bitmap_index = 40268, .adv_w = 224, .box_w = 13, .box_h = 15, .ofs_x = 0, .ofs_y = -2},
    {.bitmap_index = 40313, .adv_w = 224, .box_w = 14, .box_h = 14, .ofs_x = 0, .ofs_y = -1},
    {.bitmap_index = 40358, .adv_w = 224, .box_w = 14, .box_h = 14, .ofs_x = 0, .ofs_y = -1},
    {.bitmap_index = 40405, .adv_w = 224, .box_w = 14, .box_h = 15, .ofs_x = 0, .ofs_y = -2},
    {.bitmap_index = 40455, .adv_w = 224, .box_w = 14, .box_h = 13, .ofs_x = 0, .ofs_y = -1},
    {.bitmap_index = 40499, .adv_w = 224, .box_w = 14, .box_h = 13, .ofs_x = 0, .ofs_y = -1},
    {.bitmap_index = 40542, .adv_w = 224, .box_w = 14, .box_h = 14, .ofs_x = 0, .ofs_y = -1},
    {.bitmap_index = 40589, .adv_w = 224, .box_w = 14, .box_h = 14, .ofs_x = 0, .ofs_y = -1},
    {.bitmap_index = 40635, .adv_w = 224, .box_w = 14, .box_h = 14, .ofs_x = 0, .ofs_y = -2},
    {.bitmap_index = 40685, .adv_w = 224, .box_w = 14, .box_h = 13, .ofs_x = 0, .ofs_y = -1},
    {.bitmap_index = 40731, .adv_w = 224, .box_w = 13, .box_h = 14, .ofs_x = 1, .ofs_y = -2},
    {.bitmap_index = 40768, .adv_w = 224, .box_w = 13, .box_h = 15, .ofs_x = 1, .ofs_y = -2},
    {.bitmap_index = 40811, .adv_w = 224, .box_w = 13, .box_h = 14, .ofs_x = 1, .ofs_y = -2},
    {.bitmap_index = 40853, .adv_w = 224, .box_w = 14, .box_h = 15, .ofs_x = 0, .ofs_y = -2},
    {.bitmap_index = 40902, .adv_w = 224, .box_w = 14, .box_h = 14, .ofs_x = 0, .ofs_y = -1},
    {.bitmap_index = 40945, .adv_w = 224, .box_w = 14, .box_h = 15, .ofs_x = 0, .ofs_y = -2},
    {.bitmap_index = 40991, .adv_w = 224, .box_w = 14, .box_h = 14, .ofs_x = 0, .ofs_y = -1},
    {.bitmap_index = 41037, .adv_w = 224, .box_w = 14, .box_h = 13, .ofs_x = 0, .ofs_y = -1},
    {.bitmap_index = 41082, .adv_w = 224, .box_w = 14, .box_h = 15, .ofs_x = 0, .ofs_y = -2},
    {.bitmap_index = 41132, .adv_w = 224, .box_w = 14, .box_h = 14, .ofs_x = 0, .ofs_y = -2},
    {.bitmap_index = 41183, .adv_w = 224, .box_w = 14, .box_h = 14, .ofs_x = 0, .ofs_y = -2},
    {.bitmap_index = 41229, .adv_w = 224, .box_w = 14, .box_h = 15, .ofs_x = 0, .ofs_y = -2},
    {.bitmap_index = 41277, .adv_w = 224, .box_w = 14, .box_h = 15, .ofs_x = 0, .ofs_y = -2},
    {.bitmap_index = 41328, .adv_w = 224, .box_w = 14, .box_h = 14, .ofs_x = 0, .ofs_y = -1},
    {.bitmap_index = 41375, .adv_w = 224, .box_w = 14, .box_h = 14, .ofs_x = 0, .ofs_y = -2},
    {.bitmap_index = 41414, .adv_w = 224, .box_w = 13, .box_h = 14, .ofs_x = 0, .ofs_y = -2},
    {.bitmap_index = 41454, .adv_w = 224, .box_w = 14, .box_h = 13, .ofs_x = 0, .ofs_y = -1},
    {.bitmap_index = 41491, .adv_w = 224, .box_w = 14, .box_h = 14, .ofs_x = 0, .ofs_y = -2},
    {.bitmap_index = 41535, .adv_w = 224, .box_w = 13, .box_h = 13, .ofs_x = 0, .ofs_y = -1},
    {.bitmap_index = 41565, .adv_w = 224, .box_w = 13, .box_h = 14, .ofs_x = 1, .ofs_y = -2},
    {.bitmap_index = 41608, .adv_w = 224, .box_w = 13, .box_h = 14, .ofs_x = 1, .ofs_y = -1},
    {.bitmap_index = 41650, .adv_w = 224, .box_w = 14, .box_h = 15, .ofs_x = 0, .ofs_y = -2},
    {.bitmap_index = 41699, .adv_w = 224, .box_w = 14, .box_h = 14, .ofs_x = 0, .ofs_y = -1},
    {.bitmap_index = 41745, .adv_w = 224, .box_w = 14, .box_h = 14, .ofs_x = 0, .ofs_y = -2},
    {.bitmap_index = 41781, .adv_w = 224, .box_w = 14, .box_h = 15, .ofs_x = 0, .ofs_y = -2},
    {.bitmap_index = 41830, .adv_w = 224, .box_w = 13, .box_h = 14, .ofs_x = 1, .ofs_y = -2},
    {.bitmap_index = 41873, .adv_w = 224, .box_w = 14, .box_h = 14, .ofs_x = 0, .ofs_y = -1},
    {.bitmap_index = 41917, .adv_w = 224, .box_w = 14, .box_h = 15, .ofs_x = 0, .ofs_y = -2},
    {.bitmap_index = 41967, .adv_w = 224, .box_w = 14, .box_h = 15, .ofs_x = 0, .ofs_y = -2},
    {.bitmap_index = 42019, .adv_w = 224, .box_w = 14, .box_h = 12, .ofs_x = 0, .ofs_y = -1},
    {.bitmap_index = 42054, .adv_w = 224, .box_w = 14, .box_h = 13, .ofs_x = 0, .ofs_y = -2},
    {.bitmap_index = 42098, .adv_w = 224, .box_w = 8, .box_h = 12, .ofs_x = 3, .ofs_y = -1},
    {.bitmap_index = 42117, .adv_w = 224, .box_w = 13, .box_h = 12, .ofs_x = 1, .ofs_y = -1},
    {.bitmap_index = 42149, .adv_w = 224, .box_w = 12, .box_h = 12, .ofs_x = 1, .ofs_y = -1},
    {.bitmap_index = 42168, .adv_w = 224, .box_w = 13, .box_h = 12, .ofs_x = 1, .ofs_y = -1},
    {.bitmap_index = 42196, .adv_w = 224, .box_w = 13, .box_h = 13, .ofs_x = 0, .ofs_y = -1},
    {.bitmap_index = 42232, .adv_w = 224, .box_w = 13, .box_h = 12, .ofs_x = 1, .ofs_y = -1},
    {.bitmap_index = 42262, .adv_w = 224, .box_w = 12, .box_h = 13, .ofs_x = 1, .ofs_y = -1},
    {.bitmap_index = 42295, .adv_w = 224, .box_w = 12, .box_h = 13, .ofs_x = 1, .ofs_y = -1},
    {.bitmap_index = 42327, .adv_w = 224, .box_w = 13, .box_h = 12, .ofs_x = 0, .ofs_y = -1},
    {.bitmap_index = 42362, .adv_w = 224, .box_w = 14, .box_h = 13, .ofs_x = 0, .ofs_y = -2},
    {.bitmap_index = 42403, .adv_w = 224, .box_w = 10, .box_h = 12, .ofs_x = 2, .ofs_y = -1},
    {.bitmap_index = 42427, .adv_w = 224, .box_w = 12, .box_h = 13, .ofs_x = 1, .ofs_y = -2},
    {.bitmap_index = 42463, .adv_w = 224, .box_w = 12, .box_h = 15, .ofs_x = 1, .ofs_y = -2},
    {.bitmap_index = 42502, .adv_w = 224, .box_w = 12, .box_h = 13, .ofs_x = 0, .ofs_y = -2},
    {.bitmap_index = 42538, .adv_w = 224, .box_w = 13, .box_h = 13, .ofs_x = 1, .ofs_y = -1},
    {.bitmap_index = 42574, .adv_w = 224, .box_w = 13, .box_h = 12, .ofs_x = 1, .ofs_y = -1},
    {.bitmap_index = 42608, .adv_w = 224, .box_w = 14, .box_h = 14, .ofs_x = 0, .ofs_y = -2},
    {.bitmap_index = 42653, .adv_w = 224, .box_w = 13, .box_h = 14, .ofs_x = 1, .ofs_y = -1},
    {.bitmap_index = 42693, .adv_w = 224, .box_w = 13, .box_h = 12, .ofs_x = 1, .ofs_y = -1},
    {.bitmap_index = 42728, .adv_w = 224, .box_w = 14, .box_h = 12, .ofs_x = 0, .ofs_y = -1},
    {.bitmap_index = 42765, .adv_w = 224, .box_w = 13, .box_h = 12, .ofs_x = 0, .ofs_y = -1},
    {.bitmap_index = 42800, .adv_w = 224, .box_w = 12, .box_h = 12, .ofs_x = 1, .ofs_y = -1},
    {.bitmap_index = 42833, .adv_w = 224, .box_w = 13, .box_h = 13, .ofs_x = 1, .ofs_y = -1},
    {.bitmap_index = 42874, .adv_w = 224, .box_w = 13, .box_h = 12, .ofs_x = 0, .ofs_y = -1},
    {.bitmap_index = 42908, .adv_w = 224, .box_w = 13, .box_h = 13, .ofs_x = 1, .ofs_y = -1},
    {.bitmap_index = 42948, .adv_w = 224, .box_w = 14, .box_h = 12, .ofs_x = 0, .ofs_y = -1},
    {.bitmap_index = 42985, .adv_w = 224, .box_w = 14, .box_h = 14, .ofs_x = 0, .ofs_y = -2},
    {.bitmap_index = 43029, .adv_w = 224, .box_w = 14, .box_h = 13, .ofs_x = 0, .ofs_y = -2},
    {.bitmap_index = 43069, .adv_w = 224, .box_w = 13, .box_h = 13, .ofs_x = 1, .ofs_y = -1},
    {.bitmap_index = 43110, .adv_w = 224, .box_w = 12, .box_h = 12, .ofs_x = 1, .ofs_y = -1},
    {.bitmap_index = 43144, .adv_w = 224, .box_w = 12, .box_h = 14, .ofs_x = 1, .ofs_y = -2},
    {.bitmap_index = 43183, .adv_w = 224, .box_w = 14, .box_h = 13, .ofs_x = 0, .ofs_y = -1},
    {.bitmap_index = 43226, .adv_w = 224, .box_w = 14, .box_h = 12, .ofs_x = 0, .ofs_y = -1},
    {.bitmap_index = 43263, .adv_w = 224, .box_w = 13, .box_h = 14, .ofs_x = 1, .ofs_y = -2},
    {.bitmap_index = 43308, .adv_w = 224, .box_w = 13, .box_h = 13, .ofs_x = 1, .ofs_y = -1},
    {.bitmap_index = 43347, .adv_w = 224, .box_w = 14, .box_h = 13, .ofs_x = 0, .ofs_y = -1},
    {.bitmap_index = 43389, .adv_w = 224, .box_w = 14, .box_h = 13, .ofs_x = 0, .ofs_y = -2},
    {.bitmap_index = 43431, .adv_w = 224, .box_w = 10, .box_h = 14, .ofs_x = 2, .ofs_y = -2},
    {.bitmap_index = 43460, .adv_w = 224, .box_w = 14, .box_h = 13, .ofs_x = 0, .ofs_y = -2},
    {.bitmap_index = 43504, .adv_w = 224, .box_w = 14, .box_h = 14, .ofs_x = 0, .ofs_y = -2},
    {.bitmap_index = 43550, .adv_w = 224, .box_w = 14, .box_h = 13, .ofs_x = 0, .ofs_y = -2},
    {.bitmap_index = 43592, .adv_w = 224, .box_w = 11, .box_h = 13, .ofs_x = 1, .ofs_y = -2},
    {.bitmap_index = 43622, .adv_w = 224, .box_w = 14, .box_h = 13, .ofs_x = 0, .ofs_y = -1},
    {.bitmap_index = 43659, .adv_w = 224, .box_w = 13, .box_h = 13, .ofs_x = 0, .ofs_y = -2},
    {.bitmap_index = 43699, .adv_w = 224, .box_w = 14, .box_h = 13, .ofs_x = 0, .ofs_y = -2},
    {.bitmap_index = 43743, .adv_w = 224, .box_w = 13, .box_h = 14, .ofs_x = 0, .ofs_y = -2},
    {.bitmap_index = 43784, .adv_w = 224, .box_w = 12, .box_h = 13, .ofs_x = 1, .ofs_y = -1},
    {.bitmap_index = 43823, .adv_w = 224, .box_w = 12, .box_h = 13, .ofs_x = 1, .ofs_y = -1},
    {.bitmap_index = 43862, .adv_w = 224, .box_w = 13, .box_h = 15, .ofs_x = 0, .ofs_y = -2},
    {.bitmap_index = 43909, .adv_w = 224, .box_w = 13, .box_h = 13, .ofs_x = 1, .ofs_y = -1},
    {.bitmap_index = 43943, .adv_w = 224, .box_w = 13, .box_h = 14, .ofs_x = 1, .ofs_y = -2},
    {.bitmap_index = 43982, .adv_w = 224, .box_w = 14, .box_h = 13, .ofs_x = 0, .ofs_y = -1},
    {.bitmap_index = 44020, .adv_w = 224, .box_w = 14, .box_h = 13, .ofs_x = 0, .ofs_y = -1},
    {.bitmap_index = 44054, .adv_w = 224, .box_w = 14, .box_h = 13, .ofs_x = 0, .ofs_y = -1},
    {.bitmap_index = 44094, .adv_w = 224, .box_w = 13, .box_h = 13, .ofs_x = 1, .ofs_y = -1},
    {.bitmap_index = 44132, .adv_w = 224, .box_w = 14, .box_h = 12, .ofs_x = 0, .ofs_y = -1},
    {.bitmap_index = 44170, .adv_w = 224, .box_w = 14, .box_h = 14, .ofs_x = 0, .ofs_y = -2},
    {.bitmap_index = 44211, .adv_w = 224, .box_w = 13, .box_h = 13, .ofs_x = 0, .ofs_y = -1},
    {.bitmap_index = 44248, .adv_w = 224, .box_w = 13, .box_h = 13, .ofs_x = 0, .ofs_y = -1},
    {.bitmap_index = 44289, .adv_w = 224, .box_w = 14, .box_h = 13, .ofs_x = 0, .ofs_y = -1},
    {.bitmap_index = 44334, .adv_w = 224, .box_w = 14, .box_h = 14, .ofs_x = 0, .ofs_y = -2},
    {.bitmap_index = 44381, .adv_w = 224, .box_w = 14, .box_h = 13, .ofs_x = 0, .ofs_y = -1},
    {.bitmap_index = 44415, .adv_w = 224, .box_w = 14, .box_h = 15, .ofs_x = 0, .ofs_y = -2},
    {.bitmap_index = 44463, .adv_w = 224, .box_w = 14, .box_h = 13, .ofs_x = 0, .ofs_y = -1},
    {.bitmap_index = 44504, .adv_w = 224, .box_w = 13, .box_h = 13, .ofs_x = 1, .ofs_y = -1},
    {.bitmap_index = 44540, .adv_w = 224, .box_w = 14, .box_h = 13, .ofs_x = 0, .ofs_y = -1},
    {.bitmap_index = 44579, .adv_w = 224, .box_w = 13, .box_h = 13, .ofs_x = 0, .ofs_y = -1},
    {.bitmap_index = 44614, .adv_w = 224, .box_w = 14, .box_h = 13, .ofs_x = 0, .ofs_y = -1},
    {.bitmap_index = 44649, .adv_w = 224, .box_w = 13, .box_h = 13, .ofs_x = 1, .ofs_y = -1},
    {.bitmap_index = 44686, .adv_w = 224, .box_w = 14, .box_h = 13, .ofs_x = 0, .ofs_y = -1},
    {.bitmap_index = 44722, .adv_w = 224, .box_w = 14, .box_h = 13, .ofs_x = 0, .ofs_y = -1},
    {.bitmap_index = 44767, .adv_w = 224, .box_w = 14, .box_h = 13, .ofs_x = 0, .ofs_y = -1},
    {.bitmap_index = 44808, .adv_w = 224, .box_w = 13, .box_h = 14, .ofs_x = 0, .ofs_y = -2},
    {.bitmap_index = 44854, .adv_w = 224, .box_w = 14, .box_h = 13, .ofs_x = 0, .ofs_y = -1},
    {.bitmap_index = 44891, .adv_w = 224, .box_w = 13, .box_h = 13, .ofs_x = 0, .ofs_y = -1},
    {.bitmap_index = 44928, .adv_w = 224, .box_w = 14, .box_h = 14, .ofs_x = 0, .ofs_y = -2},
    {.bitmap_index = 44974, .adv_w = 224, .box_w = 14, .box_h = 14, .ofs_x = 0, .ofs_y = -2},
    {.bitmap_index = 45021, .adv_w = 224, .box_w = 13, .box_h = 14, .ofs_x = 0, .ofs_y = -1},
    {.bitmap_index = 45063, .adv_w = 224, .box_w = 14, .box_h = 15, .ofs_x = 0, .ofs_y = -2},
    {.bitmap_index = 45108, .adv_w = 224, .box_w = 14, .box_h = 13, .ofs_x = 0, .ofs_y = -1},
    {.bitmap_index = 45151, .adv_w = 224, .box_w = 14, .box_h = 13, .ofs_x = 0, .ofs_y = -1},
    {.bitmap_index = 45191, .adv_w = 224, .box_w = 14, .box_h = 15, .ofs_x = 0, .ofs_y = -2},
    {.bitmap_index = 45240, .adv_w = 224, .box_w = 14, .box_h = 13, .ofs_x = 0, .ofs_y = -2},
    {.bitmap_index = 45281, .adv_w = 224, .box_w = 14, .box_h = 13, .ofs_x = 0, .ofs_y = -1},
    {.bitmap_index = 45321, .adv_w = 224, .box_w = 14, .box_h = 13, .ofs_x = 0, .ofs_y = -1},
    {.bitmap_index = 45364, .adv_w = 224, .box_w = 14, .box_h = 13, .ofs_x = 0, .ofs_y = -1},
    {.bitmap_index = 45407, .adv_w = 224, .box_w = 14, .box_h = 14, .ofs_x = 0, .ofs_y = -1},
    {.bitmap_index = 45452, .adv_w = 224, .box_w = 13, .box_h = 14, .ofs_x = 0, .ofs_y = -2},
    {.bitmap_index = 45495, .adv_w = 224, .box_w = 14, .box_h = 13, .ofs_x = 0, .ofs_y = -1},
    {.bitmap_index = 45531, .adv_w = 224, .box_w = 14, .box_h = 13, .ofs_x = 0, .ofs_y = -1},
    {.bitmap_index = 45576, .adv_w = 224, .box_w = 14, .box_h = 14, .ofs_x = 0, .ofs_y = -2},
    {.bitmap_index = 45619, .adv_w = 224, .box_w = 14, .box_h = 13, .ofs_x = 0, .ofs_y = -1},
    {.bitmap_index = 45655, .adv_w = 224, .box_w = 14, .box_h = 13, .ofs_x = 0, .ofs_y = -1},
    {.bitmap_index = 45699, .adv_w = 224, .box_w = 14, .box_h = 13, .ofs_x = 0, .ofs_y = -1},
    {.bitmap_index = 45745, .adv_w = 224, .box_w = 14, .box_h = 12, .ofs_x = 0, .ofs_y = -1},
    {.bitmap_index = 45787, .adv_w = 224, .box_w = 14, .box_h = 13, .ofs_x = 0, .ofs_y = -1},
    {.bitmap_index = 45826, .adv_w = 224, .box_w = 14, .box_h = 13, .ofs_x = 0, .ofs_y = -1},
    {.bitmap_index = 45866, .adv_w = 224, .box_w = 14, .box_h = 14, .ofs_x = 0, .ofs_y = -1},
    {.bitmap_index = 45910, .adv_w = 224, .box_w = 14, .box_h = 14, .ofs_x = 0, .ofs_y = -2},
    {.bitmap_index = 45953, .adv_w = 224, .box_w = 14, .box_h = 13, .ofs_x = 0, .ofs_y = -1},
    {.bitmap_index = 45997, .adv_w = 224, .box_w = 14, .box_h = 13, .ofs_x = 0, .ofs_y = -1},
    {.bitmap_index = 46035, .adv_w = 224, .box_w = 13, .box_h = 14, .ofs_x = 0, .ofs_y = -2},
    {.bitmap_index = 46078, .adv_w = 224, .box_w = 14, .box_h = 14, .ofs_x = 0, .ofs_y = -1},
    {.bitmap_index = 46125, .adv_w = 224, .box_w = 14, .box_h = 15, .ofs_x = 0, .ofs_y = -2},
    {.bitmap_index = 46174, .adv_w = 224, .box_w = 13, .box_h = 13, .ofs_x = 0, .ofs_y = -1},
    {.bitmap_index = 46210, .adv_w = 224, .box_w = 13, .box_h = 13, .ofs_x = 0, .ofs_y = -1},
    {.bitmap_index = 46251, .adv_w = 224, .box_w = 13, .box_h = 12, .ofs_x = 1, .ofs_y = -1},
    {.bitmap_index = 46288, .adv_w = 224, .box_w = 14, .box_h = 14, .ofs_x = 0, .ofs_y = -2},
    {.bitmap_index = 46333, .adv_w = 224, .box_w = 14, .box_h = 13, .ofs_x = 0, .ofs_y = -1},
    {.bitmap_index = 46377, .adv_w = 224, .box_w = 14, .box_h = 13, .ofs_x = 0, .ofs_y = -1},
    {.bitmap_index = 46415, .adv_w = 224, .box_w = 14, .box_h = 13, .ofs_x = 0, .ofs_y = -1},
    {.bitmap_index = 46459, .adv_w = 224, .box_w = 14, .box_h = 13, .ofs_x = 0, .ofs_y = -1},
    {.bitmap_index = 46500, .adv_w = 224, .box_w = 14, .box_h = 14, .ofs_x = 0, .ofs_y = -1},
    {.bitmap_index = 46544, .adv_w = 224, .box_w = 14, .box_h = 13, .ofs_x = 0, .ofs_y = -1},
    {.bitmap_index = 46586, .adv_w = 224, .box_w = 14, .box_h = 14, .ofs_x = 0, .ofs_y = -2},
    {.bitmap_index = 46632, .adv_w = 224, .box_w = 14, .box_h = 14, .ofs_x = 0, .ofs_y = -1},
    {.bitmap_index = 46679, .adv_w = 224, .box_w = 14, .box_h = 13, .ofs_x = 0, .ofs_y = -1},
    {.bitmap_index = 46720, .adv_w = 224, .box_w = 13, .box_h = 13, .ofs_x = 1, .ofs_y = -1},
    {.bitmap_index = 46762, .adv_w = 224, .box_w = 14, .box_h = 13, .ofs_x = 0, .ofs_y = -1},
    {.bitmap_index = 46803, .adv_w = 224, .box_w = 14, .box_h = 12, .ofs_x = 0, .ofs_y = -1},
    {.bitmap_index = 46844, .adv_w = 224, .box_w = 14, .box_h = 13, .ofs_x = 0, .ofs_y = -1},
    {.bitmap_index = 46883, .adv_w = 224, .box_w = 14, .box_h = 15, .ofs_x = 0, .ofs_y = -2},
    {.bitmap_index = 46929, .adv_w = 224, .box_w = 14, .box_h = 15, .ofs_x = 0, .ofs_y = -2},
    {.bitmap_index = 46979, .adv_w = 224, .box_w = 14, .box_h = 15, .ofs_x = 0, .ofs_y = -2},
    {.bitmap_index = 47027, .adv_w = 224, .box_w = 14, .box_h = 13, .ofs_x = 0, .ofs_y = -1},
    {.bitmap_index = 47071, .adv_w = 224, .box_w = 14, .box_h = 14, .ofs_x = 0, .ofs_y = -2},
    {.bitmap_index = 47117, .adv_w = 224, .box_w = 14, .box_h = 13, .ofs_x = 0, .ofs_y = -1},
    {.bitmap_index = 47162, .adv_w = 224, .box_w = 14, .box_h = 15, .ofs_x = 0, .ofs_y = -2},
    {.bitmap_index = 47212, .adv_w = 224, .box_w = 14, .box_h = 14, .ofs_x = 0, .ofs_y = -1},
    {.bitmap_index = 47259, .adv_w = 224, .box_w = 13, .box_h = 15, .ofs_x = 0, .ofs_y = -2},
    {.bitmap_index = 47304, .adv_w = 224, .box_w = 14, .box_h = 13, .ofs_x = 0, .ofs_y = -1},
    {.bitmap_index = 47346, .adv_w = 224, .box_w = 13, .box_h = 14, .ofs_x = 0, .ofs_y = -2},
    {.bitmap_index = 47390, .adv_w = 224, .box_w = 14, .box_h = 13, .ofs_x = 0, .ofs_y = -1},
    {.bitmap_index = 47436, .adv_w = 224, .box_w = 14, .box_h = 14, .ofs_x = 0, .ofs_y = -2},
    {.bitmap_index = 47483, .adv_w = 224, .box_w = 14, .box_h = 14, .ofs_x = 0, .ofs_y = -1},
    {.bitmap_index = 47529, .adv_w = 224, .box_w = 14, .box_h = 15, .ofs_x = 0, .ofs_y = -2},
    {.bitmap_index = 47581, .adv_w = 224, .box_w = 14, .box_h = 14, .ofs_x = 0, .ofs_y = -1},
    {.bitmap_index = 47628, .adv_w = 224, .box_w = 14, .box_h = 13, .ofs_x = 0, .ofs_y = -1},
    {.bitmap_index = 47673, .adv_w = 224, .box_w = 14, .box_h = 13, .ofs_x = 0, .ofs_y = -1},
    {.bitmap_index = 47716, .adv_w = 224, .box_w = 13, .box_h = 13, .ofs_x = 0, .ofs_y = -1},
    {.bitmap_index = 47756, .adv_w = 224, .box_w = 14, .box_h = 14, .ofs_x = 0, .ofs_y = -1},
    {.bitmap_index = 47802, .adv_w = 224, .box_w = 14, .box_h = 13, .ofs_x = 0, .ofs_y = -1},
    {.bitmap_index = 47846, .adv_w = 224, .box_w = 14, .box_h = 13, .ofs_x = 0, .ofs_y = -1},
    {.bitmap_index = 47891, .adv_w = 224, .box_w = 14, .box_h = 13, .ofs_x = 0, .ofs_y = -1},
    {.bitmap_index = 47935, .adv_w = 224, .box_w = 14, .box_h = 14, .ofs_x = 0, .ofs_y = -2},
    {.bitmap_index = 47982, .adv_w = 224, .box_w = 14, .box_h = 14, .ofs_x = 0, .ofs_y = -1},
    {.bitmap_index = 48029, .adv_w = 224, .box_w = 14, .box_h = 14, .ofs_x = 0, .ofs_y = -1},
    {.bitmap_index = 48075, .adv_w = 224, .box_w = 14, .box_h = 14, .ofs_x = 0, .ofs_y = -1},
    {.bitmap_index = 48124, .adv_w = 224, .box_w = 14, .box_h = 14, .ofs_x = 0, .ofs_y = -2},
    {.bitmap_index = 48166, .adv_w = 224, .box_w = 14, .box_h = 13, .ofs_x = 0, .ofs_y = -1},
    {.bitmap_index = 48209, .adv_w = 224, .box_w = 14, .box_h = 14, .ofs_x = 0, .ofs_y = -2},
    {.bitmap_index = 48255, .adv_w = 224, .box_w = 14, .box_h = 14, .ofs_x = 0, .ofs_y = -2},
    {.bitmap_index = 48301, .adv_w = 224, .box_w = 13, .box_h = 13, .ofs_x = 1, .ofs_y = -1},
    {.bitmap_index = 48341, .adv_w = 224, .box_w = 14, .box_h = 14, .ofs_x = 0, .ofs_y = -1},
    {.bitmap_index = 48389, .adv_w = 224, .box_w = 14, .box_h = 15, .ofs_x = 0, .ofs_y = -2},
    {.bitmap_index = 48438, .adv_w = 224, .box_w = 14, .box_h = 13, .ofs_x = 0, .ofs_y = -1},
    {.bitmap_index = 48482, .adv_w = 224, .box_w = 14, .box_h = 14, .ofs_x = 0, .ofs_y = -2},
    {.bitmap_index = 48528, .adv_w = 224, .box_w = 12, .box_h = 12, .ofs_x = 1, .ofs_y = -1},
    {.bitmap_index = 48551, .adv_w = 224, .box_w = 14, .box_h = 13, .ofs_x = 0, .ofs_y = -1},
    {.bitmap_index = 48591, .adv_w = 224, .box_w = 14, .box_h = 13, .ofs_x = 0, .ofs_y = -1},
    {.bitmap_index = 48633, .adv_w = 224, .box_w = 14, .box_h = 14, .ofs_x = 0, .ofs_y = -2},
    {.bitmap_index = 48676, .adv_w = 224, .box_w = 13, .box_h = 12, .ofs_x = 0, .ofs_y = -1},
    {.bitmap_index = 48712, .adv_w = 224, .box_w = 14, .box_h = 13, .ofs_x = 0, .ofs_y = -2},
    {.bitmap_index = 48755, .adv_w = 224, .box_w = 14, .box_h = 13, .ofs_x = 0, .ofs_y = -1},
    {.bitmap_index = 48798, .adv_w = 224, .box_w = 14, .box_h = 14, .ofs_x = 0, .ofs_y = -2},
    {.bitmap_index = 48846, .adv_w = 224, .box_w = 14, .box_h = 15, .ofs_x = 0, .ofs_y = -2},
    {.bitmap_index = 48897, .adv_w = 224, .box_w = 14, .box_h = 13, .ofs_x = 0, .ofs_y = -1},
    {.bitmap_index = 48941, .adv_w = 224, .box_w = 14, .box_h = 13, .ofs_x = 0, .ofs_y = -1},
    {.bitmap_index = 48985, .adv_w = 224, .box_w = 14, .box_h = 14, .ofs_x = 0, .ofs_y = -2},
    {.bitmap_index = 49034, .adv_w = 224, .box_w = 13, .box_h = 12, .ofs_x = 1, .ofs_y = -1},
    {.bitmap_index = 49071, .adv_w = 224, .box_w = 14, .box_h = 14, .ofs_x = 0, .ofs_y = -1},
    {.bitmap_index = 49116, .adv_w = 224, .box_w = 14, .box_h = 14, .ofs_x = 0, .ofs_y = -2},
    {.bitmap_index = 49164, .adv_w = 224, .box_w = 13, .box_h = 13, .ofs_x = 1, .ofs_y = -1},
    {.bitmap_index = 49195, .adv_w = 224, .box_w = 13, .box_h = 13, .ofs_x = 0, .ofs_y = -1},
    {.bitmap_index = 49229, .adv_w = 224, .box_w = 13, .box_h = 13, .ofs_x = 1, .ofs_y = -1},
    {.bitmap_index = 49266, .adv_w = 224, .box_w = 13, .box_h = 13, .ofs_x = 1, .ofs_y = -1},
    {.bitmap_index = 49306, .adv_w = 224, .box_w = 14, .box_h = 13, .ofs_x = 0, .ofs_y = -1},
    {.bitmap_index = 49352, .adv_w = 224, .box_w = 13, .box_h = 13, .ofs_x = 1, .ofs_y = -1},
    {.bitmap_index = 49388, .adv_w = 224, .box_w = 14, .box_h = 13, .ofs_x = 0, .ofs_y = -2},
    {.bitmap_index = 49428, .adv_w = 224, .box_w = 14, .box_h = 13, .ofs_x = 0, .ofs_y = -1},
    {.bitmap_index = 49459, .adv_w = 224, .box_w = 14, .box_h = 14, .ofs_x = 0, .ofs_y = -2},
    {.bitmap_index = 49506, .adv_w = 224, .box_w = 14, .box_h = 13, .ofs_x = 0, .ofs_y = -1},
    {.bitmap_index = 49548, .adv_w = 224, .box_w = 14, .box_h = 15, .ofs_x = 0, .ofs_y = -2},
    {.bitmap_index = 49596, .adv_w = 224, .box_w = 14, .box_h = 14, .ofs_x = 0, .ofs_y = -2},
    {.bitmap_index = 49641, .adv_w = 224, .box_w = 14, .box_h = 13, .ofs_x = 0, .ofs_y = -1},
    {.bitmap_index = 49675, .adv_w = 224, .box_w = 14, .box_h = 13, .ofs_x = 0, .ofs_y = -1},
    {.bitmap_index = 49717, .adv_w = 224, .box_w = 13, .box_h = 13, .ofs_x = 1, .ofs_y = -1},
    {.bitmap_index = 49752, .adv_w = 224, .box_w = 13, .box_h = 13, .ofs_x = 0, .ofs_y = -1},
    {.bitmap_index = 49793, .adv_w = 224, .box_w = 13, .box_h = 13, .ofs_x = 0, .ofs_y = -1},
    {.bitmap_index = 49828, .adv_w = 224, .box_w = 14, .box_h = 13, .ofs_x = 0, .ofs_y = -1},
    {.bitmap_index = 49873, .adv_w = 224, .box_w = 14, .box_h = 13, .ofs_x = 0, .ofs_y = -1},
    {.bitmap_index = 49912, .adv_w = 224, .box_w = 14, .box_h = 13, .ofs_x = 0, .ofs_y = -1},
    {.bitmap_index = 49952, .adv_w = 224, .box_w = 14, .box_h = 13, .ofs_x = 0, .ofs_y = -1},
    {.bitmap_index = 49991, .adv_w = 224, .box_w = 14, .box_h = 13, .ofs_x = 0, .ofs_y = -1},
    {.bitmap_index = 50033, .adv_w = 224, .box_w = 14, .box_h = 13, .ofs_x = 0, .ofs_y = -1},
    {.bitmap_index = 50073, .adv_w = 224, .box_w = 13, .box_h = 13, .ofs_x = 0, .ofs_y = -1},
    {.bitmap_index = 50116, .adv_w = 224, .box_w = 14, .box_h = 14, .ofs_x = 0, .ofs_y = -2},
    {.bitmap_index = 50163, .adv_w = 224, .box_w = 13, .box_h = 13, .ofs_x = 0, .ofs_y = -1},
    {.bitmap_index = 50205, .adv_w = 224, .box_w = 13, .box_h = 13, .ofs_x = 1, .ofs_y = -1},
    {.bitmap_index = 50243, .adv_w = 224, .box_w = 14, .box_h = 13, .ofs_x = 0, .ofs_y = -1},
    {.bitmap_index = 50287, .adv_w = 224, .box_w = 14, .box_h = 14, .ofs_x = 0, .ofs_y = -2},
    {.bitmap_index = 50332, .adv_w = 224, .box_w = 14, .box_h = 13, .ofs_x = 0, .ofs_y = -1},
    {.bitmap_index = 50373, .adv_w = 224, .box_w = 13, .box_h = 14, .ofs_x = 0, .ofs_y = -2},
    {.bitmap_index = 50418, .adv_w = 224, .box_w = 14, .box_h = 13, .ofs_x = 0, .ofs_y = -1},
    {.bitmap_index = 50463, .adv_w = 224, .box_w = 14, .box_h = 13, .ofs_x = 0, .ofs_y = -1},
    {.bitmap_index = 50507, .adv_w = 224, .box_w = 13, .box_h = 14, .ofs_x = 0, .ofs_y = -2},
    {.bitmap_index = 50548, .adv_w = 224, .box_w = 14, .box_h = 13, .ofs_x = 0, .ofs_y = -1},
    {.bitmap_index = 50588, .adv_w = 224, .box_w = 13, .box_h = 14, .ofs_x = 0, .ofs_y = -2},
    {.bitmap_index = 50633, .adv_w = 224, .box_w = 13, .box_h = 14, .ofs_x = 0, .ofs_y = -2},
    {.bitmap_index = 50674, .adv_w = 224, .box_w = 14, .box_h = 13, .ofs_x = 0, .ofs_y = -1},
    {.bitmap_index = 50716, .adv_w = 224, .box_w = 13, .box_h = 13, .ofs_x = 0, .ofs_y = -1},
    {.bitmap_index = 50757, .adv_w = 224, .box_w = 14, .box_h = 13, .ofs_x = 0, .ofs_y = -1},
    {.bitmap_index = 50798, .adv_w = 224, .box_w = 13, .box_h = 13, .ofs_x = 0, .ofs_y = -1},
    {.bitmap_index = 50836, .adv_w = 224, .box_w = 14, .box_h = 13, .ofs_x = 0, .ofs_y = -1},
    {.bitmap_index = 50880, .adv_w = 224, .box_w = 14, .box_h = 13, .ofs_x = 0, .ofs_y = -1},
    {.bitmap_index = 50923, .adv_w = 224, .box_w = 13, .box_h = 13, .ofs_x = 0, .ofs_y = -1},
    {.bitmap_index = 50960, .adv_w = 224, .box_w = 14, .box_h = 14, .ofs_x = 0, .ofs_y = -2},
    {.bitmap_index = 51005, .adv_w = 224, .box_w = 14, .box_h = 14, .ofs_x = 0, .ofs_y = -2},
    {.bitmap_index = 51053, .adv_w = 224, .box_w = 13, .box_h = 13, .ofs_x = 0, .ofs_y = -1},
    {.bitmap_index = 51093, .adv_w = 224, .box_w = 14, .box_h = 13, .ofs_x = 0, .ofs_y = -1},
    {.bitmap_index = 51135, .adv_w = 224, .box_w = 13, .box_h = 13, .ofs_x = 0, .ofs_y = -1},
    {.bitmap_index = 51173, .adv_w = 224, .box_w = 14, .box_h = 13, .ofs_x = 0, .ofs_y = -1},
    {.bitmap_index = 51219, .adv_w = 224, .box_w = 14, .box_h = 13, .ofs_x = 0, .ofs_y = -1},
    {.bitmap_index = 51263, .adv_w = 224, .box_w = 14, .box_h = 13, .ofs_x = 0, .ofs_y = -1},
    {.bitmap_index = 51305, .adv_w = 224, .box_w = 14, .box_h = 13, .ofs_x = 0, .ofs_y = -1},
    {.bitmap_index = 51347, .adv_w = 224, .box_w = 14, .box_h = 13, .ofs_x = 0, .ofs_y = -1},
    {.bitmap_index = 51389, .adv_w = 224, .box_w = 13, .box_h = 13, .ofs_x = 1, .ofs_y = -1},
    {.bitmap_index = 51430, .adv_w = 224, .box_w = 14, .box_h = 13, .ofs_x = 0, .ofs_y = -1},
    {.bitmap_index = 51474, .adv_w = 224, .box_w = 14, .box_h = 13, .ofs_x = 0, .ofs_y = -1},
    {.bitmap_index = 51518, .adv_w = 224, .box_w = 12, .box_h = 14, .ofs_x = 1, .ofs_y = -2},
    {.bitmap_index = 51557, .adv_w = 224, .box_w = 14, .box_h = 14, .ofs_x = 0, .ofs_y = -2},
    {.bitmap_index = 51602, .adv_w = 224, .box_w = 14, .box_h = 14, .ofs_x = 0, .ofs_y = -2},
    {.bitmap_index = 51649, .adv_w = 224, .box_w = 14, .box_h = 14, .ofs_x = 0, .ofs_y = -1},
    {.bitmap_index = 51699, .adv_w = 224, .box_w = 14, .box_h = 14, .ofs_x = 0, .ofs_y = -1},
    {.bitmap_index = 51747, .adv_w = 224, .box_w = 13, .box_h = 14, .ofs_x = 0, .ofs_y = -2},
    {.bitmap_index = 51789, .adv_w = 224, .box_w = 13, .box_h = 13, .ofs_x = 0, .ofs_y = -1},
    {.bitmap_index = 51826, .adv_w = 224, .box_w = 13, .box_h = 13, .ofs_x = 0, .ofs_y = -1},
    {.bitmap_index = 51866, .adv_w = 224, .box_w = 14, .box_h = 13, .ofs_x = 0, .ofs_y = -1},
    {.bitmap_index = 51911, .adv_w = 224, .box_w = 14, .box_h = 13, .ofs_x = 0, .ofs_y = -1},
    {.bitmap_index = 51953, .adv_w = 224, .box_w = 14, .box_h = 14, .ofs_x = 0, .ofs_y = -2},
    {.bitmap_index = 52001, .adv_w = 224, .box_w = 14, .box_h = 13, .ofs_x = 0, .ofs_y = -1},
    {.bitmap_index = 52045, .adv_w = 224, .box_w = 14, .box_h = 14, .ofs_x = 0, .ofs_y = -2},
    {.bitmap_index = 52093, .adv_w = 224, .box_w = 14, .box_h = 13, .ofs_x = 0, .ofs_y = -1},
    {.bitmap_index = 52136, .adv_w = 224, .box_w = 14, .box_h = 14, .ofs_x = 0, .ofs_y = -1},
    {.bitmap_index = 52183, .adv_w = 224, .box_w = 14, .box_h = 13, .ofs_x = 0, .ofs_y = -1},
    {.bitmap_index = 52227, .adv_w = 224, .box_w = 14, .box_h = 13, .ofs_x = 0, .ofs_y = -1},
    {.bitmap_index = 52269, .adv_w = 224, .box_w = 14, .box_h = 14, .ofs_x = 0, .ofs_y = -2},
    {.bitmap_index = 52318, .adv_w = 224, .box_w = 14, .box_h = 13, .ofs_x = 0, .ofs_y = -1},
    {.bitmap_index = 52359, .adv_w = 224, .box_w = 13, .box_h = 13, .ofs_x = 0, .ofs_y = -1},
    {.bitmap_index = 52399, .adv_w = 224, .box_w = 14, .box_h = 14, .ofs_x = 0, .ofs_y = -2},
    {.bitmap_index = 52446, .adv_w = 224, .box_w = 13, .box_h = 14, .ofs_x = 0, .ofs_y = -2},
    {.bitmap_index = 52492, .adv_w = 224, .box_w = 14, .box_h = 13, .ofs_x = 0, .ofs_y = -1},
    {.bitmap_index = 52537, .adv_w = 224, .box_w = 13, .box_h = 14, .ofs_x = 0, .ofs_y = -2},
    {.bitmap_index = 52586, .adv_w = 224, .box_w = 13, .box_h = 14, .ofs_x = 0, .ofs_y = -2},
    {.bitmap_index = 52630, .adv_w = 224, .box_w = 13, .box_h = 13, .ofs_x = 1, .ofs_y = -1},
    {.bitmap_index = 52669, .adv_w = 224, .box_w = 14, .box_h = 14, .ofs_x = 0, .ofs_y = -2},
    {.bitmap_index = 52717, .adv_w = 224, .box_w = 13, .box_h = 13, .ofs_x = 0, .ofs_y = -1},
    {.bitmap_index = 52757, .adv_w = 224, .box_w = 14, .box_h = 13, .ofs_x = 0, .ofs_y = -1},
    {.bitmap_index = 52802, .adv_w = 224, .box_w = 14, .box_h = 13, .ofs_x = 0, .ofs_y = -1},
    {.bitmap_index = 52847, .adv_w = 224, .box_w = 13, .box_h = 13, .ofs_x = 0, .ofs_y = -1},
    {.bitmap_index = 52890, .adv_w = 224, .box_w = 13, .box_h = 13, .ofs_x = 0, .ofs_y = -1},
    {.bitmap_index = 52934, .adv_w = 224, .box_w = 14, .box_h = 13, .ofs_x = 0, .ofs_y = -1},
    {.bitmap_index = 52980, .adv_w = 224, .box_w = 13, .box_h = 13, .ofs_x = 0, .ofs_y = -1},
    {.bitmap_index = 53023, .adv_w = 224, .box_w = 14, .box_h = 13, .ofs_x = 0, .ofs_y = -1},
    {.bitmap_index = 53069, .adv_w = 224, .box_w = 14, .box_h = 13, .ofs_x = 0, .ofs_y = -1},
    {.bitmap_index = 53115, .adv_w = 224, .box_w = 14, .box_h = 14, .ofs_x = 0, .ofs_y = -2},
    {.bitmap_index = 53161, .adv_w = 224, .box_w = 14, .box_h = 13, .ofs_x = 0, .ofs_y = -1},
    {.bitmap_index = 53205, .adv_w = 224, .box_w = 14, .box_h = 13, .ofs_x = 0, .ofs_y = -1},
    {.bitmap_index = 53252, .adv_w = 224, .box_w = 14, .box_h = 13, .ofs_x = 0, .ofs_y = -1},
    {.bitmap_index = 53296, .adv_w = 224, .box_w = 13, .box_h = 14, .ofs_x = 0, .ofs_y = -2},
    {.bitmap_index = 53341, .adv_w = 224, .box_w = 13, .box_h = 14, .ofs_x = 0, .ofs_y = -2},
    {.bitmap_index = 53386, .adv_w = 224, .box_w = 14, .box_h = 14, .ofs_x = 0, .ofs_y = -2},
    {.bitmap_index = 53434, .adv_w = 224, .box_w = 14, .box_h = 13, .ofs_x = 0, .ofs_y = -1},
    {.bitmap_index = 53477, .adv_w = 224, .box_w = 14, .box_h = 13, .ofs_x = 0, .ofs_y = -1},
    {.bitmap_index = 53522, .adv_w = 224, .box_w = 14, .box_h = 14, .ofs_x = 0, .ofs_y = -2},
    {.bitmap_index = 53565, .adv_w = 224, .box_w = 14, .box_h = 14, .ofs_x = 0, .ofs_y = -2},
    {.bitmap_index = 53614, .adv_w = 224, .box_w = 13, .box_h = 13, .ofs_x = 0, .ofs_y = -1},
    {.bitmap_index = 53654, .adv_w = 224, .box_w = 14, .box_h = 14, .ofs_x = 0, .ofs_y = -2},
    {.bitmap_index = 53703, .adv_w = 224, .box_w = 12, .box_h = 14, .ofs_x = 1, .ofs_y = -2},
    {.bitmap_index = 53744, .adv_w = 224, .box_w = 14, .box_h = 13, .ofs_x = 0, .ofs_y = -1},
    {.bitmap_index = 53788, .adv_w = 224, .box_w = 14, .box_h = 13, .ofs_x = 0, .ofs_y = -1},
    {.bitmap_index = 53831, .adv_w = 224, .box_w = 13, .box_h = 13, .ofs_x = 0, .ofs_y = -1},
    {.bitmap_index = 53872, .adv_w = 224, .box_w = 13, .box_h = 14, .ofs_x = 0, .ofs_y = -2},
    {.bitmap_index = 53917, .adv_w = 224, .box_w = 14, .box_h = 13, .ofs_x = 0, .ofs_y = -1},
    {.bitmap_index = 53962, .adv_w = 224, .box_w = 14, .box_h = 14, .ofs_x = 0, .ofs_y = -2},
    {.bitmap_index = 54012, .adv_w = 224, .box_w = 14, .box_h = 14, .ofs_x = 0, .ofs_y = -2},
    {.bitmap_index = 54063, .adv_w = 224, .box_w = 14, .box_h = 14, .ofs_x = 0, .ofs_y = -2},
    {.bitmap_index = 54110, .adv_w = 224, .box_w = 14, .box_h = 13, .ofs_x = 0, .ofs_y = -1},
    {.bitmap_index = 54155, .adv_w = 224, .box_w = 14, .box_h = 13, .ofs_x = 0, .ofs_y = -1},
    {.bitmap_index = 54200, .adv_w = 224, .box_w = 14, .box_h = 13, .ofs_x = 0, .ofs_y = -1},
    {.bitmap_index = 54246, .adv_w = 224, .box_w = 13, .box_h = 14, .ofs_x = 0, .ofs_y = -2},
    {.bitmap_index = 54293, .adv_w = 224, .box_w = 13, .box_h = 13, .ofs_x = 0, .ofs_y = -1},
    {.bitmap_index = 54336, .adv_w = 224, .box_w = 13, .box_h = 14, .ofs_x = 0, .ofs_y = -1},
    {.bitmap_index = 54378, .adv_w = 224, .box_w = 13, .box_h = 14, .ofs_x = 0, .ofs_y = -2},
    {.bitmap_index = 54424, .adv_w = 224, .box_w = 13, .box_h = 13, .ofs_x = 0, .ofs_y = -1},
    {.bitmap_index = 54466, .adv_w = 224, .box_w = 14, .box_h = 13, .ofs_x = 0, .ofs_y = -1},
    {.bitmap_index = 54510, .adv_w = 224, .box_w = 14, .box_h = 13, .ofs_x = 0, .ofs_y = -1},
    {.bitmap_index = 54555, .adv_w = 224, .box_w = 14, .box_h = 13, .ofs_x = 0, .ofs_y = -1},
    {.bitmap_index = 54602, .adv_w = 224, .box_w = 14, .box_h = 14, .ofs_x = 0, .ofs_y = -2},
    {.bitmap_index = 54650, .adv_w = 224, .box_w = 14, .box_h = 14, .ofs_x = 0, .ofs_y = -2},
    {.bitmap_index = 54700, .adv_w = 224, .box_w = 14, .box_h = 13, .ofs_x = 0, .ofs_y = -1},
    {.bitmap_index = 54746, .adv_w = 224, .box_w = 14, .box_h = 14, .ofs_x = 0, .ofs_y = -2},
    {.bitmap_index = 54793, .adv_w = 224, .box_w = 14, .box_h = 13, .ofs_x = 0, .ofs_y = -1},
    {.bitmap_index = 54838, .adv_w = 224, .box_w = 14, .box_h = 13, .ofs_x = 0, .ofs_y = -1},
    {.bitmap_index = 54886, .adv_w = 224, .box_w = 13, .box_h = 14, .ofs_x = 0, .ofs_y = -2},
    {.bitmap_index = 54932, .adv_w = 224, .box_w = 14, .box_h = 13, .ofs_x = 0, .ofs_y = -1},
    {.bitmap_index = 54977, .adv_w = 224, .box_w = 14, .box_h = 14, .ofs_x = 0, .ofs_y = -2},
    {.bitmap_index = 55028, .adv_w = 224, .box_w = 14, .box_h = 13, .ofs_x = 0, .ofs_y = -1},
    {.bitmap_index = 55075, .adv_w = 224, .box_w = 14, .box_h = 13, .ofs_x = 0, .ofs_y = -1},
    {.bitmap_index = 55120, .adv_w = 224, .box_w = 14, .box_h = 13, .ofs_x = 0, .ofs_y = -1},
    {.bitmap_index = 55164, .adv_w = 224, .box_w = 14, .box_h = 15, .ofs_x = 0, .ofs_y = -2},
    {.bitmap_index = 55217, .adv_w = 224, .box_w = 13, .box_h = 13, .ofs_x = 0, .ofs_y = -1},
    {.bitmap_index = 55253, .adv_w = 224, .box_w = 14, .box_h = 12, .ofs_x = 0, .ofs_y = -1},
    {.bitmap_index = 55290, .adv_w = 224, .box_w = 14, .box_h = 14, .ofs_x = 0, .ofs_y = -2},
    {.bitmap_index = 55330, .adv_w = 224, .box_w = 14, .box_h = 12, .ofs_x = 0, .ofs_y = -1},
    {.bitmap_index = 55367, .adv_w = 224, .box_w = 14, .box_h = 12, .ofs_x = 0, .ofs_y = -1},
    {.bitmap_index = 55404, .adv_w = 224, .box_w = 14, .box_h = 13, .ofs_x = 0, .ofs_y = -1},
    {.bitmap_index = 55439, .adv_w = 224, .box_w = 14, .box_h = 14, .ofs_x = 0, .ofs_y = -2},
    {.bitmap_index = 55485, .adv_w = 224, .box_w = 13, .box_h = 14, .ofs_x = 0, .ofs_y = -2},
    {.bitmap_index = 55528, .adv_w = 224, .box_w = 13, .box_h = 13, .ofs_x = 0, .ofs_y = -1},
    {.bitmap_index = 55567, .adv_w = 224, .box_w = 13, .box_h = 13, .ofs_x = 0, .ofs_y = -1},
    {.bitmap_index = 55605, .adv_w = 224, .box_w = 14, .box_h = 15, .ofs_x = 0, .ofs_y = -2},
    {.bitmap_index = 55655, .adv_w = 224, .box_w = 14, .box_h = 14, .ofs_x = 0, .ofs_y = -2},
    {.bitmap_index = 55703, .adv_w = 224, .box_w = 14, .box_h = 14, .ofs_x = 0, .ofs_y = -2},
    {.bitmap_index = 55748, .adv_w = 224, .box_w = 13, .box_h = 14, .ofs_x = 0, .ofs_y = -2},
    {.bitmap_index = 55788, .adv_w = 224, .box_w = 14, .box_h = 13, .ofs_x = 0, .ofs_y = -1},
    {.bitmap_index = 55828, .adv_w = 224, .box_w = 14, .box_h = 14, .ofs_x = 0, .ofs_y = -1},
    {.bitmap_index = 55872, .adv_w = 224, .box_w = 13, .box_h = 14, .ofs_x = 0, .ofs_y = -2},
    {.bitmap_index = 55913, .adv_w = 224, .box_w = 14, .box_h = 15, .ofs_x = 0, .ofs_y = -2},
    {.bitmap_index = 55958, .adv_w = 224, .box_w = 14, .box_h = 14, .ofs_x = 0, .ofs_y = -2},
    {.bitmap_index = 55994, .adv_w = 224, .box_w = 14, .box_h = 14, .ofs_x = 0, .ofs_y = -1},
    {.bitmap_index = 56041, .adv_w = 224, .box_w = 14, .box_h = 14, .ofs_x = 0, .ofs_y = -2},
    {.bitmap_index = 56089, .adv_w = 224, .box_w = 14, .box_h = 13, .ofs_x = 0, .ofs_y = -1},
    {.bitmap_index = 56130, .adv_w = 224, .box_w = 14, .box_h = 13, .ofs_x = 0, .ofs_y = -1},
    {.bitmap_index = 56173, .adv_w = 224, .box_w = 14, .box_h = 15, .ofs_x = 0, .ofs_y = -2},
    {.bitmap_index = 56223, .adv_w = 224, .box_w = 13, .box_h = 14, .ofs_x = 0, .ofs_y = -2},
    {.bitmap_index = 56266, .adv_w = 224, .box_w = 14, .box_h = 15, .ofs_x = 0, .ofs_y = -2},
    {.bitmap_index = 56317, .adv_w = 224, .box_w = 14, .box_h = 14, .ofs_x = 0, .ofs_y = -1},
    {.bitmap_index = 56362, .adv_w = 224, .box_w = 13, .box_h = 14, .ofs_x = 0, .ofs_y = -2},
    {.bitmap_index = 56408, .adv_w = 224, .box_w = 14, .box_h = 14, .ofs_x = 0, .ofs_y = -1},
    {.bitmap_index = 56456, .adv_w = 224, .box_w = 14, .box_h = 13, .ofs_x = 0, .ofs_y = -1},
    {.bitmap_index = 56500, .adv_w = 224, .box_w = 14, .box_h = 15, .ofs_x = 0, .ofs_y = -2},
    {.bitmap_index = 56554, .adv_w = 224, .box_w = 14, .box_h = 14, .ofs_x = 0, .ofs_y = -1},
    {.bitmap_index = 56600, .adv_w = 224, .box_w = 14, .box_h = 14, .ofs_x = 0, .ofs_y = -1},
    {.bitmap_index = 56648, .adv_w = 224, .box_w = 14, .box_h = 12, .ofs_x = 0, .ofs_y = -1},
    {.bitmap_index = 56688, .adv_w = 224, .box_w = 14, .box_h = 13, .ofs_x = 0, .ofs_y = -1},
    {.bitmap_index = 56729, .adv_w = 224, .box_w = 14, .box_h = 13, .ofs_x = 0, .ofs_y = -1},
    {.bitmap_index = 56773, .adv_w = 224, .box_w = 14, .box_h = 14, .ofs_x = 0, .ofs_y = -1},
    {.bitmap_index = 56823, .adv_w = 224, .box_w = 14, .box_h = 15, .ofs_x = 0, .ofs_y = -2},
    {.bitmap_index = 56874, .adv_w = 224, .box_w = 14, .box_h = 15, .ofs_x = 0, .ofs_y = -2},
    {.bitmap_index = 56924, .adv_w = 224, .box_w = 14, .box_h = 14, .ofs_x = 0, .ofs_y = -2},
    {.bitmap_index = 56970, .adv_w = 224, .box_w = 14, .box_h = 14, .ofs_x = 0, .ofs_y = -2},
    {.bitmap_index = 57008, .adv_w = 224, .box_w = 14, .box_h = 14, .ofs_x = 0, .ofs_y = -2},
    {.bitmap_index = 57049, .adv_w = 224, .box_w = 13, .box_h = 14, .ofs_x = 0, .ofs_y = -2},
    {.bitmap_index = 57094, .adv_w = 224, .box_w = 12, .box_h = 13, .ofs_x = 1, .ofs_y = -1},
    {.bitmap_index = 57131, .adv_w = 224, .box_w = 14, .box_h = 13, .ofs_x = 0, .ofs_y = -1},
    {.bitmap_index = 57172, .adv_w = 224, .box_w = 14, .box_h = 14, .ofs_x = 0, .ofs_y = -2},
    {.bitmap_index = 57220, .adv_w = 224, .box_w = 13, .box_h = 14, .ofs_x = 0, .ofs_y = -2},
    {.bitmap_index = 57250, .adv_w = 224, .box_w = 14, .box_h = 14, .ofs_x = 0, .ofs_y = -2},
    {.bitmap_index = 57294, .adv_w = 224, .box_w = 13, .box_h = 15, .ofs_x = 0, .ofs_y = -2},
    {.bitmap_index = 57338, .adv_w = 224, .box_w = 14, .box_h = 12, .ofs_x = 0, .ofs_y = -1},
    {.bitmap_index = 57370, .adv_w = 224, .box_w = 13, .box_h = 13, .ofs_x = 1, .ofs_y = -1},
    {.bitmap_index = 57398, .adv_w = 224, .box_w = 14, .box_h = 13, .ofs_x = 0, .ofs_y = -1},
    {.bitmap_index = 57434, .adv_w = 224, .box_w = 14, .box_h = 15, .ofs_x = 0, .ofs_y = -2},
    {.bitmap_index = 57482, .adv_w = 224, .box_w = 13, .box_h = 14, .ofs_x = 0, .ofs_y = -1},
    {.bitmap_index = 57524, .adv_w = 224, .box_w = 13, .box_h = 14, .ofs_x = 1, .ofs_y = -1},
    {.bitmap_index = 57563, .adv_w = 224, .box_w = 14, .box_h = 13, .ofs_x = 0, .ofs_y = -1},
    {.bitmap_index = 57605, .adv_w = 224, .box_w = 13, .box_h = 13, .ofs_x = 1, .ofs_y = -1},
    {.bitmap_index = 57642, .adv_w = 224, .box_w = 14, .box_h = 14, .ofs_x = 0, .ofs_y = -2},
    {.bitmap_index = 57689, .adv_w = 224, .box_w = 14, .box_h = 13, .ofs_x = 0, .ofs_y = -1},
    {.bitmap_index = 57731, .adv_w = 224, .box_w = 14, .box_h = 13, .ofs_x = 0, .ofs_y = -1},
    {.bitmap_index = 57773, .adv_w = 224, .box_w = 14, .box_h = 14, .ofs_x = 0, .ofs_y = -2},
    {.bitmap_index = 57819, .adv_w = 224, .box_w = 14, .box_h = 13, .ofs_x = 0, .ofs_y = -1},
    {.bitmap_index = 57860, .adv_w = 224, .box_w = 14, .box_h = 14, .ofs_x = 0, .ofs_y = -2},
    {.bitmap_index = 57908, .adv_w = 224, .box_w = 14, .box_h = 14, .ofs_x = 0, .ofs_y = -2},
    {.bitmap_index = 57957, .adv_w = 224, .box_w = 14, .box_h = 13, .ofs_x = 0, .ofs_y = -1},
    {.bitmap_index = 57999, .adv_w = 224, .box_w = 14, .box_h = 14, .ofs_x = 0, .ofs_y = -2},
    {.bitmap_index = 58048, .adv_w = 224, .box_w = 14, .box_h = 14, .ofs_x = 0, .ofs_y = -2},
    {.bitmap_index = 58092, .adv_w = 224, .box_w = 14, .box_h = 13, .ofs_x = 0, .ofs_y = -1},
    {.bitmap_index = 58135, .adv_w = 224, .box_w = 14, .box_h = 14, .ofs_x = 0, .ofs_y = -2},
    {.bitmap_index = 58182, .adv_w = 224, .box_w = 14, .box_h = 14, .ofs_x = 0, .ofs_y = -2},
    {.bitmap_index = 58228, .adv_w = 224, .box_w = 14, .box_h = 13, .ofs_x = 0, .ofs_y = -1},
    {.bitmap_index = 58272, .adv_w = 224, .box_w = 14, .box_h = 14, .ofs_x = 0, .ofs_y = -2},
    {.bitmap_index = 58319, .adv_w = 224, .box_w = 13, .box_h = 13, .ofs_x = 0, .ofs_y = -1},
    {.bitmap_index = 58362, .adv_w = 224, .box_w = 14, .box_h = 14, .ofs_x = 0, .ofs_y = -2},
    {.bitmap_index = 58410, .adv_w = 224, .box_w = 14, .box_h = 13, .ofs_x = 0, .ofs_y = -1},
    {.bitmap_index = 58456, .adv_w = 224, .box_w = 12, .box_h = 13, .ofs_x = 1, .ofs_y = -1},
    {.bitmap_index = 58490, .adv_w = 224, .box_w = 12, .box_h = 11, .ofs_x = 1, .ofs_y = 0},
    {.bitmap_index = 58516, .adv_w = 224, .box_w = 12, .box_h = 11, .ofs_x = 1, .ofs_y = 0},
    {.bitmap_index = 58534, .adv_w = 224, .box_w = 14, .box_h = 13, .ofs_x = 0, .ofs_y = -1},
    {.bitmap_index = 58575, .adv_w = 224, .box_w = 13, .box_h = 12, .ofs_x = 0, .ofs_y = -1},
    {.bitmap_index = 58611, .adv_w = 224, .box_w = 14, .box_h = 13, .ofs_x = 0, .ofs_y = -2},
    {.bitmap_index = 58652, .adv_w = 224, .box_w = 14, .box_h = 12, .ofs_x = 0, .ofs_y = -1},
    {.bitmap_index = 58689, .adv_w = 224, .box_w = 14, .box_h = 12, .ofs_x = 0, .ofs_y = -1},
    {.bitmap_index = 58728, .adv_w = 224, .box_w = 14, .box_h = 13, .ofs_x = 0, .ofs_y = -1},
    {.bitmap_index = 58769, .adv_w = 224, .box_w = 14, .box_h = 14, .ofs_x = 0, .ofs_y = -2},
    {.bitmap_index = 58815, .adv_w = 224, .box_w = 14, .box_h = 13, .ofs_x = 0, .ofs_y = -1},
    {.bitmap_index = 58858, .adv_w = 224, .box_w = 14, .box_h = 13, .ofs_x = 0, .ofs_y = -1},
    {.bitmap_index = 58901, .adv_w = 224, .box_w = 14, .box_h = 13, .ofs_x = 0, .ofs_y = -1},
    {.bitmap_index = 58944, .adv_w = 224, .box_w = 14, .box_h = 13, .ofs_x = 0, .ofs_y = -1},
    {.bitmap_index = 58989, .adv_w = 224, .box_w = 14, .box_h = 14, .ofs_x = 0, .ofs_y = -2},
    {.bitmap_index = 59034, .adv_w = 224, .box_w = 14, .box_h = 12, .ofs_x = 0, .ofs_y = -1},
    {.bitmap_index = 59072, .adv_w = 224, .box_w = 14, .box_h = 13, .ofs_x = 0, .ofs_y = -1},
    {.bitmap_index = 59114, .adv_w = 224, .box_w = 13, .box_h = 14, .ofs_x = 0, .ofs_y = -2},
    {.bitmap_index = 59156, .adv_w = 224, .box_w = 14, .box_h = 14, .ofs_x = 0, .ofs_y = -2},
    {.bitmap_index = 59193, .adv_w = 224, .box_w = 14, .box_h = 14, .ofs_x = 0, .ofs_y = -2},
    {.bitmap_index = 59239, .adv_w = 224, .box_w = 13, .box_h = 12, .ofs_x = 0, .ofs_y = -1},
    {.bitmap_index = 59273, .adv_w = 224, .box_w = 12, .box_h = 14, .ofs_x = 1, .ofs_y = -2},
    {.bitmap_index = 59300, .adv_w = 224, .box_w = 14, .box_h = 13, .ofs_x = 0, .ofs_y = -1},
    {.bitmap_index = 59343, .adv_w = 224, .box_w = 14, .box_h = 13, .ofs_x = 0, .ofs_y = -1},
    {.bitmap_index = 59382, .adv_w = 224, .box_w = 14, .box_h = 13, .ofs_x = 0, .ofs_y = -1},
    {.bitmap_index = 59420, .adv_w = 224, .box_w = 13, .box_h = 14, .ofs_x = 0, .ofs_y = -2},
    {.bitmap_index = 59466, .adv_w = 224, .box_w = 13, .box_h = 13, .ofs_x = 0, .ofs_y = -2},
    {.bitmap_index = 59500, .adv_w = 224, .box_w = 13, .box_h = 12, .ofs_x = 0, .ofs_y = -1},
    {.bitmap_index = 59532, .adv_w = 224, .box_w = 11, .box_h = 12, .ofs_x = 1, .ofs_y = -1},
    {.bitmap_index = 59554, .adv_w = 224, .box_w = 11, .box_h = 14, .ofs_x = 1, .ofs_y = -2},
    {.bitmap_index = 59581, .adv_w = 224, .box_w = 11, .box_h = 12, .ofs_x = 1, .ofs_y = -1},
    {.bitmap_index = 59607, .adv_w = 224, .box_w = 10, .box_h = 13, .ofs_x = 2, .ofs_y = -1},
    {.bitmap_index = 59636, .adv_w = 224, .box_w = 12, .box_h = 13, .ofs_x = 2, .ofs_y = -1},
    {.bitmap_index = 59668, .adv_w = 224, .box_w = 13, .box_h = 13, .ofs_x = 0, .ofs_y = -1},
    {.bitmap_index = 59706, .adv_w = 224, .box_w = 12, .box_h = 12, .ofs_x = 1, .ofs_y = -1},
    {.bitmap_index = 59736, .adv_w = 224, .box_w = 12, .box_h = 13, .ofs_x = 1, .ofs_y = -1},
    {.bitmap_index = 59774, .adv_w = 224, .box_w = 14, .box_h = 13, .ofs_x = 0, .ofs_y = -2},
    {.bitmap_index = 59814, .adv_w = 224, .box_w = 12, .box_h = 14, .ofs_x = 1, .ofs_y = -2},
    {.bitmap_index = 59856, .adv_w = 224, .box_w = 14, .box_h = 14, .ofs_x = 0, .ofs_y = -2},
    {.bitmap_index = 59902, .adv_w = 224, .box_w = 14, .box_h = 13, .ofs_x = 0, .ofs_y = -1},
    {.bitmap_index = 59946, .adv_w = 224, .box_w = 14, .box_h = 13, .ofs_x = 0, .ofs_y = -1},
    {.bitmap_index = 59992, .adv_w = 224, .box_w = 13, .box_h = 14, .ofs_x = 0, .ofs_y = -2},
    {.bitmap_index = 60030, .adv_w = 224, .box_w = 14, .box_h = 13, .ofs_x = 0, .ofs_y = -1},
    {.bitmap_index = 60072, .adv_w = 224, .box_w = 14, .box_h = 14, .ofs_x = 0, .ofs_y = -2},
    {.bitmap_index = 60115, .adv_w = 224, .box_w = 14, .box_h = 13, .ofs_x = 0, .ofs_y = -1},
    {.bitmap_index = 60161, .adv_w = 224, .box_w = 14, .box_h = 13, .ofs_x = 0, .ofs_y = -1},
    {.bitmap_index = 60205, .adv_w = 224, .box_w = 14, .box_h = 14, .ofs_x = 0, .ofs_y = -2},
    {.bitmap_index = 60252, .adv_w = 224, .box_w = 14, .box_h = 14, .ofs_x = 0, .ofs_y = -2},
    {.bitmap_index = 60299, .adv_w = 224, .box_w = 14, .box_h = 14, .ofs_x = 0, .ofs_y = -2},
    {.bitmap_index = 60345, .adv_w = 224, .box_w = 14, .box_h = 13, .ofs_x = 0, .ofs_y = -1},
    {.bitmap_index = 60384, .adv_w = 224, .box_w = 14, .box_h = 14, .ofs_x = 0, .ofs_y = -2},
    {.bitmap_index = 60430, .adv_w = 224, .box_w = 14, .box_h = 13, .ofs_x = 0, .ofs_y = -1},
    {.bitmap_index = 60475, .adv_w = 224, .box_w = 14, .box_h = 14, .ofs_x = 0, .ofs_y = -2},
    {.bitmap_index = 60522, .adv_w = 224, .box_w = 14, .box_h = 14, .ofs_x = 0, .ofs_y = -2},
    {.bitmap_index = 60569, .adv_w = 224, .box_w = 14, .box_h = 14, .ofs_x = 0, .ofs_y = -2},
    {.bitmap_index = 60616, .adv_w = 224, .box_w = 14, .box_h = 14, .ofs_x = 0, .ofs_y = -2},
    {.bitmap_index = 60665, .adv_w = 224, .box_w = 14, .box_h = 13, .ofs_x = 0, .ofs_y = -1},
    {.bitmap_index = 60711, .adv_w = 224, .box_w = 13, .box_h = 14, .ofs_x = 0, .ofs_y = -2},
    {.bitmap_index = 60757, .adv_w = 224, .box_w = 14, .box_h = 13, .ofs_x = 0, .ofs_y = -1},
    {.bitmap_index = 60799, .adv_w = 224, .box_w = 10, .box_h = 13, .ofs_x = 2, .ofs_y = -1},
    {.bitmap_index = 60822, .adv_w = 224, .box_w = 12, .box_h = 13, .ofs_x = 1, .ofs_y = -2},
    {.bitmap_index = 60850, .adv_w = 224, .box_w = 12, .box_h = 13, .ofs_x = 1, .ofs_y = -1},
    {.bitmap_index = 60887, .adv_w = 224, .box_w = 14, .box_h = 13, .ofs_x = 0, .ofs_y = -1},
    {.bitmap_index = 60927, .adv_w = 224, .box_w = 13, .box_h = 13, .ofs_x = 1, .ofs_y = -1},
    {.bitmap_index = 60964, .adv_w = 224, .box_w = 14, .box_h = 14, .ofs_x = 0, .ofs_y = -2},
    {.bitmap_index = 61009, .adv_w = 224, .box_w = 14, .box_h = 14, .ofs_x = 0, .ofs_y = -1},
    {.bitmap_index = 61055, .adv_w = 224, .box_w = 14, .box_h = 11, .ofs_x = 0, .ofs_y = 0},
    {.bitmap_index = 61075, .adv_w = 224, .box_w = 14, .box_h = 12, .ofs_x = 0, .ofs_y = -1},
    {.bitmap_index = 61115, .adv_w = 224, .box_w = 14, .box_h = 12, .ofs_x = 0, .ofs_y = -1},
    {.bitmap_index = 61151, .adv_w = 224, .box_w = 14, .box_h = 13, .ofs_x = 0, .ofs_y = -1},
    {.bitmap_index = 61193, .adv_w = 224, .box_w = 13, .box_h = 12, .ofs_x = 0, .ofs_y = -1},
    {.bitmap_index = 61226, .adv_w = 224, .box_w = 14, .box_h = 14, .ofs_x = 0, .ofs_y = -1},
    {.bitmap_index = 61268, .adv_w = 224, .box_w = 14, .box_h = 13, .ofs_x = 0, .ofs_y = -1},
    {.bitmap_index = 61309, .adv_w = 224, .box_w = 14, .box_h = 13, .ofs_x = 0, .ofs_y = -1},
    {.bitmap_index = 61353, .adv_w = 224, .box_w = 14, .box_h = 13, .ofs_x = 0, .ofs_y = -1},
    {.bitmap_index = 61391, .adv_w = 224, .box_w = 13, .box_h = 13, .ofs_x = 0, .ofs_y = -1},
    {.bitmap_index = 61429, .adv_w = 224, .box_w = 14, .box_h = 13, .ofs_x = 0, .ofs_y = -1},
    {.bitmap_index = 61473, .adv_w = 224, .box_w = 14, .box_h = 12, .ofs_x = 0, .ofs_y = -1},
    {.bitmap_index = 61515, .adv_w = 224, .box_w = 9, .box_h = 12, .ofs_x = 2, .ofs_y = -1},
    {.bitmap_index = 61538, .adv_w = 224, .box_w = 14, .box_h = 14, .ofs_x = 0, .ofs_y = -2},
    {.bitmap_index = 61575, .adv_w = 224, .box_w = 13, .box_h = 13, .ofs_x = 1, .ofs_y = -1},
    {.bitmap_index = 61611, .adv_w = 224, .box_w = 13, .box_h = 13, .ofs_x = 0, .ofs_y = -1},
    {.bitmap_index = 61649, .adv_w = 224, .box_w = 12, .box_h = 13, .ofs_x = 1, .ofs_y = -2},
    {.bitmap_index = 61688, .adv_w = 224, .box_w = 13, .box_h = 13, .ofs_x = 1, .ofs_y = -1},
    {.bitmap_index = 61727, .adv_w = 224, .box_w = 13, .box_h = 14, .ofs_x = 0, .ofs_y = -2},
    {.bitmap_index = 61766, .adv_w = 224, .box_w = 13, .box_h = 13, .ofs_x = 0, .ofs_y = -2},
    {.bitmap_index = 61803, .adv_w = 224, .box_w = 12, .box_h = 14, .ofs_x = 1, .ofs_y = -2},
    {.bitmap_index = 61842, .adv_w = 224, .box_w = 14, .box_h = 13, .ofs_x = 0, .ofs_y = -1},
    {.bitmap_index = 61883, .adv_w = 224, .box_w = 13, .box_h = 13, .ofs_x = 1, .ofs_y = -2},
    {.bitmap_index = 61925, .adv_w = 224, .box_w = 13, .box_h = 14, .ofs_x = 1, .ofs_y = -2},
    {.bitmap_index = 61968, .adv_w = 224, .box_w = 12, .box_h = 13, .ofs_x = 1, .ofs_y = -1},
    {.bitmap_index = 62009, .adv_w = 224, .box_w = 13, .box_h = 12, .ofs_x = 1, .ofs_y = -1},
    {.bitmap_index = 62049, .adv_w = 224, .box_w = 14, .box_h = 13, .ofs_x = 0, .ofs_y = -1},
    {.bitmap_index = 62091, .adv_w = 224, .box_w = 12, .box_h = 13, .ofs_x = 1, .ofs_y = -1},
    {.bitmap_index = 62128, .adv_w = 224, .box_w = 13, .box_h = 13, .ofs_x = 1, .ofs_y = -1},
    {.bitmap_index = 62168, .adv_w = 224, .box_w = 13, .box_h = 13, .ofs_x = 1, .ofs_y = -1},
    {.bitmap_index = 62210, .adv_w = 224, .box_w = 14, .box_h = 13, .ofs_x = 0, .ofs_y = -1},
    {.bitmap_index = 62249, .adv_w = 224, .box_w = 13, .box_h = 13, .ofs_x = 1, .ofs_y = -1},
    {.bitmap_index = 62293, .adv_w = 224, .box_w = 12, .box_h = 13, .ofs_x = 1, .ofs_y = -1},
    {.bitmap_index = 62333, .adv_w = 224, .box_w = 13, .box_h = 15, .ofs_x = 1, .ofs_y = -2},
    {.bitmap_index = 62379, .adv_w = 224, .box_w = 13, .box_h = 13, .ofs_x = 1, .ofs_y = -1},
    {.bitmap_index = 62421, .adv_w = 224, .box_w = 13, .box_h = 15, .ofs_x = 1, .ofs_y = -2},
    {.bitmap_index = 62464, .adv_w = 224, .box_w = 13, .box_h = 14, .ofs_x = 1, .ofs_y = -1},
    {.bitmap_index = 62510, .adv_w = 224, .box_w = 12, .box_h = 13, .ofs_x = 1, .ofs_y = -1},
    {.bitmap_index = 62549, .adv_w = 224, .box_w = 12, .box_h = 12, .ofs_x = 1, .ofs_y = -1},
    {.bitmap_index = 62583, .adv_w = 224, .box_w = 13, .box_h = 13, .ofs_x = 1, .ofs_y = -1},
    {.bitmap_index = 62621, .adv_w = 224, .box_w = 14, .box_h = 13, .ofs_x = 0, .ofs_y = -1},
    {.bitmap_index = 62663, .adv_w = 224, .box_w = 12, .box_h = 14, .ofs_x = 1, .ofs_y = -2},
    {.bitmap_index = 62703, .adv_w = 224, .box_w = 14, .box_h = 13, .ofs_x = 0, .ofs_y = -1},
    {.bitmap_index = 62748, .adv_w = 224, .box_w = 14, .box_h = 14, .ofs_x = 0, .ofs_y = -2},
    {.bitmap_index = 62794, .adv_w = 224, .box_w = 14, .box_h = 14, .ofs_x = 0, .ofs_y = -2},
    {.bitmap_index = 62844, .adv_w = 224, .box_w = 12, .box_h = 13, .ofs_x = 1, .ofs_y = -2},
    {.bitmap_index = 62876, .adv_w = 224, .box_w = 13, .box_h = 13, .ofs_x = 0, .ofs_y = -1},
    {.bitmap_index = 62912, .adv_w = 224, .box_w = 13, .box_h = 12, .ofs_x = 0, .ofs_y = -1},
    {.bitmap_index = 62948, .adv_w = 224, .box_w = 14, .box_h = 13, .ofs_x = 0, .ofs_y = -1},
    {.bitmap_index = 62991, .adv_w = 224, .box_w = 14, .box_h = 14, .ofs_x = 0, .ofs_y = -2},
    {.bitmap_index = 63036, .adv_w = 224, .box_w = 14, .box_h = 14, .ofs_x = 0, .ofs_y = -1},
    {.bitmap_index = 63081, .adv_w = 224, .box_w = 14, .box_h = 14, .ofs_x = 0, .ofs_y = -2},
    {.bitmap_index = 63124, .adv_w = 224, .box_w = 14, .box_h = 13, .ofs_x = 0, .ofs_y = -2},
    {.bitmap_index = 63165, .adv_w = 224, .box_w = 13, .box_h = 13, .ofs_x = 0, .ofs_y = -1},
    {.bitmap_index = 63205, .adv_w = 224, .box_w = 14, .box_h = 12, .ofs_x = 0, .ofs_y = -1},
    {.bitmap_index = 63244, .adv_w = 224, .box_w = 14, .box_h = 13, .ofs_x = 0, .ofs_y = -1},
    {.bitmap_index = 63286, .adv_w = 224, .box_w = 13, .box_h = 13, .ofs_x = 0, .ofs_y = -1},
    {.bitmap_index = 63324, .adv_w = 224, .box_w = 14, .box_h = 13, .ofs_x = 0, .ofs_y = -1},
    {.bitmap_index = 63366, .adv_w = 224, .box_w = 14, .box_h = 13, .ofs_x = 0, .ofs_y = -2},
    {.bitmap_index = 63408, .adv_w = 224, .box_w = 14, .box_h = 12, .ofs_x = 0, .ofs_y = -1},
    {.bitmap_index = 63449, .adv_w = 224, .box_w = 13, .box_h = 15, .ofs_x = 0, .ofs_y = -2},
    {.bitmap_index = 63496, .adv_w = 224, .box_w = 13, .box_h = 13, .ofs_x = 0, .ofs_y = -2},
    {.bitmap_index = 63537, .adv_w = 224, .box_w = 14, .box_h = 13, .ofs_x = 0, .ofs_y = -1},
    {.bitmap_index = 63582, .adv_w = 224, .box_w = 14, .box_h = 12, .ofs_x = 0, .ofs_y = -1},
    {.bitmap_index = 63622, .adv_w = 224, .box_w = 14, .box_h = 13, .ofs_x = 0, .ofs_y = -1},
    {.bitmap_index = 63665, .adv_w = 224, .box_w = 14, .box_h = 14, .ofs_x = 0, .ofs_y = -1},
    {.bitmap_index = 63710, .adv_w = 224, .box_w = 14, .box_h = 14, .ofs_x = 0, .ofs_y = -2},
    {.bitmap_index = 63757, .adv_w = 224, .box_w = 14, .box_h = 14, .ofs_x = 0, .ofs_y = -2},
    {.bitmap_index = 63804, .adv_w = 224, .box_w = 14, .box_h = 14, .ofs_x = 0, .ofs_y = -1},
    {.bitmap_index = 63851, .adv_w = 224, .box_w = 14, .box_h = 14, .ofs_x = 0, .ofs_y = -2},
    {.bitmap_index = 63898, .adv_w = 224, .box_w = 14, .box_h = 13, .ofs_x = 0, .ofs_y = -2},
    {.bitmap_index = 63943, .adv_w = 224, .box_w = 14, .box_h = 14, .ofs_x = 0, .ofs_y = -1},
    {.bitmap_index = 63991, .adv_w = 224, .box_w = 14, .box_h = 13, .ofs_x = 0, .ofs_y = -1},
    {.bitmap_index = 64034, .adv_w = 224, .box_w = 14, .box_h = 14, .ofs_x = 0, .ofs_y = -2},
    {.bitmap_index = 64084, .adv_w = 224, .box_w = 14, .box_h = 14, .ofs_x = 0, .ofs_y = -1},
    {.bitmap_index = 64130, .adv_w = 224, .box_w = 13, .box_h = 13, .ofs_x = 1, .ofs_y = -2},
    {.bitmap_index = 64167, .adv_w = 224, .box_w = 14, .box_h = 13, .ofs_x = 0, .ofs_y = -1},
    {.bitmap_index = 64202, .adv_w = 224, .box_w = 14, .box_h = 13, .ofs_x = 0, .ofs_y = -1},
    {.bitmap_index = 64236, .adv_w = 224, .box_w = 14, .box_h = 13, .ofs_x = 0, .ofs_y = -1},
    {.bitmap_index = 64272, .adv_w = 224, .box_w = 14, .box_h = 13, .ofs_x = 0, .ofs_y = -1},
    {.bitmap_index = 64312, .adv_w = 224, .box_w = 13, .box_h = 14, .ofs_x = 0, .ofs_y = -1},
    {.bitmap_index = 64347, .adv_w = 224, .box_w = 14, .box_h = 15, .ofs_x = 0, .ofs_y = -2},
    {.bitmap_index = 64392, .adv_w = 224, .box_w = 13, .box_h = 12, .ofs_x = 1, .ofs_y = -1},
    {.bitmap_index = 64429, .adv_w = 224, .box_w = 14, .box_h = 14, .ofs_x = 0, .ofs_y = -2},
    {.bitmap_index = 64476, .adv_w = 224, .box_w = 14, .box_h = 13, .ofs_x = 0, .ofs_y = -1},
    {.bitmap_index = 64521, .adv_w = 224, .box_w = 14, .box_h = 13, .ofs_x = 0, .ofs_y = -1},
    {.bitmap_index = 64561, .adv_w = 224, .box_w = 14, .box_h = 13, .ofs_x = 0, .ofs_y = -1},
    {.bitmap_index = 64603, .adv_w = 224, .box_w = 14, .box_h = 15, .ofs_x = 0, .ofs_y = -2},
    {.bitmap_index = 64651, .adv_w = 224, .box_w = 14, .box_h = 13, .ofs_x = 0, .ofs_y = -1},
    {.bitmap_index = 64696, .adv_w = 224, .box_w = 14, .box_h = 13, .ofs_x = 0, .ofs_y = -1},
    {.bitmap_index = 64740, .adv_w = 224, .box_w = 14, .box_h = 14, .ofs_x = 0, .ofs_y = -2},
    {.bitmap_index = 64788, .adv_w = 224, .box_w = 13, .box_h = 13, .ofs_x = 0, .ofs_y = -1},
    {.bitmap_index = 64823, .adv_w = 224, .box_w = 13, .box_h = 14, .ofs_x = 0, .ofs_y = -1},
    {.bitmap_index = 64862, .adv_w = 224, .box_w = 14, .box_h = 13, .ofs_x = 0, .ofs_y = -1},
    {.bitmap_index = 64906, .adv_w = 224, .box_w = 14, .box_h = 13, .ofs_x = 0, .ofs_y = -1},
    {.bitmap_index = 64953, .adv_w = 224, .box_w = 14, .box_h = 13, .ofs_x = 0, .ofs_y = -1},
    {.bitmap_index = 64994, .adv_w = 224, .box_w = 14, .box_h = 13, .ofs_x = 0, .ofs_y = -1},
    {.bitmap_index = 65038, .adv_w = 224, .box_w = 14, .box_h = 13, .ofs_x = 0, .ofs_y = -1},
    {.bitmap_index = 65080, .adv_w = 224, .box_w = 14, .box_h = 13, .ofs_x = 0, .ofs_y = -1},
    {.bitmap_index = 65123, .adv_w = 224, .box_w = 14, .box_h = 14, .ofs_x = 0, .ofs_y = -2},
    {.bitmap_index = 65171, .adv_w = 224, .box_w = 14, .box_h = 13, .ofs_x = 0, .ofs_y = -1},
    {.bitmap_index = 65214, .adv_w = 224, .box_w = 14, .box_h = 13, .ofs_x = 0, .ofs_y = -1},
    {.bitmap_index = 65259, .adv_w = 224, .box_w = 14, .box_h = 13, .ofs_x = 0, .ofs_y = -1},
    {.bitmap_index = 65304, .adv_w = 224, .box_w = 14, .box_h = 13, .ofs_x = 0, .ofs_y = -1},
    {.bitmap_index = 65350, .adv_w = 224, .box_w = 14, .box_h = 14, .ofs_x = 0, .ofs_y = -2},
    {.bitmap_index = 65397, .adv_w = 224, .box_w = 14, .box_h = 15, .ofs_x = 0, .ofs_y = -2},
    {.bitmap_index = 65448, .adv_w = 224, .box_w = 13, .box_h = 14, .ofs_x = 1, .ofs_y = -2},
    {.bitmap_index = 65487, .adv_w = 224, .box_w = 13, .box_h = 13, .ofs_x = 0, .ofs_y = -1},
    {.bitmap_index = 65527, .adv_w = 224, .box_w = 13, .box_h = 13, .ofs_x = 0, .ofs_y = -1},
    {.bitmap_index = 65568, .adv_w = 224, .box_w = 12, .box_h = 13, .ofs_x = 1, .ofs_y = -1},
    {.bitmap_index = 65602, .adv_w = 224, .box_w = 13, .box_h = 13, .ofs_x = 0, .ofs_y = -1},
    {.bitmap_index = 65643, .adv_w = 224, .box_w = 13, .box_h = 14, .ofs_x = 0, .ofs_y = -2},
    {.bitmap_index = 65686, .adv_w = 224, .box_w = 14, .box_h = 13, .ofs_x = 0, .ofs_y = -1},
    {.bitmap_index = 65729, .adv_w = 224, .box_w = 12, .box_h = 13, .ofs_x = 1, .ofs_y = -1},
    {.bitmap_index = 65767, .adv_w = 224, .box_w = 14, .box_h = 13, .ofs_x = 0, .ofs_y = -1},
    {.bitmap_index = 65812, .adv_w = 224, .box_w = 13, .box_h = 13, .ofs_x = 0, .ofs_y = -1},
    {.bitmap_index = 65852, .adv_w = 224, .box_w = 13, .box_h = 14, .ofs_x = 0, .ofs_y = -2},
    {.bitmap_index = 65897, .adv_w = 224, .box_w = 13, .box_h = 14, .ofs_x = 0, .ofs_y = -2},
    {.bitmap_index = 65942, .adv_w = 224, .box_w = 13, .box_h = 13, .ofs_x = 0, .ofs_y = -1},
    {.bitmap_index = 65984, .adv_w = 224, .box_w = 14, .box_h = 12, .ofs_x = 0, .ofs_y = -1},
    {.bitmap_index = 66023, .adv_w = 224, .box_w = 13, .box_h = 13, .ofs_x = 1, .ofs_y = -1},
    {.bitmap_index = 66059, .adv_w = 224, .box_w = 14, .box_h = 13, .ofs_x = 0, .ofs_y = -1},
    {.bitmap_index = 66100, .adv_w = 224, .box_w = 14, .box_h = 13, .ofs_x = 0, .ofs_y = -1},
    {.bitmap_index = 66143, .adv_w = 224, .box_w = 13, .box_h = 13, .ofs_x = 0, .ofs_y = -2},
    {.bitmap_index = 66186, .adv_w = 224, .box_w = 14, .box_h = 14, .ofs_x = 0, .ofs_y = -2},
    {.bitmap_index = 66230, .adv_w = 224, .box_w = 14, .box_h = 13, .ofs_x = 0, .ofs_y = -1},
    {.bitmap_index = 66264, .adv_w = 224, .box_w = 14, .box_h = 13, .ofs_x = 0, .ofs_y = -1},
    {.bitmap_index = 66308, .adv_w = 224, .box_w = 13, .box_h = 13, .ofs_x = 1, .ofs_y = -1},
    {.bitmap_index = 66349, .adv_w = 224, .box_w = 14, .box_h = 13, .ofs_x = 0, .ofs_y = -1},
    {.bitmap_index = 66393, .adv_w = 224, .box_w = 14, .box_h = 13, .ofs_x = 0, .ofs_y = -1},
    {.bitmap_index = 66436, .adv_w = 224, .box_w = 14, .box_h = 13, .ofs_x = 0, .ofs_y = -1},
    {.bitmap_index = 66480, .adv_w = 224, .box_w = 14, .box_h = 13, .ofs_x = 0, .ofs_y = -1},
    {.bitmap_index = 66526, .adv_w = 224, .box_w = 14, .box_h = 13, .ofs_x = 0, .ofs_y = -1},
    {.bitmap_index = 66572, .adv_w = 224, .box_w = 14, .box_h = 13, .ofs_x = 0, .ofs_y = -1},
    {.bitmap_index = 66616, .adv_w = 224, .box_w = 14, .box_h = 14, .ofs_x = 0, .ofs_y = -2},
    {.bitmap_index = 66663, .adv_w = 224, .box_w = 14, .box_h = 14, .ofs_x = 0, .ofs_y = -1},
    {.bitmap_index = 66706, .adv_w = 224, .box_w = 14, .box_h = 13, .ofs_x = 0, .ofs_y = -1},
    {.bitmap_index = 66751, .adv_w = 224, .box_w = 14, .box_h = 14, .ofs_x = 0, .ofs_y = -2},
    {.bitmap_index = 66796, .adv_w = 224, .box_w = 14, .box_h = 13, .ofs_x = 0, .ofs_y = -1},
    {.bitmap_index = 66840, .adv_w = 224, .box_w = 14, .box_h = 14, .ofs_x = 0, .ofs_y = -2},
    {.bitmap_index = 66888, .adv_w = 224, .box_w = 14, .box_h = 13, .ofs_x = 0, .ofs_y = -1},
    {.bitmap_index = 66933, .adv_w = 224, .box_w = 13, .box_h = 14, .ofs_x = 0, .ofs_y = -2},
    {.bitmap_index = 66975, .adv_w = 224, .box_w = 14, .box_h = 14, .ofs_x = 0, .ofs_y = -1},
    {.bitmap_index = 67022, .adv_w = 224, .box_w = 14, .box_h = 13, .ofs_x = 0, .ofs_y = -1},
    {.bitmap_index = 67066, .adv_w = 224, .box_w = 14, .box_h = 14, .ofs_x = 0, .ofs_y = -2},
    {.bitmap_index = 67110, .adv_w = 224, .box_w = 13, .box_h = 15, .ofs_x = 0, .ofs_y = -2},
    {.bitmap_index = 67154, .adv_w = 224, .box_w = 14, .box_h = 15, .ofs_x = 0, .ofs_y = -2},
    {.bitmap_index = 67200, .adv_w = 224, .box_w = 14, .box_h = 13, .ofs_x = 0, .ofs_y = -1},
    {.bitmap_index = 67245, .adv_w = 224, .box_w = 14, .box_h = 14, .ofs_x = 0, .ofs_y = -2},
    {.bitmap_index = 67291, .adv_w = 224, .box_w = 14, .box_h = 14, .ofs_x = 0, .ofs_y = -1},
    {.bitmap_index = 67335, .adv_w = 224, .box_w = 14, .box_h = 14, .ofs_x = 0, .ofs_y = -1},
    {.bitmap_index = 67379, .adv_w = 224, .box_w = 14, .box_h = 15, .ofs_x = 0, .ofs_y = -2},
    {.bitmap_index = 67432, .adv_w = 224, .box_w = 13, .box_h = 15, .ofs_x = 0, .ofs_y = -2},
    {.bitmap_index = 67479, .adv_w = 224, .box_w = 14, .box_h = 13, .ofs_x = 0, .ofs_y = -1},
    {.bitmap_index = 67520, .adv_w = 224, .box_w = 14, .box_h = 14, .ofs_x = 0, .ofs_y = -2},
    {.bitmap_index = 67568, .adv_w = 224, .box_w = 14, .box_h = 13, .ofs_x = 0, .ofs_y = -1},
    {.bitmap_index = 67613, .adv_w = 224, .box_w = 14, .box_h = 13, .ofs_x = 0, .ofs_y = -1},
    {.bitmap_index = 67655, .adv_w = 224, .box_w = 14, .box_h = 13, .ofs_x = 0, .ofs_y = -1},
    {.bitmap_index = 67701, .adv_w = 224, .box_w = 14, .box_h = 15, .ofs_x = 0, .ofs_y = -2},
    {.bitmap_index = 67752, .adv_w = 224, .box_w = 13, .box_h = 14, .ofs_x = 0, .ofs_y = -2},
    {.bitmap_index = 67795, .adv_w = 224, .box_w = 14, .box_h = 15, .ofs_x = 0, .ofs_y = -2},
    {.bitmap_index = 67848, .adv_w = 224, .box_w = 14, .box_h = 14, .ofs_x = 0, .ofs_y = -2},
    {.bitmap_index = 67897, .adv_w = 224, .box_w = 14, .box_h = 15, .ofs_x = 0, .ofs_y = -2},
    {.bitmap_index = 67946, .adv_w = 224, .box_w = 14, .box_h = 13, .ofs_x = 0, .ofs_y = -1},
    {.bitmap_index = 67993, .adv_w = 224, .box_w = 13, .box_h = 13, .ofs_x = 1, .ofs_y = -1},
    {.bitmap_index = 68034, .adv_w = 224, .box_w = 14, .box_h = 13, .ofs_x = 0, .ofs_y = -1},
    {.bitmap_index = 68078, .adv_w = 224, .box_w = 13, .box_h = 13, .ofs_x = 0, .ofs_y = -1},
    {.bitmap_index = 68120, .adv_w = 224, .box_w = 13, .box_h = 13, .ofs_x = 1, .ofs_y = -1},
    {.bitmap_index = 68162, .adv_w = 224, .box_w = 14, .box_h = 13, .ofs_x = 0, .ofs_y = -1},
    {.bitmap_index = 68208, .adv_w = 224, .box_w = 13, .box_h = 12, .ofs_x = 0, .ofs_y = -1},
    {.bitmap_index = 68246, .adv_w = 224, .box_w = 13, .box_h = 13, .ofs_x = 0, .ofs_y = -1},
    {.bitmap_index = 68288, .adv_w = 224, .box_w = 14, .box_h = 13, .ofs_x = 0, .ofs_y = -1},
    {.bitmap_index = 68334, .adv_w = 224, .box_w = 11, .box_h = 14, .ofs_x = 1, .ofs_y = -1},
    {.bitmap_index = 68369, .adv_w = 224, .box_w = 13, .box_h = 12, .ofs_x = 1, .ofs_y = 0},
    {.bitmap_index = 68403, .adv_w = 224, .box_w = 14, .box_h = 13, .ofs_x = 0, .ofs_y = -1},
    {.bitmap_index = 68444, .adv_w = 224, .box_w = 13, .box_h = 13, .ofs_x = 0, .ofs_y = -1},
    {.bitmap_index = 68486, .adv_w = 224, .box_w = 13, .box_h = 14, .ofs_x = 0, .ofs_y = -2},
    {.bitmap_index = 68533, .adv_w = 224, .box_w = 13, .box_h = 13, .ofs_x = 0, .ofs_y = -1},
    {.bitmap_index = 68576, .adv_w = 224, .box_w = 13, .box_h = 13, .ofs_x = 0, .ofs_y = -1},
    {.bitmap_index = 68617, .adv_w = 224, .box_w = 13, .box_h = 14, .ofs_x = 0, .ofs_y = -2},
    {.bitmap_index = 68664, .adv_w = 224, .box_w = 13, .box_h = 15, .ofs_x = 0, .ofs_y = -2},
    {.bitmap_index = 68711, .adv_w = 224, .box_w = 14, .box_h = 13, .ofs_x = 0, .ofs_y = -1},
    {.bitmap_index = 68755, .adv_w = 224, .box_w = 14, .box_h = 14, .ofs_x = 0, .ofs_y = -2},
    {.bitmap_index = 68803, .adv_w = 224, .box_w = 13, .box_h = 14, .ofs_x = 0, .ofs_y = -2},
    {.bitmap_index = 68848, .adv_w = 224, .box_w = 13, .box_h = 14, .ofs_x = 1, .ofs_y = -2},
    {.bitmap_index = 68894, .adv_w = 224, .box_w = 13, .box_h = 13, .ofs_x = 1, .ofs_y = -1},
    {.bitmap_index = 68935, .adv_w = 224, .box_w = 13, .box_h = 14, .ofs_x = 0, .ofs_y = -1},
    {.bitmap_index = 68981, .adv_w = 224, .box_w = 13, .box_h = 13, .ofs_x = 0, .ofs_y = -1},
    {.bitmap_index = 69022, .adv_w = 224, .box_w = 13, .box_h = 13, .ofs_x = 0, .ofs_y = -1},
    {.bitmap_index = 69061, .adv_w = 224, .box_w = 14, .box_h = 12, .ofs_x = 0, .ofs_y = -1},
    {.bitmap_index = 69100, .adv_w = 224, .box_w = 14, .box_h = 14, .ofs_x = 0, .ofs_y = -2},
    {.bitmap_index = 69148, .adv_w = 224, .box_w = 14, .box_h = 13, .ofs_x = 0, .ofs_y = -1},
    {.bitmap_index = 69193, .adv_w = 224, .box_w = 14, .box_h = 14, .ofs_x = 0, .ofs_y = -2},
    {.bitmap_index = 69242, .adv_w = 224, .box_w = 14, .box_h = 13, .ofs_x = 0, .ofs_y = -1},
    {.bitmap_index = 69286, .adv_w = 224, .box_w = 14, .box_h = 13, .ofs_x = 0, .ofs_y = -1},
    {.bitmap_index = 69332, .adv_w = 224, .box_w = 14, .box_h = 14, .ofs_x = 0, .ofs_y = -1},
    {.bitmap_index = 69378, .adv_w = 224, .box_w = 13, .box_h = 13, .ofs_x = 1, .ofs_y = -1},
    {.bitmap_index = 69421, .adv_w = 224, .box_w = 13, .box_h = 13, .ofs_x = 0, .ofs_y = -1},
    {.bitmap_index = 69462, .adv_w = 224, .box_w = 14, .box_h = 13, .ofs_x = 0, .ofs_y = -1},
    {.bitmap_index = 69508, .adv_w = 224, .box_w = 12, .box_h = 14, .ofs_x = 1, .ofs_y = -2},
    {.bitmap_index = 69549, .adv_w = 224, .box_w = 14, .box_h = 13, .ofs_x = 0, .ofs_y = -1},
    {.bitmap_index = 69596, .adv_w = 224, .box_w = 13, .box_h = 13, .ofs_x = 0, .ofs_y = -1},
    {.bitmap_index = 69640, .adv_w = 224, .box_w = 13, .box_h = 14, .ofs_x = 0, .ofs_y = -1},
    {.bitmap_index = 69685, .adv_w = 224, .box_w = 13, .box_h = 13, .ofs_x = 0, .ofs_y = -1},
    {.bitmap_index = 69728, .adv_w = 224, .box_w = 13, .box_h = 13, .ofs_x = 0, .ofs_y = -1},
    {.bitmap_index = 69772, .adv_w = 224, .box_w = 12, .box_h = 14, .ofs_x = 1, .ofs_y = -2},
    {.bitmap_index = 69815, .adv_w = 224, .box_w = 13, .box_h = 13, .ofs_x = 0, .ofs_y = -1},
    {.bitmap_index = 69857, .adv_w = 224, .box_w = 14, .box_h = 14, .ofs_x = 0, .ofs_y = -2},
    {.bitmap_index = 69905, .adv_w = 224, .box_w = 13, .box_h = 13, .ofs_x = 0, .ofs_y = -1},
    {.bitmap_index = 69949, .adv_w = 224, .box_w = 14, .box_h = 13, .ofs_x = 0, .ofs_y = -1},
    {.bitmap_index = 69995, .adv_w = 224, .box_w = 13, .box_h = 14, .ofs_x = 0, .ofs_y = -2},
    {.bitmap_index = 70039, .adv_w = 224, .box_w = 13, .box_h = 13, .ofs_x = 0, .ofs_y = -1},
    {.bitmap_index = 70081, .adv_w = 224, .box_w = 13, .box_h = 13, .ofs_x = 0, .ofs_y = -1},
    {.bitmap_index = 70124, .adv_w = 224, .box_w = 14, .box_h = 13, .ofs_x = 0, .ofs_y = -1},
    {.bitmap_index = 70166, .adv_w = 224, .box_w = 14, .box_h = 14, .ofs_x = 0, .ofs_y = -2},
    {.bitmap_index = 70208, .adv_w = 224, .box_w = 14, .box_h = 14, .ofs_x = 0, .ofs_y = -1},
    {.bitmap_index = 70256, .adv_w = 224, .box_w = 12, .box_h = 13, .ofs_x = 1, .ofs_y = -2},
    {.bitmap_index = 70290, .adv_w = 224, .box_w = 13, .box_h = 12, .ofs_x = 0, .ofs_y = -1},
    {.bitmap_index = 70326, .adv_w = 224, .box_w = 12, .box_h = 12, .ofs_x = 1, .ofs_y = -1},
    {.bitmap_index = 70357, .adv_w = 224, .box_w = 14, .box_h = 13, .ofs_x = 0, .ofs_y = -2},
    {.bitmap_index = 70399, .adv_w = 224, .box_w = 13, .box_h = 13, .ofs_x = 1, .ofs_y = -1},
    {.bitmap_index = 70435, .adv_w = 224, .box_w = 13, .box_h = 13, .ofs_x = 1, .ofs_y = -1},
    {.bitmap_index = 70469, .adv_w = 224, .box_w = 14, .box_h = 13, .ofs_x = 0, .ofs_y = -1},
    {.bitmap_index = 70513, .adv_w = 224, .box_w = 14, .box_h = 15, .ofs_x = 0, .ofs_y = -2},
    {.bitmap_index = 70562, .adv_w = 224, .box_w = 14, .box_h = 14, .ofs_x = 0, .ofs_y = -2},
    {.bitmap_index = 70609, .adv_w = 224, .box_w = 14, .box_h = 13, .ofs_x = 0, .ofs_y = -1},
    {.bitmap_index = 70654, .adv_w = 224, .box_w = 14, .box_h = 13, .ofs_x = 0, .ofs_y = -1},
    {.bitmap_index = 70700, .adv_w = 224, .box_w = 12, .box_h = 13, .ofs_x = 1, .ofs_y = -2},
    {.bitmap_index = 70737, .adv_w = 224, .box_w = 14, .box_h = 14, .ofs_x = 0, .ofs_y = -2},
    {.bitmap_index = 70784, .adv_w = 224, .box_w = 14, .box_h = 13, .ofs_x = 0, .ofs_y = -1},
    {.bitmap_index = 70830, .adv_w = 224, .box_w = 14, .box_h = 12, .ofs_x = 0, .ofs_y = -1},
    {.bitmap_index = 70868, .adv_w = 224, .box_w = 13, .box_h = 14, .ofs_x = 0, .ofs_y = -2},
    {.bitmap_index = 70912, .adv_w = 224, .box_w = 14, .box_h = 13, .ofs_x = 0, .ofs_y = -1},
    {.bitmap_index = 70956, .adv_w = 224, .box_w = 13, .box_h = 13, .ofs_x = 0, .ofs_y = -1},
    {.bitmap_index = 70996, .adv_w = 224, .box_w = 14, .box_h = 13, .ofs_x = 0, .ofs_y = -1},
    {.bitmap_index = 71038, .adv_w = 224, .box_w = 14, .box_h = 13, .ofs_x = 0, .ofs_y = -1},
    {.bitmap_index = 71078, .adv_w = 224, .box_w = 12, .box_h = 13, .ofs_x = 1, .ofs_y = -2},
    {.bitmap_index = 71102, .adv_w = 224, .box_w = 14, .box_h = 13, .ofs_x = 0, .ofs_y = -2},
    {.bitmap_index = 71144, .adv_w = 224, .box_w = 14, .box_h = 13, .ofs_x = 0, .ofs_y = -1},
    {.bitmap_index = 71183, .adv_w = 224, .box_w = 14, .box_h = 14, .ofs_x = 0, .ofs_y = -2},
    {.bitmap_index = 71229, .adv_w = 224, .box_w = 13, .box_h = 14, .ofs_x = 0, .ofs_y = -1},
    {.bitmap_index = 71275, .adv_w = 224, .box_w = 13, .box_h = 12, .ofs_x = 0, .ofs_y = -1},
    {.bitmap_index = 71306, .adv_w = 224, .box_w = 14, .box_h = 12, .ofs_x = 0, .ofs_y = -1},
    {.bitmap_index = 71345, .adv_w = 224, .box_w = 14, .box_h = 13, .ofs_x = 0, .ofs_y = -1},
    {.bitmap_index = 71387, .adv_w = 224, .box_w = 14, .box_h = 12, .ofs_x = 0, .ofs_y = -1},
    {.bitmap_index = 71427, .adv_w = 224, .box_w = 13, .box_h = 13, .ofs_x = 0, .ofs_y = -1},
    {.bitmap_index = 71463, .adv_w = 224, .box_w = 13, .box_h = 13, .ofs_x = 0, .ofs_y = -1},
    {.bitmap_index = 71502, .adv_w = 224, .box_w = 13, .box_h = 13, .ofs_x = 0, .ofs_y = -1},
    {.bitmap_index = 71544, .adv_w = 224, .box_w = 14, .box_h = 12, .ofs_x = 0, .ofs_y = -1},
    {.bitmap_index = 71586, .adv_w = 224, .box_w = 14, .box_h = 13, .ofs_x = 0, .ofs_y = -1},
    {.bitmap_index = 71630, .adv_w = 224, .box_w = 14, .box_h = 13, .ofs_x = 0, .ofs_y = -1},
    {.bitmap_index = 71675, .adv_w = 224, .box_w = 13, .box_h = 14, .ofs_x = 0, .ofs_y = -2},
    {.bitmap_index = 71715, .adv_w = 224, .box_w = 14, .box_h = 13, .ofs_x = 0, .ofs_y = -2},
    {.bitmap_index = 71751, .adv_w = 224, .box_w = 12, .box_h = 13, .ofs_x = 1, .ofs_y = -1},
    {.bitmap_index = 71784, .adv_w = 224, .box_w = 14, .box_h = 14, .ofs_x = 0, .ofs_y = -2},
    {.bitmap_index = 71824, .adv_w = 224, .box_w = 14, .box_h = 13, .ofs_x = 0, .ofs_y = -2},
    {.bitmap_index = 71862, .adv_w = 224, .box_w = 13, .box_h = 13, .ofs_x = 0, .ofs_y = -2},
    {.bitmap_index = 71903, .adv_w = 224, .box_w = 14, .box_h = 13, .ofs_x = 0, .ofs_y = -2},
    {.bitmap_index = 71947, .adv_w = 224, .box_w = 14, .box_h = 14, .ofs_x = 0, .ofs_y = -2},
    {.bitmap_index = 71994, .adv_w = 224, .box_w = 14, .box_h = 13, .ofs_x = 0, .ofs_y = -2},
    {.bitmap_index = 72034, .adv_w = 224, .box_w = 13, .box_h = 14, .ofs_x = 0, .ofs_y = -2},
    {.bitmap_index = 72073, .adv_w = 224, .box_w = 14, .box_h = 14, .ofs_x = 0, .ofs_y = -2},
    {.bitmap_index = 72111, .adv_w = 224, .box_w = 12, .box_h = 14, .ofs_x = 1, .ofs_y = -2},
    {.bitmap_index = 72146, .adv_w = 224, .box_w = 13, .box_h = 14, .ofs_x = 1, .ofs_y = -2},
    {.bitmap_index = 72186, .adv_w = 224, .box_w = 14, .box_h = 13, .ofs_x = 0, .ofs_y = -2},
    {.bitmap_index = 72225, .adv_w = 224, .box_w = 14, .box_h = 13, .ofs_x = 0, .ofs_y = -1},
    {.bitmap_index = 72264, .adv_w = 224, .box_w = 14, .box_h = 14, .ofs_x = 0, .ofs_y = -2},
    {.bitmap_index = 72309, .adv_w = 224, .box_w = 14, .box_h = 14, .ofs_x = 0, .ofs_y = -2},
    {.bitmap_index = 72355, .adv_w = 224, .box_w = 14, .box_h = 13, .ofs_x = 0, .ofs_y = -2},
    {.bitmap_index = 72396, .adv_w = 224, .box_w = 14, .box_h = 14, .ofs_x = 0, .ofs_y = -2},
    {.bitmap_index = 72439, .adv_w = 224, .box_w = 14, .box_h = 14, .ofs_x = 0, .ofs_y = -2},
    {.bitmap_index = 72483, .adv_w = 224, .box_w = 13, .box_h = 13, .ofs_x = 0, .ofs_y = -1},
    {.bitmap_index = 72518, .adv_w = 224, .box_w = 14, .box_h = 14, .ofs_x = 0, .ofs_y = -2},
    {.bitmap_index = 72564, .adv_w = 224, .box_w = 13, .box_h = 13, .ofs_x = 0, .ofs_y = -1},
    {.bitmap_index = 72604, .adv_w = 224, .box_w = 13, .box_h = 15, .ofs_x = 1, .ofs_y = -2},
    {.bitmap_index = 72652, .adv_w = 224, .box_w = 14, .box_h = 14, .ofs_x = 0, .ofs_y = -2},
    {.bitmap_index = 72696, .adv_w = 224, .box_w = 14, .box_h = 14, .ofs_x = 0, .ofs_y = -2},
    {.bitmap_index = 72742, .adv_w = 224, .box_w = 14, .box_h = 14, .ofs_x = 0, .ofs_y = -2},
    {.bitmap_index = 72787, .adv_w = 224, .box_w = 13, .box_h = 14, .ofs_x = 0, .ofs_y = -2},
    {.bitmap_index = 72829, .adv_w = 224, .box_w = 13, .box_h = 14, .ofs_x = 0, .ofs_y = -2},
    {.bitmap_index = 72872, .adv_w = 224, .box_w = 14, .box_h = 15, .ofs_x = 0, .ofs_y = -2},
    {.bitmap_index = 72919, .adv_w = 224, .box_w = 13, .box_h = 14, .ofs_x = 0, .ofs_y = -2},
    {.bitmap_index = 72962, .adv_w = 224, .box_w = 14, .box_h = 14, .ofs_x = 0, .ofs_y = -2},
    {.bitmap_index = 73007, .adv_w = 224, .box_w = 14, .box_h = 14, .ofs_x = 0, .ofs_y = -2},
    {.bitmap_index = 73053, .adv_w = 224, .box_w = 14, .box_h = 14, .ofs_x = 0, .ofs_y = -2},
    {.bitmap_index = 73099, .adv_w = 224, .box_w = 14, .box_h = 15, .ofs_x = 0, .ofs_y = -2},
    {.bitmap_index = 73146, .adv_w = 224, .box_w = 13, .box_h = 14, .ofs_x = 0, .ofs_y = -2},
    {.bitmap_index = 73188, .adv_w = 224, .box_w = 14, .box_h = 13, .ofs_x = 0, .ofs_y = -2},
    {.bitmap_index = 73231, .adv_w = 224, .box_w = 13, .box_h = 14, .ofs_x = 0, .ofs_y = -2},
    {.bitmap_index = 73276, .adv_w = 224, .box_w = 14, .box_h = 14, .ofs_x = 0, .ofs_y = -2},
    {.bitmap_index = 73324, .adv_w = 224, .box_w = 14, .box_h = 14, .ofs_x = 0, .ofs_y = -2},
    {.bitmap_index = 73371, .adv_w = 224, .box_w = 14, .box_h = 13, .ofs_x = 0, .ofs_y = -2},
    {.bitmap_index = 73415, .adv_w = 224, .box_w = 14, .box_h = 14, .ofs_x = 0, .ofs_y = -2},
    {.bitmap_index = 73464, .adv_w = 224, .box_w = 12, .box_h = 14, .ofs_x = 1, .ofs_y = -2},
    {.bitmap_index = 73501, .adv_w = 224, .box_w = 14, .box_h = 14, .ofs_x = 0, .ofs_y = -2},
    {.bitmap_index = 73548, .adv_w = 224, .box_w = 14, .box_h = 14, .ofs_x = 0, .ofs_y = -2},
    {.bitmap_index = 73598, .adv_w = 224, .box_w = 13, .box_h = 13, .ofs_x = 0, .ofs_y = -1},
    {.bitmap_index = 73636, .adv_w = 224, .box_w = 10, .box_h = 15, .ofs_x = 2, .ofs_y = -2},
    {.bitmap_index = 73666, .adv_w = 224, .box_w = 14, .box_h = 14, .ofs_x = 0, .ofs_y = -2},
    {.bitmap_index = 73710, .adv_w = 224, .box_w = 12, .box_h = 12, .ofs_x = 1, .ofs_y = -1},
    {.bitmap_index = 73743, .adv_w = 224, .box_w = 14, .box_h = 14, .ofs_x = 0, .ofs_y = -2},
    {.bitmap_index = 73791, .adv_w = 224, .box_w = 13, .box_h = 14, .ofs_x = 0, .ofs_y = -2},
    {.bitmap_index = 73831, .adv_w = 224, .box_w = 14, .box_h = 13, .ofs_x = 0, .ofs_y = -1},
    {.bitmap_index = 73872, .adv_w = 224, .box_w = 13, .box_h = 14, .ofs_x = 0, .ofs_y = -2},
    {.bitmap_index = 73914, .adv_w = 224, .box_w = 14, .box_h = 14, .ofs_x = 0, .ofs_y = -1},
    {.bitmap_index = 73962, .adv_w = 224, .box_w = 14, .box_h = 14, .ofs_x = 0, .ofs_y = -2},
    {.bitmap_index = 74007, .adv_w = 224, .box_w = 14, .box_h = 15, .ofs_x = 0, .ofs_y = -2},
    {.bitmap_index = 74053, .adv_w = 224, .box_w = 14, .box_h = 14, .ofs_x = 0, .ofs_y = -2},
    {.bitmap_index = 74101, .adv_w = 224, .box_w = 14, .box_h = 14, .ofs_x = 0, .ofs_y = -2},
    {.bitmap_index = 74147, .adv_w = 224, .box_w = 13, .box_h = 14, .ofs_x = 0, .ofs_y = -2},
    {.bitmap_index = 74191, .adv_w = 224, .box_w = 14, .box_h = 15, .ofs_x = 0, .ofs_y = -2},
    {.bitmap_index = 74241, .adv_w = 224, .box_w = 14, .box_h = 13, .ofs_x = 0, .ofs_y = -1},
    {.bitmap_index = 74282, .adv_w = 224, .box_w = 14, .box_h = 15, .ofs_x = 0, .ofs_y = -2},
    {.bitmap_index = 74334, .adv_w = 224, .box_w = 13, .box_h = 13, .ofs_x = 1, .ofs_y = -1},
    {.bitmap_index = 74369, .adv_w = 224, .box_w = 14, .box_h = 12, .ofs_x = 0, .ofs_y = -1},
    {.bitmap_index = 74410, .adv_w = 224, .box_w = 14, .box_h = 13, .ofs_x = 0, .ofs_y = -1},
    {.bitmap_index = 74446, .adv_w = 224, .box_w = 14, .box_h = 14, .ofs_x = 0, .ofs_y = -1},
    {.bitmap_index = 74492, .adv_w = 224, .box_w = 13, .box_h = 13, .ofs_x = 0, .ofs_y = -1},
    {.bitmap_index = 74529, .adv_w = 224, .box_w = 13, .box_h = 13, .ofs_x = 0, .ofs_y = -1},
    {.bitmap_index = 74560, .adv_w = 224, .box_w = 14, .box_h = 13, .ofs_x = 0, .ofs_y = -1},
    {.bitmap_index = 74595, .adv_w = 224, .box_w = 14, .box_h = 13, .ofs_x = 0, .ofs_y = -1},
    {.bitmap_index = 74627, .adv_w = 224, .box_w = 14, .box_h = 13, .ofs_x = 0, .ofs_y = -1},
    {.bitmap_index = 74668, .adv_w = 224, .box_w = 14, .box_h = 14, .ofs_x = 0, .ofs_y = -2},
    {.bitmap_index = 74711, .adv_w = 224, .box_w = 14, .box_h = 14, .ofs_x = 0, .ofs_y = -2},
    {.bitmap_index = 74754, .adv_w = 224, .box_w = 14, .box_h = 14, .ofs_x = 0, .ofs_y = -2},
    {.bitmap_index = 74800, .adv_w = 224, .box_w = 14, .box_h = 13, .ofs_x = 0, .ofs_y = -1},
    {.bitmap_index = 74841, .adv_w = 224, .box_w = 14, .box_h = 13, .ofs_x = 0, .ofs_y = -1},
    {.bitmap_index = 74882, .adv_w = 224, .box_w = 14, .box_h = 14, .ofs_x = 0, .ofs_y = -2},
    {.bitmap_index = 74924, .adv_w = 224, .box_w = 14, .box_h = 13, .ofs_x = 0, .ofs_y = -1},
    {.bitmap_index = 74961, .adv_w = 224, .box_w = 14, .box_h = 13, .ofs_x = 0, .ofs_y = -1},
    {.bitmap_index = 75002, .adv_w = 224, .box_w = 14, .box_h = 13, .ofs_x = 0, .ofs_y = -1},
    {.bitmap_index = 75043, .adv_w = 224, .box_w = 14, .box_h = 14, .ofs_x = 0, .ofs_y = -2},
    {.bitmap_index = 75089, .adv_w = 224, .box_w = 14, .box_h = 13, .ofs_x = 0, .ofs_y = -1},
    {.bitmap_index = 75126, .adv_w = 224, .box_w = 14, .box_h = 13, .ofs_x = 0, .ofs_y = -1},
    {.bitmap_index = 75166, .adv_w = 224, .box_w = 13, .box_h = 13, .ofs_x = 1, .ofs_y = -1},
    {.bitmap_index = 75204, .adv_w = 224, .box_w = 12, .box_h = 14, .ofs_x = 1, .ofs_y = -1},
    {.bitmap_index = 75239, .adv_w = 224, .box_w = 14, .box_h = 13, .ofs_x = 0, .ofs_y = -1},
    {.bitmap_index = 75283, .adv_w = 224, .box_w = 13, .box_h = 14, .ofs_x = 1, .ofs_y = -1},
    {.bitmap_index = 75322, .adv_w = 224, .box_w = 14, .box_h = 14, .ofs_x = 0, .ofs_y = -2},
    {.bitmap_index = 75368, .adv_w = 224, .box_w = 14, .box_h = 14, .ofs_x = 0, .ofs_y = -2},
    {.bitmap_index = 75412, .adv_w = 224, .box_w = 14, .box_h = 14, .ofs_x = 0, .ofs_y = -2},
    {.bitmap_index = 75453, .adv_w = 224, .box_w = 14, .box_h = 14, .ofs_x = 0, .ofs_y = -2},
    {.bitmap_index = 75499, .adv_w = 224, .box_w = 14, .box_h = 13, .ofs_x = 0, .ofs_y = -1},
    {.bitmap_index = 75543, .adv_w = 224, .box_w = 14, .box_h = 13, .ofs_x = 0, .ofs_y = -1},
    {.bitmap_index = 75586, .adv_w = 224, .box_w = 14, .box_h = 13, .ofs_x = 0, .ofs_y = -1},
    {.bitmap_index = 75628, .adv_w = 224, .box_w = 14, .box_h = 13, .ofs_x = 0, .ofs_y = -1},
    {.bitmap_index = 75665, .adv_w = 224, .box_w = 14, .box_h = 13, .ofs_x = 0, .ofs_y = -1},
    {.bitmap_index = 75705, .adv_w = 224, .box_w = 14, .box_h = 14, .ofs_x = 0, .ofs_y = -2},
    {.bitmap_index = 75751, .adv_w = 224, .box_w = 14, .box_h = 14, .ofs_x = 0, .ofs_y = -2},
    {.bitmap_index = 75801, .adv_w = 224, .box_w = 13, .box_h = 14, .ofs_x = 0, .ofs_y = -2},
    {.bitmap_index = 75847, .adv_w = 224, .box_w = 13, .box_h = 13, .ofs_x = 0, .ofs_y = -1},
    {.bitmap_index = 75890, .adv_w = 224, .box_w = 14, .box_h = 13, .ofs_x = 0, .ofs_y = -1},
    {.bitmap_index = 75930, .adv_w = 224, .box_w = 14, .box_h = 13, .ofs_x = 0, .ofs_y = -1},
    {.bitmap_index = 75971, .adv_w = 224, .box_w = 14, .box_h = 13, .ofs_x = 0, .ofs_y = -1},
    {.bitmap_index = 76017, .adv_w = 224, .box_w = 14, .box_h = 13, .ofs_x = 0, .ofs_y = -2},
    {.bitmap_index = 76063, .adv_w = 224, .box_w = 14, .box_h = 14, .ofs_x = 0, .ofs_y = -2},
    {.bitmap_index = 76114, .adv_w = 224, .box_w = 14, .box_h = 14, .ofs_x = 0, .ofs_y = -2},
    {.bitmap_index = 76160, .adv_w = 224, .box_w = 14, .box_h = 14, .ofs_x = 0, .ofs_y = -2},
    {.bitmap_index = 76207, .adv_w = 224, .box_w = 14, .box_h = 13, .ofs_x = 0, .ofs_y = -1},
    {.bitmap_index = 76254, .adv_w = 224, .box_w = 14, .box_h = 13, .ofs_x = 0, .ofs_y = -1},
    {.bitmap_index = 76297, .adv_w = 224, .box_w = 14, .box_h = 13, .ofs_x = 0, .ofs_y = -1},
    {.bitmap_index = 76343, .adv_w = 224, .box_w = 14, .box_h = 13, .ofs_x = 0, .ofs_y = -1},
    {.bitmap_index = 76390, .adv_w = 224, .box_w = 14, .box_h = 14, .ofs_x = 0, .ofs_y = -2},
    {.bitmap_index = 76437, .adv_w = 224, .box_w = 14, .box_h = 14, .ofs_x = 0, .ofs_y = -1},
    {.bitmap_index = 76482, .adv_w = 224, .box_w = 14, .box_h = 14, .ofs_x = 0, .ofs_y = -2},
    {.bitmap_index = 76532, .adv_w = 224, .box_w = 13, .box_h = 14, .ofs_x = 0, .ofs_y = -2},
    {.bitmap_index = 76578, .adv_w = 224, .box_w = 13, .box_h = 13, .ofs_x = 0, .ofs_y = -1},
    {.bitmap_index = 76618, .adv_w = 224, .box_w = 14, .box_h = 15, .ofs_x = 0, .ofs_y = -2},
    {.bitmap_index = 76668, .adv_w = 224, .box_w = 14, .box_h = 13, .ofs_x = 0, .ofs_y = -1},
    {.bitmap_index = 76710, .adv_w = 224, .box_w = 13, .box_h = 14, .ofs_x = 0, .ofs_y = -2},
    {.bitmap_index = 76755, .adv_w = 224, .box_w = 14, .box_h = 14, .ofs_x = 0, .ofs_y = -2},
    {.bitmap_index = 76805, .adv_w = 224, .box_w = 14, .box_h = 13, .ofs_x = 0, .ofs_y = -1},
    {.bitmap_index = 76851, .adv_w = 224, .box_w = 14, .box_h = 14, .ofs_x = 0, .ofs_y = -2},
    {.bitmap_index = 76899, .adv_w = 224, .box_w = 14, .box_h = 14, .ofs_x = 0, .ofs_y = -2},
    {.bitmap_index = 76947, .adv_w = 224, .box_w = 14, .box_h = 13, .ofs_x = 0, .ofs_y = -1},
    {.bitmap_index = 76991, .adv_w = 224, .box_w = 13, .box_h = 13, .ofs_x = 0, .ofs_y = -1},
    {.bitmap_index = 77032, .adv_w = 224, .box_w = 14, .box_h = 14, .ofs_x = 0, .ofs_y = -2},
    {.bitmap_index = 77082, .adv_w = 224, .box_w = 14, .box_h = 14, .ofs_x = 0, .ofs_y = -2},
    {.bitmap_index = 77131, .adv_w = 224, .box_w = 14, .box_h = 14, .ofs_x = 0, .ofs_y = -2},
    {.bitmap_index = 77179, .adv_w = 224, .box_w = 14, .box_h = 14, .ofs_x = 0, .ofs_y = -2},
    {.bitmap_index = 77228, .adv_w = 224, .box_w = 14, .box_h = 14, .ofs_x = 0, .ofs_y = -2},
    {.bitmap_index = 77276, .adv_w = 224, .box_w = 14, .box_h = 14, .ofs_x = 0, .ofs_y = -2},
    {.bitmap_index = 77325, .adv_w = 224, .box_w = 14, .box_h = 14, .ofs_x = 0, .ofs_y = -2},
    {.bitmap_index = 77373, .adv_w = 224, .box_w = 13, .box_h = 13, .ofs_x = 0, .ofs_y = -1},
    {.bitmap_index = 77415, .adv_w = 224, .box_w = 13, .box_h = 13, .ofs_x = 1, .ofs_y = -1},
    {.bitmap_index = 77453, .adv_w = 224, .box_w = 14, .box_h = 13, .ofs_x = 0, .ofs_y = -1},
    {.bitmap_index = 77501, .adv_w = 224, .box_w = 14, .box_h = 13, .ofs_x = 0, .ofs_y = -1},
    {.bitmap_index = 77546, .adv_w = 224, .box_w = 14, .box_h = 14, .ofs_x = 0, .ofs_y = -2},
    {.bitmap_index = 77596, .adv_w = 224, .box_w = 14, .box_h = 14, .ofs_x = 0, .ofs_y = -2},
    {.bitmap_index = 77647, .adv_w = 224, .box_w = 14, .box_h = 13, .ofs_x = 0, .ofs_y = -1},
    {.bitmap_index = 77694, .adv_w = 224, .box_w = 14, .box_h = 14, .ofs_x = 0, .ofs_y = -2},
    {.bitmap_index = 77743, .adv_w = 224, .box_w = 14, .box_h = 14, .ofs_x = 0, .ofs_y = -2},
    {.bitmap_index = 77792, .adv_w = 224, .box_w = 12, .box_h = 13, .ofs_x = 0, .ofs_y = -1},
    {.bitmap_index = 77828, .adv_w = 224, .box_w = 14, .box_h = 13, .ofs_x = 0, .ofs_y = -1},
    {.bitmap_index = 77871, .adv_w = 224, .box_w = 13, .box_h = 13, .ofs_x = 0, .ofs_y = -1},
    {.bitmap_index = 77911, .adv_w = 224, .box_w = 14, .box_h = 14, .ofs_x = 0, .ofs_y = -2},
    {.bitmap_index = 77948, .adv_w = 224, .box_w = 13, .box_h = 13, .ofs_x = 0, .ofs_y = -1},
    {.bitmap_index = 77981, .adv_w = 224, .box_w = 13, .box_h = 13, .ofs_x = 0, .ofs_y = -1},
    {.bitmap_index = 78017, .adv_w = 224, .box_w = 14, .box_h = 13, .ofs_x = 0, .ofs_y = -1},
    {.bitmap_index = 78058, .adv_w = 224, .box_w = 14, .box_h = 15, .ofs_x = 0, .ofs_y = -2},
    {.bitmap_index = 78106, .adv_w = 224, .box_w = 13, .box_h = 13, .ofs_x = 0, .ofs_y = -1},
    {.bitmap_index = 78144, .adv_w = 224, .box_w = 14, .box_h = 12, .ofs_x = 0, .ofs_y = -1},
    {.bitmap_index = 78185, .adv_w = 224, .box_w = 14, .box_h = 13, .ofs_x = 0, .ofs_y = -1},
    {.bitmap_index = 78225, .adv_w = 224, .box_w = 13, .box_h = 12, .ofs_x = 1, .ofs_y = -1},
    {.bitmap_index = 78261, .adv_w = 224, .box_w = 14, .box_h = 13, .ofs_x = 0, .ofs_y = -1},
    {.bitmap_index = 78303, .adv_w = 224, .box_w = 14, .box_h = 13, .ofs_x = 0, .ofs_y = -1},
    {.bitmap_index = 78349, .adv_w = 224, .box_w = 14, .box_h = 13, .ofs_x = 0, .ofs_y = -1},
    {.bitmap_index = 78393, .adv_w = 224, .box_w = 14, .box_h = 14, .ofs_x = 0, .ofs_y = -1},
    {.bitmap_index = 78440, .adv_w = 224, .box_w = 13, .box_h = 15, .ofs_x = 0, .ofs_y = -2},
    {.bitmap_index = 78486, .adv_w = 224, .box_w = 14, .box_h = 13, .ofs_x = 0, .ofs_y = -1},
    {.bitmap_index = 78528, .adv_w = 224, .box_w = 13, .box_h = 13, .ofs_x = 0, .ofs_y = -1},
    {.bitmap_index = 78569, .adv_w = 224, .box_w = 14, .box_h = 14, .ofs_x = 0, .ofs_y = -2},
    {.bitmap_index = 78614, .adv_w = 224, .box_w = 14, .box_h = 13, .ofs_x = 0, .ofs_y = -1},
    {.bitmap_index = 78657, .adv_w = 224, .box_w = 14, .box_h = 13, .ofs_x = 0, .ofs_y = -1},
    {.bitmap_index = 78703, .adv_w = 224, .box_w = 14, .box_h = 13, .ofs_x = 0, .ofs_y = -1},
    {.bitmap_index = 78730, .adv_w = 224, .box_w = 14, .box_h = 14, .ofs_x = 0, .ofs_y = -1},
    {.bitmap_index = 78767, .adv_w = 224, .box_w = 13, .box_h = 13, .ofs_x = 0, .ofs_y = -1},
    {.bitmap_index = 78807, .adv_w = 224, .box_w = 14, .box_h = 14, .ofs_x = 0, .ofs_y = -1},
    {.bitmap_index = 78850, .adv_w = 224, .box_w = 14, .box_h = 13, .ofs_x = 0, .ofs_y = -1},
    {.bitmap_index = 78894, .adv_w = 224, .box_w = 14, .box_h = 14, .ofs_x = 0, .ofs_y = -2},
    {.bitmap_index = 78938, .adv_w = 224, .box_w = 13, .box_h = 14, .ofs_x = 0, .ofs_y = -1},
    {.bitmap_index = 78973, .adv_w = 224, .box_w = 14, .box_h = 14, .ofs_x = 0, .ofs_y = -2},
    {.bitmap_index = 79018, .adv_w = 224, .box_w = 14, .box_h = 14, .ofs_x = 0, .ofs_y = -1},
    {.bitmap_index = 79063, .adv_w = 224, .box_w = 13, .box_h = 14, .ofs_x = 0, .ofs_y = -1},
    {.bitmap_index = 79098, .adv_w = 224, .box_w = 14, .box_h = 13, .ofs_x = 0, .ofs_y = -1},
    {.bitmap_index = 79141, .adv_w = 224, .box_w = 14, .box_h = 14, .ofs_x = 0, .ofs_y = -2},
    {.bitmap_index = 79191, .adv_w = 224, .box_w = 13, .box_h = 15, .ofs_x = 0, .ofs_y = -2},
    {.bitmap_index = 79230, .adv_w = 224, .box_w = 14, .box_h = 14, .ofs_x = 0, .ofs_y = -1},
    {.bitmap_index = 79277, .adv_w = 224, .box_w = 14, .box_h = 14, .ofs_x = 0, .ofs_y = -2},
    {.bitmap_index = 79323, .adv_w = 224, .box_w = 14, .box_h = 14, .ofs_x = 0, .ofs_y = -2},
    {.bitmap_index = 79375, .adv_w = 224, .box_w = 14, .box_h = 13, .ofs_x = 0, .ofs_y = -1},
    {.bitmap_index = 79420, .adv_w = 224, .box_w = 14, .box_h = 13, .ofs_x = 0, .ofs_y = -1},
    {.bitmap_index = 79465, .adv_w = 224, .box_w = 14, .box_h = 13, .ofs_x = 0, .ofs_y = -1},
    {.bitmap_index = 79507, .adv_w = 224, .box_w = 13, .box_h = 14, .ofs_x = 0, .ofs_y = -2},
    {.bitmap_index = 79553, .adv_w = 224, .box_w = 14, .box_h = 13, .ofs_x = 0, .ofs_y = -1},
    {.bitmap_index = 79598, .adv_w = 224, .box_w = 14, .box_h = 14, .ofs_x = 0, .ofs_y = -2},
    {.bitmap_index = 79645, .adv_w = 224, .box_w = 13, .box_h = 14, .ofs_x = 1, .ofs_y = -2},
    {.bitmap_index = 79691, .adv_w = 224, .box_w = 13, .box_h = 14, .ofs_x = 0, .ofs_y = -2},
    {.bitmap_index = 79733, .adv_w = 224, .box_w = 13, .box_h = 13, .ofs_x = 0, .ofs_y = -1},
    {.bitmap_index = 79773, .adv_w = 224, .box_w = 14, .box_h = 13, .ofs_x = 0, .ofs_y = -1},
    {.bitmap_index = 79818, .adv_w = 224, .box_w = 13, .box_h = 12, .ofs_x = 1, .ofs_y = -1},
    {.bitmap_index = 79852, .adv_w = 224, .box_w = 14, .box_h = 13, .ofs_x = 0, .ofs_y = -2},
    {.bitmap_index = 79895, .adv_w = 224, .box_w = 14, .box_h = 14, .ofs_x = 0, .ofs_y = -2},
    {.bitmap_index = 79943, .adv_w = 224, .box_w = 13, .box_h = 12, .ofs_x = 0, .ofs_y = -1},
    {.bitmap_index = 79971, .adv_w = 224, .box_w = 14, .box_h = 12, .ofs_x = 0, .ofs_y = -1},
    {.bitmap_index = 80010, .adv_w = 224, .box_w = 14, .box_h = 13, .ofs_x = 0, .ofs_y = -1},
    {.bitmap_index = 80054, .adv_w = 224, .box_w = 14, .box_h = 13, .ofs_x = 0, .ofs_y = -1},
    {.bitmap_index = 80094, .adv_w = 224, .box_w = 13, .box_h = 14, .ofs_x = 0, .ofs_y = -1},
    {.bitmap_index = 80134, .adv_w = 224, .box_w = 13, .box_h = 14, .ofs_x = 0, .ofs_y = -2},
    {.bitmap_index = 80178, .adv_w = 224, .box_w = 12, .box_h = 15, .ofs_x = 0, .ofs_y = -2},
    {.bitmap_index = 80219, .adv_w = 224, .box_w = 14, .box_h = 14, .ofs_x = 0, .ofs_y = -2},
    {.bitmap_index = 80266, .adv_w = 224, .box_w = 14, .box_h = 15, .ofs_x = 0, .ofs_y = -2},
    {.bitmap_index = 80313, .adv_w = 224, .box_w = 12, .box_h = 13, .ofs_x = 1, .ofs_y = -1},
    {.bitmap_index = 80343, .adv_w = 224, .box_w = 14, .box_h = 13, .ofs_x = 0, .ofs_y = -1},
    {.bitmap_index = 80384, .adv_w = 224, .box_w = 14, .box_h = 14, .ofs_x = 0, .ofs_y = -1},
    {.bitmap_index = 80428, .adv_w = 224, .box_w = 13, .box_h = 14, .ofs_x = 1, .ofs_y = -1},
    {.bitmap_index = 80460, .adv_w = 224, .box_w = 13, .box_h = 13, .ofs_x = 0, .ofs_y = -1},
    {.bitmap_index = 80484, .adv_w = 224, .box_w = 13, .box_h = 13, .ofs_x = 1, .ofs_y = -1},
    {.bitmap_index = 80522, .adv_w = 224, .box_w = 13, .box_h = 14, .ofs_x = 1, .ofs_y = -2},
    {.bitmap_index = 80557, .adv_w = 224, .box_w = 13, .box_h = 13, .ofs_x = 0, .ofs_y = -1},
    {.bitmap_index = 80592, .adv_w = 224, .box_w = 13, .box_h = 13, .ofs_x = 1, .ofs_y = -1},
    {.bitmap_index = 80623, .adv_w = 224, .box_w = 13, .box_h = 14, .ofs_x = 0, .ofs_y = -2},
    {.bitmap_index = 80655, .adv_w = 224, .box_w = 14, .box_h = 14, .ofs_x = 0, .ofs_y = -2},
    {.bitmap_index = 80700, .adv_w = 224, .box_w = 14, .box_h = 13, .ofs_x = 0, .ofs_y = -1},
    {.bitmap_index = 80736, .adv_w = 224, .box_w = 13, .box_h = 13, .ofs_x = 1, .ofs_y = -1},
    {.bitmap_index = 80769, .adv_w = 224, .box_w = 12, .box_h = 14, .ofs_x = 1, .ofs_y = -2},
    {.bitmap_index = 80805, .adv_w = 224, .box_w = 14, .box_h = 13, .ofs_x = 0, .ofs_y = -1},
    {.bitmap_index = 80845, .adv_w = 224, .box_w = 14, .box_h = 13, .ofs_x = 0, .ofs_y = -1},
    {.bitmap_index = 80886, .adv_w = 224, .box_w = 14, .box_h = 13, .ofs_x = 0, .ofs_y = -1},
    {.bitmap_index = 80926, .adv_w = 224, .box_w = 13, .box_h = 14, .ofs_x = 1, .ofs_y = -1},
    {.bitmap_index = 80967, .adv_w = 224, .box_w = 14, .box_h = 13, .ofs_x = 0, .ofs_y = -1},
    {.bitmap_index = 81009, .adv_w = 224, .box_w = 14, .box_h = 13, .ofs_x = 0, .ofs_y = -1},
    {.bitmap_index = 81052, .adv_w = 224, .box_w = 14, .box_h = 14, .ofs_x = 0, .ofs_y = -2},
    {.bitmap_index = 81096, .adv_w = 224, .box_w = 13, .box_h = 14, .ofs_x = 1, .ofs_y = -1},
    {.bitmap_index = 81138, .adv_w = 224, .box_w = 13, .box_h = 13, .ofs_x = 0, .ofs_y = -1},
    {.bitmap_index = 81173, .adv_w = 224, .box_w = 13, .box_h = 13, .ofs_x = 1, .ofs_y = -1},
    {.bitmap_index = 81210, .adv_w = 224, .box_w = 14, .box_h = 13, .ofs_x = 0, .ofs_y = -1},
    {.bitmap_index = 81248, .adv_w = 224, .box_w = 13, .box_h = 13, .ofs_x = 1, .ofs_y = -1},
    {.bitmap_index = 81287, .adv_w = 224, .box_w = 13, .box_h = 14, .ofs_x = 1, .ofs_y = -2},
    {.bitmap_index = 81330, .adv_w = 224, .box_w = 13, .box_h = 13, .ofs_x = 0, .ofs_y = -1},
    {.bitmap_index = 81368, .adv_w = 224, .box_w = 14, .box_h = 13, .ofs_x = 0, .ofs_y = -1},
    {.bitmap_index = 81408, .adv_w = 224, .box_w = 14, .box_h = 13, .ofs_x = 0, .ofs_y = -1},
    {.bitmap_index = 81448, .adv_w = 224, .box_w = 14, .box_h = 13, .ofs_x = 0, .ofs_y = -1},
    {.bitmap_index = 81490, .adv_w = 224, .box_w = 14, .box_h = 13, .ofs_x = 0, .ofs_y = -1},
    {.bitmap_index = 81532, .adv_w = 224, .box_w = 13, .box_h = 13, .ofs_x = 0, .ofs_y = -1},
    {.bitmap_index = 81573, .adv_w = 224, .box_w = 13, .box_h = 13, .ofs_x = 1, .ofs_y = -1},
    {.bitmap_index = 81610, .adv_w = 224, .box_w = 14, .box_h = 13, .ofs_x = 0, .ofs_y = -1},
    {.bitmap_index = 81653, .adv_w = 224, .box_w = 14, .box_h = 15, .ofs_x = 0, .ofs_y = -2},
    {.bitmap_index = 81698, .adv_w = 224, .box_w = 13, .box_h = 13, .ofs_x = 0, .ofs_y = -1},
    {.bitmap_index = 81739, .adv_w = 224, .box_w = 14, .box_h = 13, .ofs_x = 0, .ofs_y = -1},
    {.bitmap_index = 81781, .adv_w = 224, .box_w = 14, .box_h = 14, .ofs_x = 0, .ofs_y = -2},
    {.bitmap_index = 81826, .adv_w = 224, .box_w = 13, .box_h = 14, .ofs_x = 1, .ofs_y = -2},
    {.bitmap_index = 81869, .adv_w = 224, .box_w = 13, .box_h = 14, .ofs_x = 1, .ofs_y = -2},
    {.bitmap_index = 81911, .adv_w = 224, .box_w = 13, .box_h = 14, .ofs_x = 0, .ofs_y = -2},
    {.bitmap_index = 81951, .adv_w = 224, .box_w = 13, .box_h = 14, .ofs_x = 0, .ofs_y = -2},
    {.bitmap_index = 81994, .adv_w = 224, .box_w = 13, .box_h = 13, .ofs_x = 0, .ofs_y = -1},
    {.bitmap_index = 82035, .adv_w = 224, .box_w = 13, .box_h = 12, .ofs_x = 0, .ofs_y = -1},
    {.bitmap_index = 82074, .adv_w = 224, .box_w = 13, .box_h = 13, .ofs_x = 0, .ofs_y = -1},
    {.bitmap_index = 82115, .adv_w = 224, .box_w = 13, .box_h = 14, .ofs_x = 1, .ofs_y = -1},
    {.bitmap_index = 82156, .adv_w = 224, .box_w = 13, .box_h = 13, .ofs_x = 1, .ofs_y = -1},
    {.bitmap_index = 82197, .adv_w = 224, .box_w = 12, .box_h = 14, .ofs_x = 1, .ofs_y = -2},
    {.bitmap_index = 82235, .adv_w = 224, .box_w = 14, .box_h = 13, .ofs_x = 0, .ofs_y = -1},
    {.bitmap_index = 82279, .adv_w = 224, .box_w = 13, .box_h = 13, .ofs_x = 0, .ofs_y = -1},
    {.bitmap_index = 82318, .adv_w = 224, .box_w = 13, .box_h = 14, .ofs_x = 1, .ofs_y = -1},
    {.bitmap_index = 82362, .adv_w = 224, .box_w = 13, .box_h = 14, .ofs_x = 0, .ofs_y = -2},
    {.bitmap_index = 82405, .adv_w = 224, .box_w = 13, .box_h = 14, .ofs_x = 1, .ofs_y = -2},
    {.bitmap_index = 82451, .adv_w = 224, .box_w = 14, .box_h = 14, .ofs_x = 0, .ofs_y = -1},
    {.bitmap_index = 82494, .adv_w = 224, .box_w = 14, .box_h = 13, .ofs_x = 0, .ofs_y = -1},
    {.bitmap_index = 82538, .adv_w = 224, .box_w = 13, .box_h = 14, .ofs_x = 1, .ofs_y = -2},
    {.bitmap_index = 82582, .adv_w = 224, .box_w = 14, .box_h = 13, .ofs_x = 0, .ofs_y = -1},
    {.bitmap_index = 82626, .adv_w = 224, .box_w = 14, .box_h = 13, .ofs_x = 0, .ofs_y = -1},
    {.bitmap_index = 82668, .adv_w = 224, .box_w = 14, .box_h = 13, .ofs_x = 0, .ofs_y = -1},
    {.bitmap_index = 82715, .adv_w = 224, .box_w = 13, .box_h = 12, .ofs_x = 1, .ofs_y = -1},
    {.bitmap_index = 82746, .adv_w = 224, .box_w = 13, .box_h = 13, .ofs_x = 1, .ofs_y = -1},
    {.bitmap_index = 82788, .adv_w = 224, .box_w = 13, .box_h = 14, .ofs_x = 1, .ofs_y = -2},
    {.bitmap_index = 82830, .adv_w = 224, .box_w = 13, .box_h = 13, .ofs_x = 0, .ofs_y = -1},
    {.bitmap_index = 82872, .adv_w = 224, .box_w = 13, .box_h = 15, .ofs_x = 1, .ofs_y = -2},
    {.bitmap_index = 82920, .adv_w = 224, .box_w = 14, .box_h = 14, .ofs_x = 0, .ofs_y = -2},
    {.bitmap_index = 82968, .adv_w = 224, .box_w = 12, .box_h = 12, .ofs_x = 1, .ofs_y = -1},
    {.bitmap_index = 82990, .adv_w = 224, .box_w = 13, .box_h = 13, .ofs_x = 0, .ofs_y = -1},
    {.bitmap_index = 83024, .adv_w = 224, .box_w = 13, .box_h = 12, .ofs_x = 0, .ofs_y = -1},
    {.bitmap_index = 83059, .adv_w = 224, .box_w = 14, .box_h = 14, .ofs_x = 0, .ofs_y = -2},
    {.bitmap_index = 83100, .adv_w = 224, .box_w = 13, .box_h = 14, .ofs_x = 0, .ofs_y = -2},
    {.bitmap_index = 83142, .adv_w = 224, .box_w = 14, .box_h = 14, .ofs_x = 0, .ofs_y = -2},
    {.bitmap_index = 83186, .adv_w = 224, .box_w = 14, .box_h = 13, .ofs_x = 0, .ofs_y = -1},
    {.bitmap_index = 83229, .adv_w = 224, .box_w = 14, .box_h = 13, .ofs_x = 0, .ofs_y = -1},
    {.bitmap_index = 83270, .adv_w = 224, .box_w = 13, .box_h = 14, .ofs_x = 0, .ofs_y = -2},
    {.bitmap_index = 83312, .adv_w = 224, .box_w = 13, .box_h = 13, .ofs_x = 0, .ofs_y = -1},
    {.bitmap_index = 83350, .adv_w = 224, .box_w = 13, .box_h = 13, .ofs_x = 0, .ofs_y = -1},
    {.bitmap_index = 83390, .adv_w = 224, .box_w = 13, .box_h = 14, .ofs_x = 0, .ofs_y = -2},
    {.bitmap_index = 83432, .adv_w = 224, .box_w = 13, .box_h = 14, .ofs_x = 0, .ofs_y = -2},
    {.bitmap_index = 83476, .adv_w = 224, .box_w = 13, .box_h = 13, .ofs_x = 0, .ofs_y = -1},
    {.bitmap_index = 83508, .adv_w = 224, .box_w = 14, .box_h = 14, .ofs_x = 0, .ofs_y = -2},
    {.bitmap_index = 83551, .adv_w = 224, .box_w = 14, .box_h = 14, .ofs_x = 0, .ofs_y = -2},
    {.bitmap_index = 83597, .adv_w = 224, .box_w = 14, .box_h = 13, .ofs_x = 0, .ofs_y = -1},
    {.bitmap_index = 83633, .adv_w = 224, .box_w = 13, .box_h = 13, .ofs_x = 0, .ofs_y = -1},
    {.bitmap_index = 83672, .adv_w = 224, .box_w = 14, .box_h = 13, .ofs_x = 0, .ofs_y = -1},
    {.bitmap_index = 83712, .adv_w = 224, .box_w = 12, .box_h = 14, .ofs_x = 1, .ofs_y = -2},
    {.bitmap_index = 83752, .adv_w = 224, .box_w = 12, .box_h = 13, .ofs_x = 1, .ofs_y = -1},
    {.bitmap_index = 83792, .adv_w = 224, .box_w = 13, .box_h = 14, .ofs_x = 0, .ofs_y = -2},
    {.bitmap_index = 83836, .adv_w = 224, .box_w = 13, .box_h = 14, .ofs_x = 0, .ofs_y = -2},
    {.bitmap_index = 83880, .adv_w = 224, .box_w = 13, .box_h = 13, .ofs_x = 0, .ofs_y = -2},
    {.bitmap_index = 83922, .adv_w = 224, .box_w = 13, .box_h = 14, .ofs_x = 1, .ofs_y = -2},
    {.bitmap_index = 83965, .adv_w = 224, .box_w = 14, .box_h = 13, .ofs_x = 0, .ofs_y = -1},
    {.bitmap_index = 84007, .adv_w = 224, .box_w = 14, .box_h = 14, .ofs_x = 0, .ofs_y = -2},
    {.bitmap_index = 84053, .adv_w = 224, .box_w = 14, .box_h = 15, .ofs_x = 0, .ofs_y = -2},
    {.bitmap_index = 84100, .adv_w = 224, .box_w = 14, .box_h = 15, .ofs_x = 0, .ofs_y = -2},
    {.bitmap_index = 84148, .adv_w = 224, .box_w = 14, .box_h = 13, .ofs_x = 0, .ofs_y = -1},
    {.bitmap_index = 84192, .adv_w = 224, .box_w = 14, .box_h = 14, .ofs_x = 0, .ofs_y = -2},
    {.bitmap_index = 84244, .adv_w = 224, .box_w = 13, .box_h = 15, .ofs_x = 0, .ofs_y = -2},
    {.bitmap_index = 84293, .adv_w = 224, .box_w = 13, .box_h = 13, .ofs_x = 0, .ofs_y = -1},
    {.bitmap_index = 84334, .adv_w = 224, .box_w = 13, .box_h = 14, .ofs_x = 1, .ofs_y = -2},
    {.bitmap_index = 84375, .adv_w = 224, .box_w = 14, .box_h = 15, .ofs_x = 0, .ofs_y = -2},
    {.bitmap_index = 84425, .adv_w = 224, .box_w = 14, .box_h = 13, .ofs_x = 0, .ofs_y = -1},
    {.bitmap_index = 84462, .adv_w = 224, .box_w = 14, .box_h = 13, .ofs_x = 0, .ofs_y = -1},
    {.bitmap_index = 84503, .adv_w = 224, .box_w = 14, .box_h = 13, .ofs_x = 0, .ofs_y = -1},
    {.bitmap_index = 84546, .adv_w = 224, .box_w = 14, .box_h = 13, .ofs_x = 0, .ofs_y = -1},
    {.bitmap_index = 84590, .adv_w = 224, .box_w = 14, .box_h = 13, .ofs_x = 0, .ofs_y = -1},
    {.bitmap_index = 84636, .adv_w = 224, .box_w = 14, .box_h = 15, .ofs_x = 0, .ofs_y = -2},
    {.bitmap_index = 84685, .adv_w = 224, .box_w = 14, .box_h = 13, .ofs_x = 0, .ofs_y = -1},
    {.bitmap_index = 84730, .adv_w = 224, .box_w = 14, .box_h = 12, .ofs_x = 0, .ofs_y = -1},
    {.bitmap_index = 84764, .adv_w = 224, .box_w = 14, .box_h = 13, .ofs_x = 0, .ofs_y = -2},
    {.bitmap_index = 84805, .adv_w = 224, .box_w = 14, .box_h = 13, .ofs_x = 0, .ofs_y = -1},
    {.bitmap_index = 84848, .adv_w = 224, .box_w = 14, .box_h = 14, .ofs_x = 0, .ofs_y = -2},
    {.bitmap_index = 84894, .adv_w = 224, .box_w = 14, .box_h = 13, .ofs_x = 0, .ofs_y = -1},
    {.bitmap_index = 84936, .adv_w = 224, .box_w = 13, .box_h = 12, .ofs_x = 0, .ofs_y = -1},
    {.bitmap_index = 84971, .adv_w = 224, .box_w = 14, .box_h = 12, .ofs_x = 0, .ofs_y = -1},
    {.bitmap_index = 85011, .adv_w = 224, .box_w = 14, .box_h = 13, .ofs_x = 0, .ofs_y = -1},
    {.bitmap_index = 85055, .adv_w = 224, .box_w = 14, .box_h = 14, .ofs_x = 0, .ofs_y = -2},
    {.bitmap_index = 85102, .adv_w = 224, .box_w = 14, .box_h = 13, .ofs_x = 0, .ofs_y = -1},
    {.bitmap_index = 85145, .adv_w = 224, .box_w = 13, .box_h = 13, .ofs_x = 0, .ofs_y = -2},
    {.bitmap_index = 85187, .adv_w = 224, .box_w = 14, .box_h = 13, .ofs_x = 0, .ofs_y = -1},
    {.bitmap_index = 85230, .adv_w = 224, .box_w = 13, .box_h = 12, .ofs_x = 0, .ofs_y = -1},
    {.bitmap_index = 85268, .adv_w = 224, .box_w = 14, .box_h = 13, .ofs_x = 0, .ofs_y = -1},
    {.bitmap_index = 85311, .adv_w = 224, .box_w = 14, .box_h = 13, .ofs_x = 0, .ofs_y = -1},
    {.bitmap_index = 85354, .adv_w = 224, .box_w = 13, .box_h = 13, .ofs_x = 0, .ofs_y = -1},
    {.bitmap_index = 85395, .adv_w = 224, .box_w = 14, .box_h = 13, .ofs_x = 0, .ofs_y = -1},
    {.bitmap_index = 85438, .adv_w = 224, .box_w = 14, .box_h = 13, .ofs_x = 0, .ofs_y = -1},
    {.bitmap_index = 85481, .adv_w = 224, .box_w = 13, .box_h = 13, .ofs_x = 1, .ofs_y = -1},
    {.bitmap_index = 85520, .adv_w = 224, .box_w = 13, .box_h = 14, .ofs_x = 0, .ofs_y = -2},
    {.bitmap_index = 85562, .adv_w = 224, .box_w = 14, .box_h = 13, .ofs_x = 0, .ofs_y = -1},
    {.bitmap_index = 85608, .adv_w = 224, .box_w = 14, .box_h = 13, .ofs_x = 0, .ofs_y = -1},
    {.bitmap_index = 85643, .adv_w = 224, .box_w = 13, .box_h = 14, .ofs_x = 0, .ofs_y = -2},
    {.bitmap_index = 85685, .adv_w = 224, .box_w = 13, .box_h = 14, .ofs_x = 0, .ofs_y = -2},
    {.bitmap_index = 85730, .adv_w = 224, .box_w = 14, .box_h = 13, .ofs_x = 0, .ofs_y = -1},
    {.bitmap_index = 85774, .adv_w = 224, .box_w = 13, .box_h = 13, .ofs_x = 1, .ofs_y = -1},
    {.bitmap_index = 85817, .adv_w = 224, .box_w = 14, .box_h = 13, .ofs_x = 0, .ofs_y = -1},
    {.bitmap_index = 85861, .adv_w = 224, .box_w = 13, .box_h = 13, .ofs_x = 0, .ofs_y = -1},
    {.bitmap_index = 85901, .adv_w = 224, .box_w = 14, .box_h = 14, .ofs_x = 0, .ofs_y = -2},
    {.bitmap_index = 85948, .adv_w = 224, .box_w = 14, .box_h = 13, .ofs_x = 0, .ofs_y = -1},
    {.bitmap_index = 85995, .adv_w = 224, .box_w = 14, .box_h = 14, .ofs_x = 0, .ofs_y = -2},
    {.bitmap_index = 86042, .adv_w = 224, .box_w = 14, .box_h = 13, .ofs_x = 0, .ofs_y = -1},
    {.bitmap_index = 86088, .adv_w = 224, .box_w = 14, .box_h = 13, .ofs_x = 0, .ofs_y = -1},
    {.bitmap_index = 86130, .adv_w = 224, .box_w = 14, .box_h = 14, .ofs_x = 0, .ofs_y = -2},
    {.bitmap_index = 86176, .adv_w = 224, .box_w = 14, .box_h = 13, .ofs_x = 0, .ofs_y = -1},
    {.bitmap_index = 86221, .adv_w = 224, .box_w = 14, .box_h = 13, .ofs_x = 0, .ofs_y = -1},
    {.bitmap_index = 86264, .adv_w = 224, .box_w = 14, .box_h = 13, .ofs_x = 0, .ofs_y = -1},
    {.bitmap_index = 86306, .adv_w = 224, .box_w = 14, .box_h = 13, .ofs_x = 0, .ofs_y = -1},
    {.bitmap_index = 86351, .adv_w = 224, .box_w = 14, .box_h = 14, .ofs_x = 0, .ofs_y = -1},
    {.bitmap_index = 86397, .adv_w = 224, .box_w = 13, .box_h = 13, .ofs_x = 0, .ofs_y = -1},
    {.bitmap_index = 86438, .adv_w = 224, .box_w = 13, .box_h = 13, .ofs_x = 0, .ofs_y = -1},
    {.bitmap_index = 86480, .adv_w = 224, .box_w = 12, .box_h = 13, .ofs_x = 1, .ofs_y = -1},
    {.bitmap_index = 86512, .adv_w = 224, .box_w = 14, .box_h = 13, .ofs_x = 0, .ofs_y = -1},
    {.bitmap_index = 86555, .adv_w = 224, .box_w = 14, .box_h = 14, .ofs_x = 0, .ofs_y = -2},
    {.bitmap_index = 86600, .adv_w = 224, .box_w = 14, .box_h = 14, .ofs_x = 0, .ofs_y = -2},
    {.bitmap_index = 86648, .adv_w = 224, .box_w = 14, .box_h = 14, .ofs_x = 0, .ofs_y = -2},
    {.bitmap_index = 86698, .adv_w = 224, .box_w = 14, .box_h = 13, .ofs_x = 0, .ofs_y = -2},
    {.bitmap_index = 86738, .adv_w = 224, .box_w = 14, .box_h = 12, .ofs_x = 0, .ofs_y = -1},
    {.bitmap_index = 86777, .adv_w = 224, .box_w = 14, .box_h = 13, .ofs_x = 0, .ofs_y = -1},
    {.bitmap_index = 86819, .adv_w = 224, .box_w = 14, .box_h = 14, .ofs_x = 0, .ofs_y = -2},
    {.bitmap_index = 86853, .adv_w = 224, .box_w = 14, .box_h = 14, .ofs_x = 0, .ofs_y = -2},
    {.bitmap_index = 86898, .adv_w = 224, .box_w = 14, .box_h = 13, .ofs_x = 0, .ofs_y = -1},
    {.bitmap_index = 86932, .adv_w = 224, .box_w = 14, .box_h = 13, .ofs_x = 0, .ofs_y = -1},
    {.bitmap_index = 86973, .adv_w = 224, .box_w = 13, .box_h = 13, .ofs_x = 0, .ofs_y = -1},
    {.bitmap_index = 87008, .adv_w = 224, .box_w = 14, .box_h = 14, .ofs_x = 0, .ofs_y = -2},
    {.bitmap_index = 87052, .adv_w = 224, .box_w = 14, .box_h = 13, .ofs_x = 0, .ofs_y = -1},
    {.bitmap_index = 87089, .adv_w = 224, .box_w = 14, .box_h = 12, .ofs_x = 0, .ofs_y = -1},
    {.bitmap_index = 87127, .adv_w = 224, .box_w = 14, .box_h = 13, .ofs_x = 0, .ofs_y = -1},
    {.bitmap_index = 87169, .adv_w = 224, .box_w = 14, .box_h = 13, .ofs_x = 0, .ofs_y = -1},
    {.bitmap_index = 87211, .adv_w = 224, .box_w = 14, .box_h = 13, .ofs_x = 0, .ofs_y = -1},
    {.bitmap_index = 87253, .adv_w = 224, .box_w = 14, .box_h = 13, .ofs_x = 0, .ofs_y = -1},
    {.bitmap_index = 87295, .adv_w = 224, .box_w = 13, .box_h = 13, .ofs_x = 0, .ofs_y = -1},
    {.bitmap_index = 87336, .adv_w = 224, .box_w = 14, .box_h = 13, .ofs_x = 0, .ofs_y = -1},
    {.bitmap_index = 87378, .adv_w = 224, .box_w = 14, .box_h = 13, .ofs_x = 0, .ofs_y = -1},
    {.bitmap_index = 87422, .adv_w = 224, .box_w = 13, .box_h = 13, .ofs_x = 0, .ofs_y = -1},
    {.bitmap_index = 87462, .adv_w = 224, .box_w = 14, .box_h = 13, .ofs_x = 0, .ofs_y = -1},
    {.bitmap_index = 87503, .adv_w = 224, .box_w = 14, .box_h = 13, .ofs_x = 0, .ofs_y = -1},
    {.bitmap_index = 87539, .adv_w = 224, .box_w = 14, .box_h = 13, .ofs_x = 0, .ofs_y = -1},
    {.bitmap_index = 87582, .adv_w = 224, .box_w = 14, .box_h = 14, .ofs_x = 0, .ofs_y = -2},
    {.bitmap_index = 87629, .adv_w = 224, .box_w = 14, .box_h = 13, .ofs_x = 0, .ofs_y = -1},
    {.bitmap_index = 87673, .adv_w = 224, .box_w = 14, .box_h = 13, .ofs_x = 0, .ofs_y = -1},
    {.bitmap_index = 87714, .adv_w = 224, .box_w = 14, .box_h = 13, .ofs_x = 0, .ofs_y = -1},
    {.bitmap_index = 87755, .adv_w = 224, .box_w = 14, .box_h = 13, .ofs_x = 0, .ofs_y = -1},
    {.bitmap_index = 87799, .adv_w = 224, .box_w = 14, .box_h = 14, .ofs_x = 0, .ofs_y = -1},
    {.bitmap_index = 87843, .adv_w = 224, .box_w = 14, .box_h = 13, .ofs_x = 0, .ofs_y = -1},
    {.bitmap_index = 87888, .adv_w = 224, .box_w = 14, .box_h = 13, .ofs_x = 0, .ofs_y = -1},
    {.bitmap_index = 87930, .adv_w = 224, .box_w = 14, .box_h = 12, .ofs_x = 0, .ofs_y = -1},
    {.bitmap_index = 87972, .adv_w = 224, .box_w = 14, .box_h = 13, .ofs_x = 0, .ofs_y = -1},
    {.bitmap_index = 88017, .adv_w = 224, .box_w = 14, .box_h = 13, .ofs_x = 0, .ofs_y = -1},
    {.bitmap_index = 88061, .adv_w = 224, .box_w = 13, .box_h = 13, .ofs_x = 0, .ofs_y = -1},
    {.bitmap_index = 88103, .adv_w = 224, .box_w = 14, .box_h = 13, .ofs_x = 0, .ofs_y = -1},
    {.bitmap_index = 88148, .adv_w = 224, .box_w = 14, .box_h = 13, .ofs_x = 0, .ofs_y = -1},
    {.bitmap_index = 88191, .adv_w = 224, .box_w = 14, .box_h = 13, .ofs_x = 0, .ofs_y = -1},
    {.bitmap_index = 88236, .adv_w = 224, .box_w = 14, .box_h = 14, .ofs_x = 0, .ofs_y = -1},
    {.bitmap_index = 88281, .adv_w = 224, .box_w = 14, .box_h = 13, .ofs_x = 0, .ofs_y = -1},
    {.bitmap_index = 88324, .adv_w = 224, .box_w = 14, .box_h = 13, .ofs_x = 0, .ofs_y = -1},
    {.bitmap_index = 88365, .adv_w = 224, .box_w = 14, .box_h = 14, .ofs_x = 0, .ofs_y = -2},
    {.bitmap_index = 88413, .adv_w = 224, .box_w = 14, .box_h = 13, .ofs_x = 0, .ofs_y = -1},
    {.bitmap_index = 88458, .adv_w = 224, .box_w = 13, .box_h = 14, .ofs_x = 0, .ofs_y = -2},
    {.bitmap_index = 88501, .adv_w = 224, .box_w = 14, .box_h = 13, .ofs_x = 0, .ofs_y = -2},
    {.bitmap_index = 88543, .adv_w = 224, .box_w = 14, .box_h = 13, .ofs_x = 0, .ofs_y = -1},
    {.bitmap_index = 88585, .adv_w = 224, .box_w = 14, .box_h = 14, .ofs_x = 0, .ofs_y = -2},
    {.bitmap_index = 88631, .adv_w = 224, .box_w = 14, .box_h = 13, .ofs_x = 0, .ofs_y = -1},
    {.bitmap_index = 88673, .adv_w = 224, .box_w = 14, .box_h = 14, .ofs_x = 0, .ofs_y = -2},
    {.bitmap_index = 88719, .adv_w = 224, .box_w = 14, .box_h = 13, .ofs_x = 0, .ofs_y = -1},
    {.bitmap_index = 88764, .adv_w = 224, .box_w = 14, .box_h = 13, .ofs_x = 0, .ofs_y = -1},
    {.bitmap_index = 88806, .adv_w = 224, .box_w = 14, .box_h = 13, .ofs_x = 0, .ofs_y = -1},
    {.bitmap_index = 88851, .adv_w = 224, .box_w = 14, .box_h = 13, .ofs_x = 0, .ofs_y = -1},
    {.bitmap_index = 88895, .adv_w = 224, .box_w = 14, .box_h = 13, .ofs_x = 0, .ofs_y = -1},
    {.bitmap_index = 88939, .adv_w = 224, .box_w = 14, .box_h = 14, .ofs_x = 0, .ofs_y = -2},
    {.bitmap_index = 88989, .adv_w = 224, .box_w = 14, .box_h = 13, .ofs_x = 0, .ofs_y = -1},
    {.bitmap_index = 89034, .adv_w = 224, .box_w = 14, .box_h = 13, .ofs_x = 0, .ofs_y = -2},
    {.bitmap_index = 89077, .adv_w = 224, .box_w = 14, .box_h = 13, .ofs_x = 0, .ofs_y = -1},
    {.bitmap_index = 89120, .adv_w = 224, .box_w = 13, .box_h = 13, .ofs_x = 0, .ofs_y = -1},
    {.bitmap_index = 89162, .adv_w = 224, .box_w = 14, .box_h = 14, .ofs_x = 0, .ofs_y = -2},
    {.bitmap_index = 89210, .adv_w = 224, .box_w = 13, .box_h = 13, .ofs_x = 0, .ofs_y = -1},
    {.bitmap_index = 89253, .adv_w = 224, .box_w = 14, .box_h = 13, .ofs_x = 0, .ofs_y = -1},
    {.bitmap_index = 89295, .adv_w = 224, .box_w = 14, .box_h = 14, .ofs_x = 0, .ofs_y = -2},
    {.bitmap_index = 89340, .adv_w = 224, .box_w = 14, .box_h = 13, .ofs_x = 0, .ofs_y = -2},
    {.bitmap_index = 89381, .adv_w = 224, .box_w = 14, .box_h = 13, .ofs_x = 0, .ofs_y = -1},
    {.bitmap_index = 89424, .adv_w = 224, .box_w = 13, .box_h = 14, .ofs_x = 0, .ofs_y = -2},
    {.bitmap_index = 89469, .adv_w = 224, .box_w = 13, .box_h = 14, .ofs_x = 0, .ofs_y = -2},
    {.bitmap_index = 89512, .adv_w = 224, .box_w = 13, .box_h = 14, .ofs_x = 0, .ofs_y = -1},
    {.bitmap_index = 89553, .adv_w = 224, .box_w = 13, .box_h = 14, .ofs_x = 0, .ofs_y = -2},
    {.bitmap_index = 89599, .adv_w = 224, .box_w = 14, .box_h = 13, .ofs_x = 0, .ofs_y = -1},
    {.bitmap_index = 89645, .adv_w = 224, .box_w = 14, .box_h = 12, .ofs_x = 0, .ofs_y = -1},
    {.bitmap_index = 89688, .adv_w = 224, .box_w = 14, .box_h = 13, .ofs_x = 0, .ofs_y = -1},
    {.bitmap_index = 89731, .adv_w = 224, .box_w = 14, .box_h = 13, .ofs_x = 0, .ofs_y = -1},
    {.bitmap_index = 89774, .adv_w = 224, .box_w = 14, .box_h = 12, .ofs_x = 0, .ofs_y = -1},
    {.bitmap_index = 89813, .adv_w = 224, .box_w = 14, .box_h = 13, .ofs_x = 0, .ofs_y = -1},
    {.bitmap_index = 89856, .adv_w = 224, .box_w = 13, .box_h = 13, .ofs_x = 0, .ofs_y = -2},
    {.bitmap_index = 89898, .adv_w = 224, .box_w = 14, .box_h = 12, .ofs_x = 0, .ofs_y = -1},
    {.bitmap_index = 89934, .adv_w = 224, .box_w = 14, .box_h = 14, .ofs_x = 0, .ofs_y = -1},
    {.bitmap_index = 89976, .adv_w = 224, .box_w = 14, .box_h = 14, .ofs_x = 0, .ofs_y = -1},
    {.bitmap_index = 90022, .adv_w = 224, .box_w = 14, .box_h = 14, .ofs_x = 0, .ofs_y = -1},
    {.bitmap_index = 90061, .adv_w = 224, .box_w = 13, .box_h = 13, .ofs_x = 0, .ofs_y = -1},
    {.bitmap_index = 90095, .adv_w = 224, .box_w = 13, .box_h = 13, .ofs_x = 0, .ofs_y = -1},
    {.bitmap_index = 90135, .adv_w = 224, .box_w = 14, .box_h = 14, .ofs_x = 0, .ofs_y = -2},
    {.bitmap_index = 90182, .adv_w = 224, .box_w = 13, .box_h = 14, .ofs_x = 0, .ofs_y = -1},
    {.bitmap_index = 90222, .adv_w = 224, .box_w = 13, .box_h = 15, .ofs_x = 0, .ofs_y = -2},
    {.bitmap_index = 90266, .adv_w = 224, .box_w = 13, .box_h = 14, .ofs_x = 0, .ofs_y = -2},
    {.bitmap_index = 90311, .adv_w = 224, .box_w = 13, .box_h = 13, .ofs_x = 0, .ofs_y = -1},
    {.bitmap_index = 90353, .adv_w = 224, .box_w = 13, .box_h = 14, .ofs_x = 0, .ofs_y = -2},
    {.bitmap_index = 90396, .adv_w = 224, .box_w = 14, .box_h = 13, .ofs_x = 0, .ofs_y = -1},
    {.bitmap_index = 90437, .adv_w = 224, .box_w = 14, .box_h = 14, .ofs_x = 0, .ofs_y = -1},
    {.bitmap_index = 90484, .adv_w = 224, .box_w = 14, .box_h = 14, .ofs_x = 0, .ofs_y = -1},
    {.bitmap_index = 90526, .adv_w = 224, .box_w = 13, .box_h = 13, .ofs_x = 0, .ofs_y = -1},
    {.bitmap_index = 90565, .adv_w = 224, .box_w = 14, .box_h = 13, .ofs_x = 0, .ofs_y = -1},
    {.bitmap_index = 90610, .adv_w = 224, .box_w = 14, .box_h = 15, .ofs_x = 0, .ofs_y = -2},
    {.bitmap_index = 90659, .adv_w = 224, .box_w = 13, .box_h = 14, .ofs_x = 0, .ofs_y = -1},
    {.bitmap_index = 90700, .adv_w = 224, .box_w = 14, .box_h = 14, .ofs_x = 0, .ofs_y = -2},
    {.bitmap_index = 90746, .adv_w = 224, .box_w = 13, .box_h = 13, .ofs_x = 0, .ofs_y = -1},
    {.bitmap_index = 90789, .adv_w = 224, .box_w = 13, .box_h = 14, .ofs_x = 0, .ofs_y = -2},
    {.bitmap_index = 90833, .adv_w = 224, .box_w = 14, .box_h = 14, .ofs_x = 0, .ofs_y = -2},
    {.bitmap_index = 90881, .adv_w = 224, .box_w = 14, .box_h = 14, .ofs_x = 0, .ofs_y = -1},
    {.bitmap_index = 90928, .adv_w = 224, .box_w = 13, .box_h = 15, .ofs_x = 0, .ofs_y = -2},
    {.bitmap_index = 90974, .adv_w = 224, .box_w = 13, .box_h = 14, .ofs_x = 0, .ofs_y = -2},
    {.bitmap_index = 91018, .adv_w = 224, .box_w = 14, .box_h = 14, .ofs_x = 0, .ofs_y = -2},
    {.bitmap_index = 91066, .adv_w = 224, .box_w = 14, .box_h = 13, .ofs_x = 0, .ofs_y = -1},
    {.bitmap_index = 91110, .adv_w = 224, .box_w = 14, .box_h = 13, .ofs_x = 0, .ofs_y = -1},
    {.bitmap_index = 91154, .adv_w = 224, .box_w = 13, .box_h = 13, .ofs_x = 0, .ofs_y = -1},
    {.bitmap_index = 91195, .adv_w = 224, .box_w = 14, .box_h = 13, .ofs_x = 0, .ofs_y = -1},
    {.bitmap_index = 91240, .adv_w = 224, .box_w = 14, .box_h = 14, .ofs_x = 0, .ofs_y = -1},
    {.bitmap_index = 91289, .adv_w = 224, .box_w = 13, .box_h = 14, .ofs_x = 0, .ofs_y = -2},
    {.bitmap_index = 91333, .adv_w = 224, .box_w = 14, .box_h = 14, .ofs_x = 0, .ofs_y = -1},
    {.bitmap_index = 91382, .adv_w = 224, .box_w = 14, .box_h = 13, .ofs_x = 0, .ofs_y = -1},
    {.bitmap_index = 91428, .adv_w = 224, .box_w = 14, .box_h = 14, .ofs_x = 0, .ofs_y = -1},
    {.bitmap_index = 91476, .adv_w = 224, .box_w = 14, .box_h = 14, .ofs_x = 0, .ofs_y = -2},
    {.bitmap_index = 91525, .adv_w = 224, .box_w = 14, .box_h = 13, .ofs_x = 0, .ofs_y = -1},
    {.bitmap_index = 91562, .adv_w = 224, .box_w = 12, .box_h = 13, .ofs_x = 1, .ofs_y = -1},
    {.bitmap_index = 91580, .adv_w = 224, .box_w = 11, .box_h = 14, .ofs_x = 1, .ofs_y = -2},
    {.bitmap_index = 91614, .adv_w = 224, .box_w = 12, .box_h = 13, .ofs_x = 1, .ofs_y = -1},
    {.bitmap_index = 91641, .adv_w = 224, .box_w = 12, .box_h = 13, .ofs_x = 1, .ofs_y = -1},
    {.bitmap_index = 91676, .adv_w = 224, .box_w = 11, .box_h = 14, .ofs_x = 1, .ofs_y = -2},
    {.bitmap_index = 91707, .adv_w = 224, .box_w = 11, .box_h = 14, .ofs_x = 1, .ofs_y = -2},
    {.bitmap_index = 91738, .adv_w = 224, .box_w = 12, .box_h = 13, .ofs_x = 1, .ofs_y = -1},
    {.bitmap_index = 91772, .adv_w = 224, .box_w = 12, .box_h = 14, .ofs_x = 1, .ofs_y = -2},
    {.bitmap_index = 91809, .adv_w = 224, .box_w = 12, .box_h = 14, .ofs_x = 1, .ofs_y = -2},
    {.bitmap_index = 91847, .adv_w = 224, .box_w = 11, .box_h = 14, .ofs_x = 1, .ofs_y = -2},
    {.bitmap_index = 91883, .adv_w = 224, .box_w = 12, .box_h = 13, .ofs_x = 1, .ofs_y = -1},
    {.bitmap_index = 91920, .adv_w = 224, .box_w = 12, .box_h = 14, .ofs_x = 1, .ofs_y = -2},
    {.bitmap_index = 91956, .adv_w = 224, .box_w = 13, .box_h = 14, .ofs_x = 1, .ofs_y = -2},
    {.bitmap_index = 91997, .adv_w = 224, .box_w = 12, .box_h = 12, .ofs_x = 1, .ofs_y = -1},
    {.bitmap_index = 92028, .adv_w = 224, .box_w = 12, .box_h = 13, .ofs_x = 1, .ofs_y = -2},
    {.bitmap_index = 92065, .adv_w = 224, .box_w = 13, .box_h = 13, .ofs_x = 1, .ofs_y = -1},
    {.bitmap_index = 92103, .adv_w = 224, .box_w = 13, .box_h = 13, .ofs_x = 1, .ofs_y = -1},
    {.bitmap_index = 92141, .adv_w = 224, .box_w = 12, .box_h = 12, .ofs_x = 1, .ofs_y = -1},
    {.bitmap_index = 92171, .adv_w = 224, .box_w = 12, .box_h = 13, .ofs_x = 1, .ofs_y = -2},
    {.bitmap_index = 92203, .adv_w = 224, .box_w = 13, .box_h = 15, .ofs_x = 1, .ofs_y = -2},
    {.bitmap_index = 92243, .adv_w = 224, .box_w = 12, .box_h = 13, .ofs_x = 1, .ofs_y = -1},
    {.bitmap_index = 92279, .adv_w = 224, .box_w = 12, .box_h = 14, .ofs_x = 1, .ofs_y = -2},
    {.bitmap_index = 92320, .adv_w = 224, .box_w = 12, .box_h = 14, .ofs_x = 1, .ofs_y = -2},
    {.bitmap_index = 92361, .adv_w = 224, .box_w = 13, .box_h = 12, .ofs_x = 1, .ofs_y = -1},
    {.bitmap_index = 92398, .adv_w = 224, .box_w = 13, .box_h = 14, .ofs_x = 1, .ofs_y = -2},
    {.bitmap_index = 92441, .adv_w = 224, .box_w = 13, .box_h = 14, .ofs_x = 1, .ofs_y = -2},
    {.bitmap_index = 92486, .adv_w = 224, .box_w = 12, .box_h = 13, .ofs_x = 1, .ofs_y = -2},
    {.bitmap_index = 92524, .adv_w = 224, .box_w = 12, .box_h = 13, .ofs_x = 1, .ofs_y = -1},
    {.bitmap_index = 92562, .adv_w = 224, .box_w = 13, .box_h = 13, .ofs_x = 1, .ofs_y = -1},
    {.bitmap_index = 92601, .adv_w = 224, .box_w = 13, .box_h = 14, .ofs_x = 1, .ofs_y = -2},
    {.bitmap_index = 92645, .adv_w = 224, .box_w = 13, .box_h = 14, .ofs_x = 1, .ofs_y = -2},
    {.bitmap_index = 92687, .adv_w = 224, .box_w = 12, .box_h = 13, .ofs_x = 1, .ofs_y = -1},
    {.bitmap_index = 92724, .adv_w = 224, .box_w = 13, .box_h = 13, .ofs_x = 1, .ofs_y = -1},
    {.bitmap_index = 92766, .adv_w = 224, .box_w = 13, .box_h = 13, .ofs_x = 1, .ofs_y = -1},
    {.bitmap_index = 92807, .adv_w = 224, .box_w = 13, .box_h = 13, .ofs_x = 1, .ofs_y = -1},
    {.bitmap_index = 92848, .adv_w = 224, .box_w = 13, .box_h = 13, .ofs_x = 1, .ofs_y = -2},
    {.bitmap_index = 92887, .adv_w = 224, .box_w = 13, .box_h = 14, .ofs_x = 1, .ofs_y = -2},
    {.bitmap_index = 92931, .adv_w = 224, .box_w = 14, .box_h = 13, .ofs_x = 0, .ofs_y = -1},
    {.bitmap_index = 92975, .adv_w = 224, .box_w = 14, .box_h = 13, .ofs_x = 0, .ofs_y = -1},
    {.bitmap_index = 93022, .adv_w = 224, .box_w = 14, .box_h = 13, .ofs_x = 0, .ofs_y = -1},
    {.bitmap_index = 93066, .adv_w = 224, .box_w = 14, .box_h = 13, .ofs_x = 0, .ofs_y = -1},
    {.bitmap_index = 93110, .adv_w = 224, .box_w = 13, .box_h = 13, .ofs_x = 0, .ofs_y = -1},
    {.bitmap_index = 93147, .adv_w = 224, .box_w = 14, .box_h = 14, .ofs_x = 0, .ofs_y = -2},
    {.bitmap_index = 93195, .adv_w = 224, .box_w = 13, .box_h = 12, .ofs_x = 1, .ofs_y = -1},
    {.bitmap_index = 93231, .adv_w = 224, .box_w = 12, .box_h = 12, .ofs_x = 1, .ofs_y = -1},
    {.bitmap_index = 93265, .adv_w = 224, .box_w = 14, .box_h = 13, .ofs_x = 0, .ofs_y = -1},
    {.bitmap_index = 93310, .adv_w = 224, .box_w = 12, .box_h = 13, .ofs_x = 1, .ofs_y = -2},
    {.bitmap_index = 93348, .adv_w = 224, .box_w = 13, .box_h = 13, .ofs_x = 0, .ofs_y = -2},
    {.bitmap_index = 93390, .adv_w = 224, .box_w = 13, .box_h = 12, .ofs_x = 1, .ofs_y = -1},
    {.bitmap_index = 93425, .adv_w = 224, .box_w = 14, .box_h = 13, .ofs_x = 0, .ofs_y = -2},
    {.bitmap_index = 93469, .adv_w = 224, .box_w = 14, .box_h = 12, .ofs_x = 0, .ofs_y = -1},
    {.bitmap_index = 93511, .adv_w = 224, .box_w = 13, .box_h = 13, .ofs_x = 1, .ofs_y = -1},
    {.bitmap_index = 93553, .adv_w = 224, .box_w = 12, .box_h = 13, .ofs_x = 1, .ofs_y = -1},
    {.bitmap_index = 93587, .adv_w = 224, .box_w = 13, .box_h = 15, .ofs_x = 0, .ofs_y = -2},
    {.bitmap_index = 93636, .adv_w = 224, .box_w = 14, .box_h = 13, .ofs_x = 0, .ofs_y = -1},
    {.bitmap_index = 93672, .adv_w = 224, .box_w = 13, .box_h = 14, .ofs_x = 0, .ofs_y = -2},
    {.bitmap_index = 93717, .adv_w = 224, .box_w = 13, .box_h = 13, .ofs_x = 0, .ofs_y = -2},
    {.bitmap_index = 93752, .adv_w = 224, .box_w = 12, .box_h = 14, .ofs_x = 1, .ofs_y = -1},
    {.bitmap_index = 93791, .adv_w = 224, .box_w = 14, .box_h = 15, .ofs_x = 0, .ofs_y = -2},
    {.bitmap_index = 93840, .adv_w = 224, .box_w = 14, .box_h = 14, .ofs_x = 0, .ofs_y = -2},
    {.bitmap_index = 93888, .adv_w = 224, .box_w = 13, .box_h = 13, .ofs_x = 0, .ofs_y = -1},
    {.bitmap_index = 93921, .adv_w = 224, .box_w = 13, .box_h = 13, .ofs_x = 0, .ofs_y = -1},
    {.bitmap_index = 93961, .adv_w = 224, .box_w = 14, .box_h = 13, .ofs_x = 0, .ofs_y = -1},
    {.bitmap_index = 93997, .adv_w = 224, .box_w = 12, .box_h = 14, .ofs_x = 1, .ofs_y = -2},
    {.bitmap_index = 94034, .adv_w = 224, .box_w = 13, .box_h = 13, .ofs_x = 0, .ofs_y = -2},
    {.bitmap_index = 94070, .adv_w = 224, .box_w = 13, .box_h = 13, .ofs_x = 0, .ofs_y = -2},
    {.bitmap_index = 94102, .adv_w = 224, .box_w = 13, .box_h = 12, .ofs_x = 1, .ofs_y = -1},
    {.bitmap_index = 94137, .adv_w = 224, .box_w = 14, .box_h = 12, .ofs_x = 0, .ofs_y = -1},
    {.bitmap_index = 94174, .adv_w = 224, .box_w = 13, .box_h = 13, .ofs_x = 0, .ofs_y = -1},
    {.bitmap_index = 94207, .adv_w = 224, .box_w = 14, .box_h = 13, .ofs_x = 0, .ofs_y = -1},
    {.bitmap_index = 94252, .adv_w = 224, .box_w = 13, .box_h = 12, .ofs_x = 0, .ofs_y = -1},
    {.bitmap_index = 94287, .adv_w = 224, .box_w = 14, .box_h = 12, .ofs_x = 0, .ofs_y = -1},
    {.bitmap_index = 94326, .adv_w = 224, .box_w = 14, .box_h = 12, .ofs_x = 0, .ofs_y = -1},
    {.bitmap_index = 94366, .adv_w = 224, .box_w = 14, .box_h = 13, .ofs_x = 0, .ofs_y = -2},
    {.bitmap_index = 94409, .adv_w = 224, .box_w = 14, .box_h = 13, .ofs_x = 0, .ofs_y = -1},
    {.bitmap_index = 94452, .adv_w = 224, .box_w = 14, .box_h = 12, .ofs_x = 0, .ofs_y = -1},
    {.bitmap_index = 94493, .adv_w = 224, .box_w = 14, .box_h = 13, .ofs_x = 0, .ofs_y = -1},
    {.bitmap_index = 94537, .adv_w = 224, .box_w = 13, .box_h = 12, .ofs_x = 0, .ofs_y = -1},
    {.bitmap_index = 94576, .adv_w = 224, .box_w = 13, .box_h = 12, .ofs_x = 0, .ofs_y = -1},
    {.bitmap_index = 94615, .adv_w = 224, .box_w = 14, .box_h = 14, .ofs_x = 0, .ofs_y = -2},
    {.bitmap_index = 94662, .adv_w = 224, .box_w = 14, .box_h = 14, .ofs_x = 0, .ofs_y = -2},
    {.bitmap_index = 94708, .adv_w = 224, .box_w = 13, .box_h = 13, .ofs_x = 0, .ofs_y = -2},
    {.bitmap_index = 94745, .adv_w = 224, .box_w = 13, .box_h = 12, .ofs_x = 0, .ofs_y = -1},
    {.bitmap_index = 94775, .adv_w = 224, .box_w = 13, .box_h = 13, .ofs_x = 0, .ofs_y = -1},
    {.bitmap_index = 94813, .adv_w = 224, .box_w = 14, .box_h = 14, .ofs_x = 0, .ofs_y = -2},
    {.bitmap_index = 94859, .adv_w = 224, .box_w = 14, .box_h = 13, .ofs_x = 0, .ofs_y = -1},
    {.bitmap_index = 94895, .adv_w = 224, .box_w = 14, .box_h = 14, .ofs_x = 0, .ofs_y = -2},
    {.bitmap_index = 94939, .adv_w = 224, .box_w = 14, .box_h = 13, .ofs_x = 0, .ofs_y = -1},
    {.bitmap_index = 94978, .adv_w = 224, .box_w = 14, .box_h = 13, .ofs_x = 0, .ofs_y = -1},
    {.bitmap_index = 95021, .adv_w = 224, .box_w = 13, .box_h = 13, .ofs_x = 0, .ofs_y = -1},
    {.bitmap_index = 95058, .adv_w = 224, .box_w = 14, .box_h = 14, .ofs_x = 0, .ofs_y = -2},
    {.bitmap_index = 95107, .adv_w = 224, .box_w = 14, .box_h = 14, .ofs_x = 0, .ofs_y = -2},
    {.bitmap_index = 95153, .adv_w = 224, .box_w = 14, .box_h = 14, .ofs_x = 0, .ofs_y = -2},
    {.bitmap_index = 95199, .adv_w = 224, .box_w = 14, .box_h = 13, .ofs_x = 0, .ofs_y = -1},
    {.bitmap_index = 95245, .adv_w = 224, .box_w = 13, .box_h = 13, .ofs_x = 0, .ofs_y = -1},
    {.bitmap_index = 95284, .adv_w = 224, .box_w = 14, .box_h = 13, .ofs_x = 0, .ofs_y = -1},
    {.bitmap_index = 95328, .adv_w = 224, .box_w = 12, .box_h = 14, .ofs_x = 1, .ofs_y = -2},
    {.bitmap_index = 95365, .adv_w = 224, .box_w = 14, .box_h = 13, .ofs_x = 0, .ofs_y = -1},
    {.bitmap_index = 95406, .adv_w = 224, .box_w = 12, .box_h = 12, .ofs_x = 1, .ofs_y = -1},
    {.bitmap_index = 95436, .adv_w = 224, .box_w = 13, .box_h = 13, .ofs_x = 0, .ofs_y = -1},
    {.bitmap_index = 95474, .adv_w = 224, .box_w = 13, .box_h = 13, .ofs_x = 0, .ofs_y = -2},
    {.bitmap_index = 95516, .adv_w = 224, .box_w = 13, .box_h = 14, .ofs_x = 0, .ofs_y = -2},
    {.bitmap_index = 95557, .adv_w = 224, .box_w = 14, .box_h = 14, .ofs_x = 0, .ofs_y = -2},
    {.bitmap_index = 95603, .adv_w = 224, .box_w = 13, .box_h = 14, .ofs_x = 0, .ofs_y = -1},
    {.bitmap_index = 95644, .adv_w = 224, .box_w = 13, .box_h = 13, .ofs_x = 0, .ofs_y = -1},
    {.bitmap_index = 95684, .adv_w = 224, .box_w = 12, .box_h = 12, .ofs_x = 1, .ofs_y = -1},
    {.bitmap_index = 95717, .adv_w = 224, .box_w = 14, .box_h = 14, .ofs_x = 0, .ofs_y = -2},
    {.bitmap_index = 95763, .adv_w = 224, .box_w = 14, .box_h = 14, .ofs_x = 0, .ofs_y = -2},
    {.bitmap_index = 95812, .adv_w = 224, .box_w = 14, .box_h = 13, .ofs_x = 0, .ofs_y = -1},
    {.bitmap_index = 95857, .adv_w = 224, .box_w = 14, .box_h = 14, .ofs_x = 0, .ofs_y = -2},
    {.bitmap_index = 95906, .adv_w = 224, .box_w = 13, .box_h = 14, .ofs_x = 0, .ofs_y = -1},
    {.bitmap_index = 95948, .adv_w = 224, .box_w = 14, .box_h = 13, .ofs_x = 0, .ofs_y = -2},
    {.bitmap_index = 95993, .adv_w = 224, .box_w = 12, .box_h = 13, .ofs_x = 1, .ofs_y = -2},
    {.bitmap_index = 96027, .adv_w = 224, .box_w = 12, .box_h = 14, .ofs_x = 1, .ofs_y = -2},
    {.bitmap_index = 96063, .adv_w = 224, .box_w = 14, .box_h = 13, .ofs_x = 0, .ofs_y = -1},
    {.bitmap_index = 96108, .adv_w = 224, .box_w = 14, .box_h = 14, .ofs_x = 0, .ofs_y = -2},
    {.bitmap_index = 96153, .adv_w = 224, .box_w = 14, .box_h = 14, .ofs_x = 0, .ofs_y = -1},
    {.bitmap_index = 96200, .adv_w = 224, .box_w = 14, .box_h = 14, .ofs_x = 0, .ofs_y = -2},
    {.bitmap_index = 96249, .adv_w = 224, .box_w = 14, .box_h = 15, .ofs_x = 0, .ofs_y = -2},
    {.bitmap_index = 96299, .adv_w = 224, .box_w = 14, .box_h = 14, .ofs_x = 0, .ofs_y = -2},
    {.bitmap_index = 96348, .adv_w = 224, .box_w = 14, .box_h = 14, .ofs_x = 0, .ofs_y = -2},
    {.bitmap_index = 96395, .adv_w = 224, .box_w = 13, .box_h = 13, .ofs_x = 1, .ofs_y = -1},
    {.bitmap_index = 96434, .adv_w = 224, .box_w = 13, .box_h = 13, .ofs_x = 0, .ofs_y = -1},
    {.bitmap_index = 96470, .adv_w = 224, .box_w = 14, .box_h = 13, .ofs_x = 0, .ofs_y = -1},
    {.bitmap_index = 96514, .adv_w = 224, .box_w = 14, .box_h = 13, .ofs_x = 0, .ofs_y = -1},
    {.bitmap_index = 96557, .adv_w = 224, .box_w = 14, .box_h = 13, .ofs_x = 0, .ofs_y = -1},
    {.bitmap_index = 96601, .adv_w = 224, .box_w = 14, .box_h = 14, .ofs_x = 0, .ofs_y = -2},
    {.bitmap_index = 96649, .adv_w = 224, .box_w = 12, .box_h = 13, .ofs_x = 1, .ofs_y = -1},
    {.bitmap_index = 96680, .adv_w = 224, .box_w = 13, .box_h = 13, .ofs_x = 0, .ofs_y = -1},
    {.bitmap_index = 96721, .adv_w = 224, .box_w = 12, .box_h = 13, .ofs_x = 1, .ofs_y = -1},
    {.bitmap_index = 96756, .adv_w = 224, .box_w = 12, .box_h = 13, .ofs_x = 1, .ofs_y = -1},
    {.bitmap_index = 96795, .adv_w = 224, .box_w = 13, .box_h = 13, .ofs_x = 0, .ofs_y = -1},
    {.bitmap_index = 96837, .adv_w = 224, .box_w = 12, .box_h = 14, .ofs_x = 1, .ofs_y = -2},
    {.bitmap_index = 96875, .adv_w = 224, .box_w = 14, .box_h = 13, .ofs_x = 0, .ofs_y = -1},
    {.bitmap_index = 96918, .adv_w = 224, .box_w = 13, .box_h = 13, .ofs_x = 0, .ofs_y = -1},
    {.bitmap_index = 96959, .adv_w = 224, .box_w = 13, .box_h = 13, .ofs_x = 0, .ofs_y = -1},
    {.bitmap_index = 97002, .adv_w = 224, .box_w = 13, .box_h = 14, .ofs_x = 0, .ofs_y = -2},
    {.bitmap_index = 97046, .adv_w = 224, .box_w = 13, .box_h = 13, .ofs_x = 0, .ofs_y = -1},
    {.bitmap_index = 97089, .adv_w = 224, .box_w = 14, .box_h = 14, .ofs_x = 0, .ofs_y = -2},
    {.bitmap_index = 97134, .adv_w = 224, .box_w = 14, .box_h = 14, .ofs_x = 0, .ofs_y = -2},
    {.bitmap_index = 97180, .adv_w = 224, .box_w = 14, .box_h = 13, .ofs_x = 0, .ofs_y = -1},
    {.bitmap_index = 97224, .adv_w = 224, .box_w = 14, .box_h = 13, .ofs_x = 0, .ofs_y = -1},
    {.bitmap_index = 97266, .adv_w = 224, .box_w = 12, .box_h = 13, .ofs_x = 1, .ofs_y = -1},
    {.bitmap_index = 97307, .adv_w = 224, .box_w = 13, .box_h = 13, .ofs_x = 1, .ofs_y = -2},
    {.bitmap_index = 97348, .adv_w = 224, .box_w = 14, .box_h = 14, .ofs_x = 0, .ofs_y = -2},
    {.bitmap_index = 97396, .adv_w = 224, .box_w = 14, .box_h = 14, .ofs_x = 0, .ofs_y = -2},
    {.bitmap_index = 97442, .adv_w = 224, .box_w = 14, .box_h = 13, .ofs_x = 0, .ofs_y = -1},
    {.bitmap_index = 97486, .adv_w = 224, .box_w = 14, .box_h = 14, .ofs_x = 0, .ofs_y = -1},
    {.bitmap_index = 97523, .adv_w = 224, .box_w = 14, .box_h = 13, .ofs_x = 0, .ofs_y = -1},
    {.bitmap_index = 97562, .adv_w = 224, .box_w = 12, .box_h = 13, .ofs_x = 1, .ofs_y = -1},
    {.bitmap_index = 97596, .adv_w = 224, .box_w = 14, .box_h = 15, .ofs_x = 0, .ofs_y = -2},
    {.bitmap_index = 97646, .adv_w = 224, .box_w = 14, .box_h = 13, .ofs_x = 0, .ofs_y = -1},
    {.bitmap_index = 97687, .adv_w = 224, .box_w = 14, .box_h = 13, .ofs_x = 0, .ofs_y = -1},
    {.bitmap_index = 97726, .adv_w = 224, .box_w = 2, .box_h = 11, .ofs_x = 6, .ofs_y = 0},
    {.bitmap_index = 97732, .adv_w = 224, .box_w = 4, .box_h = 14, .ofs_x = 5, .ofs_y = -3},
    {.bitmap_index = 97746, .adv_w = 224, .box_w = 4, .box_h = 14, .ofs_x = 5, .ofs_y = -3},
    {.bitmap_index = 97759, .adv_w = 224, .box_w = 2, .box_h = 4, .ofs_x = 6, .ofs_y = -2},
    {.bitmap_index = 97762, .adv_w = 224, .box_w = 2, .box_h = 8, .ofs_x = 6, .ofs_y = 0},
    {.bitmap_index = 97766, .adv_w = 224, .box_w = 2, .box_h = 10, .ofs_x = 6, .ofs_y = -2},
    {.bitmap_index = 97771, .adv_w = 224, .box_w = 8, .box_h = 11, .ofs_x = 3, .ofs_y = 0}
};

/*---------------------
 *  CHARACTER MAPPING
 *--------------------*/

static const uint16_t unicode_list_1[] = {
    0x0, 0x20, 0x40, 0x1f5d, 0x1f61, 0x1f62, 0x1f65, 0x1f66,
    0x1f6f, 0x2f4a, 0x2f4b, 0x2f53, 0x2f54, 0x2f59, 0x2f5a, 0x4d49,
    0x4d4a, 0x4d4c, 0x4d50, 0x4d51, 0x4d52, 0x4d53, 0x4d54, 0x4d56,
    0x4d57, 0x4d5a, 0x4d5c, 0x4d5d, 0x4d5f, 0x4d61, 0x4d62, 0x4d63,
    0x4d64, 0x4d65, 0x4d66, 0x4d6b, 0x4d6d, 0x4d6e, 0x4d70, 0x4d73,
    0x4d76, 0x4d7b, 0x4d7d, 0x4d82, 0x4d83, 0x4d84, 0x4d86, 0x4d8e,
    0x4d91, 0x4d92, 0x4d94, 0x4d95, 0x4d97, 0x4d98, 0x4d99, 0x4d9b,
    0x4d9d, 0x4da1, 0x4da2, 0x4da6, 0x4da7, 0x4da8, 0x4daa, 0x4daf,
    0x4db9, 0x4dba, 0x4dbc, 0x4dcf, 0x4dd2, 0x4dd4, 0x4dd5, 0x4dd7,
    0x4dd8, 0x4dda, 0x4ddb, 0x4ddd, 0x4de3, 0x4de4, 0x4ded, 0x4df0,
    0x4df5, 0x4df6, 0x4df7, 0x4dfb, 0x4e03, 0x4e08, 0x4e09, 0x4e0a,
    0x4e0e, 0x4e0f, 0x4e10, 0x4e13, 0x4e17, 0x4e1c, 0x4e1d, 0x4e1f,
    0x4e20, 0x4e21, 0x4e22, 0x4e2c, 0x4e2d, 0x4e2e, 0x4e33, 0x4e35,
    0x4e39, 0x4e3f, 0x4e44, 0x4e46, 0x4e48, 0x4e4a, 0x4e56, 0x4e57,
    0x4e58, 0x4e59, 0x4e5a, 0x4e61, 0x4e62, 0x4e63, 0x4e67, 0x4e68,
    0x4e69, 0x4e6d, 0x4e6f, 0x4e78, 0x4e7d, 0x4e81, 0x4e83, 0x4e85,
    0x4e96, 0x4e97, 0x4e99, 0x4e9c, 0x4e9e, 0x4ea2, 0x4ea4, 0x4ea5,
    0x4eac, 0x4ebc, 0x4ec8, 0x4ecc, 0x4ed4, 0x4ed6, 0x4ee6, 0x4ee9,
    0x4eef, 0x4ef0, 0x4ef7, 0x4ef8, 0x4efe, 0x4f08, 0x4f0c, 0x4f0d,
    0x4f13, 0x4f19, 0x4f20, 0x4f21, 0x4f26, 0x4f2a, 0x4f32, 0x4f37,
    0x4f38, 0x4f3a, 0x4f56, 0x4f5b, 0x4f5d, 0x4f62, 0x4f68, 0x4f6f,
    0x4f73, 0x4f83, 0x4f85, 0x4f87, 0x4f90, 0x4f98, 0x4fa3, 0x4fa5,
    0x4fae, 0x4fbf, 0x4fc0, 0x4fc8, 0x4ff1, 0x4ffb, 0x5018, 0x503e,
    0x505b, 0x5088, 0x508c, 0x508d, 0x508e, 0x508f, 0x5091, 0x5092,
    0x5094, 0x5096, 0x509d, 0x50a3, 0x50a5, 0x50ae, 0x50b1, 0x50b4,
    0x50b5, 0x50b6, 0x50ba, 0x50bc, 0x50be, 0x50bf, 0x50c0, 0x50c1,
    0x50c4, 0x50c5, 0x50c6, 0x50ce, 0x50d2, 0x50d5, 0x50d6, 0x50db,
    0x50e0, 0x50e2, 0x50e4, 0x50e5, 0x50e9, 0x50f5, 0x50f9, 0x50fb,
    0x50fc, 0x50fe, 0x50ff, 0x5100, 0x5104, 0x510d, 0x510f, 0x5112,
    0x5115, 0x5118, 0x511a, 0x5126, 0x5129, 0x512a, 0x512d, 0x5136,
    0x5138, 0x5139, 0x513f, 0x5142, 0x5143, 0x5144, 0x5146, 0x5149,
    0x514f, 0x5150, 0x5153, 0x515b, 0x5160, 0x5161, 0x5163, 0x5164,
    0x5166, 0x516d, 0x5172, 0x5174, 0x5177, 0x5179, 0x517f, 0x5180,
    0x5181, 0x5183, 0x5184, 0x518b, 0x5196, 0x519a, 0x519d, 0x519f,
    0x51b0, 0x51b8, 0x51bb, 0x51e4, 0x51e7, 0x51e8, 0x51e9, 0x51ea,
    0x51ec, 0x51f1, 0x51f2, 0x51f3, 0x51f4, 0x51fb, 0x51fc, 0x5208,
    0x5212, 0x521b, 0x5243, 0x5247, 0x5248, 0x5249, 0x524e, 0x524f,
    0x5251, 0x525f, 0x5260, 0x5262, 0x5269, 0x526a, 0x526c, 0x5273,
    0x5282, 0x5283, 0x5284, 0x5288, 0x528a, 0x528c, 0x5290, 0x5291,
    0x5293, 0x5297, 0x529c, 0x529e, 0x529f, 0x52a3, 0x52a5, 0x52a9,
    0x52aa, 0x52af, 0x52b0, 0x52b4, 0x52b9, 0x52ba, 0x52bc, 0x52be,
    0x52c0, 0x52cb, 0x52ce, 0x52cf, 0x52d2, 0x52d4, 0x52e1, 0x52e3,
    0x52e8, 0x52f1, 0x5304, 0x5308, 0x530b, 0x5311, 0x5314, 0x5315,
    0x5316, 0x531a, 0x531d, 0x531f, 0x5320, 0x5321, 0x5322, 0x5329,
    0x532c, 0x532d, 0x5333, 0x5334, 0x5335, 0x5338, 0x5339, 0x533b,
    0x533c, 0x533f, 0x5340, 0x5341, 0x5345, 0x534c, 0x534d, 0x5351,
    0x5353, 0x5355, 0x5356, 0x5357, 0x5359, 0x535a, 0x535c, 0x5360,
    0x5364, 0x536f, 0x5371, 0x5372, 0x5374, 0x5375, 0x5377, 0x5378,
    0x537e, 0x5381, 0x5382, 0x5384, 0x5385, 0x5387, 0x538f, 0x5391,
    0x5393, 0x5399, 0x53a1, 0x53a5, 0x53ab, 0x53b1, 0x53bc, 0x53be,
    0x53c5, 0x53c6, 0x53c9, 0x53d5, 0x53d8, 0x53de, 0x53e2, 0x53f5,
    0x53fa, 0x53fc, 0x5401, 0x5406, 0x5409, 0x540a, 0x540d, 0x5410,
    0x5411, 0x5416, 0x5417, 0x541a, 0x5432, 0x5433, 0x5436, 0x543b,
    0x5445, 0x5452, 0x5459, 0x546d, 0x5477, 0x5478, 0x547a, 0x5487,
    0x548c, 0x5493, 0x54af, 0x54b7, 0x54c1, 0x54c9, 0x54cb, 0x54d0,
    0x54d2, 0x54d3, 0x54d4, 0x54e1, 0x54e5, 0x54e6, 0x5500, 0x550e,
    0x551c, 0x5525, 0x5546, 0x5552, 0x5564, 0x557b, 0x557d, 0x5588,
    0x55b1, 0x55b3, 0x55b5, 0x5605, 0x5613, 0x5624, 0x5627, 0x5629,
    0x562b, 0x5636, 0x5639, 0x563a, 0x563d, 0x5643, 0x5646, 0x5647,
    0x564c, 0x564f, 0x5651, 0x5668, 0x566c, 0x5671, 0x5676, 0x5679,
    0x567c, 0x5683, 0x5690, 0x5693, 0x5698, 0x5699, 0x569a, 0x56a0,
    0x56a3, 0x56a4, 0x56aa, 0x56ad, 0x56af, 0x56b3, 0x56b8, 0x56cb,
    0x56cd, 0x56eb, 0x56ef, 0x56f4, 0x570b, 0x5714, 0x5717, 0x5728,
    0x5742, 0x5743, 0x574b, 0x574f, 0x575e, 0x576a, 0x577e, 0x579d,
    0x57a1, 0x57a7, 0x57b4, 0x57cc, 0x57dc, 0x57e2, 0x57e7, 0x57f1,
    0x57f2, 0x580a, 0x5837, 0x5839, 0x583c, 0x584d, 0x5850, 0x5856,
    0x5858, 0x585e, 0x585f, 0x5863, 0x5865, 0x5868, 0x5870, 0x5872,
    0x5873, 0x5874, 0x5877, 0x587a, 0x587d, 0x5880, 0x5882, 0x5883,
    0x5890, 0x5892, 0x5894, 0x5898, 0x589a, 0x589d, 0x589f, 0x58a0,
    0x58a9, 0x58ae, 0x58bc, 0x58bd, 0x58c2, 0x58c6, 0x58cb, 0x58d0,
    0x58d1, 0x58df, 0x58e2, 0x58ee, 0x58f1, 0x58f7, 0x5902, 0x5904,
    0x590f, 0x5914, 0x5919, 0x591a, 0x591d, 0x5925, 0x592e, 0x5935,
    0x5944, 0x5948, 0x594a, 0x594c, 0x5961, 0x598f, 0x5992, 0x59a3,
    0x59b3, 0x59bd, 0x59bf, 0x5a0a, 0x5a0b, 0x5a32, 0x5a99, 0x5a9d,
    0x5aa0, 0x5aa1, 0x5aa2, 0x5aa5, 0x5aa6, 0x5aa8, 0x5aad, 0x5aaf,
    0x5ab2, 0x5abe, 0x5aca, 0x5acc, 0x5ace, 0x5ad0, 0x5ad1, 0x5ad2,
    0x5ad4, 0x5ad5, 0x5ad8, 0x5ae0, 0x5ae1, 0x5ae2, 0x5ae3, 0x5ae4,
    0x5ae5, 0x5ae6, 0x5ae7, 0x5aea, 0x5aeb, 0x5aec, 0x5aed, 0x5af3,
    0x5afc, 0x5afd, 0x5aff, 0x5b02, 0x5b06, 0x5b07, 0x5b08, 0x5b0b,
    0x5b0f, 0x5b10, 0x5b15, 0x5b1b, 0x5b26, 0x5b28, 0x5b2a, 0x5b31,
    0x5b41, 0x5b42, 0x5b43, 0x5b44, 0x5b45, 0x5b48, 0x5b4a, 0x5b4d,
    0x5b4f, 0x5b53, 0x5b58, 0x5b5a, 0x5b5d, 0x5b5f, 0x5b66, 0x5b6d,
    0x5b7a, 0x5b83, 0x5b85, 0x5b86, 0x5b87, 0x5b88, 0x5b89, 0x5b8a,
    0x5b8b, 0x5b8e, 0x5b91, 0x5b93, 0x5b94, 0x5b97, 0x5b98, 0x5b9a,
    0x5b9e, 0x5ba9, 0x5bae, 0x5bca, 0x5bcb, 0x5bdd, 0x5be0, 0x5be4,
    0x5bf2, 0x5c01, 0x5c2a, 0x5c2f, 0x5c39, 0x5c44, 0x5c50, 0x5c5f,
    0x5c72, 0x5c95, 0x5d16, 0x5d26, 0x5d27, 0x5d2e, 0x5d2f, 0x5d30,
    0x5d31, 0x5d32, 0x5d34, 0x5d37, 0x5d3a, 0x5d3b, 0x5d47, 0x5d4a,
    0x5d4b, 0x5d4c, 0x5d4e, 0x5d4f, 0x5d51, 0x5d55, 0x5d5e, 0x5d5f,
    0x5d61, 0x5d65, 0x5d66, 0x5d6f, 0x5d77, 0x5d81, 0x5d86, 0x5d8e,
    0x5d9e, 0x5dbb, 0x5dbc, 0x5dbd, 0x5dbf, 0x5dc1, 0x5dc4, 0x5dc5,
    0x5dc6, 0x5dc8, 0x5dcf, 0x5dd3, 0x5dd8, 0x5ddc, 0x5ddd, 0x5dde,
    0x5de0, 0x5de2, 0x5de5, 0x5de7, 0x5de8, 0x5def, 0x5df0, 0x5df6,
    0x5e00, 0x5e01, 0x5e12, 0x5e13, 0x5e1c, 0x5e1f, 0x5e3f, 0x5e43,
    0x5e49, 0x5e4b, 0x5e4c, 0x5e4d, 0x5e58, 0x5e5c, 0x5e5e, 0x5e68,
    0x5e69, 0x5e6f, 0x5e70, 0x5e78, 0x5e7a, 0x5e82, 0x5e83, 0x5e9b,
    0x5e9c, 0x5e9e, 0x5ea0, 0x5eab, 0x5eb2, 0x5eba, 0x5ec2, 0x5ec4,
    0x5ec5, 0x5ec9, 0x5eca, 0x5ecd, 0x5ece, 0x5ed1, 0x5ed3, 0x5ed4,
    0x5ed9, 0x5ee0, 0x5eea, 0x5ef3, 0x5ef7, 0x5f00, 0x5f06, 0x5f0c,
    0x5f0e, 0x5f0f, 0x5f16, 0x5f20, 0x5f21, 0x5f22, 0x5f29, 0x5f30,
    0x5f34, 0x5f3a, 0x5f3e, 0x5f46, 0x5f49, 0x5f4a, 0x5f57, 0x5f5b,
    0x5f5e, 0x5f69, 0x5f6e, 0x5f70, 0x5f71, 0x5f78, 0x5f84, 0x5f8c,
    0x5f94, 0x5f96, 0x5f99, 0x5f9b, 0x5fab, 0x5fad, 0x5fb1, 0x5fb2,
    0x5fb6, 0x5fb8, 0x5fbc, 0x5fbf, 0x5fc5, 0x5fcd, 0x5fd2, 0x5fdd,
    0x5fe8, 0x5fe9, 0x5fec, 0x5fef, 0x5ff1, 0x5ff5, 0x5ffb, 0x600e,
    0x6013, 0x601a, 0x6025, 0x6029, 0x6030, 0x6031, 0x6032, 0x6036,
    0x6039, 0x603c, 0x603f, 0x6042, 0x604a, 0x6058, 0x6068, 0x606d,
    0x6088, 0x6095, 0x6097, 0x609a, 0x60ab, 0x60b0, 0x60b1, 0x60c0,
    0x610b, 0x612f, 0x6151, 0x6159, 0x615a, 0x615b, 0x615f, 0x6161,
    0x6163, 0x6173, 0x617c, 0x617d, 0x6180, 0x6188, 0x6189, 0x618a,
    0x6194, 0x6196, 0x6197, 0x619a, 0x619c, 0x619d, 0x61a1, 0x61a4,
    0x61ac, 0x61b2, 0x61b4, 0x61b5, 0x61b6, 0x61b8, 0x61b9, 0x61c2,
    0x61c5, 0x61c7, 0x61c8, 0x61c9, 0x61cd, 0x61d3, 0x61db, 0x61dc,
    0x61de, 0x61df, 0x61e1, 0x61e3, 0x61e4, 0x61ea, 0x61eb, 0x61ed,
    0x61ee, 0x61f4, 0x61f5, 0x61fa, 0x61fe, 0x6205, 0x6206, 0x6208,
    0x620b, 0x620e, 0x620f, 0x6212, 0x6216, 0x621b, 0x621d, 0x6221,
    0x6224, 0x6225, 0x6228, 0x622e, 0x6230, 0x6232, 0x6235, 0x6236,
    0x623a, 0x6247, 0x6248, 0x624a, 0x624b, 0x6250, 0x6252, 0x625f,
    0x6268, 0x626a, 0x626c, 0x626d, 0x626e, 0x6271, 0x6273, 0x6278,
    0x6283, 0x6286, 0x628f, 0x6292, 0x6298, 0x629e, 0x62a7, 0x62a8,
    0x62ab, 0x62b0, 0x62b7, 0x62c0, 0x62c9, 0x62d1, 0x62d2, 0x62d5,
    0x62d8, 0x62db, 0x62e1, 0x62eb, 0x62ee, 0x62f0, 0x62f1, 0x62f2,
    0x6303, 0x6316, 0x6318, 0x6319, 0x631b, 0x632a, 0x6332, 0x633d,
    0x634a, 0x634b, 0x6365, 0x6367, 0x6375, 0x638d, 0x638f, 0x6390,
    0x6393, 0x639d, 0x63a1, 0x63b0, 0x63b2, 0x63c1, 0x63cb, 0x63d0,
    0x63da, 0x63db, 0x63de, 0x63ed, 0x63f2, 0x63f6, 0x640b, 0x6416,
    0x6417, 0x641b, 0x642f, 0x6449, 0x6478, 0x647f, 0x6482, 0x6487,
    0x6488, 0x648e, 0x6491, 0x6498, 0x649a, 0x64a2, 0x64ab, 0x64ac,
    0x64b9, 0x64bd, 0x64d0, 0x64d4, 0x64e0, 0x64e2, 0x64ed, 0x64f0,
    0x64f6, 0x64f8, 0x64f9, 0x6502, 0x6506, 0x650a, 0x6514, 0x6518,
    0x6520, 0x6529, 0x652b, 0x652e, 0x652f, 0x6530, 0x6532, 0x6535,
    0x653a, 0x653f, 0x6540, 0x654b, 0x654f, 0x6555, 0x6557, 0x6558,
    0x655c, 0x655d, 0x6568, 0x656e, 0x6571, 0x6578, 0x6585, 0x6587,
    0x6594, 0x659c, 0x659e, 0x65a3, 0x65b1, 0x65b7, 0x65b8, 0x65bd,
    0x65bf, 0x65c3, 0x65cb, 0x65da, 0x65df, 0x65e0, 0x65f7, 0x65fd,
    0x663b, 0x663d, 0x6648, 0x6649, 0x6651, 0x6652, 0x6654, 0x6656,
    0x6660, 0x6664, 0x6666, 0x6668, 0x6671, 0x6673, 0x6674, 0x6675,
    0x6678, 0x667a, 0x667e, 0x6683, 0x6686, 0x6689, 0x668b, 0x668c,
    0x668f, 0x6692, 0x6697, 0x6698, 0x6699, 0x669a, 0x66a5, 0x66a8,
    0x66a9, 0x66aa, 0x66ae, 0x66b1, 0x66b8, 0x66b9, 0x66c8, 0x66ca,
    0x66cd, 0x66d9, 0x66de, 0x66e0, 0x66e3, 0x66e5, 0x66e6, 0x66eb,
    0x66ec, 0x66f3, 0x66f4, 0x66f8, 0x66ff, 0x670d, 0x671a, 0x671b,
    0x671c, 0x671d, 0x6725, 0x672e, 0x673a, 0x673c, 0x673d, 0x6748,
    0x6750, 0x6751, 0x6754, 0x6758, 0x675a, 0x6760, 0x676a, 0x6773,
    0x6780, 0x6781, 0x6782, 0x6785, 0x678b, 0x678c, 0x678e, 0x678f,
    0x6791, 0x6795, 0x679a, 0x679d, 0x67ae, 0x67b1, 0x67ce, 0x67e0,
    0x67ef, 0x67f1, 0x67f8, 0x6809, 0x6812, 0x6816, 0x6823, 0x6837,
    0x683e, 0x684e, 0x685b, 0x6888, 0x68a3, 0x68a7, 0x68e5, 0x6919,
    0x6946, 0x696a, 0x6973, 0x697a, 0x6990, 0x69a2, 0x69aa, 0x6a69,
    0x6a6a, 0x6a6b, 0x6a6c, 0x6a70, 0x6a83, 0x6a87, 0x6a92, 0x6a95,
    0x6aac, 0x6aae, 0x6aaf, 0x6ab0, 0x6ab3, 0x6ac4, 0x6acc, 0x6ad3,
    0x6ad4, 0x6afe, 0x6b0a, 0x6b0e, 0x6b16, 0x6b18, 0x6b1b, 0x6b1d,
    0x6b1e, 0x6b24, 0x6b34, 0x6b38, 0x6b58, 0x6b5a, 0x6b5d, 0x6b64,
    0x6b6b, 0x6b6f, 0x6b78, 0x6b7d, 0x6b81, 0x6b8a, 0x6b8b, 0x6b90,
    0x6b92, 0x6ba0, 0x6ba4, 0x6ba8, 0x6ba9, 0x6baa, 0x6bad, 0x6bbb,
    0x6bc2, 0x6bc6, 0x6bcc, 0x6bd2, 0x6be4, 0x6be8, 0x6bea, 0x6bef,
    0x6bf3, 0x6bfc, 0x6c01, 0x6c02, 0x6c04, 0x6c08, 0x6c12, 0x6c13,
    0x6c1e, 0x6c24, 0x6c27, 0x6c2a, 0x6c2b, 0x6c2e, 0x6c31, 0x6c33,
    0x6c39, 0x6c46, 0x6c4a, 0x6c54, 0x6c5b, 0x6c64, 0x6c6e, 0x6c73,
    0x6c7b, 0x6c84, 0x6c8a, 0x6c8e, 0x6c8f, 0x6c94, 0x6c98, 0x6c9a,
    0x6c9c, 0x6ca2, 0x6caf, 0x6cb2, 0x6cb3, 0x6cb7, 0x6cbd, 0x6cc0,
    0x6cc1, 0x6ccb, 0x6cce, 0x6cd1, 0x6cd2, 0x6cd5, 0x6ce4, 0x6ce6,
    0x6cea, 0x6cef, 0x6cf1, 0x6cf2, 0x6cf8, 0x6cfb, 0x6cfe, 0x6d0d,
    0x6d14, 0x6d21, 0x6d2a, 0x6d3a, 0x6d40, 0x6d42, 0x6d44, 0x6d4e,
    0x6d53, 0x6d59, 0x6d60, 0x6d69, 0x6d6c, 0x6d72, 0x6d78, 0x6d7d,
    0x6d81, 0x6d9f, 0x6dc7, 0x6dc8, 0x6dcc, 0x6dd9, 0x6deb, 0x6e03,
    0x6e14, 0x6e1a, 0x6e1c, 0x6e1d, 0x6e27, 0x6e2a, 0x6e2d, 0x6e2e,
    0x6e31, 0x6e32, 0x6e3d, 0x6e4b, 0x6e4f, 0x6e58, 0x6e5c, 0x6e5d,
    0x6e74, 0x6e87, 0x6ea5, 0x6eb7, 0x6ecd, 0x6ed1, 0x6ed7, 0x6eea,
    0x6f5a, 0x6f63, 0x6fb4, 0x6fb6, 0x6fb8, 0x6fb9, 0x6fbe, 0x6fbf,
    0x6fc1, 0x6fc5, 0x6fc7, 0x6fd2, 0x6fd3, 0x6fd7, 0x6fdb, 0x6ff5,
    0x6ff6, 0x6ff7, 0x6ff8, 0x7001, 0x7002, 0x7005, 0x700a, 0x700b,
    0x7011, 0x7022, 0x7028, 0x702d, 0x702f, 0x7034, 0x7036, 0x706f,
    0x707f, 0x7095, 0x70ad, 0x70b0, 0x70d8, 0x70e8, 0x70f5, 0x710c,
    0x7117, 0x712e, 0x7173, 0x7175, 0x717a, 0x717f, 0x7180, 0x7182,
    0x7190, 0x7191, 0x7195, 0x71a2, 0x71a4, 0x71ab, 0x71b0, 0x71b2,
    0x71be, 0x71c2, 0x71f8, 0x71ff, 0x7202, 0x720b, 0x7219, 0x7220,
    0x7229, 0x722a, 0x7235, 0x7236, 0x7237, 0x7241, 0x7245, 0x7257,
    0x7264, 0x7265, 0x7273, 0x7274, 0x727d, 0x72d0, 0x72d2, 0x72d4,
    0x72df, 0x72e4, 0x72f2, 0x72f8, 0x72f9, 0x72fb, 0x7304, 0x7316,
    0x7329, 0x7336, 0x734c, 0x734e, 0x734f, 0x7359, 0x73a3, 0x7425,
    0x742b, 0x742f, 0x7461, 0x7463, 0x7465, 0x7468, 0x746e, 0x7471,
    0x7472, 0x7479, 0x747a, 0x747b, 0x747c, 0x747e, 0x7481, 0x7484,
    0x748e, 0x7495, 0x74a2, 0x74b3, 0x74cf, 0x74da, 0x74e0, 0x74e3,
    0x74e8, 0x74f4, 0x74f7, 0x74fb, 0x7507, 0x750e, 0x7510, 0x751b,
    0x751e, 0x7524, 0x752b, 0x7539, 0x753d, 0x756f, 0x75ac, 0x75c4,
    0x75c6, 0x75c7, 0x75cd, 0x75cf, 0x75d0, 0x75f7, 0x75fa, 0x7608,
    0x760f, 0x7611, 0x7613, 0x7619, 0x761a, 0x761b, 0x761d, 0x761f,
    0x7621, 0x7624, 0x7628, 0x7637, 0x763b, 0x763d, 0x7641, 0x7645,
    0x7647, 0x764a, 0x7652, 0x7654, 0x7668, 0x7669, 0x7671, 0x7678,
    0x7685, 0x7689, 0x768a, 0x76a4, 0x76aa, 0x76ac, 0x76af, 0x76b5,
    0x76ce, 0x76d7, 0x76ee, 0x76f0, 0x76f5, 0x7724, 0x772b, 0x772c,
    0x772e, 0x7734, 0x7736, 0x7737, 0x773c, 0x7748, 0x774a, 0x774b,
    0x7755, 0x7756, 0x775b, 0x775d, 0x775f, 0x7779, 0x777d, 0x7789,
    0x778e, 0x779e, 0x77b5, 0x77b7, 0x77c5, 0x77d5, 0x77d6, 0x77d7,
    0x77da, 0x77e0, 0x77f0, 0x77f9, 0x77fa, 0x7813, 0x7814, 0x7831,
    0x7840, 0x7843, 0x7883, 0x7885, 0x7887, 0x789f, 0x78a6, 0x78a7,
    0x78ae, 0x78b1, 0x78b6, 0x78ca, 0x78d8, 0x7904, 0x7906, 0x7909,
    0x790a, 0x7914, 0x7916, 0x791a, 0x791b, 0x7921, 0x7928, 0x792f,
    0x7938, 0x7939, 0x7949, 0x7954, 0x7957, 0x797c, 0x7985, 0x7988,
    0x798f, 0x79bd, 0x79bf, 0x79c0, 0x79c3, 0x79c8, 0x79cc, 0x79da,
    0x79e0, 0x79e1, 0x79e5, 0x79e6, 0x79e8, 0x79ee, 0x7a1f, 0x7a22,
    0x7a29, 0x7a2e, 0x7a36, 0x7a38, 0x7a48, 0x7a54, 0x7a5a, 0x7a5d,
    0x7a6f, 0x7a71, 0x7a75, 0x7a85, 0x7a92, 0x7a94, 0x7a99, 0x7a9a,
    0x7a9d, 0x7a9f, 0x7ac0, 0x7ac7, 0x7ac9, 0x7ad6, 0x7add, 0x7ae0,
    0x7aea, 0x7af6, 0x7afa, 0x7b10, 0x7b22, 0x7b2a, 0x7b50, 0x7b96,
    0x7bbc, 0x7bc4, 0x7bd2, 0x7be0, 0x7bf7, 0x7c07, 0x7c13, 0x7c1e,
    0x7c22, 0x7c28, 0x7c29, 0x7c44, 0x7c69, 0x7c6b, 0x7c70, 0x7c74,
    0x7c78, 0x7cb7, 0x7d8a, 0x7de9, 0x7deb, 0x7ded, 0x7def, 0x7df0,
    0x7df5, 0x7df8, 0x7dfb, 0x7dfc, 0x7dfe, 0x7e00, 0x7e01, 0x7e02,
    0x7e06, 0x7e08, 0x7e0d, 0x7e0f, 0x7e10, 0x7e11, 0x7e18, 0x7e1a,
    0x7e1c, 0x7e1e, 0x7e22, 0x7e25, 0x7e26, 0x7e28, 0x7e2b, 0x7e30,
    0x7e33, 0x7e36, 0x7e3c, 0x7e3d, 0x7e41, 0x7e45, 0x7e48, 0x7e4a,
    0x7e5c, 0x7e5f, 0x7e69, 0x7e72, 0x7e79, 0x7e81, 0x7e99, 0x7e9a,
    0x7ea0, 0x7ea3, 0x7eb3, 0x7eb7, 0x7ed3, 0x7ed7, 0x7edd, 0x7ee3,
    0x7ee7, 0x7eed, 0x7f06, 0x7f0a, 0x7f0e, 0x7f29, 0x7f44, 0x7f49,
    0x7f4a, 0x7f4c, 0x7f4e, 0x7f55, 0x7f56, 0x7f59, 0x7f5e, 0x7f60,
    0x7f7c, 0x7f7f, 0x7f88, 0x7f8b, 0x7f93, 0x7f94, 0x7f9d, 0x7fa3,
    0x7fb3, 0x7fcf, 0x7fd4, 0x7fd5, 0x7fdf, 0x7fe3, 0x7fe6, 0x7fe9,
    0x7fea, 0x7fed, 0x7fee, 0x7ff2, 0x7ff8, 0x7ffb, 0x8007, 0x800f,
    0x8015, 0x8017, 0x801f, 0x8023, 0x8025, 0x8027, 0x802a, 0x803f,
    0x8041, 0x8046, 0x804f, 0x8052, 0x8053, 0x8058, 0x805a, 0x805f,
    0x8063, 0x807a, 0x8081, 0x8087, 0x8093, 0x809d, 0x80ae, 0x80b9,
    0x80c2, 0x80c7, 0x80c8, 0x80c9, 0x80d8, 0x80e5, 0x80f1, 0x810b,
    0x8133, 0x8136, 0x813c, 0x813d, 0x814e, 0x8156, 0x815b, 0x8167,
    0x8168, 0x8173, 0x8175, 0x8179, 0x817a, 0x817e, 0x8182, 0x81a1,
    0x81b8, 0x81b9, 0x81bb, 0x81bc, 0x81c3, 0x81cb, 0x81d4, 0x81db,
    0x81e5, 0x81e6, 0x81ef, 0x81f5, 0x81f8, 0x81fa, 0x81fc, 0x8202,
    0x8206, 0x8216, 0x8218, 0x8220, 0x8228, 0x822e, 0x822f, 0x823a,
    0x824a, 0x824b, 0x824c, 0x824d, 0x824e, 0x8257, 0x8275, 0x827f,
    0x8292, 0x8299, 0x829b, 0x829d, 0x82aa, 0x82b8, 0x82c0, 0x82f4,
    0x82fa, 0x82fb, 0x8300, 0x8306, 0x8310, 0x8313, 0x8315, 0x8325,
    0x833a, 0x8355, 0x8356, 0x8357, 0x8366, 0x836e, 0x8386, 0x83a4,
    0x83b4, 0x83b5, 0x83ba, 0x83e2, 0x83e5, 0x840d, 0x8426, 0x8435,
    0x845a, 0x8463, 0x8475, 0x8486, 0x8492, 0x8493, 0x84bd, 0x84c7,
    0x84cd, 0x84e4, 0x84f3, 0x8518, 0x851e, 0x852d, 0x855a, 0x8599,
    0x859a, 0x85a3, 0x85b4, 0x85c2, 0x85c7, 0x85c9, 0x85ca, 0x85cb,
    0x85de, 0x85f3, 0x8614, 0x8622, 0x8624, 0x8637, 0x864b, 0x865e,
    0x866a, 0x86a0, 0x86d6, 0x8703, 0x876b, 0x8789, 0x8795, 0x879d,
    0x87a0, 0x87aa, 0x87ac, 0x87ae, 0x87b1, 0x87b4, 0x87b5, 0x87b9,
    0x87d4, 0x87df, 0x87e5, 0x87f4, 0x880a, 0x880b, 0x880e, 0x8822,
    0x882d, 0x883d, 0x8841, 0x8842, 0x8859, 0x887f, 0x88a8, 0x88c8,
    0x88ca, 0x88cf, 0x890a, 0x890b, 0x890d, 0x890f, 0x8911, 0x8912,
    0x891b, 0x892c, 0x892f, 0x8949, 0x89dc, 0x8aaf, 0x8aea, 0x8aeb,
    0x8aed, 0x8aee, 0x8af1, 0x8af2, 0x8af6, 0x8af7, 0x8af8, 0x8af9,
    0x8afb, 0x8afc, 0x8aff, 0x8b01, 0x8b02, 0x8b03, 0x8b07, 0x8b08,
    0x8b09, 0x8b0a, 0x8b0d, 0x8b0f, 0x8b12, 0x8b13, 0x8b16, 0x8b1a,
    0x8b1e, 0x8b20, 0x8b23, 0x8b24, 0x8b26, 0x8b27, 0x8b2a, 0x8b2f,
    0x8b36, 0x8b38, 0x8b3b, 0x8b3d, 0x8b3e, 0x8b40, 0x8b41, 0x8b43,
    0x8b44, 0x8b46, 0x8b47, 0x8b4c, 0x8b51, 0x8b53, 0x8b54, 0x8b5c,
    0x8b65, 0x8b6b, 0x8b71, 0x8b75, 0x8b7a, 0x8b80, 0x8b8a, 0x8b8f,
    0x8baa, 0x8bb3, 0x8bc2, 0x8bc3, 0x8bd5, 0x8c66, 0x8c68, 0x8c6a,
    0x8c6b, 0x8c6c, 0x8c6d, 0x8c6e, 0x8c6f, 0x8c70, 0x8c71, 0x8c72,
    0x8c73, 0x8c76, 0x8c77, 0x8c79, 0x8c7a, 0x8c7d, 0x8c7e, 0x8c80,
    0x8c81, 0x8c82, 0x8c83, 0x8c85, 0x8c87, 0x8c8d, 0x8c94, 0x8c95,
    0x8c9d, 0x8c9f, 0x8ca3, 0x8ca4, 0x8ca7, 0x8ca9, 0x8cad, 0x8caf,
    0x8cb9, 0x8cbf, 0x8cc0, 0x8cce, 0x8cd3, 0x8cd4, 0x8cec, 0x8cfc,
    0x8cfd, 0x8d0c, 0x8d15, 0x8d1a, 0x8d26, 0x8d28, 0x8d31, 0x8d38,
    0x8d3c, 0x8d53, 0x8d58, 0x8d6b, 0x8d72, 0x8d73, 0x8d8d, 0x8d91,
    0x8dbb, 0x8df4, 0x8df5, 0x8dfb, 0x8eaf, 0x8eb1, 0x8eb5, 0x8eb7,
    0x8eb8, 0x8eb9, 0x8ebd, 0x8ec4, 0x8ec6, 0x8ec8, 0x8ecc, 0x8ecd,
    0x8ece, 0x8ecf, 0x8ed1, 0x8ed2, 0x8eda, 0x8edc, 0x8edd, 0x8edf,
    0x8ee4, 0x8ee5, 0x8ee8, 0x8eec, 0x8ef2, 0x8ef9, 0x8efa, 0x8f02,
    0x8f06, 0x8f07, 0x8f0a, 0x8f0e, 0x8f10, 0x8f11, 0x8f17, 0x8f19,
    0x8f1a, 0x8f1d, 0x8f21, 0x8f22, 0x8f24, 0x8f25, 0x8f26, 0x8f27,
    0x8f28, 0x8f34, 0x8f36, 0x8f39, 0x8f42, 0x8f46, 0x8f49, 0x8f4a,
    0x8f4b, 0x8f4c, 0x8f4f, 0x8f52, 0x8f58, 0x8f59, 0x8f5b, 0x8f5d,
    0x8f63, 0x8f64, 0x8f66, 0x8f68, 0x8f69, 0x8f6b, 0x8f77, 0x8f84,
    0x8f85, 0x8f90, 0x8f96, 0x8f9c, 0x8fac, 0x8fae, 0x8fb6, 0x8fb7,
    0x8fbe, 0x8fc8, 0x8fc9, 0x8fcc, 0x8fec, 0x9002, 0x9004, 0x900a,
    0x9013, 0x9031, 0x9046, 0x9096, 0x909b, 0x90a0, 0x90b5, 0x90ba,
    0x90c0, 0x90c1, 0x90db, 0x9110, 0x9113, 0x9115, 0x9116, 0x9117,
    0x9118, 0x911a, 0x91bd, 0x93d1, 0x93d2, 0x93dc, 0x93e4, 0x93e8,
    0x93e9, 0x93eb, 0x93f0, 0x93f2, 0x93f7, 0x93fa, 0x9404, 0x9407,
    0x940a, 0x940c, 0x940e, 0x943b, 0x9441, 0x9443, 0x9447, 0x944a,
    0x944d, 0x944e, 0x9451, 0x9454, 0x9462, 0x946c, 0x946d, 0x9477,
    0x9478, 0x9482, 0x9490, 0x9496, 0x94a5, 0x94c8, 0x9531, 0x9536,
    0x9537, 0x953b, 0x953d, 0x9541, 0x9542, 0x954a, 0x954e, 0x9559,
    0x955d, 0x9568, 0x957b, 0x957c, 0x957d, 0x957e, 0x957f, 0x9584,
    0x9588, 0x958d, 0x958f, 0x9591, 0x9596, 0x9599, 0x95aa, 0x95ad,
    0x95b1, 0x95b2, 0x95b3, 0x95be, 0x95bf, 0x95c0, 0x95cf, 0x95d8,
    0x95d9, 0x95dd, 0x95e5, 0x9609, 0x960d, 0x960e, 0x960f, 0x9610,
    0x961e, 0x9631, 0x9633, 0x963f, 0x9640, 0x9647, 0x9649, 0x9650,
    0x9652, 0x9667, 0x969b, 0x96a2, 0x96a7, 0x96a9, 0x96ab, 0x96b2,
    0x96bc, 0x96bd, 0x972f, 0x9730, 0x9736, 0x973c, 0x97be, 0x97bf,
    0x97c0, 0x97c2, 0x97c3, 0x97c4, 0x97c6, 0x97c7, 0x97cb, 0x97cd,
    0x97cf, 0x97d1, 0x97dc, 0x97e0, 0x97e1, 0x97e6, 0x97ed, 0x9817,
    0x9827, 0x9828, 0x9859, 0x98ae, 0x98b6, 0x98b9, 0x98ba, 0x98bb,
    0x98bf, 0x98c3, 0x98c5, 0x98c8, 0x98cf, 0x98d1, 0x98df, 0x98e2,
    0x99b5, 0x99b9, 0x99ba, 0x99bd, 0x99bf, 0x99c4, 0x99c7, 0x99cb,
    0x99cd, 0x99cf, 0x99d5, 0x99d8, 0x99da, 0x99e3, 0x99f1, 0x9a21,
    0x9a2f, 0x9a85, 0x9a8a, 0x9a8b, 0x9a8e, 0x9a98, 0x9a9d, 0x9bc5,
    0x9bca, 0x9bd6, 0x9be5, 0x9bed, 0x9c0d, 0x9d68, 0x9d6a, 0x9d6c,
    0x9d6e, 0x9d6f, 0x9d76, 0x9d78, 0x9d86, 0x9d8e, 0x9d98, 0x9dad,
    0x9db9, 0x9dc8, 0x9def, 0x9e04, 0x9e0d, 0x9e1a, 0x9e21, 0x9e5c,
    0x9e69, 0x9e84, 0x9e99, 0x9ec8, 0x9ecd, 0x9ee2, 0x9ee8, 0xfe4a,
    0xfe51, 0xfe52, 0xfe55, 0xfe63, 0xfe64, 0xfe68
};

/*Collect the unicode lists and glyph_id offsets*/
static const lv_font_fmt_txt_cmap_t cmaps[] =
{
    {
        .range_start = 32, .range_length = 95, .glyph_id_start = 1,
        .unicode_list = NULL, .glyph_id_ofs_list = NULL, .list_length = 0, .type = LV_FONT_FMT_TXT_CMAP_FORMAT0_TINY
    },
    {
        .range_start = 183, .range_length = 65129, .glyph_id_start = 96,
        .unicode_list = unicode_list_1, .glyph_id_ofs_list = NULL, .list_length = 2374, .type = LV_FONT_FMT_TXT_CMAP_SPARSE_TINY
    }
};



/*--------------------
 *  ALL CUSTOM DATA
 *--------------------*/

#if LVGL_VERSION_MAJOR == 8
/*Store all the custom data of the font*/
static  lv_font_fmt_txt_glyph_cache_t cache;
#endif

#if LVGL_VERSION_MAJOR >= 8
static const lv_font_fmt_txt_dsc_t font_dsc = {
#else
static lv_font_fmt_txt_dsc_t font_dsc = {
#endif
    .glyph_bitmap = glyph_bitmap,
    .glyph_dsc = glyph_dsc,
    .cmaps = cmaps,
    .kern_dsc = NULL,
    .kern_scale = 0,
    .cmap_num = 2,
    .bpp = 2,
    .kern_classes = 0,
    .bitmap_format = 1,
#if LVGL_VERSION_MAJOR == 8
    .cache = &cache
#endif
};



/*-----------------
 *  PUBLIC FONT
 *----------------*/

/*Initialize a public general font descriptor*/
#if LVGL_VERSION_MAJOR >= 8
const lv_font_t font_chinese_14 = {
#else
lv_font_t font_chinese_14 = {
#endif
    .get_glyph_dsc = lv_font_get_glyph_dsc_fmt_txt,    /*Function pointer to get glyph's data*/
    .get_glyph_bitmap = lv_font_get_bitmap_fmt_txt,    /*Function pointer to get glyph's bitmap*/
    .line_height = 16,          /*The maximum line height required by the font*/
    .base_line = 3,             /*Baseline measured from the bottom of the line*/
#if !(LVGL_VERSION_MAJOR == 6 && LVGL_VERSION_MINOR == 0)
    .subpx = LV_FONT_SUBPX_NONE,
#endif
#if LV_VERSION_CHECK(7, 4, 0) || LVGL_VERSION_MAJOR >= 8
    .underline_position = -1,
    .underline_thickness = 1,
#endif
    .dsc = &font_dsc,          /*The custom font data. Will be accessed by `get_glyph_bitmap/dsc` */
#if LV_VERSION_CHECK(8, 2, 0) || LVGL_VERSION_MAJOR >= 9
    .fallback = NULL,
#endif
    .user_data = NULL,
};



#endif /*#if FONT_CHINESE_14*/

